--
-- Delete all old data
--

SET foreign_key_checks = 0;

DELETE FROM `advantage`;
DELETE FROM `aspect`;
DELETE FROM `attribute`;
DELETE FROM `bless`;
DELETE FROM `bless_aspects`;
DELETE FROM `bless_targets`;
DELETE FROM `book`;
DELETE FROM `cantrip`;
DELETE FROM `cantrip_targets`;
DELETE FROM `cast_time`;
DELETE FROM `ceremony`;
DELETE FROM `ceremony_targets`;
DELETE FROM `combat_technique`;
DELETE FROM `combat_technique_primary_attributes`;
DELETE FROM `conditions`;
DELETE FROM `conditions_conditions`;
DELETE FROM `cost`;
DELETE FROM `dependency`;
DELETE FROM `duration`;
DELETE FROM `effect`;
DELETE FROM `experience`;
DELETE FROM `level_check`;
DELETE FROM `level_check_experience`;
DELETE FROM `level_check_fixed`;
DELETE FROM `liturgical_chant`;
DELETE FROM `liturgical_chant_targets`;
DELETE FROM `property`;
DELETE FROM `property_publication`;
DELETE FROM `publication`;
DELETE FROM `ranges`;
DELETE FROM `ritual`;
DELETE FROM `ritual_targets`;
DELETE FROM `skill`;
DELETE FROM `special_ability`;
DELETE FROM `species`;
DELETE FROM `spell`;
DELETE FROM `spell_targets`;
DELETE FROM `target`;

--
-- Daten für Tabelle `advantage`
--

INSERT INTO `advantage` (`ap`, `id`, `range_id`) VALUES
(0, 1042, NULL),
(5, 1043, NULL),
(10, 1044, NULL),
(15, 1045, NULL),
(10, 1046, NULL),
(10, 1047, NULL),
(2, 1048, NULL),
(5, 1049, NULL),
(6, 1050, 17),
(10, 1051, NULL),
(0, 1052, NULL),
(12, 1053, NULL),
(6, 1054, NULL),
(12, 1055, NULL),
(24, 1056, NULL),
(12, 1057, NULL),
(12, 1058, NULL),
(12, 1059, NULL),
(24, 1060, NULL),
(6, 1061, NULL),
(24, 1062, NULL),
(6, 1063, NULL),
(12, 1064, NULL),
(18, 1065, NULL),
(6, 1066, NULL),
(12, 1067, NULL),
(12, 1068, NULL),
(12, 1069, NULL),
(12, 1070, NULL),
(18, 1071, NULL),
(18, 1072, NULL),
(18, 1073, NULL),
(12, 1074, NULL),
(24, 1075, NULL),
(18, 1076, NULL),
(6, 1077, NULL),
(6, 1078, NULL),
(12, 1079, NULL),
(18, 1080, NULL),
(18, 1081, NULL),
(18, 1082, NULL),
(6, 1083, NULL),
(12, 1084, NULL),
(12, 1085, NULL),
(12, 1086, NULL),
(12, 1087, NULL),
(18, 1088, NULL),
(12, 1089, NULL),
(6, 1090, NULL),
(6, 1091, NULL),
(12, 1092, NULL),
(12, 1093, NULL),
(6, 1094, NULL),
(18, 1095, NULL),
(12, 1096, NULL),
(6, 1097, NULL),
(12, 1098, NULL),
(12, 1099, NULL),
(12, 1100, NULL),
(12, 1101, NULL),
(24, 1102, NULL),
(12, 1103, NULL),
(6, 1104, NULL),
(12, 1105, NULL),
(6, 1106, NULL),
(18, 1107, NULL),
(6, 1108, NULL),
(18, 1109, NULL),
(6, 1110, NULL),
(6, 1111, NULL),
(6, 1112, NULL),
(12, 1113, NULL),
(12, 1114, NULL),
(6, 1115, NULL),
(0, 1116, NULL),
(12, 1117, NULL),
(6, 1118, NULL),
(12, 1119, NULL),
(6, 1120, NULL),
(12, 1121, NULL),
(12, 1122, NULL),
(6, 1123, NULL),
(6, 1124, NULL),
(12, 1125, NULL),
(0, 1126, NULL),
(12, 1127, NULL),
(12, 1128, NULL),
(12, 1129, NULL),
(12, 1130, NULL),
(18, 1131, NULL),
(6, 1132, NULL),
(6, 1133, NULL),
(12, 1134, NULL),
(18, 1135, NULL),
(12, 1136, NULL),
(12, 1137, NULL),
(0, 1138, NULL),
(12, 1139, NULL),
(6, 1140, NULL),
(0, 1141, NULL),
(6, 1142, NULL),
(6, 1143, NULL),
(12, 1144, NULL),
(12, 1145, NULL),
(6, 1146, NULL),
(18, 1147, NULL),
(12, 1148, NULL),
(6, 1149, NULL),
(18, 1150, NULL),
(12, 1151, NULL),
(12, 1152, NULL),
(24, 1153, NULL),
(6, 1154, NULL),
(12, 1155, NULL),
(18, 1156, NULL),
(12, 1157, NULL),
(6, 1158, NULL),
(6, 1159, NULL),
(18, 1160, NULL),
(18, 1161, NULL),
(12, 1162, NULL),
(18, 1163, NULL),
(24, 1164, NULL),
(6, 1165, NULL),
(18, 1166, NULL),
(12, 1167, NULL),
(12, 1168, NULL),
(12, 1169, NULL),
(12, 1170, NULL),
(12, 1171, NULL),
(6, 1172, NULL),
(24, 1173, NULL),
(6, 1174, NULL),
(12, 1175, NULL),
(12, 1176, NULL),
(12, 1177, NULL),
(12, 1178, NULL),
(12, 1179, NULL),
(6, 1180, NULL),
(18, 1181, NULL),
(18, 1182, NULL),
(6, 1183, NULL),
(12, 1184, NULL),
(12, 1185, NULL),
(18, 1186, NULL),
(12, 1187, NULL),
(12, 1188, NULL),
(12, 1189, NULL),
(12, 1190, NULL),
(12, 1191, NULL),
(12, 1192, NULL),
(12, 1193, NULL),
(18, 1194, NULL),
(18, 1195, NULL),
(12, 1196, NULL),
(18, 1197, NULL),
(18, 1198, NULL),
(12, 1199, NULL),
(6, 1200, NULL),
(12, 1201, NULL),
(6, 1202, NULL),
(12, 1203, NULL),
(6, 1204, NULL),
(12, 1205, NULL),
(18, 1206, NULL),
(6, 1207, NULL),
(18, 1208, NULL),
(12, 1209, NULL),
(18, 1210, NULL),
(12, 1211, NULL),
(6, 1212, NULL),
(6, 1213, NULL),
(18, 1214, NULL),
(12, 1215, NULL),
(18, 1216, NULL),
(12, 1217, NULL),
(12, 1218, NULL),
(12, 1219, NULL),
(12, 1220, NULL),
(18, 1221, NULL),
(12, 1222, NULL),
(18, 1223, NULL),
(18, 1224, NULL),
(12, 1225, NULL),
(12, 1226, NULL),
(18, 1227, NULL),
(6, 1228, NULL),
(12, 1229, NULL),
(12, 1230, NULL),
(18, 1231, NULL),
(24, 1232, NULL),
(12, 1233, NULL),
(12, 1234, NULL),
(18, 1235, NULL),
(12, 1236, NULL),
(12, 1237, NULL),
(18, 1238, NULL),
(6, 1239, NULL),
(12, 1240, NULL),
(6, 1241, NULL),
(12, 1242, NULL),
(6, 1243, NULL),
(6, 1244, NULL),
(18, 1245, NULL),
(6, 1246, NULL),
(6, 1247, NULL),
(6, 1248, NULL),
(6, 1249, NULL),
(6, 1250, NULL),
(6, 1251, NULL),
(12, 1252, NULL),
(18, 1253, NULL),
(12, 1254, NULL),
(12, 1255, NULL),
(6, 1256, NULL),
(12, 1257, NULL),
(12, 1258, NULL),
(12, 1259, NULL),
(6, 1260, NULL),
(18, 1261, NULL),
(24, 1262, NULL),
(12, 1263, NULL),
(12, 1264, NULL),
(18, 1265, NULL),
(6, 1266, NULL),
(12, 1267, NULL),
(12, 1268, NULL),
(12, 1269, NULL),
(12, 1270, NULL),
(12, 1271, NULL),
(6, 1272, NULL),
(24, 1273, NULL),
(12, 1274, NULL),
(18, 1275, NULL),
(6, 1276, NULL),
(6, 1277, NULL),
(12, 1278, NULL),
(18, 1279, NULL),
(12, 1280, NULL),
(12, 1281, NULL),
(18, 1282, NULL),
(12, 1283, NULL),
(12, 1284, NULL),
(12, 1285, NULL),
(18, 1286, NULL),
(12, 1287, NULL),
(6, 1288, NULL),
(12, 1289, NULL),
(18, 1290, NULL),
(6, 1291, NULL),
(12, 1292, NULL),
(12, 1293, NULL),
(6, 1294, NULL),
(18, 1295, NULL),
(12, 1296, NULL),
(18, 1297, NULL),
(12, 1298, NULL),
(6, 1299, NULL),
(12, 1300, NULL),
(18, 1301, NULL),
(18, 1302, NULL),
(18, 1303, NULL),
(6, 1304, NULL),
(24, 1305, NULL),
(12, 1306, NULL),
(12, 1307, NULL),
(18, 1308, NULL),
(12, 1309, NULL),
(24, 1310, NULL),
(12, 1311, NULL),
(18, 1312, NULL),
(12, 1313, NULL),
(6, 1314, NULL),
(18, 1315, NULL),
(18, 1316, NULL),
(6, 1317, NULL),
(12, 1318, NULL),
(18, 1319, NULL),
(18, 1320, NULL),
(12, 1321, NULL),
(18, 1322, NULL),
(12, 1323, NULL),
(12, 1324, NULL),
(12, 1325, NULL),
(6, 1326, NULL),
(18, 1327, NULL),
(12, 1328, NULL),
(24, 1329, NULL),
(12, 1330, NULL),
(12, 1331, NULL),
(12, 1332, NULL),
(12, 1333, NULL),
(18, 1334, NULL),
(15, 1335, NULL),
(10, 1336, NULL),
(0, 1337, NULL),
(10, 1338, NULL),
(20, 1339, NULL),
(15, 1340, NULL),
(5, 1341, NULL),
(10, 1342, 18),
(3, 1343, NULL),
(8, 1344, NULL),
(15, 1345, 19),
(4, 1346, NULL),
(25, 1347, NULL),
(0, 1348, NULL),
(10, 1349, NULL),
(20, 1350, NULL),
(0, 1351, NULL),
(30, 1352, NULL),
(60, 1353, NULL),
(90, 1354, NULL),
(0, 1355, NULL),
(8, 1356, NULL),
(16, 1357, NULL),
(0, 1358, NULL),
(20, 1359, NULL),
(40, 1360, NULL),
(2, 1361, NULL),
(3, 1362, NULL),
(0, 1363, NULL),
(8, 1364, NULL),
(0, 1365, NULL),
(4, 1366, NULL),
(2, 1367, NULL),
(4, 1368, NULL),
(8, 1369, NULL),
(4, 1370, NULL),
(4, 1371, NULL),
(4, 1372, NULL),
(8, 1373, NULL),
(2, 1374, NULL),
(8, 1375, NULL),
(2, 1376, NULL),
(4, 1377, NULL),
(6, 1378, NULL),
(2, 1379, NULL),
(4, 1380, NULL),
(4, 1381, NULL),
(4, 1382, NULL),
(4, 1383, NULL),
(6, 1384, NULL),
(6, 1385, NULL),
(6, 1386, NULL),
(4, 1387, NULL),
(8, 1388, NULL),
(6, 1389, NULL),
(2, 1390, NULL),
(2, 1391, NULL),
(4, 1392, NULL),
(6, 1393, NULL),
(6, 1394, NULL),
(6, 1395, NULL),
(2, 1396, NULL),
(4, 1397, NULL),
(4, 1398, NULL),
(4, 1399, NULL),
(4, 1400, NULL),
(6, 1401, NULL),
(4, 1402, NULL),
(2, 1403, NULL),
(2, 1404, NULL),
(4, 1405, NULL),
(4, 1406, NULL),
(2, 1407, NULL),
(6, 1408, NULL),
(4, 1409, NULL),
(2, 1410, NULL),
(4, 1411, NULL),
(4, 1412, NULL),
(4, 1413, NULL),
(4, 1414, NULL),
(8, 1415, NULL),
(4, 1416, NULL),
(2, 1417, NULL),
(4, 1418, NULL),
(2, 1419, NULL),
(6, 1420, NULL),
(2, 1421, NULL),
(6, 1422, NULL),
(2, 1423, NULL),
(2, 1424, NULL),
(2, 1425, NULL),
(4, 1426, NULL),
(4, 1427, NULL),
(2, 1428, NULL),
(0, 1429, NULL),
(4, 1430, NULL),
(2, 1431, NULL),
(4, 1432, NULL),
(2, 1433, NULL),
(4, 1434, NULL),
(4, 1435, NULL),
(2, 1436, NULL),
(2, 1437, NULL),
(4, 1438, NULL),
(0, 1439, NULL),
(4, 1440, NULL),
(4, 1441, NULL),
(4, 1442, NULL),
(4, 1443, NULL),
(6, 1444, NULL),
(2, 1445, NULL),
(2, 1446, NULL),
(4, 1447, NULL),
(6, 1448, NULL),
(4, 1449, NULL),
(4, 1450, NULL),
(0, 1451, NULL),
(4, 1452, NULL),
(2, 1453, NULL),
(0, 1454, NULL),
(2, 1455, NULL),
(2, 1456, NULL),
(4, 1457, NULL),
(4, 1458, NULL),
(2, 1459, NULL),
(6, 1460, NULL),
(4, 1461, NULL),
(2, 1462, NULL),
(6, 1463, NULL),
(4, 1464, NULL),
(4, 1465, NULL),
(8, 1466, NULL),
(2, 1467, NULL),
(4, 1468, NULL),
(6, 1469, NULL),
(4, 1470, NULL),
(2, 1471, NULL),
(2, 1472, NULL),
(6, 1473, NULL),
(6, 1474, NULL),
(4, 1475, NULL),
(6, 1476, NULL),
(8, 1477, NULL),
(2, 1478, NULL),
(6, 1479, NULL),
(4, 1480, NULL),
(4, 1481, NULL),
(4, 1482, NULL),
(4, 1483, NULL),
(4, 1484, NULL),
(2, 1485, NULL),
(8, 1486, NULL),
(2, 1487, NULL),
(4, 1488, NULL),
(4, 1489, NULL),
(4, 1490, NULL),
(4, 1491, NULL),
(4, 1492, NULL),
(2, 1493, NULL),
(6, 1494, NULL),
(6, 1495, NULL),
(2, 1496, NULL),
(4, 1497, NULL),
(4, 1498, NULL),
(6, 1499, NULL),
(4, 1500, NULL),
(4, 1501, NULL),
(4, 1502, NULL),
(4, 1503, NULL),
(4, 1504, NULL),
(4, 1505, NULL),
(4, 1506, NULL),
(6, 1507, NULL),
(6, 1508, NULL),
(4, 1509, NULL),
(6, 1510, NULL),
(6, 1511, NULL),
(4, 1512, NULL),
(2, 1513, NULL),
(4, 1514, NULL),
(2, 1515, NULL),
(4, 1516, NULL),
(2, 1517, NULL),
(4, 1518, NULL),
(6, 1519, NULL),
(2, 1520, NULL),
(6, 1521, NULL),
(4, 1522, NULL),
(6, 1523, NULL),
(4, 1524, NULL),
(2, 1525, NULL),
(2, 1526, NULL),
(6, 1527, NULL),
(4, 1528, NULL),
(6, 1529, NULL),
(4, 1530, NULL),
(4, 1531, NULL),
(4, 1532, NULL),
(4, 1533, NULL),
(6, 1534, NULL),
(4, 1535, NULL),
(6, 1536, NULL),
(6, 1537, NULL),
(4, 1538, NULL),
(4, 1539, NULL),
(6, 1540, NULL),
(2, 1541, NULL),
(4, 1542, NULL),
(4, 1543, NULL),
(6, 1544, NULL),
(8, 1545, NULL),
(4, 1546, NULL),
(4, 1547, NULL),
(6, 1548, NULL),
(4, 1549, NULL),
(4, 1550, NULL),
(6, 1551, NULL),
(2, 1552, NULL),
(4, 1553, NULL),
(2, 1554, NULL),
(4, 1555, NULL),
(2, 1556, NULL),
(2, 1557, NULL),
(6, 1558, NULL),
(2, 1559, NULL),
(2, 1560, NULL),
(2, 1561, NULL),
(2, 1562, NULL),
(2, 1563, NULL),
(2, 1564, NULL),
(4, 1565, NULL),
(6, 1566, NULL),
(4, 1567, NULL),
(4, 1568, NULL),
(2, 1569, NULL),
(4, 1570, NULL),
(4, 1571, NULL),
(4, 1572, NULL),
(2, 1573, NULL),
(6, 1574, NULL),
(8, 1575, NULL),
(4, 1576, NULL),
(4, 1577, NULL),
(6, 1578, NULL),
(2, 1579, NULL),
(4, 1580, NULL),
(4, 1581, NULL),
(4, 1582, NULL),
(4, 1583, NULL),
(4, 1584, NULL),
(2, 1585, NULL),
(8, 1586, NULL),
(4, 1587, NULL),
(6, 1588, NULL),
(2, 1589, NULL),
(2, 1590, NULL),
(4, 1591, NULL),
(6, 1592, NULL),
(4, 1593, NULL),
(4, 1594, NULL),
(6, 1595, NULL),
(4, 1596, NULL),
(4, 1597, NULL),
(4, 1598, NULL),
(6, 1599, NULL),
(4, 1600, NULL),
(2, 1601, NULL),
(4, 1602, NULL),
(6, 1603, NULL),
(2, 1604, NULL),
(4, 1605, NULL),
(4, 1606, NULL),
(2, 1607, NULL),
(6, 1608, NULL),
(4, 1609, NULL),
(6, 1610, NULL),
(4, 1611, NULL),
(2, 1612, NULL),
(4, 1613, NULL),
(6, 1614, NULL),
(6, 1615, NULL),
(6, 1616, NULL),
(2, 1617, NULL),
(8, 1618, NULL),
(4, 1619, NULL),
(4, 1620, NULL),
(6, 1621, NULL),
(4, 1622, NULL),
(8, 1623, NULL),
(4, 1624, NULL),
(6, 1625, NULL),
(4, 1626, NULL),
(2, 1627, NULL),
(6, 1628, NULL),
(6, 1629, NULL),
(2, 1630, NULL),
(4, 1631, NULL),
(6, 1632, NULL),
(6, 1633, NULL),
(4, 1634, NULL),
(6, 1635, NULL),
(4, 1636, NULL),
(4, 1637, NULL),
(4, 1638, NULL),
(2, 1639, NULL),
(6, 1640, NULL),
(4, 1641, NULL),
(8, 1642, NULL),
(4, 1643, NULL),
(4, 1644, NULL),
(4, 1645, NULL),
(4, 1646, NULL),
(6, 1647, NULL),
(0, 1648, NULL),
(8, 1649, NULL),
(8, 1650, NULL),
(12, 1651, NULL),
(12, 1652, NULL),
(8, 1653, NULL),
(8, 1654, NULL),
(8, 1655, NULL),
(8, 1656, NULL),
(12, 1657, NULL),
(12, 1658, NULL),
(12, 1659, NULL),
(8, 1660, NULL),
(8, 1661, NULL),
(8, 1662, NULL),
(12, 1663, NULL),
(12, 1664, NULL),
(12, 1665, NULL),
(12, 1666, NULL),
(12, 1667, NULL),
(0, 1668, NULL),
(5, 1669, NULL),
(0, 1670, NULL),
(6, 1671, NULL),
(12, 1672, NULL),
(18, 1673, NULL),
(24, 1674, NULL),
(30, 1675, NULL),
(36, 1676, NULL),
(42, 1677, NULL),
(0, 1678, NULL),
(6, 1679, NULL),
(12, 1680, NULL),
(18, 1681, NULL),
(24, 1682, NULL),
(30, 1683, NULL),
(36, 1684, NULL),
(42, 1685, NULL),
(0, 1686, NULL),
(6, 1687, NULL),
(12, 1688, NULL),
(18, 1689, NULL),
(24, 1690, NULL),
(30, 1691, NULL),
(36, 1692, NULL),
(42, 1693, NULL),
(25, 1694, NULL),
(25, 1695, NULL),
(0, 1696, NULL),
(0, 1697, NULL),
(5, 1698, NULL),
(25, 1699, NULL),
(0, 1700, NULL),
(10, 1701, NULL),
(20, 1702, NULL),
(15, 1703, NULL),
(40, 1704, NULL),
(20, 1705, NULL),
(8, 1706, NULL),
(10, 1707, NULL),
(0, 1708, NULL),
(1, 1709, NULL),
(2, 1710, NULL),
(3, 1711, NULL),
(4, 1712, NULL),
(5, 1713, NULL),
(6, 1714, NULL),
(7, 1715, NULL),
(8, 1716, NULL),
(9, 1717, NULL),
(10, 1718, NULL),
(10, 1719, NULL),
(0, 1720, NULL),
(2, 1721, NULL),
(4, 1722, NULL),
(6, 1723, NULL),
(2, 1724, NULL),
(10, 1725, NULL),
(15, 1726, NULL),
(10, 1727, NULL),
(10, 1728, NULL),
(4, 1729, NULL),
(0, 1730, NULL),
(10, 1731, NULL),
(20, 1732, NULL),
(30, 1733, NULL),
(0, 1734, NULL),
(10, 1735, NULL),
(20, 1736, NULL),
(30, 1737, NULL),
(0, 1738, NULL),
(10, 1739, NULL),
(20, 1740, NULL),
(30, 1741, NULL),
(20, 1742, NULL),
(25, 1743, NULL),
(0, 1744, NULL),
(5, 1745, NULL),
(5, 1746, NULL),
(10, 1747, NULL),
(10, 1748, NULL),
(5, 1749, NULL),
(5, 1750, NULL),
(5, 1751, NULL),
(5, 1752, NULL),
(10, 1753, NULL),
(10, 1754, NULL),
(10, 1755, NULL),
(5, 1756, NULL),
(5, 1757, NULL),
(5, 1758, NULL),
(10, 1759, NULL),
(10, 1760, NULL),
(10, 1761, NULL),
(10, 1762, NULL),
(10, 1763, NULL),
(15, 1764, NULL),
(0, 1765, NULL),
(5, 1766, NULL),
(10, 1767, NULL),
(15, 1768, NULL),
(5, 1769, NULL),
(20, 1770, NULL),
(25, 1771, NULL),
(2, 1772, NULL),
(5, 1773, NULL),
(8, 1774, NULL),
(0, 1775, NULL),
(-8, 1776, NULL),
(-16, 1777, NULL),
(-24, 1778, NULL),
(0, 1779, NULL),
(-1, 1780, NULL),
(-2, 1781, NULL),
(-3, 1782, NULL),
(-10, 1783, NULL),
(-4, 1784, NULL),
(-50, 1785, NULL),
(-10, 1786, NULL),
(-10, 1787, NULL),
(0, 1788, NULL),
(-30, 1789, NULL),
(-2, 1790, NULL),
(-25, 1791, NULL),
(0, 1792, NULL),
(-5, 1793, NULL),
(-10, 1794, NULL),
(3, 1795, NULL),
(0, 1796, NULL),
(-10, 1797, NULL),
(-20, 1798, NULL),
(-3, 1799, NULL),
(-6, 1800, NULL),
(-5, 1801, NULL),
(-10, 1802, NULL),
(-3, 1803, NULL),
(-25, 1804, NULL),
(-25, 1805, NULL),
(0, 1806, NULL),
(-10, 1807, NULL),
(-20, 1808, NULL),
(-5, 1809, NULL),
(-2, 1810, NULL),
(0, 1811, NULL),
(-5, 1812, NULL),
(-10, 1813, NULL),
(-3, 1814, NULL),
(-20, 1815, NULL),
(-20, 1816, NULL),
(-30, 1817, NULL),
(-30, 1818, NULL),
(-10, 1819, NULL),
(0, 1820, NULL),
(-2, 1821, NULL),
(-4, 1822, NULL),
(-6, 1823, NULL),
(-8, 1824, NULL),
(-10, 1825, NULL),
(-12, 1826, NULL),
(-14, 1827, NULL),
(0, 1828, NULL),
(-2, 1829, NULL),
(-4, 1830, NULL),
(-6, 1831, NULL),
(-8, 1832, NULL),
(-10, 1833, NULL),
(-12, 1834, NULL),
(-14, 1835, NULL),
(0, 1836, NULL),
(-4, 1837, NULL),
(-8, 1838, NULL),
(-12, 1839, NULL),
(-16, 1840, NULL),
(-20, 1841, NULL),
(-24, 1842, NULL),
(-28, 1843, NULL),
(-25, 1844, NULL),
(-25, 1845, NULL),
(0, 1846, NULL),
(-20, 1847, NULL),
(-40, 1848, NULL),
(-60, 1849, NULL),
(-5, 1850, NULL),
(-10, 1851, NULL),
(0, 1852, NULL),
(-10, 1853, NULL),
(-20, 1854, NULL),
(-30, 1855, NULL),
(-3, 1856, NULL),
(-10, 1857, NULL),
(-2, 1858, NULL),
(-5, 1859, NULL),
(0, 1860, NULL),
(-10, 1861, NULL),
(-20, 1862, NULL),
(-30, 1863, NULL),
(0, 1864, NULL),
(-10, 1865, NULL),
(-20, 1866, NULL),
(-30, 1867, NULL),
(0, 1868, NULL),
(-10, 1869, NULL),
(-20, 1870, NULL),
(-30, 1871, NULL),
(-2, 1872, NULL),
(-2, 1873, NULL),
(-15, 1874, NULL),
(-15, 1875, NULL),
(-8, 1876, NULL),
(-8, 1877, NULL),
(-10, 1878, NULL),
(-15, 1879, NULL),
(-10, 1880, NULL),
(-40, 1881, NULL),
(-40, 1882, NULL),
(0, 1883, NULL),
(-2, 1884, NULL),
(-1, 1885, NULL),
(-2, 1886, NULL),
(-4, 1887, NULL),
(-2, 1888, NULL),
(-2, 1889, NULL),
(-2, 1890, NULL),
(-4, 1891, NULL),
(-1, 1892, NULL),
(-4, 1893, NULL),
(-1, 1894, NULL),
(-2, 1895, NULL),
(-3, 1896, NULL),
(-1, 1897, NULL),
(-2, 1898, NULL),
(-2, 1899, NULL),
(-2, 1900, NULL),
(-2, 1901, NULL),
(-3, 1902, NULL),
(-3, 1903, NULL),
(-3, 1904, NULL),
(-2, 1905, NULL),
(-4, 1906, NULL),
(-3, 1907, NULL),
(-1, 1908, NULL),
(-1, 1909, NULL),
(-2, 1910, NULL),
(-3, 1911, NULL),
(-3, 1912, NULL),
(-3, 1913, NULL),
(-1, 1914, NULL),
(-2, 1915, NULL),
(-2, 1916, NULL),
(-2, 1917, NULL),
(-2, 1918, NULL),
(-3, 1919, NULL),
(-2, 1920, NULL),
(-1, 1921, NULL),
(-1, 1922, NULL),
(-2, 1923, NULL),
(-2, 1924, NULL),
(-1, 1925, NULL),
(-3, 1926, NULL),
(-2, 1927, NULL),
(-1, 1928, NULL),
(-2, 1929, NULL),
(-2, 1930, NULL),
(-2, 1931, NULL),
(-2, 1932, NULL),
(-4, 1933, NULL),
(-2, 1934, NULL),
(-1, 1935, NULL),
(-2, 1936, NULL),
(-1, 1937, NULL),
(-3, 1938, NULL),
(-1, 1939, NULL),
(-3, 1940, NULL),
(-1, 1941, NULL),
(-1, 1942, NULL),
(-1, 1943, NULL),
(-2, 1944, NULL),
(-2, 1945, NULL),
(-1, 1946, NULL),
(0, 1947, NULL),
(-2, 1948, NULL),
(-1, 1949, NULL),
(-2, 1950, NULL),
(-1, 1951, NULL),
(-2, 1952, NULL),
(-2, 1953, NULL),
(-1, 1954, NULL),
(-1, 1955, NULL),
(-2, 1956, NULL),
(0, 1957, NULL),
(-2, 1958, NULL),
(-2, 1959, NULL),
(-2, 1960, NULL),
(-2, 1961, NULL),
(-3, 1962, NULL),
(-1, 1963, NULL),
(-1, 1964, NULL),
(-2, 1965, NULL),
(-3, 1966, NULL),
(-2, 1967, NULL),
(-2, 1968, NULL),
(0, 1969, NULL),
(-2, 1970, NULL),
(-1, 1971, NULL),
(0, 1972, NULL),
(-1, 1973, NULL),
(-1, 1974, NULL),
(-2, 1975, NULL),
(-2, 1976, NULL),
(-1, 1977, NULL),
(-3, 1978, NULL),
(-2, 1979, NULL),
(-1, 1980, NULL),
(-3, 1981, NULL),
(-2, 1982, NULL),
(-2, 1983, NULL),
(-4, 1984, NULL),
(-1, 1985, NULL),
(-2, 1986, NULL),
(-3, 1987, NULL),
(-2, 1988, NULL),
(-1, 1989, NULL),
(-1, 1990, NULL),
(-3, 1991, NULL),
(-3, 1992, NULL),
(-2, 1993, NULL),
(-3, 1994, NULL),
(-4, 1995, NULL),
(-1, 1996, NULL),
(-3, 1997, NULL),
(-2, 1998, NULL),
(-2, 1999, NULL),
(-2, 2000, NULL),
(-2, 2001, NULL),
(-2, 2002, NULL),
(-1, 2003, NULL),
(-4, 2004, NULL),
(-1, 2005, NULL),
(-2, 2006, NULL),
(-2, 2007, NULL),
(-2, 2008, NULL),
(-2, 2009, NULL),
(-2, 2010, NULL),
(-1, 2011, NULL),
(-3, 2012, NULL),
(-3, 2013, NULL),
(-1, 2014, NULL),
(-2, 2015, NULL),
(-2, 2016, NULL),
(-3, 2017, NULL),
(-2, 2018, NULL),
(-2, 2019, NULL),
(-2, 2020, NULL),
(-2, 2021, NULL),
(-2, 2022, NULL),
(-2, 2023, NULL),
(-2, 2024, NULL),
(-3, 2025, NULL),
(-3, 2026, NULL),
(-2, 2027, NULL),
(-3, 2028, NULL),
(-3, 2029, NULL),
(-2, 2030, NULL),
(-1, 2031, NULL),
(-2, 2032, NULL),
(-1, 2033, NULL),
(-2, 2034, NULL),
(-1, 2035, NULL),
(-2, 2036, NULL),
(-3, 2037, NULL),
(-1, 2038, NULL),
(-3, 2039, NULL),
(-2, 2040, NULL),
(-3, 2041, NULL),
(-2, 2042, NULL),
(-1, 2043, NULL),
(-1, 2044, NULL),
(-3, 2045, NULL),
(-2, 2046, NULL),
(-3, 2047, NULL),
(-2, 2048, NULL),
(-2, 2049, NULL),
(-2, 2050, NULL),
(-2, 2051, NULL),
(-3, 2052, NULL),
(-2, 2053, NULL),
(-3, 2054, NULL),
(-3, 2055, NULL),
(-2, 2056, NULL),
(-2, 2057, NULL),
(-3, 2058, NULL),
(-1, 2059, NULL),
(-2, 2060, NULL),
(-2, 2061, NULL),
(-3, 2062, NULL),
(-4, 2063, NULL),
(-2, 2064, NULL),
(-2, 2065, NULL),
(-3, 2066, NULL),
(-2, 2067, NULL),
(-2, 2068, NULL),
(-3, 2069, NULL),
(-1, 2070, NULL),
(-2, 2071, NULL),
(-1, 2072, NULL),
(-2, 2073, NULL),
(-1, 2074, NULL),
(-1, 2075, NULL),
(-3, 2076, NULL),
(-1, 2077, NULL),
(-1, 2078, NULL),
(-1, 2079, NULL),
(-1, 2080, NULL),
(-1, 2081, NULL),
(-1, 2082, NULL),
(-2, 2083, NULL),
(-3, 2084, NULL),
(-2, 2085, NULL),
(-2, 2086, NULL),
(-1, 2087, NULL),
(-2, 2088, NULL),
(-2, 2089, NULL),
(-2, 2090, NULL),
(-1, 2091, NULL),
(-3, 2092, NULL),
(-4, 2093, NULL),
(-2, 2094, NULL),
(-2, 2095, NULL),
(-3, 2096, NULL),
(-1, 2097, NULL),
(-2, 2098, NULL),
(-2, 2099, NULL),
(-2, 2100, NULL),
(-2, 2101, NULL),
(-2, 2102, NULL),
(-1, 2103, NULL),
(-4, 2104, NULL),
(-2, 2105, NULL),
(-3, 2106, NULL),
(-1, 2107, NULL),
(-1, 2108, NULL),
(-2, 2109, NULL),
(-3, 2110, NULL),
(-2, 2111, NULL),
(-2, 2112, NULL),
(-3, 2113, NULL),
(-2, 2114, NULL),
(-2, 2115, NULL),
(-2, 2116, NULL),
(-3, 2117, NULL),
(-2, 2118, NULL),
(-1, 2119, NULL),
(-2, 2120, NULL),
(-3, 2121, NULL),
(-1, 2122, NULL),
(-2, 2123, NULL),
(-2, 2124, NULL),
(-1, 2125, NULL),
(-3, 2126, NULL),
(-2, 2127, NULL),
(-3, 2128, NULL),
(-2, 2129, NULL),
(-1, 2130, NULL),
(-2, 2131, NULL),
(-3, 2132, NULL),
(-3, 2133, NULL),
(-3, 2134, NULL),
(-1, 2135, NULL),
(-4, 2136, NULL),
(-2, 2137, NULL),
(-2, 2138, NULL),
(-3, 2139, NULL),
(-2, 2140, NULL),
(-4, 2141, NULL),
(-2, 2142, NULL),
(-3, 2143, NULL),
(-2, 2144, NULL),
(-1, 2145, NULL),
(-3, 2146, NULL),
(-3, 2147, NULL),
(-1, 2148, NULL),
(-2, 2149, NULL),
(-3, 2150, NULL),
(-3, 2151, NULL),
(-2, 2152, NULL),
(-3, 2153, NULL),
(-2, 2154, NULL),
(-2, 2155, NULL),
(-2, 2156, NULL),
(-1, 2157, NULL),
(-3, 2158, NULL),
(-2, 2159, NULL),
(-4, 2160, NULL),
(-2, 2161, NULL),
(-2, 2162, NULL),
(-2, 2163, NULL),
(-2, 2164, NULL),
(-3, 2165, NULL),
(-8, 2166, NULL),
(-4, 2167, NULL),
(0, 2168, NULL),
(-2, 2169, NULL),
(-4, 2170, NULL),
(-6, 2171, NULL),
(0, 2172, NULL),
(-2, 2173, NULL),
(-4, 2174, NULL),
(-6, 2175, NULL),
(0, 2176, NULL),
(-10, 2177, NULL),
(-20, 2178, NULL),
(-30, 2179, NULL),
(0, 2180, NULL),
(3, 2181, NULL),
(-10, 2182, NULL),
(-10, 2183, NULL),
(0, 2184, NULL),
(-12, 2185, NULL),
(-24, 2186, NULL),
(-20, 2187, NULL);

--
-- Daten für Tabelle `aspect`
--

INSERT INTO `aspect` (`id`, `name`) VALUES
(1, 'allgemein');

--
-- Daten für Tabelle `attribute`
--

INSERT INTO `attribute` (`improvement_chart`, `id`) VALUES
('E', 1),
('E', 2),
('E', 3),
('E', 4),
('E', 5),
('E', 6),
('E', 7),
('E', 8);

--
-- Daten für Tabelle `bless`
--

INSERT INTO `bless` (`id`, `cost_id`, `duration_id`, `range_id`) VALUES
(829, NULL, 12, 4),
(830, NULL, 32, 1),
(831, NULL, 33, 2),
(832, NULL, 34, 2),
(833, NULL, 35, 2),
(834, NULL, 34, 2),
(835, NULL, 2, 2),
(836, NULL, 36, 4),
(837, NULL, 2, 2),
(838, NULL, 37, 1),
(839, NULL, 2, 2),
(840, NULL, 34, 2);

--
-- Daten für Tabelle `bless_aspects`
--

INSERT INTO `bless_aspects` (`bless_id`, `aspects_id`) VALUES
(829, 1),
(830, 1),
(831, 1),
(832, 1),
(833, 1),
(834, 1),
(835, 1),
(836, 1),
(837, 1),
(838, 1),
(839, 1),
(840, 1);

--
-- Daten für Tabelle `bless_targets`
--

INSERT INTO `bless_targets` (`bless_id`, `targets_id`) VALUES
(829, 2),
(830, 2),
(831, 2),
(832, 2),
(833, 3),
(834, 2),
(835, 2),
(836, 3),
(837, 8),
(838, 2),
(839, 8),
(840, 2);

--
-- Daten für Tabelle `book`
--

INSERT INTO `book` (`id`, `is_required`, `name`, `shop_url`) VALUES
(1, b'1', 'Regelwerk', 'https://www.ulisses-ebooks.de/product/151474'),
(2, b'0', 'Aventurische Rüstkammer', 'https://www.ulisses-ebooks.de/product'),
(3, b'0', 'Aventurisches Kompendium', 'https://www.ulisses-ebooks.de/product/186397'),
(4, b'0', 'Offenbarung des Himmels', 'https://www.ulisses-ebooks.de/product/155457'),
(5, NULL, 'Klingen der Nacht', NULL),
(6, NULL, 'Der grüne Zug', NULL),
(7, NULL, 'Kaiser der Diebe', NULL),
(8, NULL, 'Der Weiße See', NULL),
(9, NULL, 'Die Streitenden Königreiche', NULL),
(10, NULL, 'Der schwarze Forst', NULL),
(11, NULL, 'Deicherbe', NULL),
(12, NULL, 'Aventurische Namen', NULL),
(13, NULL, 'DSA5-Meisterschirm', NULL),
(14, NULL, 'Drachenwerk & Räuberpack', NULL),
(15, NULL, 'Aventurische Magie', NULL),
(16, NULL, 'Aventurisches Bestiarium', NULL),
(17, NULL, 'Das blaue Buch', NULL),
(18, NULL, 'Aveturische Namen', NULL);

--
-- Daten für Tabelle `cantrip`
--

INSERT INTO `cantrip` (`id`, `duration_id`, `range_id`) VALUES
(992, 2, 2),
(993, 2, 2),
(994, 2, 1),
(995, 61, 3),
(996, 2, 15),
(997, 62, 2),
(998, 9, 1),
(999, 32, 1),
(1000, 63, 3),
(1001, 32, 6),
(1002, 32, 1),
(1003, 2, 1),
(1004, 2, 3),
(1005, 2, 4),
(1006, 2, 1),
(1007, 32, 2),
(1008, 64, 3),
(1009, 2, 3),
(1010, 32, 1),
(1011, 65, 1),
(1012, 10, 3),
(1013, 10, 11),
(1014, 2, 1),
(1015, 32, 4),
(1016, 2, 1),
(1017, 65, 1),
(1018, 2, 2),
(1019, 32, 1),
(1020, 2, 4),
(1021, 9, 11),
(1022, 2, 6),
(1023, 32, 1),
(1024, 2, 1),
(1025, 2, 4),
(1026, 2, 2),
(1027, 62, 2),
(1028, 32, 1),
(1029, 2, 1),
(1030, 2, 2),
(1031, 2, 4),
(1032, 66, 1),
(1033, 2, 11),
(1034, 67, 11);

--
-- Daten für Tabelle `cantrip_targets`
--

INSERT INTO `cantrip_targets` (`cantrip_id`, `targets_id`) VALUES
(992, 8),
(993, 2),
(994, 2),
(995, 3),
(996, 11),
(997, 2),
(998, 2),
(999, 2),
(1000, 2),
(1001, 13),
(1002, 2),
(1003, 8),
(1004, 2),
(1005, 2),
(1006, 2),
(1007, 8),
(1008, 2),
(1009, 2),
(1010, 3),
(1011, 2),
(1012, 39),
(1013, 2),
(1014, 40),
(1015, 11),
(1016, 2),
(1017, 41),
(1018, 10),
(1019, 2),
(1020, 2),
(1021, 42),
(1022, 43),
(1023, 2),
(1024, 2),
(1025, 8),
(1025, 20),
(1026, 8),
(1027, 2),
(1028, 8),
(1028, 2),
(1029, 2),
(1030, 44),
(1031, 3),
(1032, 2),
(1033, 45),
(1034, 46);

--
-- Daten für Tabelle `cast_time`
--

INSERT INTO `cast_time` (`id`, `name`) VALUES
(1, '1 Aktion'),
(2, '2 Aktionen'),
(3, '4 Aktionen'),
(4, '8 Aktionen'),
(5, '16 Aktionen'),
(6, '4 Aktion'),
(7, '5 Minuten'),
(8, '8 Stunden'),
(9, '30 Minuten'),
(10, '2 Stunden'),
(11, '32 Aktionen'),
(12, '4 Aktionen (kann nicht modifiziert werden)'),
(13, '8 Aktionen (Zauberdauer ist nicht modifizierbar)'),
(14, '2 Aktionen (Zauberdauer ist nicht modifizierbar)'),
(15, '4 Aktionen (Zauberdauer ist nicht modifizierbar)'),
(16, '2 Stunden (Zeremoniedauer nicht modifizierbar)');

--
-- Daten für Tabelle `ceremony`
--

INSERT INTO `ceremony` (`improvement_chart`, `id`, `cast_time_id`, `check1_id`, `check2_id`, `check3_id`, `cost_id`, `duration_id`, `range_id`) VALUES
('B', 1035, 10, 1, 2, 3, 13, 68, 16),
('D', 1036, 16, 1, 3, 7, 78, 69, 5),
('B', 1037, 8, 1, 3, 4, 79, 2, 4),
('B', 1038, 9, 1, 3, 4, 13, 13, 1),
('B', 1039, 9, 1, 2, 3, 13, 11, 1),
('B', 1040, 9, 2, 3, 4, 13, 21, 1),
('C', 1041, 10, 2, 3, 4, 80, 70, 4);

--
-- Daten für Tabelle `ceremony_targets`
--

INSERT INTO `ceremony_targets` (`ceremony_id`, `targets_id`) VALUES
(1035, 10),
(1036, 2),
(1037, 7),
(1037, 32),
(1038, 2),
(1039, 47),
(1040, 2),
(1041, 8);

--
-- Daten für Tabelle `combat_technique`
--

INSERT INTO `combat_technique` (`improvement_chart`, `is_ranged_combat`, `id`) VALUES
('B', b'1', 72),
('B', b'1', 73),
('C', b'1', 74),
('C', b'1', 75),
('B', b'1', 76),
('B', b'1', 77),
('B', b'1', 78),
('B', b'0', 79),
('C', b'0', 80),
('C', b'0', 81),
('C', b'0', 82),
('B', b'0', 83),
('B', b'0', 84),
('B', b'0', 85),
('C', b'0', 86),
('C', b'0', 87),
('C', b'0', 88),
('C', b'0', 89),
('C', b'0', 90);

--
-- Daten für Tabelle `combat_technique_primary_attributes`
--

INSERT INTO `combat_technique_primary_attributes` (`combat_technique_id`, `primary_attributes_id`) VALUES
(72, 5),
(73, 5),
(74, 5),
(75, 5),
(76, 5),
(77, 5),
(78, 5),
(79, 6),
(80, 6),
(81, 8),
(82, 8),
(83, 8),
(84, 5),
(85, 6),
(85, 8),
(86, 8),
(87, 6),
(87, 8),
(88, 6),
(88, 8),
(89, 8),
(90, 8);

--
-- Daten für Tabelle `conditions`
--

INSERT INTO `conditions` (`type`, `id`, `comparison`, `n`, `modifier`, `level_check_id`, `property_id`, `not_id`) VALUES
('AND', 1, 'EXACT', -1, NULL, NULL, NULL, NULL),
('MIN', 2, NULL, NULL, 0, 1, 1, NULL),
('MIN', 3, NULL, NULL, 0, 2, 1, NULL),
('HAS', 4, NULL, NULL, NULL, NULL, 1347, NULL),
('HAS', 5, NULL, NULL, NULL, NULL, 1347, NULL),
('HAS', 6, NULL, NULL, NULL, NULL, 1347, NULL),
('AND', 7, 'EXACT', -1, NULL, NULL, NULL, NULL),
('HAS', 8, NULL, NULL, NULL, NULL, 1347, NULL),
('HAS', 9, NULL, NULL, NULL, NULL, 1347, NULL),
('HAS', 10, NULL, NULL, NULL, NULL, 1347, NULL),
('HAS', 11, NULL, NULL, NULL, NULL, 1347, NULL),
('HAS', 12, NULL, NULL, NULL, NULL, 1347, NULL),
('AND', 13, 'EXACT', -1, NULL, NULL, NULL, NULL),
('HAS', 14, NULL, NULL, NULL, NULL, 1771, NULL),
('AND', 15, 'EXACT', -1, NULL, NULL, NULL, NULL),
('HAS', 16, NULL, NULL, NULL, NULL, 1771, NULL),
('AND', 17, 'EXACT', -1, NULL, NULL, NULL, NULL),
('HAS', 18, NULL, NULL, NULL, NULL, 1771, NULL),
('MIN', 19, NULL, NULL, 0, 3, 51, NULL),
('AND', 20, 'EXACT', -1, NULL, NULL, NULL, NULL),
('HAS', 21, NULL, NULL, NULL, NULL, 1771, NULL),
('AND', 22, 'EXACT', -1, NULL, NULL, NULL, NULL),
('HAS', 23, NULL, NULL, NULL, NULL, 1771, NULL),
('AND', 24, 'EXACT', -1, NULL, NULL, NULL, NULL),
('MIN', 25, NULL, NULL, 0, 4, 1, NULL),
('MIN', 26, NULL, NULL, 0, 5, 3, NULL),
('AND', 27, 'EXACT', -1, NULL, NULL, NULL, NULL),
('HAS', 28, NULL, NULL, NULL, NULL, 1771, NULL),
('HAS', 29, NULL, NULL, NULL, NULL, 218, NULL),
('MIN', 30, NULL, NULL, 0, 6, 1, NULL),
('AND', 31, 'EXACT', -1, NULL, NULL, NULL, NULL),
('HAS', 32, NULL, NULL, NULL, NULL, 1771, NULL),
('MIN', 33, NULL, NULL, 0, 7, 133, NULL),
('MIN', 34, NULL, NULL, 0, 8, 44, NULL),
('MIN', 35, NULL, NULL, 0, 9, 63, NULL),
('AND', 36, 'EXACT', -1, NULL, NULL, NULL, NULL),
('MIN', 37, NULL, NULL, 0, 10, 1, NULL),
('AND', 38, 'EXACT', -1, NULL, NULL, NULL, NULL),
('MIN', 39, NULL, NULL, 0, 11, 1, NULL),
('AND', 40, 'EXACT', -1, NULL, NULL, NULL, NULL),
('MIN', 41, NULL, NULL, 0, 12, 1, NULL),
('AND', 42, 'EXACT', -1, NULL, NULL, NULL, NULL),
('HAS', 43, NULL, NULL, NULL, NULL, 1771, NULL),
('HAS', 44, NULL, NULL, NULL, NULL, 187, NULL),
('HAS', 45, NULL, NULL, NULL, NULL, 187, NULL),
('AND', 46, 'EXACT', -1, NULL, NULL, NULL, NULL),
('HAS', 47, NULL, NULL, NULL, NULL, 1771, NULL),
('HAS', 48, NULL, NULL, NULL, NULL, 187, NULL),
('HAS', 49, NULL, NULL, NULL, NULL, 187, NULL),
('AND', 50, 'EXACT', -1, NULL, NULL, NULL, NULL),
('HAS', 51, NULL, NULL, NULL, NULL, 1771, NULL),
('HAS', 52, NULL, NULL, NULL, NULL, 187, NULL),
('HAS', 53, NULL, NULL, NULL, NULL, 187, NULL),
('AND', 54, 'EXACT', -1, NULL, NULL, NULL, NULL),
('HAS', 55, NULL, NULL, NULL, NULL, 1771, NULL),
('HAS', 56, NULL, NULL, NULL, NULL, 187, NULL),
('HAS', 57, NULL, NULL, NULL, NULL, 187, NULL),
('AND', 58, 'EXACT', -1, NULL, NULL, NULL, NULL),
('HAS', 59, NULL, NULL, NULL, NULL, 1771, NULL),
('AND', 60, 'EXACT', -1, NULL, NULL, NULL, NULL),
('HAS', 61, NULL, NULL, NULL, NULL, 1771, NULL),
('MIN', 62, NULL, NULL, 0, 13, 2, NULL),
('AND', 63, 'EXACT', -1, NULL, NULL, NULL, NULL),
('HAS', 64, NULL, NULL, NULL, NULL, 1771, NULL),
('MIN', 65, NULL, NULL, 0, 14, 1, NULL),
('AND', 66, 'EXACT', -1, NULL, NULL, NULL, NULL),
('HAS', 67, NULL, NULL, NULL, NULL, 1771, NULL),
('AND', 68, 'EXACT', -1, NULL, NULL, NULL, NULL),
('HAS', 69, NULL, NULL, NULL, NULL, 1771, NULL),
('AND', 70, 'EXACT', -1, NULL, NULL, NULL, NULL),
('HAS', 71, NULL, NULL, NULL, NULL, 1771, NULL),
('HAS', 72, NULL, NULL, NULL, NULL, 3, NULL),
('AND', 73, 'EXACT', -1, NULL, NULL, NULL, NULL),
('HAS', 74, NULL, NULL, NULL, NULL, 1771, NULL),
('AND', 75, 'EXACT', -1, NULL, NULL, NULL, NULL),
('HAS', 76, NULL, NULL, NULL, NULL, 1771, NULL),
('MIN', 77, NULL, NULL, 0, 15, 1, NULL),
('AND', 78, 'EXACT', -1, NULL, NULL, NULL, NULL),
('HAS', 79, NULL, NULL, NULL, NULL, 1771, NULL),
('HAS', 80, NULL, NULL, NULL, NULL, 198, NULL),
('AND', 81, 'EXACT', -1, NULL, NULL, NULL, NULL),
('HAS', 82, NULL, NULL, NULL, NULL, 1771, NULL),
('HAS', 83, NULL, NULL, NULL, NULL, 201, NULL),
('AND', 84, 'EXACT', -1, NULL, NULL, NULL, NULL),
('MIN', 85, NULL, NULL, 0, 16, 1, NULL),
('HAS', 86, NULL, NULL, NULL, NULL, 184, NULL),
('AND', 87, 'EXACT', -1, NULL, NULL, NULL, NULL),
('MIN', 88, NULL, NULL, 0, 17, 1, NULL),
('HAS', 89, NULL, NULL, NULL, NULL, 185, NULL),
('AND', 90, 'EXACT', -1, NULL, NULL, NULL, NULL),
('HAS', 91, NULL, NULL, NULL, NULL, 1771, NULL),
('AND', 92, 'EXACT', -1, NULL, NULL, NULL, NULL),
('HAS', 93, NULL, NULL, NULL, NULL, 1771, NULL),
('MIN', 94, NULL, NULL, 0, 18, 1, NULL),
('AND', 95, 'EXACT', -1, NULL, NULL, NULL, NULL),
('HAS', 96, NULL, NULL, NULL, NULL, 1771, NULL),
('HAS', 97, NULL, NULL, NULL, NULL, 1771, NULL),
('AND', 98, 'EXACT', -1, NULL, NULL, NULL, NULL),
('HAS', 99, NULL, NULL, NULL, NULL, 1771, NULL),
('HAS', 100, NULL, NULL, NULL, NULL, 209, NULL),
('HAS', 101, NULL, NULL, NULL, NULL, 209, NULL),
('AND', 102, 'EXACT', -1, NULL, NULL, NULL, NULL),
('HAS', 103, NULL, NULL, NULL, NULL, 1771, NULL),
('HAS', 104, NULL, NULL, NULL, NULL, 209, NULL),
('HAS', 105, NULL, NULL, NULL, NULL, 209, NULL),
('AND', 106, 'EXACT', -1, NULL, NULL, NULL, NULL),
('HAS', 107, NULL, NULL, NULL, NULL, 1771, NULL),
('HAS', 108, NULL, NULL, NULL, NULL, 209, NULL),
('HAS', 109, NULL, NULL, NULL, NULL, 209, NULL),
('AND', 110, 'EXACT', -1, NULL, NULL, NULL, NULL),
('HAS', 111, NULL, NULL, NULL, NULL, 1771, NULL),
('HAS', 112, NULL, NULL, NULL, NULL, 209, NULL),
('HAS', 113, NULL, NULL, NULL, NULL, 209, NULL),
('AND', 114, 'EXACT', -1, NULL, NULL, NULL, NULL),
('AND', 115, 'EXACT', -1, NULL, NULL, NULL, NULL),
('HAS', 116, NULL, NULL, NULL, NULL, 1771, NULL),
('AND', 117, 'EXACT', -1, NULL, NULL, NULL, NULL),
('HAS', 118, NULL, NULL, NULL, NULL, 1771, NULL),
('HAS', 119, NULL, NULL, NULL, NULL, 2, NULL),
('HAS', 120, NULL, NULL, NULL, NULL, 1771, NULL),
('AND', 121, 'EXACT', -1, NULL, NULL, NULL, NULL),
('HAS', 122, NULL, NULL, NULL, NULL, 1771, NULL),
('HAS', 123, NULL, NULL, NULL, NULL, 1340, NULL),
('NOT', 124, NULL, NULL, NULL, NULL, NULL, 123),
('HAS', 125, NULL, NULL, NULL, NULL, 1771, NULL),
('HAS', 126, NULL, NULL, NULL, NULL, 1771, NULL),
('HAS', 127, NULL, NULL, NULL, NULL, 1771, NULL),
('HAS', 128, NULL, NULL, NULL, NULL, 1771, NULL),
('AND', 129, 'EXACT', -1, NULL, NULL, NULL, NULL),
('HAS', 130, NULL, NULL, NULL, NULL, 1771, NULL),
('HAS', 131, NULL, NULL, NULL, NULL, 1771, NULL),
('MIN', 132, NULL, NULL, 0, 19, 1, NULL),
('AND', 133, 'EXACT', -1, NULL, NULL, NULL, NULL),
('MIN', 134, NULL, NULL, 0, 20, 133, NULL),
('MIN', 135, NULL, NULL, 0, 21, 44, NULL),
('AND', 136, 'EXACT', -1, NULL, NULL, NULL, NULL),
('HAS', 137, NULL, NULL, NULL, NULL, 1771, NULL),
('AND', 138, 'EXACT', -1, NULL, NULL, NULL, NULL),
('HAS', 139, NULL, NULL, NULL, NULL, 1771, NULL),
('HAS', 140, NULL, NULL, NULL, NULL, 234, NULL),
('AND', 141, 'EXACT', -1, NULL, NULL, NULL, NULL),
('HAS', 142, NULL, NULL, NULL, NULL, 1771, NULL),
('AND', 143, 'EXACT', -1, NULL, NULL, NULL, NULL),
('HAS', 144, NULL, NULL, NULL, NULL, 1771, NULL),
('AND', 145, 'EXACT', -1, NULL, NULL, NULL, NULL),
('HAS', 146, NULL, NULL, NULL, NULL, 1771, NULL),
('AND', 147, 'EXACT', -1, NULL, NULL, NULL, NULL),
('AND', 148, 'EXACT', -1, NULL, NULL, NULL, NULL),
('HAS', 149, NULL, NULL, NULL, NULL, 1771, NULL),
('HAS', 150, NULL, NULL, NULL, NULL, 228, NULL),
('MIN', 151, NULL, NULL, 0, 22, 5, NULL),
('AND', 152, 'EXACT', -1, NULL, NULL, NULL, NULL),
('MIN', 153, NULL, NULL, 0, 23, 37, NULL),
('HAS', 154, NULL, NULL, NULL, NULL, 1883, NULL),
('NOT', 155, NULL, NULL, NULL, NULL, NULL, 154),
('AND', 156, 'EXACT', -1, NULL, NULL, NULL, NULL),
('MIN', 157, NULL, NULL, 0, 24, 12, NULL),
('HAS', 158, NULL, NULL, NULL, NULL, 1883, NULL),
('NOT', 159, NULL, NULL, NULL, NULL, NULL, 158),
('HAS', 160, NULL, NULL, NULL, NULL, 1791, NULL),
('NOT', 161, NULL, NULL, NULL, NULL, NULL, 160),
('AND', 162, 'EXACT', -1, NULL, NULL, NULL, NULL),
('MIN', 163, NULL, NULL, 0, 25, 36, NULL),
('HAS', 164, NULL, NULL, NULL, NULL, 1883, NULL),
('NOT', 165, NULL, NULL, NULL, NULL, NULL, 164),
('MIN', 166, NULL, NULL, 0, 26, 44, NULL),
('MIN', 167, NULL, NULL, 0, 27, 43, NULL),
('MIN', 168, NULL, NULL, 0, 28, 43, NULL),
('HAS', 169, NULL, NULL, NULL, NULL, 1785, NULL),
('NOT', 170, NULL, NULL, NULL, NULL, NULL, 169),
('AND', 171, 'EXACT', -1, NULL, NULL, NULL, NULL),
('HAS', 172, NULL, NULL, NULL, NULL, 1784, NULL),
('NOT', 173, NULL, NULL, NULL, NULL, NULL, 172),
('HAS', 174, NULL, NULL, NULL, NULL, 1791, NULL),
('NOT', 175, NULL, NULL, NULL, NULL, NULL, 174),
('HAS', 176, NULL, NULL, NULL, NULL, 1883, NULL),
('NOT', 177, NULL, NULL, NULL, NULL, NULL, 176),
('HAS', 178, NULL, NULL, NULL, NULL, 2180, NULL),
('NOT', 179, NULL, NULL, NULL, NULL, NULL, 178),
('AND', 180, 'EXACT', -1, NULL, NULL, NULL, NULL),
('MIN', 181, NULL, NULL, 0, 29, 29, NULL),
('AND', 182, 'EXACT', -1, NULL, NULL, NULL, NULL),
('MIN', 183, NULL, NULL, 0, 30, 10, NULL),
('MIN', 184, NULL, NULL, 0, 31, 12, NULL),
('MIN', 185, NULL, NULL, 0, 32, 66, NULL),
('MIN', 186, NULL, NULL, 0, 33, 66, NULL),
('AND', 187, 'EXACT', -1, NULL, NULL, NULL, NULL),
('MIN', 188, NULL, NULL, 0, 34, 54, NULL),
('AND', 189, 'EXACT', -1, NULL, NULL, NULL, NULL),
('MIN', 190, NULL, NULL, 0, 35, 59, NULL),
('AND', 191, 'EXACT', -1, NULL, NULL, NULL, NULL),
('MIN', 192, NULL, NULL, 0, 36, 51, NULL),
('MIN', 193, NULL, NULL, 0, 37, 59, NULL),
('MIN', 194, NULL, NULL, 0, 38, 45, NULL),
('MIN', 195, NULL, NULL, 0, 39, 66, NULL),
('MIN', 196, NULL, NULL, 0, 40, 26, NULL),
('AND', 197, 'EXACT', -1, NULL, NULL, NULL, NULL),
('HAS', 198, NULL, NULL, NULL, NULL, 1785, NULL),
('NOT', 199, NULL, NULL, NULL, NULL, NULL, 198),
('MIN', 200, NULL, NULL, 0, 41, 25, NULL),
('MIN', 201, NULL, NULL, 0, 42, 17, NULL),
('AND', 202, 'EXACT', -1, NULL, NULL, NULL, NULL),
('MIN', 203, NULL, NULL, 0, 43, 26, NULL),
('HAS', 204, NULL, NULL, NULL, NULL, 1785, NULL),
('NOT', 205, NULL, NULL, NULL, NULL, NULL, 204),
('AND', 206, 'EXACT', -1, NULL, NULL, NULL, NULL),
('MIN', 207, NULL, NULL, 0, 44, 45, NULL),
('MIN', 208, NULL, NULL, 0, 45, 65, NULL),
('AND', 209, 'EXACT', -1, NULL, NULL, NULL, NULL),
('HAS', 210, NULL, NULL, NULL, NULL, 204, NULL),
('MIN', 211, NULL, NULL, 0, 46, 17, NULL),
('AND', 212, 'EXACT', -1, NULL, NULL, NULL, NULL),
('AND', 213, 'EXACT', -1, NULL, NULL, NULL, NULL),
('AND', 214, 'EXACT', -1, NULL, NULL, NULL, NULL),
('AND', 215, 'EXACT', -1, NULL, NULL, NULL, NULL),
('AND', 216, 'EXACT', -1, NULL, NULL, NULL, NULL),
('AND', 217, 'EXACT', -1, NULL, NULL, NULL, NULL),
('AND', 218, 'EXACT', -1, NULL, NULL, NULL, NULL),
('AND', 219, 'EXACT', -1, NULL, NULL, NULL, NULL),
('AND', 220, 'EXACT', -1, NULL, NULL, NULL, NULL),
('AND', 221, 'EXACT', -1, NULL, NULL, NULL, NULL),
('AND', 222, 'EXACT', -1, NULL, NULL, NULL, NULL),
('AND', 223, 'EXACT', -1, NULL, NULL, NULL, NULL),
('AND', 224, 'EXACT', -1, NULL, NULL, NULL, NULL),
('AND', 225, 'EXACT', -1, NULL, NULL, NULL, NULL),
('AND', 226, 'EXACT', -1, NULL, NULL, NULL, NULL),
('AND', 227, 'EXACT', -1, NULL, NULL, NULL, NULL),
('AND', 228, 'EXACT', -1, NULL, NULL, NULL, NULL),
('AND', 229, 'EXACT', -1, NULL, NULL, NULL, NULL),
('AND', 230, 'EXACT', -1, NULL, NULL, NULL, NULL),
('AND', 231, 'EXACT', -1, NULL, NULL, NULL, NULL),
('AND', 232, 'EXACT', -1, NULL, NULL, NULL, NULL),
('AND', 233, 'EXACT', -1, NULL, NULL, NULL, NULL),
('AND', 234, 'EXACT', -1, NULL, NULL, NULL, NULL),
('AND', 235, 'EXACT', -1, NULL, NULL, NULL, NULL),
('AND', 236, 'EXACT', -1, NULL, NULL, NULL, NULL),
('AND', 237, 'EXACT', -1, NULL, NULL, NULL, NULL),
('AND', 238, 'EXACT', -1, NULL, NULL, NULL, NULL),
('AND', 239, 'EXACT', -1, NULL, NULL, NULL, NULL),
('AND', 240, 'EXACT', -1, NULL, NULL, NULL, NULL),
('AND', 241, 'EXACT', -1, NULL, NULL, NULL, NULL),
('AND', 242, 'EXACT', -1, NULL, NULL, NULL, NULL),
('AND', 243, 'EXACT', -1, NULL, NULL, NULL, NULL),
('AND', 244, 'EXACT', -1, NULL, NULL, NULL, NULL),
('AND', 245, 'EXACT', -1, NULL, NULL, NULL, NULL),
('AND', 246, 'EXACT', -1, NULL, NULL, NULL, NULL),
('AND', 247, 'EXACT', -1, NULL, NULL, NULL, NULL),
('AND', 248, 'EXACT', -1, NULL, NULL, NULL, NULL),
('AND', 249, 'EXACT', -1, NULL, NULL, NULL, NULL),
('AND', 250, 'EXACT', -1, NULL, NULL, NULL, NULL),
('AND', 251, 'EXACT', -1, NULL, NULL, NULL, NULL),
('AND', 252, 'EXACT', -1, NULL, NULL, NULL, NULL),
('AND', 253, 'EXACT', -1, NULL, NULL, NULL, NULL),
('AND', 254, 'EXACT', -1, NULL, NULL, NULL, NULL),
('AND', 255, 'EXACT', -1, NULL, NULL, NULL, NULL),
('AND', 256, 'EXACT', -1, NULL, NULL, NULL, NULL),
('AND', 257, 'EXACT', -1, NULL, NULL, NULL, NULL),
('AND', 258, 'EXACT', -1, NULL, NULL, NULL, NULL),
('AND', 259, 'EXACT', -1, NULL, NULL, NULL, NULL),
('AND', 260, 'EXACT', -1, NULL, NULL, NULL, NULL),
('AND', 261, 'EXACT', -1, NULL, NULL, NULL, NULL),
('AND', 262, 'EXACT', -1, NULL, NULL, NULL, NULL),
('AND', 263, 'EXACT', -1, NULL, NULL, NULL, NULL),
('AND', 264, 'EXACT', -1, NULL, NULL, NULL, NULL),
('AND', 265, 'EXACT', -1, NULL, NULL, NULL, NULL),
('AND', 266, 'EXACT', -1, NULL, NULL, NULL, NULL),
('AND', 267, 'EXACT', -1, NULL, NULL, NULL, NULL),
('AND', 268, 'EXACT', -1, NULL, NULL, NULL, NULL),
('AND', 269, 'EXACT', -1, NULL, NULL, NULL, NULL),
('AND', 270, 'EXACT', -1, NULL, NULL, NULL, NULL),
('AND', 271, 'EXACT', -1, NULL, NULL, NULL, NULL),
('AND', 272, 'EXACT', -1, NULL, NULL, NULL, NULL),
('AND', 273, 'EXACT', -1, NULL, NULL, NULL, NULL),
('AND', 274, 'EXACT', -1, NULL, NULL, NULL, NULL),
('AND', 275, 'EXACT', -1, NULL, NULL, NULL, NULL),
('AND', 276, 'EXACT', -1, NULL, NULL, NULL, NULL),
('AND', 277, 'EXACT', -1, NULL, NULL, NULL, NULL),
('AND', 278, 'EXACT', -1, NULL, NULL, NULL, NULL),
('AND', 279, 'EXACT', -1, NULL, NULL, NULL, NULL),
('AND', 280, 'EXACT', -1, NULL, NULL, NULL, NULL),
('AND', 281, 'EXACT', -1, NULL, NULL, NULL, NULL),
('AND', 282, 'EXACT', -1, NULL, NULL, NULL, NULL),
('AND', 283, 'EXACT', -1, NULL, NULL, NULL, NULL),
('AND', 284, 'EXACT', -1, NULL, NULL, NULL, NULL),
('AND', 285, 'EXACT', -1, NULL, NULL, NULL, NULL),
('AND', 286, 'EXACT', -1, NULL, NULL, NULL, NULL),
('AND', 287, 'EXACT', -1, NULL, NULL, NULL, NULL),
('AND', 288, 'EXACT', -1, NULL, NULL, NULL, NULL),
('AND', 289, 'EXACT', -1, NULL, NULL, NULL, NULL),
('AND', 290, 'EXACT', -1, NULL, NULL, NULL, NULL),
('AND', 291, 'EXACT', -1, NULL, NULL, NULL, NULL),
('AND', 292, 'EXACT', -1, NULL, NULL, NULL, NULL),
('AND', 293, 'EXACT', -1, NULL, NULL, NULL, NULL),
('AND', 294, 'EXACT', -1, NULL, NULL, NULL, NULL),
('AND', 295, 'EXACT', -1, NULL, NULL, NULL, NULL),
('AND', 296, 'EXACT', -1, NULL, NULL, NULL, NULL),
('AND', 297, 'EXACT', -1, NULL, NULL, NULL, NULL),
('AND', 298, 'EXACT', -1, NULL, NULL, NULL, NULL),
('AND', 299, 'EXACT', -1, NULL, NULL, NULL, NULL),
('AND', 300, 'EXACT', -1, NULL, NULL, NULL, NULL),
('AND', 301, 'EXACT', -1, NULL, NULL, NULL, NULL),
('AND', 302, 'EXACT', -1, NULL, NULL, NULL, NULL),
('AND', 303, 'EXACT', -1, NULL, NULL, NULL, NULL),
('AND', 304, 'EXACT', -1, NULL, NULL, NULL, NULL),
('AND', 305, 'EXACT', -1, NULL, NULL, NULL, NULL),
('AND', 306, 'EXACT', -1, NULL, NULL, NULL, NULL),
('AND', 307, 'EXACT', -1, NULL, NULL, NULL, NULL),
('AND', 308, 'EXACT', -1, NULL, NULL, NULL, NULL),
('AND', 309, 'EXACT', -1, NULL, NULL, NULL, NULL),
('AND', 310, 'EXACT', -1, NULL, NULL, NULL, NULL),
('AND', 311, 'EXACT', -1, NULL, NULL, NULL, NULL),
('AND', 312, 'EXACT', -1, NULL, NULL, NULL, NULL),
('AND', 313, 'EXACT', -1, NULL, NULL, NULL, NULL),
('AND', 314, 'EXACT', -1, NULL, NULL, NULL, NULL),
('AND', 315, 'EXACT', -1, NULL, NULL, NULL, NULL),
('AND', 316, 'EXACT', -1, NULL, NULL, NULL, NULL),
('AND', 317, 'EXACT', -1, NULL, NULL, NULL, NULL),
('AND', 318, 'EXACT', -1, NULL, NULL, NULL, NULL),
('AND', 319, 'EXACT', -1, NULL, NULL, NULL, NULL),
('AND', 320, 'EXACT', -1, NULL, NULL, NULL, NULL),
('AND', 321, 'EXACT', -1, NULL, NULL, NULL, NULL),
('AND', 322, 'EXACT', -1, NULL, NULL, NULL, NULL),
('AND', 323, 'EXACT', -1, NULL, NULL, NULL, NULL),
('AND', 324, 'EXACT', -1, NULL, NULL, NULL, NULL),
('AND', 325, 'EXACT', -1, NULL, NULL, NULL, NULL),
('AND', 326, 'EXACT', -1, NULL, NULL, NULL, NULL),
('AND', 327, 'EXACT', -1, NULL, NULL, NULL, NULL),
('AND', 328, 'EXACT', -1, NULL, NULL, NULL, NULL),
('AND', 329, 'EXACT', -1, NULL, NULL, NULL, NULL),
('AND', 330, 'EXACT', -1, NULL, NULL, NULL, NULL),
('AND', 331, 'EXACT', -1, NULL, NULL, NULL, NULL),
('AND', 332, 'EXACT', -1, NULL, NULL, NULL, NULL),
('AND', 333, 'EXACT', -1, NULL, NULL, NULL, NULL),
('AND', 334, 'EXACT', -1, NULL, NULL, NULL, NULL),
('AND', 335, 'EXACT', -1, NULL, NULL, NULL, NULL),
('AND', 336, 'EXACT', -1, NULL, NULL, NULL, NULL),
('AND', 337, 'EXACT', -1, NULL, NULL, NULL, NULL),
('AND', 338, 'EXACT', -1, NULL, NULL, NULL, NULL),
('AND', 339, 'EXACT', -1, NULL, NULL, NULL, NULL),
('AND', 340, 'EXACT', -1, NULL, NULL, NULL, NULL),
('AND', 341, 'EXACT', -1, NULL, NULL, NULL, NULL),
('AND', 342, 'EXACT', -1, NULL, NULL, NULL, NULL),
('AND', 343, 'EXACT', -1, NULL, NULL, NULL, NULL),
('AND', 344, 'EXACT', -1, NULL, NULL, NULL, NULL),
('AND', 345, 'EXACT', -1, NULL, NULL, NULL, NULL),
('AND', 346, 'EXACT', -1, NULL, NULL, NULL, NULL),
('AND', 347, 'EXACT', -1, NULL, NULL, NULL, NULL),
('AND', 348, 'EXACT', -1, NULL, NULL, NULL, NULL),
('AND', 349, 'EXACT', -1, NULL, NULL, NULL, NULL),
('AND', 350, 'EXACT', -1, NULL, NULL, NULL, NULL),
('AND', 351, 'EXACT', -1, NULL, NULL, NULL, NULL),
('AND', 352, 'EXACT', -1, NULL, NULL, NULL, NULL),
('AND', 353, 'EXACT', -1, NULL, NULL, NULL, NULL),
('AND', 354, 'EXACT', -1, NULL, NULL, NULL, NULL),
('AND', 355, 'EXACT', -1, NULL, NULL, NULL, NULL),
('AND', 356, 'EXACT', -1, NULL, NULL, NULL, NULL),
('AND', 357, 'EXACT', -1, NULL, NULL, NULL, NULL),
('AND', 358, 'EXACT', -1, NULL, NULL, NULL, NULL),
('AND', 359, 'EXACT', -1, NULL, NULL, NULL, NULL),
('AND', 360, 'EXACT', -1, NULL, NULL, NULL, NULL),
('AND', 361, 'EXACT', -1, NULL, NULL, NULL, NULL),
('AND', 362, 'EXACT', -1, NULL, NULL, NULL, NULL),
('AND', 363, 'EXACT', -1, NULL, NULL, NULL, NULL),
('AND', 364, 'EXACT', -1, NULL, NULL, NULL, NULL),
('AND', 365, 'EXACT', -1, NULL, NULL, NULL, NULL),
('AND', 366, 'EXACT', -1, NULL, NULL, NULL, NULL),
('AND', 367, 'EXACT', -1, NULL, NULL, NULL, NULL),
('AND', 368, 'EXACT', -1, NULL, NULL, NULL, NULL),
('AND', 369, 'EXACT', -1, NULL, NULL, NULL, NULL),
('AND', 370, 'EXACT', -1, NULL, NULL, NULL, NULL),
('AND', 371, 'EXACT', -1, NULL, NULL, NULL, NULL),
('AND', 372, 'EXACT', -1, NULL, NULL, NULL, NULL),
('AND', 373, 'EXACT', -1, NULL, NULL, NULL, NULL),
('AND', 374, 'EXACT', -1, NULL, NULL, NULL, NULL),
('AND', 375, 'EXACT', -1, NULL, NULL, NULL, NULL),
('AND', 376, 'EXACT', -1, NULL, NULL, NULL, NULL),
('AND', 377, 'EXACT', -1, NULL, NULL, NULL, NULL),
('AND', 378, 'EXACT', -1, NULL, NULL, NULL, NULL),
('AND', 379, 'EXACT', -1, NULL, NULL, NULL, NULL),
('AND', 380, 'EXACT', -1, NULL, NULL, NULL, NULL),
('AND', 381, 'EXACT', -1, NULL, NULL, NULL, NULL),
('AND', 382, 'EXACT', -1, NULL, NULL, NULL, NULL),
('AND', 383, 'EXACT', -1, NULL, NULL, NULL, NULL),
('AND', 384, 'EXACT', -1, NULL, NULL, NULL, NULL),
('AND', 385, 'EXACT', -1, NULL, NULL, NULL, NULL),
('AND', 386, 'EXACT', -1, NULL, NULL, NULL, NULL),
('AND', 387, 'EXACT', -1, NULL, NULL, NULL, NULL),
('AND', 388, 'EXACT', -1, NULL, NULL, NULL, NULL),
('AND', 389, 'EXACT', -1, NULL, NULL, NULL, NULL),
('AND', 390, 'EXACT', -1, NULL, NULL, NULL, NULL),
('AND', 391, 'EXACT', -1, NULL, NULL, NULL, NULL),
('AND', 392, 'EXACT', -1, NULL, NULL, NULL, NULL),
('MIN', 393, NULL, NULL, 0, 47, 10, NULL),
('MIN', 394, NULL, NULL, 0, 48, 12, NULL),
('AND', 395, 'EXACT', -1, NULL, NULL, NULL, NULL),
('MIN', 396, NULL, NULL, 0, 49, 21, NULL),
('MIN', 397, NULL, NULL, 0, 50, 11, NULL),
('AND', 398, 'EXACT', -1, NULL, NULL, NULL, NULL),
('MIN', 399, NULL, NULL, 0, 51, 27, NULL),
('HAS', 400, NULL, NULL, NULL, NULL, 1785, NULL),
('NOT', 401, NULL, NULL, NULL, NULL, NULL, 400),
('AND', 402, 'EXACT', -1, NULL, NULL, NULL, NULL),
('MIN', 403, NULL, NULL, 0, 52, 31, NULL),
('MIN', 404, NULL, NULL, 0, 53, 47, NULL),
('MIN', 405, NULL, NULL, 0, 54, 66, NULL),
('AND', 406, 'EXACT', -1, NULL, NULL, NULL, NULL),
('MIN', 407, NULL, NULL, 0, 55, 25, NULL),
('MIN', 408, NULL, NULL, 0, 56, 28, NULL),
('MIN', 409, NULL, NULL, 0, 57, 29, NULL),
('AND', 410, 'EXACT', -1, NULL, NULL, NULL, NULL),
('MIN', 411, NULL, NULL, 0, 58, 54, NULL),
('MIN', 412, NULL, NULL, 0, 59, 46, NULL),
('AND', 413, 'EXACT', -1, NULL, NULL, NULL, NULL),
('HAS', 414, NULL, NULL, NULL, NULL, 484, NULL),
('MIN', 415, NULL, NULL, 0, 60, 27, NULL),
('MIN', 416, NULL, NULL, 0, 61, 54, NULL),
('MIN', 417, NULL, NULL, 0, 62, 26, NULL),
('HAS', 418, NULL, NULL, NULL, NULL, 455, NULL),
('AND', 419, 'EXACT', -1, NULL, NULL, NULL, NULL),
('MIN', 420, NULL, NULL, 0, 63, 38, NULL),
('HAS', 421, NULL, NULL, NULL, NULL, 449, NULL),
('HAS', 422, NULL, NULL, NULL, NULL, 204, NULL),
('AND', 423, 'EXACT', -1, NULL, NULL, NULL, NULL),
('MIN', 424, NULL, NULL, 0, 64, 32, NULL),
('MIN', 425, NULL, NULL, 0, 65, 37, NULL),
('MIN', 426, NULL, NULL, 0, 66, 21, NULL),
('AND', 427, 'EXACT', -1, NULL, NULL, NULL, NULL),
('AND', 428, 'EXACT', -1, NULL, NULL, NULL, NULL),
('MIN', 429, NULL, NULL, 0, 67, 64, NULL),
('MIN', 430, NULL, NULL, 0, 68, 29, NULL),
('AND', 431, 'EXACT', -1, NULL, NULL, NULL, NULL),
('MIN', 432, NULL, NULL, 0, 69, 40, NULL),
('MIN', 433, NULL, NULL, 0, 70, 46, NULL),
('AND', 434, 'EXACT', -1, NULL, NULL, NULL, NULL),
('MIN', 435, NULL, NULL, 0, 71, 60, NULL),
('MIN', 436, NULL, NULL, 0, 72, 66, NULL),
('AND', 437, 'EXACT', -1, NULL, NULL, NULL, NULL),
('MIN', 438, NULL, NULL, 0, 73, 63, NULL),
('AND', 439, 'EXACT', -1, NULL, NULL, NULL, NULL),
('MIN', 440, NULL, NULL, 0, 74, 53, NULL),
('MIN', 441, NULL, NULL, 0, 75, 59, NULL),
('AND', 442, 'EXACT', -1, NULL, NULL, NULL, NULL),
('MIN', 443, NULL, NULL, 0, 76, 26, NULL),
('MIN', 444, NULL, NULL, 0, 77, 28, NULL),
('HAS', 445, NULL, NULL, NULL, NULL, 253, NULL),
('AND', 446, 'EXACT', -1, NULL, NULL, NULL, NULL),
('MIN', 447, NULL, NULL, 0, 78, 27, NULL),
('HAS', 448, NULL, NULL, NULL, NULL, 1788, NULL),
('NOT', 449, NULL, NULL, NULL, NULL, NULL, 448),
('AND', 450, 'EXACT', -1, NULL, NULL, NULL, NULL),
('MIN', 451, NULL, NULL, 0, 79, 28, NULL),
('AND', 452, 'EXACT', -1, NULL, NULL, NULL, NULL),
('MIN', 453, NULL, NULL, 0, 80, 18, NULL),
('HAS', 454, NULL, NULL, NULL, NULL, 1785, NULL),
('NOT', 455, NULL, NULL, NULL, NULL, NULL, 454),
('MIN', 456, NULL, NULL, 0, 81, 59, NULL),
('AND', 457, 'EXACT', -1, NULL, NULL, NULL, NULL),
('MIN', 458, NULL, NULL, 0, 82, 46, NULL),
('MIN', 459, NULL, NULL, 0, 83, 50, NULL),
('AND', 460, 'EXACT', -1, NULL, NULL, NULL, NULL),
('MIN', 461, NULL, NULL, 0, 84, 17, NULL),
('MIN', 462, NULL, NULL, 0, 85, 35, NULL),
('AND', 463, 'EXACT', -1, NULL, NULL, NULL, NULL),
('MIN', 464, NULL, NULL, 0, 86, 25, NULL),
('MIN', 465, NULL, NULL, 0, 87, 29, NULL),
('MIN', 466, NULL, NULL, 0, 88, 67, NULL),
('AND', 467, 'EXACT', -1, NULL, NULL, NULL, NULL),
('MIN', 468, NULL, NULL, 0, 89, 51, NULL),
('MIN', 469, NULL, NULL, 0, 90, 10, NULL),
('AND', 470, 'EXACT', -1, NULL, NULL, NULL, NULL),
('MIN', 471, NULL, NULL, 0, 91, 24, NULL),
('MIN', 472, NULL, NULL, 0, 92, 28, NULL),
('AND', 473, 'EXACT', -1, NULL, NULL, NULL, NULL),
('MIN', 474, NULL, NULL, 0, 93, 54, NULL),
('MIN', 475, NULL, NULL, 0, 94, 37, NULL),
('OR', 476, 'MINIMUM', 1, NULL, NULL, NULL, NULL),
('MIN', 477, NULL, NULL, 0, 95, 59, NULL),
('MIN', 478, NULL, NULL, 0, 96, 61, NULL),
('MIN', 479, NULL, NULL, 0, 97, 63, NULL),
('MIN', 480, NULL, NULL, 0, 98, 67, NULL),
('AND', 481, 'EXACT', -1, NULL, NULL, NULL, NULL),
('MIN', 482, NULL, NULL, 0, 99, 36, NULL),
('MIN', 483, NULL, NULL, 0, 100, 38, NULL),
('AND', 484, 'EXACT', -1, NULL, NULL, NULL, NULL),
('MIN', 485, NULL, NULL, 0, 101, 59, NULL),
('MIN', 486, NULL, NULL, 0, 102, 16, NULL),
('OR', 487, 'MINIMUM', 1, NULL, NULL, NULL, NULL),
('MIN', 488, NULL, NULL, 0, 103, 59, NULL),
('MIN', 489, NULL, NULL, 0, 104, 61, NULL),
('MIN', 490, NULL, NULL, 0, 105, 63, NULL),
('MIN', 491, NULL, NULL, 0, 106, 66, NULL),
('AND', 492, 'EXACT', -1, NULL, NULL, NULL, NULL),
('MIN', 493, NULL, NULL, 0, 107, 51, NULL),
('MIN', 494, NULL, NULL, 0, 108, 60, NULL),
('AND', 495, 'EXACT', -1, NULL, NULL, NULL, NULL),
('HAS', 496, NULL, NULL, NULL, NULL, 1785, NULL),
('NOT', 497, NULL, NULL, NULL, NULL, NULL, 496),
('AND', 498, 'EXACT', -1, NULL, NULL, NULL, NULL),
('HAS', 499, NULL, NULL, NULL, NULL, 26, NULL),
('HAS', 500, NULL, NULL, NULL, NULL, 27, NULL),
('HAS', 501, NULL, NULL, NULL, NULL, 29, NULL),
('MIN', 502, NULL, NULL, 0, 109, 33, NULL),
('MIN', 503, NULL, NULL, 0, 110, 12, NULL),
('MIN', 504, NULL, NULL, 0, 111, 60, NULL),
('AND', 505, 'EXACT', -1, NULL, NULL, NULL, NULL),
('AND', 506, 'EXACT', -1, NULL, NULL, NULL, NULL),
('AND', 507, 'EXACT', -1, NULL, NULL, NULL, NULL),
('AND', 508, 'EXACT', -1, NULL, NULL, NULL, NULL),
('AND', 509, 'EXACT', -1, NULL, NULL, NULL, NULL),
('MIN', 510, NULL, NULL, 0, 112, 53, NULL),
('MIN', 511, NULL, NULL, 0, 113, 59, NULL),
('AND', 512, 'EXACT', -1, NULL, NULL, NULL, NULL),
('MIN', 513, NULL, NULL, 0, 114, 37, NULL),
('MIN', 514, NULL, NULL, 0, 115, 66, NULL),
('AND', 515, 'EXACT', -1, NULL, NULL, NULL, NULL),
('MIN', 516, NULL, NULL, 0, 116, 24, NULL),
('MIN', 517, NULL, NULL, 0, 117, 26, NULL),
('MIN', 518, NULL, NULL, 0, 118, 37, NULL),
('OR', 519, 'MINIMUM', 1, NULL, NULL, NULL, NULL),
('MIN', 520, NULL, NULL, 0, 119, 59, NULL),
('MIN', 521, NULL, NULL, 0, 120, 63, NULL),
('MIN', 522, NULL, NULL, 0, 121, 66, NULL),
('AND', 523, 'EXACT', -1, NULL, NULL, NULL, NULL),
('MIN', 524, NULL, NULL, 0, 122, 66, NULL),
('MIN', 525, NULL, NULL, 0, 123, 38, NULL),
('AND', 526, 'EXACT', -1, NULL, NULL, NULL, NULL),
('MIN', 527, NULL, NULL, 0, 124, 46, NULL),
('AND', 528, 'EXACT', -1, NULL, NULL, NULL, NULL),
('MIN', 529, NULL, NULL, 0, 125, 9, NULL),
('HAS', 530, NULL, NULL, NULL, NULL, 627, NULL),
('AND', 531, 'EXACT', -1, NULL, NULL, NULL, NULL),
('MIN', 532, NULL, NULL, 0, 126, 37, NULL),
('HAS', 533, NULL, NULL, NULL, NULL, 628, NULL),
('AND', 534, 'EXACT', -1, NULL, NULL, NULL, NULL),
('MIN', 535, NULL, NULL, 0, 127, 37, NULL),
('HAS', 536, NULL, NULL, NULL, NULL, 628, NULL),
('MIN', 537, NULL, NULL, 0, 128, 53, NULL),
('AND', 538, 'EXACT', -1, NULL, NULL, NULL, NULL),
('MIN', 539, NULL, NULL, 0, 129, 37, NULL),
('HAS', 540, NULL, NULL, NULL, NULL, 628, NULL),
('AND', 541, 'EXACT', -1, NULL, NULL, NULL, NULL),
('MIN', 542, NULL, NULL, 0, 130, 37, NULL),
('HAS', 543, NULL, NULL, NULL, NULL, 628, NULL),
('HAS', 544, NULL, NULL, NULL, NULL, 526, NULL),
('HAS', 545, NULL, NULL, NULL, NULL, 526, NULL),
('HAS', 546, NULL, NULL, NULL, NULL, 526, NULL),
('HAS', 547, NULL, NULL, NULL, NULL, 526, NULL),
('OR', 548, 'MINIMUM', 1, NULL, NULL, NULL, NULL),
('MIN', 549, NULL, NULL, 0, 131, 6, NULL),
('MIN', 550, NULL, NULL, 0, 132, 8, NULL),
('AND', 551, 'EXACT', -1, NULL, NULL, NULL, NULL),
('MIN', 552, NULL, NULL, 0, 133, 8, NULL),
('AND', 553, 'EXACT', -1, NULL, NULL, NULL, NULL),
('HAS', 554, NULL, NULL, NULL, NULL, 628, NULL),
('AND', 555, 'EXACT', -1, NULL, NULL, NULL, NULL),
('MIN', 556, NULL, NULL, 0, 134, 53, NULL),
('AND', 557, 'EXACT', -1, NULL, NULL, NULL, NULL),
('HAS', 558, NULL, NULL, NULL, NULL, 628, NULL),
('HAS', 559, NULL, NULL, NULL, NULL, 661, NULL),
('AND', 560, 'EXACT', -1, NULL, NULL, NULL, NULL),
('MIN', 561, NULL, NULL, 0, 135, 8, NULL),
('AND', 562, 'EXACT', -1, NULL, NULL, NULL, NULL),
('HAS', 563, NULL, NULL, NULL, NULL, 661, NULL),
('AND', 564, 'EXACT', -1, NULL, NULL, NULL, NULL),
('MIN', 565, NULL, NULL, 0, 136, 8, NULL),
('HAS', 566, NULL, NULL, NULL, NULL, 675, NULL),
('AND', 567, 'EXACT', -1, NULL, NULL, NULL, NULL),
('HAS', 568, NULL, NULL, NULL, NULL, 702, NULL),
('AND', 569, 'EXACT', -1, NULL, NULL, NULL, NULL),
('MIN', 570, NULL, NULL, 0, 137, 8, NULL),
('AND', 571, 'EXACT', -1, NULL, NULL, NULL, NULL),
('MIN', 572, NULL, NULL, 0, 138, 8, NULL),
('AND', 573, 'EXACT', -1, NULL, NULL, NULL, NULL),
('MIN', 574, NULL, NULL, 0, 139, 6, NULL),
('AND', 575, 'EXACT', -1, NULL, NULL, NULL, NULL),
('MIN', 576, NULL, NULL, 0, 140, 6, NULL),
('AND', 577, 'EXACT', -1, NULL, NULL, NULL, NULL),
('MIN', 578, NULL, NULL, 0, 141, 8, NULL),
('OR', 579, 'MINIMUM', 1, NULL, NULL, NULL, NULL),
('MIN', 580, NULL, NULL, 0, 142, 6, NULL),
('MIN', 581, NULL, NULL, 0, 143, 8, NULL),
('AND', 582, 'EXACT', -1, NULL, NULL, NULL, NULL),
('MIN', 583, NULL, NULL, 0, 144, 8, NULL),
('AND', 584, 'EXACT', -1, NULL, NULL, NULL, NULL),
('HAS', 585, NULL, NULL, NULL, NULL, 684, NULL),
('AND', 586, 'EXACT', -1, NULL, NULL, NULL, NULL),
('MIN', 587, NULL, NULL, 0, 145, 8, NULL),
('AND', 588, 'EXACT', -1, NULL, NULL, NULL, NULL),
('HAS', 589, NULL, NULL, NULL, NULL, 199, NULL),
('AND', 590, 'EXACT', -1, NULL, NULL, NULL, NULL),
('HAS', 591, NULL, NULL, NULL, NULL, 206, NULL),
('MIN', 592, NULL, NULL, 0, 146, 5, NULL),
('AND', 593, 'EXACT', -1, NULL, NULL, NULL, NULL),
('MIN', 594, NULL, NULL, 0, 147, 6, NULL),
('MIN', 595, NULL, NULL, 0, 148, 6, NULL),
('HAS', 596, NULL, NULL, NULL, NULL, 616, NULL),
('AND', 597, 'EXACT', -1, NULL, NULL, NULL, NULL),
('MIN', 598, NULL, NULL, 0, 149, 6, NULL),
('MIN', 599, NULL, NULL, 0, 150, 6, NULL),
('HAS', 600, NULL, NULL, NULL, NULL, 616, NULL),
('AND', 601, 'EXACT', -1, NULL, NULL, NULL, NULL),
('MIN', 602, NULL, NULL, 0, 151, 6, NULL),
('MIN', 603, NULL, NULL, 0, 152, 6, NULL),
('HAS', 604, NULL, NULL, NULL, NULL, 616, NULL),
('MIN', 605, NULL, NULL, 0, 153, 3, NULL),
('AND', 606, 'EXACT', -1, NULL, NULL, NULL, NULL),
('MIN', 607, NULL, NULL, 0, 154, 3, NULL),
('MIN', 608, NULL, NULL, 0, 155, 5, NULL),
('HAS', 609, NULL, NULL, NULL, NULL, 702, NULL),
('AND', 610, 'EXACT', -1, NULL, NULL, NULL, NULL),
('MIN', 611, NULL, NULL, 0, 156, 7, NULL),
('MIN', 612, NULL, NULL, 0, 157, 7, NULL),
('HAS', 613, NULL, NULL, NULL, NULL, 621, NULL),
('AND', 614, 'EXACT', -1, NULL, NULL, NULL, NULL),
('MIN', 615, NULL, NULL, 0, 158, 7, NULL),
('MIN', 616, NULL, NULL, 0, 159, 7, NULL),
('HAS', 617, NULL, NULL, NULL, NULL, 621, NULL),
('AND', 618, 'EXACT', -1, NULL, NULL, NULL, NULL),
('MIN', 619, NULL, NULL, 0, 160, 7, NULL),
('MIN', 620, NULL, NULL, 0, 161, 7, NULL),
('HAS', 621, NULL, NULL, NULL, NULL, 621, NULL),
('AND', 622, 'EXACT', -1, NULL, NULL, NULL, NULL),
('MIN', 623, NULL, NULL, 0, 162, 6, NULL),
('MIN', 624, NULL, NULL, 0, 163, 6, NULL),
('HAS', 625, NULL, NULL, NULL, NULL, 624, NULL),
('AND', 626, 'EXACT', -1, NULL, NULL, NULL, NULL),
('MIN', 627, NULL, NULL, 0, 164, 6, NULL),
('MIN', 628, NULL, NULL, 0, 165, 6, NULL),
('HAS', 629, NULL, NULL, NULL, NULL, 624, NULL),
('AND', 630, 'EXACT', -1, NULL, NULL, NULL, NULL),
('MIN', 631, NULL, NULL, 0, 166, 6, NULL),
('MIN', 632, NULL, NULL, 0, 167, 6, NULL),
('HAS', 633, NULL, NULL, NULL, NULL, 624, NULL),
('AND', 634, 'EXACT', -1, NULL, NULL, NULL, NULL),
('MIN', 635, NULL, NULL, 0, 168, 9, NULL),
('MIN', 636, NULL, NULL, 0, 169, 14, NULL),
('MIN', 637, NULL, NULL, 0, 170, 14, NULL),
('HAS', 638, NULL, NULL, NULL, NULL, 628, NULL),
('MIN', 639, NULL, NULL, 0, 171, 6, NULL),
('MIN', 640, NULL, NULL, 0, 172, 8, NULL),
('AND', 641, 'EXACT', -1, NULL, NULL, NULL, NULL),
('MIN', 642, NULL, NULL, 0, 173, 3, NULL),
('MIN', 643, NULL, NULL, 0, 174, 18, NULL),
('MIN', 644, NULL, NULL, 0, 175, 3, NULL),
('MIN', 645, NULL, NULL, 0, 176, 18, NULL),
('HAS', 646, NULL, NULL, NULL, NULL, 632, NULL),
('AND', 647, 'EXACT', -1, NULL, NULL, NULL, NULL),
('MIN', 648, NULL, NULL, 0, 177, 3, NULL),
('MIN', 649, NULL, NULL, 0, 178, 18, NULL),
('MIN', 650, NULL, NULL, 0, 179, 3, NULL),
('MIN', 651, NULL, NULL, 0, 180, 18, NULL),
('HAS', 652, NULL, NULL, NULL, NULL, 632, NULL),
('AND', 653, 'EXACT', -1, NULL, NULL, NULL, NULL),
('MIN', 654, NULL, NULL, 0, 181, 3, NULL),
('MIN', 655, NULL, NULL, 0, 182, 18, NULL),
('MIN', 656, NULL, NULL, 0, 183, 3, NULL),
('MIN', 657, NULL, NULL, 0, 184, 18, NULL),
('HAS', 658, NULL, NULL, NULL, NULL, 632, NULL),
('AND', 659, 'EXACT', -1, NULL, NULL, NULL, NULL),
('MIN', 660, NULL, NULL, 0, 185, 37, NULL),
('MIN', 661, NULL, NULL, 0, 186, 43, NULL),
('MIN', 662, NULL, NULL, 0, 187, 6, NULL),
('AND', 663, 'EXACT', -1, NULL, NULL, NULL, NULL),
('MIN', 664, NULL, NULL, 0, 188, 5, NULL),
('MIN', 665, NULL, NULL, 0, 189, 5, NULL),
('HAS', 666, NULL, NULL, NULL, NULL, 637, NULL),
('AND', 667, 'EXACT', -1, NULL, NULL, NULL, NULL),
('MIN', 668, NULL, NULL, 0, 190, 5, NULL),
('MIN', 669, NULL, NULL, 0, 191, 5, NULL),
('HAS', 670, NULL, NULL, NULL, NULL, 637, NULL),
('AND', 671, 'EXACT', -1, NULL, NULL, NULL, NULL),
('MIN', 672, NULL, NULL, 0, 192, 5, NULL),
('MIN', 673, NULL, NULL, 0, 193, 5, NULL),
('HAS', 674, NULL, NULL, NULL, NULL, 637, NULL),
('MIN', 675, NULL, NULL, 0, 194, 6, NULL),
('MIN', 676, NULL, NULL, 0, 195, 3, NULL),
('MIN', 677, NULL, NULL, 0, 196, 6, NULL),
('AND', 678, 'EXACT', -1, NULL, NULL, NULL, NULL),
('MIN', 679, NULL, NULL, 0, 197, 6, NULL),
('MIN', 680, NULL, NULL, 0, 198, 6, NULL),
('HAS', 681, NULL, NULL, NULL, NULL, 643, NULL),
('MIN', 682, NULL, NULL, 0, 199, 6, NULL),
('HAS', 683, NULL, NULL, NULL, NULL, 643, NULL),
('AND', 684, 'EXACT', -1, NULL, NULL, NULL, NULL),
('MIN', 685, NULL, NULL, 0, 200, 6, NULL),
('MIN', 686, NULL, NULL, 0, 201, 6, NULL),
('HAS', 687, NULL, NULL, NULL, NULL, 643, NULL),
('MIN', 688, NULL, NULL, 0, 202, 6, NULL),
('HAS', 689, NULL, NULL, NULL, NULL, 643, NULL),
('AND', 690, 'EXACT', -1, NULL, NULL, NULL, NULL),
('MIN', 691, NULL, NULL, 0, 203, 6, NULL),
('MIN', 692, NULL, NULL, 0, 204, 6, NULL),
('HAS', 693, NULL, NULL, NULL, NULL, 643, NULL),
('MIN', 694, NULL, NULL, 0, 205, 6, NULL),
('HAS', 695, NULL, NULL, NULL, NULL, 643, NULL),
('AND', 696, 'EXACT', -1, NULL, NULL, NULL, NULL),
('MIN', 697, NULL, NULL, 0, 206, 6, NULL),
('MIN', 698, NULL, NULL, 0, 207, 6, NULL),
('HAS', 699, NULL, NULL, NULL, NULL, 643, NULL),
('MIN', 700, NULL, NULL, 0, 208, 6, NULL),
('HAS', 701, NULL, NULL, NULL, NULL, 643, NULL),
('MIN', 702, NULL, NULL, 0, 209, 6, NULL),
('MIN', 703, NULL, NULL, 0, 210, 5, NULL),
('AND', 704, 'EXACT', -1, NULL, NULL, NULL, NULL),
('MIN', 705, NULL, NULL, 0, 211, 1, NULL),
('HAS', 706, NULL, NULL, NULL, NULL, 697, NULL),
('HAS', 707, NULL, NULL, NULL, NULL, 698, NULL),
('MIN', 708, NULL, NULL, 0, 212, 8, NULL),
('MIN', 709, NULL, NULL, 0, 213, 6, NULL),
('AND', 710, 'EXACT', -1, NULL, NULL, NULL, NULL),
('MIN', 711, NULL, NULL, 0, 214, 3, NULL),
('MIN', 712, NULL, NULL, 0, 215, 3, NULL),
('HAS', 713, NULL, NULL, NULL, NULL, 653, NULL),
('MIN', 714, NULL, NULL, 0, 216, 3, NULL),
('HAS', 715, NULL, NULL, NULL, NULL, 653, NULL),
('AND', 716, 'EXACT', -1, NULL, NULL, NULL, NULL),
('MIN', 717, NULL, NULL, 0, 217, 3, NULL),
('MIN', 718, NULL, NULL, 0, 218, 3, NULL),
('HAS', 719, NULL, NULL, NULL, NULL, 653, NULL),
('MIN', 720, NULL, NULL, 0, 219, 3, NULL),
('HAS', 721, NULL, NULL, NULL, NULL, 653, NULL),
('AND', 722, 'EXACT', -1, NULL, NULL, NULL, NULL),
('MIN', 723, NULL, NULL, 0, 220, 3, NULL),
('MIN', 724, NULL, NULL, 0, 221, 3, NULL),
('HAS', 725, NULL, NULL, NULL, NULL, 653, NULL),
('MIN', 726, NULL, NULL, 0, 222, 3, NULL),
('HAS', 727, NULL, NULL, NULL, NULL, 653, NULL),
('AND', 728, 'EXACT', -1, NULL, NULL, NULL, NULL),
('MIN', 729, NULL, NULL, 0, 223, 3, NULL),
('MIN', 730, NULL, NULL, 0, 224, 3, NULL),
('HAS', 731, NULL, NULL, NULL, NULL, 653, NULL),
('MIN', 732, NULL, NULL, 0, 225, 3, NULL),
('HAS', 733, NULL, NULL, NULL, NULL, 653, NULL),
('AND', 734, 'EXACT', -1, NULL, NULL, NULL, NULL),
('MIN', 735, NULL, NULL, 0, 226, 6, NULL),
('HAS', 736, NULL, NULL, NULL, NULL, 636, NULL),
('MIN', 737, NULL, NULL, 0, 227, 6, NULL),
('AND', 738, 'EXACT', -1, NULL, NULL, NULL, NULL),
('MIN', 739, NULL, NULL, 0, 228, 1, NULL),
('HAS', 740, NULL, NULL, NULL, NULL, 628, NULL),
('MIN', 741, NULL, NULL, 0, 229, 6, NULL),
('AND', 742, 'EXACT', -1, NULL, NULL, NULL, NULL),
('MIN', 743, NULL, NULL, 0, 230, 3, NULL),
('HAS', 744, NULL, NULL, NULL, NULL, 690, NULL),
('MIN', 745, NULL, NULL, 0, 231, 6, NULL),
('MIN', 746, NULL, NULL, 0, 232, 6, NULL),
('AND', 747, 'EXACT', -1, NULL, NULL, NULL, NULL),
('MIN', 748, NULL, NULL, 0, 233, 3, NULL),
('MIN', 749, NULL, NULL, 0, 234, 3, NULL),
('MIN', 750, NULL, NULL, 0, 235, 3, NULL),
('AND', 751, 'EXACT', -1, NULL, NULL, NULL, NULL),
('MIN', 752, NULL, NULL, 0, 236, 3, NULL),
('MIN', 753, NULL, NULL, 0, 237, 3, NULL),
('MIN', 754, NULL, NULL, 0, 238, 3, NULL),
('AND', 755, 'EXACT', -1, NULL, NULL, NULL, NULL),
('MIN', 756, NULL, NULL, 0, 239, 3, NULL),
('MIN', 757, NULL, NULL, 0, 240, 3, NULL),
('MIN', 758, NULL, NULL, 0, 241, 3, NULL),
('AND', 759, 'EXACT', -1, NULL, NULL, NULL, NULL),
('MIN', 760, NULL, NULL, 0, 242, 3, NULL),
('MIN', 761, NULL, NULL, 0, 243, 3, NULL),
('MIN', 762, NULL, NULL, 0, 244, 3, NULL),
('AND', 763, 'EXACT', -1, NULL, NULL, NULL, NULL),
('MIN', 764, NULL, NULL, 0, 245, 6, NULL),
('MIN', 765, NULL, NULL, 0, 246, 6, NULL),
('HAS', 766, NULL, NULL, NULL, NULL, 670, NULL),
('MIN', 767, NULL, NULL, 0, 247, 6, NULL),
('HAS', 768, NULL, NULL, NULL, NULL, 670, NULL),
('AND', 769, 'EXACT', -1, NULL, NULL, NULL, NULL),
('MIN', 770, NULL, NULL, 0, 248, 6, NULL),
('MIN', 771, NULL, NULL, 0, 249, 6, NULL),
('HAS', 772, NULL, NULL, NULL, NULL, 670, NULL),
('MIN', 773, NULL, NULL, 0, 250, 6, NULL),
('HAS', 774, NULL, NULL, NULL, NULL, 670, NULL),
('AND', 775, 'EXACT', -1, NULL, NULL, NULL, NULL),
('MIN', 776, NULL, NULL, 0, 251, 6, NULL),
('MIN', 777, NULL, NULL, 0, 252, 6, NULL),
('HAS', 778, NULL, NULL, NULL, NULL, 670, NULL),
('MIN', 779, NULL, NULL, 0, 253, 6, NULL),
('HAS', 780, NULL, NULL, NULL, NULL, 670, NULL),
('AND', 781, 'EXACT', -1, NULL, NULL, NULL, NULL),
('MIN', 782, NULL, NULL, 0, 254, 6, NULL),
('MIN', 783, NULL, NULL, 0, 255, 6, NULL),
('HAS', 784, NULL, NULL, NULL, NULL, 670, NULL),
('MIN', 785, NULL, NULL, 0, 256, 6, NULL),
('HAS', 786, NULL, NULL, NULL, NULL, 670, NULL),
('MIN', 787, NULL, NULL, 0, 257, 6, NULL),
('AND', 788, 'EXACT', -1, NULL, NULL, NULL, NULL),
('MIN', 789, NULL, NULL, 0, 258, 6, NULL),
('MIN', 790, NULL, NULL, 0, 259, 6, NULL),
('HAS', 791, NULL, NULL, NULL, NULL, 675, NULL),
('AND', 792, 'EXACT', -1, NULL, NULL, NULL, NULL),
('MIN', 793, NULL, NULL, 0, 260, 6, NULL),
('MIN', 794, NULL, NULL, 0, 261, 6, NULL),
('HAS', 795, NULL, NULL, NULL, NULL, 675, NULL),
('AND', 796, 'EXACT', -1, NULL, NULL, NULL, NULL),
('MIN', 797, NULL, NULL, 0, 262, 6, NULL),
('MIN', 798, NULL, NULL, 0, 263, 6, NULL),
('HAS', 799, NULL, NULL, NULL, NULL, 675, NULL),
('AND', 800, 'EXACT', -1, NULL, NULL, NULL, NULL),
('MIN', 801, NULL, NULL, 0, 264, 3, NULL),
('HAS', 802, NULL, NULL, NULL, NULL, 702, NULL),
('MIN', 803, NULL, NULL, 0, 265, 3, NULL),
('HAS', 804, NULL, NULL, NULL, NULL, 702, NULL),
('HAS', 805, NULL, NULL, NULL, NULL, 678, NULL),
('AND', 806, 'EXACT', -1, NULL, NULL, NULL, NULL),
('MIN', 807, NULL, NULL, 0, 266, 3, NULL),
('HAS', 808, NULL, NULL, NULL, NULL, 702, NULL),
('MIN', 809, NULL, NULL, 0, 267, 3, NULL),
('HAS', 810, NULL, NULL, NULL, NULL, 702, NULL),
('HAS', 811, NULL, NULL, NULL, NULL, 678, NULL),
('AND', 812, 'EXACT', -1, NULL, NULL, NULL, NULL),
('MIN', 813, NULL, NULL, 0, 268, 3, NULL),
('HAS', 814, NULL, NULL, NULL, NULL, 702, NULL),
('MIN', 815, NULL, NULL, 0, 269, 3, NULL),
('HAS', 816, NULL, NULL, NULL, NULL, 702, NULL),
('HAS', 817, NULL, NULL, NULL, NULL, 678, NULL),
('AND', 818, 'EXACT', -1, NULL, NULL, NULL, NULL),
('MIN', 819, NULL, NULL, 0, 270, 8, NULL),
('HAS', 820, NULL, NULL, NULL, NULL, 698, NULL),
('MIN', 821, NULL, NULL, 0, 271, 5, NULL),
('MIN', 822, NULL, NULL, 0, 272, 5, NULL),
('AND', 823, 'EXACT', -1, NULL, NULL, NULL, NULL),
('MIN', 824, NULL, NULL, 0, 273, 8, NULL),
('HAS', 825, NULL, NULL, NULL, NULL, 649, NULL),
('AND', 826, 'EXACT', -1, NULL, NULL, NULL, NULL),
('MIN', 827, NULL, NULL, 0, 274, 1, NULL),
('HAS', 828, NULL, NULL, NULL, NULL, 697, NULL),
('HAS', 829, NULL, NULL, NULL, NULL, 698, NULL),
('AND', 830, 'EXACT', -1, NULL, NULL, NULL, NULL),
('MIN', 831, NULL, NULL, 0, 275, 1, NULL),
('HAS', 832, NULL, NULL, NULL, NULL, 670, NULL),
('HAS', 833, NULL, NULL, NULL, NULL, 697, NULL),
('AND', 834, 'EXACT', -1, NULL, NULL, NULL, NULL),
('MIN', 835, NULL, NULL, 0, 276, 6, NULL),
('MIN', 836, NULL, NULL, 0, 277, 6, NULL),
('HAS', 837, NULL, NULL, NULL, NULL, 687, NULL),
('AND', 838, 'EXACT', -1, NULL, NULL, NULL, NULL),
('MIN', 839, NULL, NULL, 0, 278, 6, NULL),
('MIN', 840, NULL, NULL, 0, 279, 6, NULL),
('HAS', 841, NULL, NULL, NULL, NULL, 687, NULL),
('AND', 842, 'EXACT', -1, NULL, NULL, NULL, NULL),
('MIN', 843, NULL, NULL, 0, 280, 6, NULL),
('MIN', 844, NULL, NULL, 0, 281, 6, NULL),
('HAS', 845, NULL, NULL, NULL, NULL, 687, NULL),
('AND', 846, 'EXACT', -1, NULL, NULL, NULL, NULL),
('MIN', 847, NULL, NULL, 0, 282, 12, NULL),
('MIN', 848, NULL, NULL, 0, 283, 12, NULL),
('HAS', 849, NULL, NULL, NULL, NULL, 690, NULL),
('MIN', 850, NULL, NULL, 0, 284, 12, NULL),
('HAS', 851, NULL, NULL, NULL, NULL, 690, NULL),
('AND', 852, 'EXACT', -1, NULL, NULL, NULL, NULL),
('MIN', 853, NULL, NULL, 0, 285, 12, NULL),
('MIN', 854, NULL, NULL, 0, 286, 12, NULL),
('HAS', 855, NULL, NULL, NULL, NULL, 690, NULL),
('MIN', 856, NULL, NULL, 0, 287, 12, NULL),
('HAS', 857, NULL, NULL, NULL, NULL, 690, NULL),
('AND', 858, 'EXACT', -1, NULL, NULL, NULL, NULL),
('MIN', 859, NULL, NULL, 0, 288, 12, NULL),
('MIN', 860, NULL, NULL, 0, 289, 12, NULL),
('HAS', 861, NULL, NULL, NULL, NULL, 690, NULL),
('MIN', 862, NULL, NULL, 0, 290, 12, NULL),
('HAS', 863, NULL, NULL, NULL, NULL, 690, NULL),
('AND', 864, 'EXACT', -1, NULL, NULL, NULL, NULL),
('MIN', 865, NULL, NULL, 0, 291, 12, NULL),
('MIN', 866, NULL, NULL, 0, 292, 12, NULL),
('HAS', 867, NULL, NULL, NULL, NULL, 690, NULL),
('MIN', 868, NULL, NULL, 0, 293, 12, NULL),
('HAS', 869, NULL, NULL, NULL, NULL, 690, NULL),
('HAS', 870, NULL, NULL, NULL, NULL, 687, NULL),
('MIN', 871, NULL, NULL, 0, 294, 3, NULL),
('HAS', 872, NULL, NULL, NULL, NULL, 637, NULL),
('MIN', 873, NULL, NULL, 0, 295, 6, NULL),
('AND', 874, 'EXACT', -1, NULL, NULL, NULL, NULL),
('MIN', 875, NULL, NULL, 0, 296, 8, NULL),
('MIN', 876, NULL, NULL, 0, 297, 8, NULL),
('HAS', 877, NULL, NULL, NULL, NULL, 698, NULL),
('MIN', 878, NULL, NULL, 0, 298, 8, NULL),
('HAS', 879, NULL, NULL, NULL, NULL, 698, NULL),
('AND', 880, 'EXACT', -1, NULL, NULL, NULL, NULL),
('MIN', 881, NULL, NULL, 0, 299, 8, NULL),
('MIN', 882, NULL, NULL, 0, 300, 8, NULL),
('HAS', 883, NULL, NULL, NULL, NULL, 698, NULL),
('MIN', 884, NULL, NULL, 0, 301, 8, NULL),
('HAS', 885, NULL, NULL, NULL, NULL, 698, NULL),
('AND', 886, 'EXACT', -1, NULL, NULL, NULL, NULL),
('MIN', 887, NULL, NULL, 0, 302, 8, NULL),
('MIN', 888, NULL, NULL, 0, 303, 8, NULL),
('HAS', 889, NULL, NULL, NULL, NULL, 698, NULL),
('MIN', 890, NULL, NULL, 0, 304, 8, NULL),
('HAS', 891, NULL, NULL, NULL, NULL, 698, NULL),
('AND', 892, 'EXACT', -1, NULL, NULL, NULL, NULL),
('MIN', 893, NULL, NULL, 0, 305, 8, NULL),
('MIN', 894, NULL, NULL, 0, 306, 8, NULL),
('HAS', 895, NULL, NULL, NULL, NULL, 698, NULL),
('MIN', 896, NULL, NULL, 0, 307, 8, NULL),
('HAS', 897, NULL, NULL, NULL, NULL, 698, NULL),
('AND', 898, 'EXACT', -1, NULL, NULL, NULL, NULL),
('MIN', 899, NULL, NULL, 0, 308, 6, NULL),
('HAS', 900, NULL, NULL, NULL, NULL, 649, NULL),
('MIN', 901, NULL, NULL, 0, 309, 8, NULL),
('HAS', 902, NULL, NULL, NULL, NULL, 628, NULL),
('MIN', 903, NULL, NULL, 0, 310, 6, NULL),
('MIN', 904, NULL, NULL, 0, 311, 6, NULL),
('MIN', 905, NULL, NULL, 0, 312, 3, NULL),
('AND', 906, 'EXACT', -1, NULL, NULL, NULL, NULL),
('MIN', 907, NULL, NULL, 0, 313, 1, NULL),
('HAS', 908, NULL, NULL, NULL, NULL, 628, NULL),
('MIN', 909, NULL, NULL, 0, 314, 6, NULL),
('AND', 910, 'EXACT', -1, NULL, NULL, NULL, NULL),
('MIN', 911, NULL, NULL, 0, 315, 8, NULL),
('AND', 912, 'EXACT', -1, NULL, NULL, NULL, NULL),
('MIN', 913, NULL, NULL, 0, 316, 1, NULL),
('MIN', 914, NULL, NULL, 0, 317, 6, NULL),
('AND', 915, 'EXACT', -1, NULL, NULL, NULL, NULL),
('MIN', 916, NULL, NULL, 0, 318, 1, NULL),
('HAS', 917, NULL, NULL, NULL, NULL, 240, NULL),
('MIN', 918, NULL, NULL, 0, 319, 6, NULL),
('MIN', 919, NULL, NULL, 0, 320, 6, NULL),
('MIN', 920, NULL, NULL, 0, 321, 8, NULL),
('MIN', 921, NULL, NULL, 0, 322, 6, NULL),
('MIN', 922, NULL, NULL, 0, 323, 6, NULL),
('MIN', 923, NULL, NULL, 0, 324, 6, NULL),
('MIN', 924, NULL, NULL, 0, 325, 1, NULL),
('MIN', 925, NULL, NULL, 0, 326, 8, NULL),
('AND', 926, 'EXACT', -1, NULL, NULL, NULL, NULL),
('MIN', 927, NULL, NULL, 0, 327, 6, NULL),
('MIN', 928, NULL, NULL, 0, 328, 12, NULL),
('MIN', 929, NULL, NULL, 0, 329, 15, NULL),
('AND', 930, 'EXACT', -1, NULL, NULL, NULL, NULL),
('MIN', 931, NULL, NULL, 0, 330, 1, NULL),
('HAS', 932, NULL, NULL, NULL, NULL, 628, NULL),
('MIN', 933, NULL, NULL, 0, 331, 6, NULL),
('MIN', 934, NULL, NULL, 0, 332, 3, NULL),
('MIN', 935, NULL, NULL, 0, 333, 8, NULL),
('AND', 936, 'EXACT', -1, NULL, NULL, NULL, NULL),
('MIN', 937, NULL, NULL, 0, 334, 6, NULL),
('HAS', 938, NULL, NULL, NULL, NULL, 649, NULL),
('AND', 939, 'EXACT', -1, NULL, NULL, NULL, NULL),
('MIN', 940, NULL, NULL, 0, 335, 8, NULL),
('HAS', 941, NULL, NULL, NULL, NULL, 649, NULL),
('MIN', 942, NULL, NULL, 0, 336, 5, NULL),
('AND', 943, 'EXACT', -1, NULL, NULL, NULL, NULL),
('MIN', 944, NULL, NULL, 0, 337, 6, NULL),
('MIN', 945, NULL, NULL, 0, 338, 12, NULL),
('MIN', 946, NULL, NULL, 0, 339, 5, NULL),
('MIN', 947, NULL, NULL, 0, 340, 8, NULL),
('MIN', 948, NULL, NULL, 0, 341, 8, NULL),
('AND', 949, 'EXACT', -1, NULL, NULL, NULL, NULL),
('MIN', 950, NULL, NULL, 0, 342, 8, NULL),
('HAS', 951, NULL, NULL, NULL, NULL, 649, NULL),
('HAS', 952, NULL, NULL, NULL, NULL, 743, NULL),
('HAS', 953, NULL, NULL, NULL, NULL, 745, NULL),
('HAS', 954, NULL, NULL, NULL, NULL, 746, NULL),
('HAS', 955, NULL, NULL, NULL, NULL, 754, NULL),
('AND', 956, 'EXACT', -1, NULL, NULL, NULL, NULL),
('HAS', 957, NULL, NULL, NULL, NULL, 760, NULL),
('HAS', 958, NULL, NULL, NULL, NULL, 220, NULL),
('HAS', 959, NULL, NULL, NULL, NULL, 220, NULL),
('HAS', 960, NULL, NULL, NULL, NULL, 220, NULL),
('HAS', 961, NULL, NULL, NULL, NULL, 220, NULL),
('HAS', 962, NULL, NULL, NULL, NULL, 220, NULL),
('HAS', 963, NULL, NULL, NULL, NULL, 220, NULL),
('HAS', 964, NULL, NULL, NULL, NULL, 220, NULL),
('HAS', 965, NULL, NULL, NULL, NULL, 220, NULL),
('HAS', 966, NULL, NULL, NULL, NULL, 220, NULL),
('HAS', 967, NULL, NULL, NULL, NULL, 220, NULL),
('HAS', 968, NULL, NULL, NULL, NULL, 220, NULL),
('HAS', 969, NULL, NULL, NULL, NULL, 596, NULL),
('HAS', 970, NULL, NULL, NULL, NULL, 220, NULL),
('HAS', 971, NULL, NULL, NULL, NULL, 220, NULL),
('HAS', 972, NULL, NULL, NULL, NULL, 220, NULL),
('HAS', 973, NULL, NULL, NULL, NULL, 220, NULL),
('HAS', 974, NULL, NULL, NULL, NULL, 220, NULL),
('AND', 975, 'EXACT', -1, NULL, NULL, NULL, NULL),
('HAS', 976, NULL, NULL, NULL, NULL, 1771, NULL),
('HAS', 977, NULL, NULL, NULL, NULL, 1047, NULL),
('NOT', 978, NULL, NULL, NULL, NULL, NULL, 977),
('AND', 979, 'EXACT', -1, NULL, NULL, NULL, NULL),
('HAS', 980, NULL, NULL, NULL, NULL, 1771, NULL),
('HAS', 981, NULL, NULL, NULL, NULL, 1046, NULL),
('NOT', 982, NULL, NULL, NULL, NULL, NULL, 981),
('AND', 983, 'EXACT', -1, NULL, NULL, NULL, NULL),
('OR', 984, 'MINIMUM', 1, NULL, NULL, NULL, NULL),
('HAS', 985, NULL, NULL, NULL, NULL, 1364, NULL),
('HAS', 986, NULL, NULL, NULL, NULL, 1814, NULL),
('NOT', 987, NULL, NULL, NULL, NULL, NULL, 984),
('OR', 988, 'MINIMUM', 1, NULL, NULL, NULL, NULL),
('HAS', 989, NULL, NULL, NULL, NULL, 1873, NULL),
('HAS', 990, NULL, NULL, NULL, NULL, 2167, NULL),
('OR', 991, 'MINIMUM', 1, NULL, NULL, NULL, NULL),
('AND', 992, 'EXACT', -1, NULL, NULL, NULL, NULL),
('HAS', 993, NULL, NULL, NULL, NULL, 1883, NULL),
('NOT', 994, NULL, NULL, NULL, NULL, NULL, 993),
('AND', 995, 'EXACT', -1, NULL, NULL, NULL, NULL),
('HAS', 996, NULL, NULL, NULL, NULL, 1883, NULL),
('NOT', 997, NULL, NULL, NULL, NULL, NULL, 996),
('AND', 998, 'EXACT', -1, NULL, NULL, NULL, NULL),
('HAS', 999, NULL, NULL, NULL, NULL, 1883, NULL),
('NOT', 1000, NULL, NULL, NULL, NULL, NULL, 999),
('AND', 1001, 'EXACT', -1, NULL, NULL, NULL, NULL),
('HAS', 1002, NULL, NULL, NULL, NULL, 1883, NULL),
('NOT', 1003, NULL, NULL, NULL, NULL, NULL, 1002),
('AND', 1004, 'EXACT', -1, NULL, NULL, NULL, NULL),
('HAS', 1005, NULL, NULL, NULL, NULL, 1883, NULL),
('NOT', 1006, NULL, NULL, NULL, NULL, NULL, 1005),
('AND', 1007, 'EXACT', -1, NULL, NULL, NULL, NULL),
('HAS', 1008, NULL, NULL, NULL, NULL, 1883, NULL),
('NOT', 1009, NULL, NULL, NULL, NULL, NULL, 1008),
('AND', 1010, 'EXACT', -1, NULL, NULL, NULL, NULL),
('HAS', 1011, NULL, NULL, NULL, NULL, 1883, NULL),
('NOT', 1012, NULL, NULL, NULL, NULL, NULL, 1011),
('AND', 1013, 'EXACT', -1, NULL, NULL, NULL, NULL),
('HAS', 1014, NULL, NULL, NULL, NULL, 1883, NULL),
('NOT', 1015, NULL, NULL, NULL, NULL, NULL, 1014),
('AND', 1016, 'EXACT', -1, NULL, NULL, NULL, NULL),
('HAS', 1017, NULL, NULL, NULL, NULL, 1883, NULL),
('NOT', 1018, NULL, NULL, NULL, NULL, NULL, 1017),
('AND', 1019, 'EXACT', -1, NULL, NULL, NULL, NULL),
('HAS', 1020, NULL, NULL, NULL, NULL, 1883, NULL),
('NOT', 1021, NULL, NULL, NULL, NULL, NULL, 1020),
('AND', 1022, 'EXACT', -1, NULL, NULL, NULL, NULL),
('HAS', 1023, NULL, NULL, NULL, NULL, 1883, NULL),
('NOT', 1024, NULL, NULL, NULL, NULL, NULL, 1023),
('AND', 1025, 'EXACT', -1, NULL, NULL, NULL, NULL),
('HAS', 1026, NULL, NULL, NULL, NULL, 1883, NULL),
('NOT', 1027, NULL, NULL, NULL, NULL, NULL, 1026),
('AND', 1028, 'EXACT', -1, NULL, NULL, NULL, NULL),
('HAS', 1029, NULL, NULL, NULL, NULL, 1883, NULL),
('NOT', 1030, NULL, NULL, NULL, NULL, NULL, 1029),
('AND', 1031, 'EXACT', -1, NULL, NULL, NULL, NULL),
('HAS', 1032, NULL, NULL, NULL, NULL, 1883, NULL),
('NOT', 1033, NULL, NULL, NULL, NULL, NULL, 1032),
('AND', 1034, 'EXACT', -1, NULL, NULL, NULL, NULL),
('HAS', 1035, NULL, NULL, NULL, NULL, 1883, NULL),
('NOT', 1036, NULL, NULL, NULL, NULL, NULL, 1035),
('AND', 1037, 'EXACT', -1, NULL, NULL, NULL, NULL),
('HAS', 1038, NULL, NULL, NULL, NULL, 1883, NULL),
('NOT', 1039, NULL, NULL, NULL, NULL, NULL, 1038),
('AND', 1040, 'EXACT', -1, NULL, NULL, NULL, NULL),
('HAS', 1041, NULL, NULL, NULL, NULL, 1883, NULL),
('NOT', 1042, NULL, NULL, NULL, NULL, NULL, 1041),
('AND', 1043, 'EXACT', -1, NULL, NULL, NULL, NULL),
('HAS', 1044, NULL, NULL, NULL, NULL, 1883, NULL),
('NOT', 1045, NULL, NULL, NULL, NULL, NULL, 1044),
('AND', 1046, 'EXACT', -1, NULL, NULL, NULL, NULL),
('HAS', 1047, NULL, NULL, NULL, NULL, 1883, NULL),
('NOT', 1048, NULL, NULL, NULL, NULL, NULL, 1047),
('AND', 1049, 'EXACT', -1, NULL, NULL, NULL, NULL),
('HAS', 1050, NULL, NULL, NULL, NULL, 1883, NULL),
('NOT', 1051, NULL, NULL, NULL, NULL, NULL, 1050),
('AND', 1052, 'EXACT', -1, NULL, NULL, NULL, NULL),
('HAS', 1053, NULL, NULL, NULL, NULL, 1883, NULL),
('NOT', 1054, NULL, NULL, NULL, NULL, NULL, 1053),
('AND', 1055, 'EXACT', -1, NULL, NULL, NULL, NULL),
('HAS', 1056, NULL, NULL, NULL, NULL, 1883, NULL),
('NOT', 1057, NULL, NULL, NULL, NULL, NULL, 1056),
('AND', 1058, 'EXACT', -1, NULL, NULL, NULL, NULL),
('HAS', 1059, NULL, NULL, NULL, NULL, 1883, NULL),
('NOT', 1060, NULL, NULL, NULL, NULL, NULL, 1059),
('AND', 1061, 'EXACT', -1, NULL, NULL, NULL, NULL),
('HAS', 1062, NULL, NULL, NULL, NULL, 1883, NULL),
('NOT', 1063, NULL, NULL, NULL, NULL, NULL, 1062),
('AND', 1064, 'EXACT', -1, NULL, NULL, NULL, NULL),
('HAS', 1065, NULL, NULL, NULL, NULL, 1883, NULL),
('NOT', 1066, NULL, NULL, NULL, NULL, NULL, 1065),
('AND', 1067, 'EXACT', -1, NULL, NULL, NULL, NULL),
('HAS', 1068, NULL, NULL, NULL, NULL, 1883, NULL),
('NOT', 1069, NULL, NULL, NULL, NULL, NULL, 1068),
('AND', 1070, 'EXACT', -1, NULL, NULL, NULL, NULL),
('HAS', 1071, NULL, NULL, NULL, NULL, 1883, NULL),
('NOT', 1072, NULL, NULL, NULL, NULL, NULL, 1071),
('AND', 1073, 'EXACT', -1, NULL, NULL, NULL, NULL),
('HAS', 1074, NULL, NULL, NULL, NULL, 1883, NULL),
('NOT', 1075, NULL, NULL, NULL, NULL, NULL, 1074),
('AND', 1076, 'EXACT', -1, NULL, NULL, NULL, NULL),
('HAS', 1077, NULL, NULL, NULL, NULL, 1883, NULL),
('NOT', 1078, NULL, NULL, NULL, NULL, NULL, 1077),
('AND', 1079, 'EXACT', -1, NULL, NULL, NULL, NULL),
('HAS', 1080, NULL, NULL, NULL, NULL, 1883, NULL),
('NOT', 1081, NULL, NULL, NULL, NULL, NULL, 1080),
('AND', 1082, 'EXACT', -1, NULL, NULL, NULL, NULL),
('HAS', 1083, NULL, NULL, NULL, NULL, 1883, NULL),
('NOT', 1084, NULL, NULL, NULL, NULL, NULL, 1083);
INSERT INTO `conditions` (`type`, `id`, `comparison`, `n`, `modifier`, `level_check_id`, `property_id`, `not_id`) VALUES
('AND', 1085, 'EXACT', -1, NULL, NULL, NULL, NULL),
('HAS', 1086, NULL, NULL, NULL, NULL, 1883, NULL),
('NOT', 1087, NULL, NULL, NULL, NULL, NULL, 1086),
('AND', 1088, 'EXACT', -1, NULL, NULL, NULL, NULL),
('HAS', 1089, NULL, NULL, NULL, NULL, 1883, NULL),
('NOT', 1090, NULL, NULL, NULL, NULL, NULL, 1089),
('AND', 1091, 'EXACT', -1, NULL, NULL, NULL, NULL),
('HAS', 1092, NULL, NULL, NULL, NULL, 1883, NULL),
('NOT', 1093, NULL, NULL, NULL, NULL, NULL, 1092),
('AND', 1094, 'EXACT', -1, NULL, NULL, NULL, NULL),
('HAS', 1095, NULL, NULL, NULL, NULL, 1883, NULL),
('NOT', 1096, NULL, NULL, NULL, NULL, NULL, 1095),
('AND', 1097, 'EXACT', -1, NULL, NULL, NULL, NULL),
('HAS', 1098, NULL, NULL, NULL, NULL, 1883, NULL),
('NOT', 1099, NULL, NULL, NULL, NULL, NULL, 1098),
('AND', 1100, 'EXACT', -1, NULL, NULL, NULL, NULL),
('HAS', 1101, NULL, NULL, NULL, NULL, 1883, NULL),
('NOT', 1102, NULL, NULL, NULL, NULL, NULL, 1101),
('AND', 1103, 'EXACT', -1, NULL, NULL, NULL, NULL),
('HAS', 1104, NULL, NULL, NULL, NULL, 1883, NULL),
('NOT', 1105, NULL, NULL, NULL, NULL, NULL, 1104),
('AND', 1106, 'EXACT', -1, NULL, NULL, NULL, NULL),
('HAS', 1107, NULL, NULL, NULL, NULL, 1883, NULL),
('NOT', 1108, NULL, NULL, NULL, NULL, NULL, 1107),
('AND', 1109, 'EXACT', -1, NULL, NULL, NULL, NULL),
('HAS', 1110, NULL, NULL, NULL, NULL, 1883, NULL),
('NOT', 1111, NULL, NULL, NULL, NULL, NULL, 1110),
('AND', 1112, 'EXACT', -1, NULL, NULL, NULL, NULL),
('HAS', 1113, NULL, NULL, NULL, NULL, 1883, NULL),
('NOT', 1114, NULL, NULL, NULL, NULL, NULL, 1113),
('AND', 1115, 'EXACT', -1, NULL, NULL, NULL, NULL),
('HAS', 1116, NULL, NULL, NULL, NULL, 1883, NULL),
('NOT', 1117, NULL, NULL, NULL, NULL, NULL, 1116),
('AND', 1118, 'EXACT', -1, NULL, NULL, NULL, NULL),
('HAS', 1119, NULL, NULL, NULL, NULL, 1883, NULL),
('NOT', 1120, NULL, NULL, NULL, NULL, NULL, 1119),
('AND', 1121, 'EXACT', -1, NULL, NULL, NULL, NULL),
('HAS', 1122, NULL, NULL, NULL, NULL, 1883, NULL),
('NOT', 1123, NULL, NULL, NULL, NULL, NULL, 1122),
('AND', 1124, 'EXACT', -1, NULL, NULL, NULL, NULL),
('HAS', 1125, NULL, NULL, NULL, NULL, 1883, NULL),
('NOT', 1126, NULL, NULL, NULL, NULL, NULL, 1125),
('AND', 1127, 'EXACT', -1, NULL, NULL, NULL, NULL),
('HAS', 1128, NULL, NULL, NULL, NULL, 1883, NULL),
('NOT', 1129, NULL, NULL, NULL, NULL, NULL, 1128),
('AND', 1130, 'EXACT', -1, NULL, NULL, NULL, NULL),
('HAS', 1131, NULL, NULL, NULL, NULL, 1883, NULL),
('NOT', 1132, NULL, NULL, NULL, NULL, NULL, 1131),
('AND', 1133, 'EXACT', -1, NULL, NULL, NULL, NULL),
('HAS', 1134, NULL, NULL, NULL, NULL, 1883, NULL),
('NOT', 1135, NULL, NULL, NULL, NULL, NULL, 1134),
('AND', 1136, 'EXACT', -1, NULL, NULL, NULL, NULL),
('HAS', 1137, NULL, NULL, NULL, NULL, 1883, NULL),
('NOT', 1138, NULL, NULL, NULL, NULL, NULL, 1137),
('AND', 1139, 'EXACT', -1, NULL, NULL, NULL, NULL),
('HAS', 1140, NULL, NULL, NULL, NULL, 1883, NULL),
('NOT', 1141, NULL, NULL, NULL, NULL, NULL, 1140),
('AND', 1142, 'EXACT', -1, NULL, NULL, NULL, NULL),
('HAS', 1143, NULL, NULL, NULL, NULL, 1883, NULL),
('NOT', 1144, NULL, NULL, NULL, NULL, NULL, 1143),
('AND', 1145, 'EXACT', -1, NULL, NULL, NULL, NULL),
('HAS', 1146, NULL, NULL, NULL, NULL, 1883, NULL),
('NOT', 1147, NULL, NULL, NULL, NULL, NULL, 1146),
('AND', 1148, 'EXACT', -1, NULL, NULL, NULL, NULL),
('HAS', 1149, NULL, NULL, NULL, NULL, 1883, NULL),
('NOT', 1150, NULL, NULL, NULL, NULL, NULL, 1149),
('AND', 1151, 'EXACT', -1, NULL, NULL, NULL, NULL),
('HAS', 1152, NULL, NULL, NULL, NULL, 1883, NULL),
('NOT', 1153, NULL, NULL, NULL, NULL, NULL, 1152),
('AND', 1154, 'EXACT', -1, NULL, NULL, NULL, NULL),
('HAS', 1155, NULL, NULL, NULL, NULL, 1883, NULL),
('NOT', 1156, NULL, NULL, NULL, NULL, NULL, 1155),
('AND', 1157, 'EXACT', -1, NULL, NULL, NULL, NULL),
('HAS', 1158, NULL, NULL, NULL, NULL, 1883, NULL),
('NOT', 1159, NULL, NULL, NULL, NULL, NULL, 1158),
('AND', 1160, 'EXACT', -1, NULL, NULL, NULL, NULL),
('HAS', 1161, NULL, NULL, NULL, NULL, 1883, NULL),
('NOT', 1162, NULL, NULL, NULL, NULL, NULL, 1161),
('AND', 1163, 'EXACT', -1, NULL, NULL, NULL, NULL),
('HAS', 1164, NULL, NULL, NULL, NULL, 1883, NULL),
('NOT', 1165, NULL, NULL, NULL, NULL, NULL, 1164),
('AND', 1166, 'EXACT', -1, NULL, NULL, NULL, NULL),
('HAS', 1167, NULL, NULL, NULL, NULL, 1883, NULL),
('NOT', 1168, NULL, NULL, NULL, NULL, NULL, 1167),
('AND', 1169, 'EXACT', -1, NULL, NULL, NULL, NULL),
('HAS', 1170, NULL, NULL, NULL, NULL, 1883, NULL),
('NOT', 1171, NULL, NULL, NULL, NULL, NULL, 1170),
('AND', 1172, 'EXACT', -1, NULL, NULL, NULL, NULL),
('HAS', 1173, NULL, NULL, NULL, NULL, 1883, NULL),
('NOT', 1174, NULL, NULL, NULL, NULL, NULL, 1173),
('AND', 1175, 'EXACT', -1, NULL, NULL, NULL, NULL),
('HAS', 1176, NULL, NULL, NULL, NULL, 1883, NULL),
('NOT', 1177, NULL, NULL, NULL, NULL, NULL, 1176),
('AND', 1178, 'EXACT', -1, NULL, NULL, NULL, NULL),
('HAS', 1179, NULL, NULL, NULL, NULL, 1883, NULL),
('NOT', 1180, NULL, NULL, NULL, NULL, NULL, 1179),
('AND', 1181, 'EXACT', -1, NULL, NULL, NULL, NULL),
('HAS', 1182, NULL, NULL, NULL, NULL, 1883, NULL),
('NOT', 1183, NULL, NULL, NULL, NULL, NULL, 1182),
('AND', 1184, 'EXACT', -1, NULL, NULL, NULL, NULL),
('HAS', 1185, NULL, NULL, NULL, NULL, 1883, NULL),
('NOT', 1186, NULL, NULL, NULL, NULL, NULL, 1185),
('AND', 1187, 'EXACT', -1, NULL, NULL, NULL, NULL),
('HAS', 1188, NULL, NULL, NULL, NULL, 1883, NULL),
('NOT', 1189, NULL, NULL, NULL, NULL, NULL, 1188),
('AND', 1190, 'EXACT', -1, NULL, NULL, NULL, NULL),
('HAS', 1191, NULL, NULL, NULL, NULL, 1883, NULL),
('NOT', 1192, NULL, NULL, NULL, NULL, NULL, 1191),
('AND', 1193, 'EXACT', -1, NULL, NULL, NULL, NULL),
('HAS', 1194, NULL, NULL, NULL, NULL, 1883, NULL),
('NOT', 1195, NULL, NULL, NULL, NULL, NULL, 1194),
('AND', 1196, 'EXACT', -1, NULL, NULL, NULL, NULL),
('HAS', 1197, NULL, NULL, NULL, NULL, 1883, NULL),
('NOT', 1198, NULL, NULL, NULL, NULL, NULL, 1197),
('AND', 1199, 'EXACT', -1, NULL, NULL, NULL, NULL),
('HAS', 1200, NULL, NULL, NULL, NULL, 1883, NULL),
('NOT', 1201, NULL, NULL, NULL, NULL, NULL, 1200),
('AND', 1202, 'EXACT', -1, NULL, NULL, NULL, NULL),
('HAS', 1203, NULL, NULL, NULL, NULL, 1883, NULL),
('NOT', 1204, NULL, NULL, NULL, NULL, NULL, 1203),
('AND', 1205, 'EXACT', -1, NULL, NULL, NULL, NULL),
('HAS', 1206, NULL, NULL, NULL, NULL, 1883, NULL),
('NOT', 1207, NULL, NULL, NULL, NULL, NULL, 1206),
('AND', 1208, 'EXACT', -1, NULL, NULL, NULL, NULL),
('HAS', 1209, NULL, NULL, NULL, NULL, 1883, NULL),
('NOT', 1210, NULL, NULL, NULL, NULL, NULL, 1209),
('AND', 1211, 'EXACT', -1, NULL, NULL, NULL, NULL),
('HAS', 1212, NULL, NULL, NULL, NULL, 1883, NULL),
('NOT', 1213, NULL, NULL, NULL, NULL, NULL, 1212),
('AND', 1214, 'EXACT', -1, NULL, NULL, NULL, NULL),
('HAS', 1215, NULL, NULL, NULL, NULL, 1883, NULL),
('NOT', 1216, NULL, NULL, NULL, NULL, NULL, 1215),
('AND', 1217, 'EXACT', -1, NULL, NULL, NULL, NULL),
('HAS', 1218, NULL, NULL, NULL, NULL, 1883, NULL),
('NOT', 1219, NULL, NULL, NULL, NULL, NULL, 1218),
('AND', 1220, 'EXACT', -1, NULL, NULL, NULL, NULL),
('HAS', 1221, NULL, NULL, NULL, NULL, 1883, NULL),
('NOT', 1222, NULL, NULL, NULL, NULL, NULL, 1221),
('AND', 1223, 'EXACT', -1, NULL, NULL, NULL, NULL),
('HAS', 1224, NULL, NULL, NULL, NULL, 1883, NULL),
('NOT', 1225, NULL, NULL, NULL, NULL, NULL, 1224),
('AND', 1226, 'EXACT', -1, NULL, NULL, NULL, NULL),
('HAS', 1227, NULL, NULL, NULL, NULL, 1883, NULL),
('NOT', 1228, NULL, NULL, NULL, NULL, NULL, 1227),
('AND', 1229, 'EXACT', -1, NULL, NULL, NULL, NULL),
('HAS', 1230, NULL, NULL, NULL, NULL, 1883, NULL),
('NOT', 1231, NULL, NULL, NULL, NULL, NULL, 1230),
('AND', 1232, 'EXACT', -1, NULL, NULL, NULL, NULL),
('HAS', 1233, NULL, NULL, NULL, NULL, 1883, NULL),
('NOT', 1234, NULL, NULL, NULL, NULL, NULL, 1233),
('AND', 1235, 'EXACT', -1, NULL, NULL, NULL, NULL),
('HAS', 1236, NULL, NULL, NULL, NULL, 1883, NULL),
('NOT', 1237, NULL, NULL, NULL, NULL, NULL, 1236),
('AND', 1238, 'EXACT', -1, NULL, NULL, NULL, NULL),
('HAS', 1239, NULL, NULL, NULL, NULL, 1883, NULL),
('NOT', 1240, NULL, NULL, NULL, NULL, NULL, 1239),
('AND', 1241, 'EXACT', -1, NULL, NULL, NULL, NULL),
('HAS', 1242, NULL, NULL, NULL, NULL, 1883, NULL),
('NOT', 1243, NULL, NULL, NULL, NULL, NULL, 1242),
('AND', 1244, 'EXACT', -1, NULL, NULL, NULL, NULL),
('HAS', 1245, NULL, NULL, NULL, NULL, 1883, NULL),
('NOT', 1246, NULL, NULL, NULL, NULL, NULL, 1245),
('AND', 1247, 'EXACT', -1, NULL, NULL, NULL, NULL),
('HAS', 1248, NULL, NULL, NULL, NULL, 1883, NULL),
('NOT', 1249, NULL, NULL, NULL, NULL, NULL, 1248),
('AND', 1250, 'EXACT', -1, NULL, NULL, NULL, NULL),
('HAS', 1251, NULL, NULL, NULL, NULL, 1883, NULL),
('NOT', 1252, NULL, NULL, NULL, NULL, NULL, 1251),
('AND', 1253, 'EXACT', -1, NULL, NULL, NULL, NULL),
('HAS', 1254, NULL, NULL, NULL, NULL, 1883, NULL),
('NOT', 1255, NULL, NULL, NULL, NULL, NULL, 1254),
('AND', 1256, 'EXACT', -1, NULL, NULL, NULL, NULL),
('HAS', 1257, NULL, NULL, NULL, NULL, 1883, NULL),
('NOT', 1258, NULL, NULL, NULL, NULL, NULL, 1257),
('AND', 1259, 'EXACT', -1, NULL, NULL, NULL, NULL),
('HAS', 1260, NULL, NULL, NULL, NULL, 1883, NULL),
('NOT', 1261, NULL, NULL, NULL, NULL, NULL, 1260),
('AND', 1262, 'EXACT', -1, NULL, NULL, NULL, NULL),
('HAS', 1263, NULL, NULL, NULL, NULL, 1883, NULL),
('NOT', 1264, NULL, NULL, NULL, NULL, NULL, 1263),
('AND', 1265, 'EXACT', -1, NULL, NULL, NULL, NULL),
('HAS', 1266, NULL, NULL, NULL, NULL, 1883, NULL),
('NOT', 1267, NULL, NULL, NULL, NULL, NULL, 1266),
('AND', 1268, 'EXACT', -1, NULL, NULL, NULL, NULL),
('HAS', 1269, NULL, NULL, NULL, NULL, 1883, NULL),
('NOT', 1270, NULL, NULL, NULL, NULL, NULL, 1269),
('AND', 1271, 'EXACT', -1, NULL, NULL, NULL, NULL),
('HAS', 1272, NULL, NULL, NULL, NULL, 1883, NULL),
('NOT', 1273, NULL, NULL, NULL, NULL, NULL, 1272),
('AND', 1274, 'EXACT', -1, NULL, NULL, NULL, NULL),
('HAS', 1275, NULL, NULL, NULL, NULL, 1883, NULL),
('NOT', 1276, NULL, NULL, NULL, NULL, NULL, 1275),
('AND', 1277, 'EXACT', -1, NULL, NULL, NULL, NULL),
('HAS', 1278, NULL, NULL, NULL, NULL, 1883, NULL),
('NOT', 1279, NULL, NULL, NULL, NULL, NULL, 1278),
('AND', 1280, 'EXACT', -1, NULL, NULL, NULL, NULL),
('HAS', 1281, NULL, NULL, NULL, NULL, 1883, NULL),
('NOT', 1282, NULL, NULL, NULL, NULL, NULL, 1281),
('AND', 1283, 'EXACT', -1, NULL, NULL, NULL, NULL),
('HAS', 1284, NULL, NULL, NULL, NULL, 1883, NULL),
('NOT', 1285, NULL, NULL, NULL, NULL, NULL, 1284),
('AND', 1286, 'EXACT', -1, NULL, NULL, NULL, NULL),
('HAS', 1287, NULL, NULL, NULL, NULL, 1883, NULL),
('NOT', 1288, NULL, NULL, NULL, NULL, NULL, 1287),
('AND', 1289, 'EXACT', -1, NULL, NULL, NULL, NULL),
('HAS', 1290, NULL, NULL, NULL, NULL, 1883, NULL),
('NOT', 1291, NULL, NULL, NULL, NULL, NULL, 1290),
('AND', 1292, 'EXACT', -1, NULL, NULL, NULL, NULL),
('HAS', 1293, NULL, NULL, NULL, NULL, 1883, NULL),
('NOT', 1294, NULL, NULL, NULL, NULL, NULL, 1293),
('AND', 1295, 'EXACT', -1, NULL, NULL, NULL, NULL),
('HAS', 1296, NULL, NULL, NULL, NULL, 1883, NULL),
('NOT', 1297, NULL, NULL, NULL, NULL, NULL, 1296),
('AND', 1298, 'EXACT', -1, NULL, NULL, NULL, NULL),
('HAS', 1299, NULL, NULL, NULL, NULL, 1883, NULL),
('NOT', 1300, NULL, NULL, NULL, NULL, NULL, 1299),
('AND', 1301, 'EXACT', -1, NULL, NULL, NULL, NULL),
('HAS', 1302, NULL, NULL, NULL, NULL, 1883, NULL),
('NOT', 1303, NULL, NULL, NULL, NULL, NULL, 1302),
('AND', 1304, 'EXACT', -1, NULL, NULL, NULL, NULL),
('HAS', 1305, NULL, NULL, NULL, NULL, 1883, NULL),
('NOT', 1306, NULL, NULL, NULL, NULL, NULL, 1305),
('AND', 1307, 'EXACT', -1, NULL, NULL, NULL, NULL),
('HAS', 1308, NULL, NULL, NULL, NULL, 1883, NULL),
('NOT', 1309, NULL, NULL, NULL, NULL, NULL, 1308),
('AND', 1310, 'EXACT', -1, NULL, NULL, NULL, NULL),
('HAS', 1311, NULL, NULL, NULL, NULL, 1883, NULL),
('NOT', 1312, NULL, NULL, NULL, NULL, NULL, 1311),
('AND', 1313, 'EXACT', -1, NULL, NULL, NULL, NULL),
('HAS', 1314, NULL, NULL, NULL, NULL, 1883, NULL),
('NOT', 1315, NULL, NULL, NULL, NULL, NULL, 1314),
('AND', 1316, 'EXACT', -1, NULL, NULL, NULL, NULL),
('HAS', 1317, NULL, NULL, NULL, NULL, 1883, NULL),
('NOT', 1318, NULL, NULL, NULL, NULL, NULL, 1317),
('AND', 1319, 'EXACT', -1, NULL, NULL, NULL, NULL),
('HAS', 1320, NULL, NULL, NULL, NULL, 1883, NULL),
('NOT', 1321, NULL, NULL, NULL, NULL, NULL, 1320),
('AND', 1322, 'EXACT', -1, NULL, NULL, NULL, NULL),
('HAS', 1323, NULL, NULL, NULL, NULL, 1883, NULL),
('NOT', 1324, NULL, NULL, NULL, NULL, NULL, 1323),
('AND', 1325, 'EXACT', -1, NULL, NULL, NULL, NULL),
('HAS', 1326, NULL, NULL, NULL, NULL, 1883, NULL),
('NOT', 1327, NULL, NULL, NULL, NULL, NULL, 1326),
('AND', 1328, 'EXACT', -1, NULL, NULL, NULL, NULL),
('HAS', 1329, NULL, NULL, NULL, NULL, 1883, NULL),
('NOT', 1330, NULL, NULL, NULL, NULL, NULL, 1329),
('AND', 1331, 'EXACT', -1, NULL, NULL, NULL, NULL),
('HAS', 1332, NULL, NULL, NULL, NULL, 1883, NULL),
('NOT', 1333, NULL, NULL, NULL, NULL, NULL, 1332),
('AND', 1334, 'EXACT', -1, NULL, NULL, NULL, NULL),
('HAS', 1335, NULL, NULL, NULL, NULL, 1883, NULL),
('NOT', 1336, NULL, NULL, NULL, NULL, NULL, 1335),
('AND', 1337, 'EXACT', -1, NULL, NULL, NULL, NULL),
('HAS', 1338, NULL, NULL, NULL, NULL, 1883, NULL),
('NOT', 1339, NULL, NULL, NULL, NULL, NULL, 1338),
('AND', 1340, 'EXACT', -1, NULL, NULL, NULL, NULL),
('HAS', 1341, NULL, NULL, NULL, NULL, 1883, NULL),
('NOT', 1342, NULL, NULL, NULL, NULL, NULL, 1341),
('AND', 1343, 'EXACT', -1, NULL, NULL, NULL, NULL),
('HAS', 1344, NULL, NULL, NULL, NULL, 1883, NULL),
('NOT', 1345, NULL, NULL, NULL, NULL, NULL, 1344),
('AND', 1346, 'EXACT', -1, NULL, NULL, NULL, NULL),
('HAS', 1347, NULL, NULL, NULL, NULL, 1883, NULL),
('NOT', 1348, NULL, NULL, NULL, NULL, NULL, 1347),
('AND', 1349, 'EXACT', -1, NULL, NULL, NULL, NULL),
('HAS', 1350, NULL, NULL, NULL, NULL, 1883, NULL),
('NOT', 1351, NULL, NULL, NULL, NULL, NULL, 1350),
('AND', 1352, 'EXACT', -1, NULL, NULL, NULL, NULL),
('HAS', 1353, NULL, NULL, NULL, NULL, 1883, NULL),
('NOT', 1354, NULL, NULL, NULL, NULL, NULL, 1353),
('AND', 1355, 'EXACT', -1, NULL, NULL, NULL, NULL),
('HAS', 1356, NULL, NULL, NULL, NULL, 1883, NULL),
('NOT', 1357, NULL, NULL, NULL, NULL, NULL, 1356),
('AND', 1358, 'EXACT', -1, NULL, NULL, NULL, NULL),
('HAS', 1359, NULL, NULL, NULL, NULL, 1883, NULL),
('NOT', 1360, NULL, NULL, NULL, NULL, NULL, 1359),
('AND', 1361, 'EXACT', -1, NULL, NULL, NULL, NULL),
('HAS', 1362, NULL, NULL, NULL, NULL, 1883, NULL),
('NOT', 1363, NULL, NULL, NULL, NULL, NULL, 1362),
('AND', 1364, 'EXACT', -1, NULL, NULL, NULL, NULL),
('HAS', 1365, NULL, NULL, NULL, NULL, 1883, NULL),
('NOT', 1366, NULL, NULL, NULL, NULL, NULL, 1365),
('AND', 1367, 'EXACT', -1, NULL, NULL, NULL, NULL),
('HAS', 1368, NULL, NULL, NULL, NULL, 1883, NULL),
('NOT', 1369, NULL, NULL, NULL, NULL, NULL, 1368),
('AND', 1370, 'EXACT', -1, NULL, NULL, NULL, NULL),
('HAS', 1371, NULL, NULL, NULL, NULL, 1883, NULL),
('NOT', 1372, NULL, NULL, NULL, NULL, NULL, 1371),
('AND', 1373, 'EXACT', -1, NULL, NULL, NULL, NULL),
('HAS', 1374, NULL, NULL, NULL, NULL, 1883, NULL),
('NOT', 1375, NULL, NULL, NULL, NULL, NULL, 1374),
('AND', 1376, 'EXACT', -1, NULL, NULL, NULL, NULL),
('HAS', 1377, NULL, NULL, NULL, NULL, 1883, NULL),
('NOT', 1378, NULL, NULL, NULL, NULL, NULL, 1377),
('AND', 1379, 'EXACT', -1, NULL, NULL, NULL, NULL),
('HAS', 1380, NULL, NULL, NULL, NULL, 1883, NULL),
('NOT', 1381, NULL, NULL, NULL, NULL, NULL, 1380),
('AND', 1382, 'EXACT', -1, NULL, NULL, NULL, NULL),
('HAS', 1383, NULL, NULL, NULL, NULL, 1883, NULL),
('NOT', 1384, NULL, NULL, NULL, NULL, NULL, 1383),
('AND', 1385, 'EXACT', -1, NULL, NULL, NULL, NULL),
('HAS', 1386, NULL, NULL, NULL, NULL, 1883, NULL),
('NOT', 1387, NULL, NULL, NULL, NULL, NULL, 1386),
('AND', 1388, 'EXACT', -1, NULL, NULL, NULL, NULL),
('HAS', 1389, NULL, NULL, NULL, NULL, 1883, NULL),
('NOT', 1390, NULL, NULL, NULL, NULL, NULL, 1389),
('AND', 1391, 'EXACT', -1, NULL, NULL, NULL, NULL),
('HAS', 1392, NULL, NULL, NULL, NULL, 1883, NULL),
('NOT', 1393, NULL, NULL, NULL, NULL, NULL, 1392),
('AND', 1394, 'EXACT', -1, NULL, NULL, NULL, NULL),
('HAS', 1395, NULL, NULL, NULL, NULL, 1883, NULL),
('NOT', 1396, NULL, NULL, NULL, NULL, NULL, 1395),
('AND', 1397, 'EXACT', -1, NULL, NULL, NULL, NULL),
('HAS', 1398, NULL, NULL, NULL, NULL, 1883, NULL),
('NOT', 1399, NULL, NULL, NULL, NULL, NULL, 1398),
('AND', 1400, 'EXACT', -1, NULL, NULL, NULL, NULL),
('HAS', 1401, NULL, NULL, NULL, NULL, 1883, NULL),
('NOT', 1402, NULL, NULL, NULL, NULL, NULL, 1401),
('AND', 1403, 'EXACT', -1, NULL, NULL, NULL, NULL),
('HAS', 1404, NULL, NULL, NULL, NULL, 1883, NULL),
('NOT', 1405, NULL, NULL, NULL, NULL, NULL, 1404),
('AND', 1406, 'EXACT', -1, NULL, NULL, NULL, NULL),
('HAS', 1407, NULL, NULL, NULL, NULL, 1883, NULL),
('NOT', 1408, NULL, NULL, NULL, NULL, NULL, 1407),
('AND', 1409, 'EXACT', -1, NULL, NULL, NULL, NULL),
('HAS', 1410, NULL, NULL, NULL, NULL, 1883, NULL),
('NOT', 1411, NULL, NULL, NULL, NULL, NULL, 1410),
('AND', 1412, 'EXACT', -1, NULL, NULL, NULL, NULL),
('HAS', 1413, NULL, NULL, NULL, NULL, 1883, NULL),
('NOT', 1414, NULL, NULL, NULL, NULL, NULL, 1413),
('AND', 1415, 'EXACT', -1, NULL, NULL, NULL, NULL),
('HAS', 1416, NULL, NULL, NULL, NULL, 1883, NULL),
('NOT', 1417, NULL, NULL, NULL, NULL, NULL, 1416),
('AND', 1418, 'EXACT', -1, NULL, NULL, NULL, NULL),
('HAS', 1419, NULL, NULL, NULL, NULL, 1883, NULL),
('NOT', 1420, NULL, NULL, NULL, NULL, NULL, 1419),
('AND', 1421, 'EXACT', -1, NULL, NULL, NULL, NULL),
('HAS', 1422, NULL, NULL, NULL, NULL, 1883, NULL),
('NOT', 1423, NULL, NULL, NULL, NULL, NULL, 1422),
('AND', 1424, 'EXACT', -1, NULL, NULL, NULL, NULL),
('HAS', 1425, NULL, NULL, NULL, NULL, 1883, NULL),
('NOT', 1426, NULL, NULL, NULL, NULL, NULL, 1425),
('AND', 1427, 'EXACT', -1, NULL, NULL, NULL, NULL),
('HAS', 1428, NULL, NULL, NULL, NULL, 1883, NULL),
('NOT', 1429, NULL, NULL, NULL, NULL, NULL, 1428),
('AND', 1430, 'EXACT', -1, NULL, NULL, NULL, NULL),
('HAS', 1431, NULL, NULL, NULL, NULL, 1883, NULL),
('NOT', 1432, NULL, NULL, NULL, NULL, NULL, 1431),
('AND', 1433, 'EXACT', -1, NULL, NULL, NULL, NULL),
('HAS', 1434, NULL, NULL, NULL, NULL, 1883, NULL),
('NOT', 1435, NULL, NULL, NULL, NULL, NULL, 1434),
('AND', 1436, 'EXACT', -1, NULL, NULL, NULL, NULL),
('HAS', 1437, NULL, NULL, NULL, NULL, 1883, NULL),
('NOT', 1438, NULL, NULL, NULL, NULL, NULL, 1437),
('AND', 1439, 'EXACT', -1, NULL, NULL, NULL, NULL),
('HAS', 1440, NULL, NULL, NULL, NULL, 1883, NULL),
('NOT', 1441, NULL, NULL, NULL, NULL, NULL, 1440),
('AND', 1442, 'EXACT', -1, NULL, NULL, NULL, NULL),
('HAS', 1443, NULL, NULL, NULL, NULL, 1883, NULL),
('NOT', 1444, NULL, NULL, NULL, NULL, NULL, 1443),
('AND', 1445, 'EXACT', -1, NULL, NULL, NULL, NULL),
('HAS', 1446, NULL, NULL, NULL, NULL, 1883, NULL),
('NOT', 1447, NULL, NULL, NULL, NULL, NULL, 1446),
('AND', 1448, 'EXACT', -1, NULL, NULL, NULL, NULL),
('HAS', 1449, NULL, NULL, NULL, NULL, 1883, NULL),
('NOT', 1450, NULL, NULL, NULL, NULL, NULL, 1449),
('AND', 1451, 'EXACT', -1, NULL, NULL, NULL, NULL),
('HAS', 1452, NULL, NULL, NULL, NULL, 1883, NULL),
('NOT', 1453, NULL, NULL, NULL, NULL, NULL, 1452),
('AND', 1454, 'EXACT', -1, NULL, NULL, NULL, NULL),
('HAS', 1455, NULL, NULL, NULL, NULL, 1883, NULL),
('NOT', 1456, NULL, NULL, NULL, NULL, NULL, 1455),
('AND', 1457, 'EXACT', -1, NULL, NULL, NULL, NULL),
('HAS', 1458, NULL, NULL, NULL, NULL, 1883, NULL),
('NOT', 1459, NULL, NULL, NULL, NULL, NULL, 1458),
('AND', 1460, 'EXACT', -1, NULL, NULL, NULL, NULL),
('HAS', 1461, NULL, NULL, NULL, NULL, 1883, NULL),
('NOT', 1462, NULL, NULL, NULL, NULL, NULL, 1461),
('AND', 1463, 'EXACT', -1, NULL, NULL, NULL, NULL),
('HAS', 1464, NULL, NULL, NULL, NULL, 1883, NULL),
('NOT', 1465, NULL, NULL, NULL, NULL, NULL, 1464),
('AND', 1466, 'EXACT', -1, NULL, NULL, NULL, NULL),
('HAS', 1467, NULL, NULL, NULL, NULL, 1883, NULL),
('NOT', 1468, NULL, NULL, NULL, NULL, NULL, 1467),
('AND', 1469, 'EXACT', -1, NULL, NULL, NULL, NULL),
('HAS', 1470, NULL, NULL, NULL, NULL, 1883, NULL),
('NOT', 1471, NULL, NULL, NULL, NULL, NULL, 1470),
('AND', 1472, 'EXACT', -1, NULL, NULL, NULL, NULL),
('HAS', 1473, NULL, NULL, NULL, NULL, 1883, NULL),
('NOT', 1474, NULL, NULL, NULL, NULL, NULL, 1473),
('AND', 1475, 'EXACT', -1, NULL, NULL, NULL, NULL),
('HAS', 1476, NULL, NULL, NULL, NULL, 1883, NULL),
('NOT', 1477, NULL, NULL, NULL, NULL, NULL, 1476),
('AND', 1478, 'EXACT', -1, NULL, NULL, NULL, NULL),
('HAS', 1479, NULL, NULL, NULL, NULL, 1883, NULL),
('NOT', 1480, NULL, NULL, NULL, NULL, NULL, 1479),
('AND', 1481, 'EXACT', -1, NULL, NULL, NULL, NULL),
('HAS', 1482, NULL, NULL, NULL, NULL, 1883, NULL),
('NOT', 1483, NULL, NULL, NULL, NULL, NULL, 1482),
('AND', 1484, 'EXACT', -1, NULL, NULL, NULL, NULL),
('HAS', 1485, NULL, NULL, NULL, NULL, 1883, NULL),
('NOT', 1486, NULL, NULL, NULL, NULL, NULL, 1485),
('AND', 1487, 'EXACT', -1, NULL, NULL, NULL, NULL),
('HAS', 1488, NULL, NULL, NULL, NULL, 1883, NULL),
('NOT', 1489, NULL, NULL, NULL, NULL, NULL, 1488),
('AND', 1490, 'EXACT', -1, NULL, NULL, NULL, NULL),
('HAS', 1491, NULL, NULL, NULL, NULL, 1883, NULL),
('NOT', 1492, NULL, NULL, NULL, NULL, NULL, 1491),
('AND', 1493, 'EXACT', -1, NULL, NULL, NULL, NULL),
('HAS', 1494, NULL, NULL, NULL, NULL, 1883, NULL),
('NOT', 1495, NULL, NULL, NULL, NULL, NULL, 1494),
('AND', 1496, 'EXACT', -1, NULL, NULL, NULL, NULL),
('HAS', 1497, NULL, NULL, NULL, NULL, 1883, NULL),
('NOT', 1498, NULL, NULL, NULL, NULL, NULL, 1497),
('AND', 1499, 'EXACT', -1, NULL, NULL, NULL, NULL),
('HAS', 1500, NULL, NULL, NULL, NULL, 1883, NULL),
('NOT', 1501, NULL, NULL, NULL, NULL, NULL, 1500),
('AND', 1502, 'EXACT', -1, NULL, NULL, NULL, NULL),
('HAS', 1503, NULL, NULL, NULL, NULL, 1883, NULL),
('NOT', 1504, NULL, NULL, NULL, NULL, NULL, 1503),
('AND', 1505, 'EXACT', -1, NULL, NULL, NULL, NULL),
('HAS', 1506, NULL, NULL, NULL, NULL, 1883, NULL),
('NOT', 1507, NULL, NULL, NULL, NULL, NULL, 1506),
('AND', 1508, 'EXACT', -1, NULL, NULL, NULL, NULL),
('HAS', 1509, NULL, NULL, NULL, NULL, 1883, NULL),
('NOT', 1510, NULL, NULL, NULL, NULL, NULL, 1509),
('AND', 1511, 'EXACT', -1, NULL, NULL, NULL, NULL),
('HAS', 1512, NULL, NULL, NULL, NULL, 1883, NULL),
('NOT', 1513, NULL, NULL, NULL, NULL, NULL, 1512),
('AND', 1514, 'EXACT', -1, NULL, NULL, NULL, NULL),
('HAS', 1515, NULL, NULL, NULL, NULL, 1883, NULL),
('NOT', 1516, NULL, NULL, NULL, NULL, NULL, 1515),
('AND', 1517, 'EXACT', -1, NULL, NULL, NULL, NULL),
('HAS', 1518, NULL, NULL, NULL, NULL, 1883, NULL),
('NOT', 1519, NULL, NULL, NULL, NULL, NULL, 1518),
('AND', 1520, 'EXACT', -1, NULL, NULL, NULL, NULL),
('HAS', 1521, NULL, NULL, NULL, NULL, 1883, NULL),
('NOT', 1522, NULL, NULL, NULL, NULL, NULL, 1521),
('AND', 1523, 'EXACT', -1, NULL, NULL, NULL, NULL),
('HAS', 1524, NULL, NULL, NULL, NULL, 1883, NULL),
('NOT', 1525, NULL, NULL, NULL, NULL, NULL, 1524),
('AND', 1526, 'EXACT', -1, NULL, NULL, NULL, NULL),
('HAS', 1527, NULL, NULL, NULL, NULL, 1883, NULL),
('NOT', 1528, NULL, NULL, NULL, NULL, NULL, 1527),
('AND', 1529, 'EXACT', -1, NULL, NULL, NULL, NULL),
('HAS', 1530, NULL, NULL, NULL, NULL, 1883, NULL),
('NOT', 1531, NULL, NULL, NULL, NULL, NULL, 1530),
('AND', 1532, 'EXACT', -1, NULL, NULL, NULL, NULL),
('HAS', 1533, NULL, NULL, NULL, NULL, 1883, NULL),
('NOT', 1534, NULL, NULL, NULL, NULL, NULL, 1533),
('AND', 1535, 'EXACT', -1, NULL, NULL, NULL, NULL),
('HAS', 1536, NULL, NULL, NULL, NULL, 1883, NULL),
('NOT', 1537, NULL, NULL, NULL, NULL, NULL, 1536),
('AND', 1538, 'EXACT', -1, NULL, NULL, NULL, NULL),
('HAS', 1539, NULL, NULL, NULL, NULL, 1883, NULL),
('NOT', 1540, NULL, NULL, NULL, NULL, NULL, 1539),
('AND', 1541, 'EXACT', -1, NULL, NULL, NULL, NULL),
('HAS', 1542, NULL, NULL, NULL, NULL, 1883, NULL),
('NOT', 1543, NULL, NULL, NULL, NULL, NULL, 1542),
('AND', 1544, 'EXACT', -1, NULL, NULL, NULL, NULL),
('HAS', 1545, NULL, NULL, NULL, NULL, 1883, NULL),
('NOT', 1546, NULL, NULL, NULL, NULL, NULL, 1545),
('AND', 1547, 'EXACT', -1, NULL, NULL, NULL, NULL),
('HAS', 1548, NULL, NULL, NULL, NULL, 1883, NULL),
('NOT', 1549, NULL, NULL, NULL, NULL, NULL, 1548),
('AND', 1550, 'EXACT', -1, NULL, NULL, NULL, NULL),
('HAS', 1551, NULL, NULL, NULL, NULL, 1883, NULL),
('NOT', 1552, NULL, NULL, NULL, NULL, NULL, 1551),
('AND', 1553, 'EXACT', -1, NULL, NULL, NULL, NULL),
('HAS', 1554, NULL, NULL, NULL, NULL, 1883, NULL),
('NOT', 1555, NULL, NULL, NULL, NULL, NULL, 1554),
('AND', 1556, 'EXACT', -1, NULL, NULL, NULL, NULL),
('HAS', 1557, NULL, NULL, NULL, NULL, 1883, NULL),
('NOT', 1558, NULL, NULL, NULL, NULL, NULL, 1557),
('AND', 1559, 'EXACT', -1, NULL, NULL, NULL, NULL),
('HAS', 1560, NULL, NULL, NULL, NULL, 1883, NULL),
('NOT', 1561, NULL, NULL, NULL, NULL, NULL, 1560),
('AND', 1562, 'EXACT', -1, NULL, NULL, NULL, NULL),
('HAS', 1563, NULL, NULL, NULL, NULL, 1883, NULL),
('NOT', 1564, NULL, NULL, NULL, NULL, NULL, 1563),
('AND', 1565, 'EXACT', -1, NULL, NULL, NULL, NULL),
('HAS', 1566, NULL, NULL, NULL, NULL, 1883, NULL),
('NOT', 1567, NULL, NULL, NULL, NULL, NULL, 1566),
('AND', 1568, 'EXACT', -1, NULL, NULL, NULL, NULL),
('HAS', 1569, NULL, NULL, NULL, NULL, 1883, NULL),
('NOT', 1570, NULL, NULL, NULL, NULL, NULL, 1569),
('AND', 1571, 'EXACT', -1, NULL, NULL, NULL, NULL),
('HAS', 1572, NULL, NULL, NULL, NULL, 1883, NULL),
('NOT', 1573, NULL, NULL, NULL, NULL, NULL, 1572),
('AND', 1574, 'EXACT', -1, NULL, NULL, NULL, NULL),
('HAS', 1575, NULL, NULL, NULL, NULL, 1883, NULL),
('NOT', 1576, NULL, NULL, NULL, NULL, NULL, 1575),
('AND', 1577, 'EXACT', -1, NULL, NULL, NULL, NULL),
('HAS', 1578, NULL, NULL, NULL, NULL, 1883, NULL),
('NOT', 1579, NULL, NULL, NULL, NULL, NULL, 1578),
('AND', 1580, 'EXACT', -1, NULL, NULL, NULL, NULL),
('HAS', 1581, NULL, NULL, NULL, NULL, 1883, NULL),
('NOT', 1582, NULL, NULL, NULL, NULL, NULL, 1581),
('AND', 1583, 'EXACT', -1, NULL, NULL, NULL, NULL),
('HAS', 1584, NULL, NULL, NULL, NULL, 1883, NULL),
('NOT', 1585, NULL, NULL, NULL, NULL, NULL, 1584),
('AND', 1586, 'EXACT', -1, NULL, NULL, NULL, NULL),
('HAS', 1587, NULL, NULL, NULL, NULL, 1883, NULL),
('NOT', 1588, NULL, NULL, NULL, NULL, NULL, 1587),
('AND', 1589, 'EXACT', -1, NULL, NULL, NULL, NULL),
('HAS', 1590, NULL, NULL, NULL, NULL, 1883, NULL),
('NOT', 1591, NULL, NULL, NULL, NULL, NULL, 1590),
('AND', 1592, 'EXACT', -1, NULL, NULL, NULL, NULL),
('HAS', 1593, NULL, NULL, NULL, NULL, 1883, NULL),
('NOT', 1594, NULL, NULL, NULL, NULL, NULL, 1593),
('AND', 1595, 'EXACT', -1, NULL, NULL, NULL, NULL),
('HAS', 1596, NULL, NULL, NULL, NULL, 1883, NULL),
('NOT', 1597, NULL, NULL, NULL, NULL, NULL, 1596),
('AND', 1598, 'EXACT', -1, NULL, NULL, NULL, NULL),
('HAS', 1599, NULL, NULL, NULL, NULL, 1883, NULL),
('NOT', 1600, NULL, NULL, NULL, NULL, NULL, 1599),
('AND', 1601, 'EXACT', -1, NULL, NULL, NULL, NULL),
('HAS', 1602, NULL, NULL, NULL, NULL, 1883, NULL),
('NOT', 1603, NULL, NULL, NULL, NULL, NULL, 1602),
('AND', 1604, 'EXACT', -1, NULL, NULL, NULL, NULL),
('HAS', 1605, NULL, NULL, NULL, NULL, 1883, NULL),
('NOT', 1606, NULL, NULL, NULL, NULL, NULL, 1605),
('AND', 1607, 'EXACT', -1, NULL, NULL, NULL, NULL),
('HAS', 1608, NULL, NULL, NULL, NULL, 1883, NULL),
('NOT', 1609, NULL, NULL, NULL, NULL, NULL, 1608),
('AND', 1610, 'EXACT', -1, NULL, NULL, NULL, NULL),
('HAS', 1611, NULL, NULL, NULL, NULL, 1883, NULL),
('NOT', 1612, NULL, NULL, NULL, NULL, NULL, 1611),
('AND', 1613, 'EXACT', -1, NULL, NULL, NULL, NULL),
('HAS', 1614, NULL, NULL, NULL, NULL, 1883, NULL),
('NOT', 1615, NULL, NULL, NULL, NULL, NULL, 1614),
('AND', 1616, 'EXACT', -1, NULL, NULL, NULL, NULL),
('HAS', 1617, NULL, NULL, NULL, NULL, 1883, NULL),
('NOT', 1618, NULL, NULL, NULL, NULL, NULL, 1617),
('AND', 1619, 'EXACT', -1, NULL, NULL, NULL, NULL),
('HAS', 1620, NULL, NULL, NULL, NULL, 1883, NULL),
('NOT', 1621, NULL, NULL, NULL, NULL, NULL, 1620),
('AND', 1622, 'EXACT', -1, NULL, NULL, NULL, NULL),
('HAS', 1623, NULL, NULL, NULL, NULL, 1883, NULL),
('NOT', 1624, NULL, NULL, NULL, NULL, NULL, 1623),
('AND', 1625, 'EXACT', -1, NULL, NULL, NULL, NULL),
('HAS', 1626, NULL, NULL, NULL, NULL, 1883, NULL),
('NOT', 1627, NULL, NULL, NULL, NULL, NULL, 1626),
('AND', 1628, 'EXACT', -1, NULL, NULL, NULL, NULL),
('HAS', 1629, NULL, NULL, NULL, NULL, 1883, NULL),
('NOT', 1630, NULL, NULL, NULL, NULL, NULL, 1629),
('AND', 1631, 'EXACT', -1, NULL, NULL, NULL, NULL),
('HAS', 1632, NULL, NULL, NULL, NULL, 1883, NULL),
('NOT', 1633, NULL, NULL, NULL, NULL, NULL, 1632),
('AND', 1634, 'EXACT', -1, NULL, NULL, NULL, NULL),
('HAS', 1635, NULL, NULL, NULL, NULL, 1883, NULL),
('NOT', 1636, NULL, NULL, NULL, NULL, NULL, 1635),
('AND', 1637, 'EXACT', -1, NULL, NULL, NULL, NULL),
('HAS', 1638, NULL, NULL, NULL, NULL, 1883, NULL),
('NOT', 1639, NULL, NULL, NULL, NULL, NULL, 1638),
('AND', 1640, 'EXACT', -1, NULL, NULL, NULL, NULL),
('HAS', 1641, NULL, NULL, NULL, NULL, 1883, NULL),
('NOT', 1642, NULL, NULL, NULL, NULL, NULL, 1641),
('AND', 1643, 'EXACT', -1, NULL, NULL, NULL, NULL),
('HAS', 1644, NULL, NULL, NULL, NULL, 1883, NULL),
('NOT', 1645, NULL, NULL, NULL, NULL, NULL, 1644),
('AND', 1646, 'EXACT', -1, NULL, NULL, NULL, NULL),
('HAS', 1647, NULL, NULL, NULL, NULL, 1883, NULL),
('NOT', 1648, NULL, NULL, NULL, NULL, NULL, 1647),
('AND', 1649, 'EXACT', -1, NULL, NULL, NULL, NULL),
('HAS', 1650, NULL, NULL, NULL, NULL, 1883, NULL),
('NOT', 1651, NULL, NULL, NULL, NULL, NULL, 1650),
('AND', 1652, 'EXACT', -1, NULL, NULL, NULL, NULL),
('HAS', 1653, NULL, NULL, NULL, NULL, 1883, NULL),
('NOT', 1654, NULL, NULL, NULL, NULL, NULL, 1653),
('AND', 1655, 'EXACT', -1, NULL, NULL, NULL, NULL),
('HAS', 1656, NULL, NULL, NULL, NULL, 1883, NULL),
('NOT', 1657, NULL, NULL, NULL, NULL, NULL, 1656),
('AND', 1658, 'EXACT', -1, NULL, NULL, NULL, NULL),
('HAS', 1659, NULL, NULL, NULL, NULL, 1883, NULL),
('NOT', 1660, NULL, NULL, NULL, NULL, NULL, 1659),
('AND', 1661, 'EXACT', -1, NULL, NULL, NULL, NULL),
('HAS', 1662, NULL, NULL, NULL, NULL, 1883, NULL),
('NOT', 1663, NULL, NULL, NULL, NULL, NULL, 1662),
('AND', 1664, 'EXACT', -1, NULL, NULL, NULL, NULL),
('HAS', 1665, NULL, NULL, NULL, NULL, 1883, NULL),
('NOT', 1666, NULL, NULL, NULL, NULL, NULL, 1665),
('AND', 1667, 'EXACT', -1, NULL, NULL, NULL, NULL),
('HAS', 1668, NULL, NULL, NULL, NULL, 1883, NULL),
('NOT', 1669, NULL, NULL, NULL, NULL, NULL, 1668),
('AND', 1670, 'EXACT', -1, NULL, NULL, NULL, NULL),
('HAS', 1671, NULL, NULL, NULL, NULL, 1883, NULL),
('NOT', 1672, NULL, NULL, NULL, NULL, NULL, 1671),
('AND', 1673, 'EXACT', -1, NULL, NULL, NULL, NULL),
('HAS', 1674, NULL, NULL, NULL, NULL, 1883, NULL),
('NOT', 1675, NULL, NULL, NULL, NULL, NULL, 1674),
('AND', 1676, 'EXACT', -1, NULL, NULL, NULL, NULL),
('HAS', 1677, NULL, NULL, NULL, NULL, 1883, NULL),
('NOT', 1678, NULL, NULL, NULL, NULL, NULL, 1677),
('AND', 1679, 'EXACT', -1, NULL, NULL, NULL, NULL),
('HAS', 1680, NULL, NULL, NULL, NULL, 1883, NULL),
('NOT', 1681, NULL, NULL, NULL, NULL, NULL, 1680),
('AND', 1682, 'EXACT', -1, NULL, NULL, NULL, NULL),
('HAS', 1683, NULL, NULL, NULL, NULL, 1883, NULL),
('NOT', 1684, NULL, NULL, NULL, NULL, NULL, 1683),
('AND', 1685, 'EXACT', -1, NULL, NULL, NULL, NULL),
('HAS', 1686, NULL, NULL, NULL, NULL, 1883, NULL),
('NOT', 1687, NULL, NULL, NULL, NULL, NULL, 1686),
('AND', 1688, 'EXACT', -1, NULL, NULL, NULL, NULL),
('HAS', 1689, NULL, NULL, NULL, NULL, 1883, NULL),
('NOT', 1690, NULL, NULL, NULL, NULL, NULL, 1689),
('AND', 1691, 'EXACT', -1, NULL, NULL, NULL, NULL),
('HAS', 1692, NULL, NULL, NULL, NULL, 1883, NULL),
('NOT', 1693, NULL, NULL, NULL, NULL, NULL, 1692),
('AND', 1694, 'EXACT', -1, NULL, NULL, NULL, NULL),
('HAS', 1695, NULL, NULL, NULL, NULL, 1883, NULL),
('NOT', 1696, NULL, NULL, NULL, NULL, NULL, 1695),
('AND', 1697, 'EXACT', -1, NULL, NULL, NULL, NULL),
('HAS', 1698, NULL, NULL, NULL, NULL, 1883, NULL),
('NOT', 1699, NULL, NULL, NULL, NULL, NULL, 1698),
('AND', 1700, 'EXACT', -1, NULL, NULL, NULL, NULL),
('HAS', 1701, NULL, NULL, NULL, NULL, 1883, NULL),
('NOT', 1702, NULL, NULL, NULL, NULL, NULL, 1701),
('AND', 1703, 'EXACT', -1, NULL, NULL, NULL, NULL),
('HAS', 1704, NULL, NULL, NULL, NULL, 1883, NULL),
('NOT', 1705, NULL, NULL, NULL, NULL, NULL, 1704),
('AND', 1706, 'EXACT', -1, NULL, NULL, NULL, NULL),
('HAS', 1707, NULL, NULL, NULL, NULL, 1883, NULL),
('NOT', 1708, NULL, NULL, NULL, NULL, NULL, 1707),
('AND', 1709, 'EXACT', -1, NULL, NULL, NULL, NULL),
('HAS', 1710, NULL, NULL, NULL, NULL, 1883, NULL),
('NOT', 1711, NULL, NULL, NULL, NULL, NULL, 1710),
('AND', 1712, 'EXACT', -1, NULL, NULL, NULL, NULL),
('HAS', 1713, NULL, NULL, NULL, NULL, 1883, NULL),
('NOT', 1714, NULL, NULL, NULL, NULL, NULL, 1713),
('AND', 1715, 'EXACT', -1, NULL, NULL, NULL, NULL),
('HAS', 1716, NULL, NULL, NULL, NULL, 1883, NULL),
('NOT', 1717, NULL, NULL, NULL, NULL, NULL, 1716),
('AND', 1718, 'EXACT', -1, NULL, NULL, NULL, NULL),
('HAS', 1719, NULL, NULL, NULL, NULL, 1883, NULL),
('NOT', 1720, NULL, NULL, NULL, NULL, NULL, 1719),
('AND', 1721, 'EXACT', -1, NULL, NULL, NULL, NULL),
('HAS', 1722, NULL, NULL, NULL, NULL, 1883, NULL),
('NOT', 1723, NULL, NULL, NULL, NULL, NULL, 1722),
('AND', 1724, 'EXACT', -1, NULL, NULL, NULL, NULL),
('HAS', 1725, NULL, NULL, NULL, NULL, 1883, NULL),
('NOT', 1726, NULL, NULL, NULL, NULL, NULL, 1725),
('AND', 1727, 'EXACT', -1, NULL, NULL, NULL, NULL),
('HAS', 1728, NULL, NULL, NULL, NULL, 1883, NULL),
('NOT', 1729, NULL, NULL, NULL, NULL, NULL, 1728),
('AND', 1730, 'EXACT', -1, NULL, NULL, NULL, NULL),
('HAS', 1731, NULL, NULL, NULL, NULL, 1883, NULL),
('NOT', 1732, NULL, NULL, NULL, NULL, NULL, 1731),
('AND', 1733, 'EXACT', -1, NULL, NULL, NULL, NULL),
('HAS', 1734, NULL, NULL, NULL, NULL, 1883, NULL),
('NOT', 1735, NULL, NULL, NULL, NULL, NULL, 1734),
('AND', 1736, 'EXACT', -1, NULL, NULL, NULL, NULL),
('HAS', 1737, NULL, NULL, NULL, NULL, 1883, NULL),
('NOT', 1738, NULL, NULL, NULL, NULL, NULL, 1737),
('AND', 1739, 'EXACT', -1, NULL, NULL, NULL, NULL),
('HAS', 1740, NULL, NULL, NULL, NULL, 1883, NULL),
('NOT', 1741, NULL, NULL, NULL, NULL, NULL, 1740),
('AND', 1742, 'EXACT', -1, NULL, NULL, NULL, NULL),
('HAS', 1743, NULL, NULL, NULL, NULL, 1883, NULL),
('NOT', 1744, NULL, NULL, NULL, NULL, NULL, 1743),
('AND', 1745, 'EXACT', -1, NULL, NULL, NULL, NULL),
('HAS', 1746, NULL, NULL, NULL, NULL, 1883, NULL),
('NOT', 1747, NULL, NULL, NULL, NULL, NULL, 1746),
('AND', 1748, 'EXACT', -1, NULL, NULL, NULL, NULL),
('HAS', 1749, NULL, NULL, NULL, NULL, 1883, NULL),
('NOT', 1750, NULL, NULL, NULL, NULL, NULL, 1749),
('AND', 1751, 'EXACT', -1, NULL, NULL, NULL, NULL),
('HAS', 1752, NULL, NULL, NULL, NULL, 1883, NULL),
('NOT', 1753, NULL, NULL, NULL, NULL, NULL, 1752),
('AND', 1754, 'EXACT', -1, NULL, NULL, NULL, NULL),
('HAS', 1755, NULL, NULL, NULL, NULL, 1883, NULL),
('NOT', 1756, NULL, NULL, NULL, NULL, NULL, 1755),
('AND', 1757, 'EXACT', -1, NULL, NULL, NULL, NULL),
('HAS', 1758, NULL, NULL, NULL, NULL, 1883, NULL),
('NOT', 1759, NULL, NULL, NULL, NULL, NULL, 1758),
('AND', 1760, 'EXACT', -1, NULL, NULL, NULL, NULL),
('HAS', 1761, NULL, NULL, NULL, NULL, 1883, NULL),
('NOT', 1762, NULL, NULL, NULL, NULL, NULL, 1761),
('AND', 1763, 'EXACT', -1, NULL, NULL, NULL, NULL),
('HAS', 1764, NULL, NULL, NULL, NULL, 1883, NULL),
('NOT', 1765, NULL, NULL, NULL, NULL, NULL, 1764),
('AND', 1766, 'EXACT', -1, NULL, NULL, NULL, NULL),
('HAS', 1767, NULL, NULL, NULL, NULL, 1883, NULL),
('NOT', 1768, NULL, NULL, NULL, NULL, NULL, 1767),
('AND', 1769, 'EXACT', -1, NULL, NULL, NULL, NULL),
('HAS', 1770, NULL, NULL, NULL, NULL, 1883, NULL),
('NOT', 1771, NULL, NULL, NULL, NULL, NULL, 1770),
('AND', 1772, 'EXACT', -1, NULL, NULL, NULL, NULL),
('HAS', 1773, NULL, NULL, NULL, NULL, 1883, NULL),
('NOT', 1774, NULL, NULL, NULL, NULL, NULL, 1773),
('AND', 1775, 'EXACT', -1, NULL, NULL, NULL, NULL),
('HAS', 1776, NULL, NULL, NULL, NULL, 1883, NULL),
('NOT', 1777, NULL, NULL, NULL, NULL, NULL, 1776),
('AND', 1778, 'EXACT', -1, NULL, NULL, NULL, NULL),
('HAS', 1779, NULL, NULL, NULL, NULL, 1883, NULL),
('NOT', 1780, NULL, NULL, NULL, NULL, NULL, 1779),
('AND', 1781, 'EXACT', -1, NULL, NULL, NULL, NULL),
('HAS', 1782, NULL, NULL, NULL, NULL, 1883, NULL),
('NOT', 1783, NULL, NULL, NULL, NULL, NULL, 1782),
('AND', 1784, 'EXACT', -1, NULL, NULL, NULL, NULL),
('HAS', 1785, NULL, NULL, NULL, NULL, 1883, NULL),
('NOT', 1786, NULL, NULL, NULL, NULL, NULL, 1785),
('AND', 1787, 'EXACT', -1, NULL, NULL, NULL, NULL),
('HAS', 1788, NULL, NULL, NULL, NULL, 1883, NULL),
('NOT', 1789, NULL, NULL, NULL, NULL, NULL, 1788),
('AND', 1790, 'EXACT', -1, NULL, NULL, NULL, NULL),
('HAS', 1791, NULL, NULL, NULL, NULL, 1883, NULL),
('NOT', 1792, NULL, NULL, NULL, NULL, NULL, 1791),
('AND', 1793, 'EXACT', -1, NULL, NULL, NULL, NULL),
('HAS', 1794, NULL, NULL, NULL, NULL, 1883, NULL),
('NOT', 1795, NULL, NULL, NULL, NULL, NULL, 1794),
('AND', 1796, 'EXACT', -1, NULL, NULL, NULL, NULL),
('HAS', 1797, NULL, NULL, NULL, NULL, 1883, NULL),
('NOT', 1798, NULL, NULL, NULL, NULL, NULL, 1797),
('AND', 1799, 'EXACT', -1, NULL, NULL, NULL, NULL),
('HAS', 1800, NULL, NULL, NULL, NULL, 1883, NULL),
('NOT', 1801, NULL, NULL, NULL, NULL, NULL, 1800),
('AND', 1802, 'EXACT', -1, NULL, NULL, NULL, NULL),
('HAS', 1803, NULL, NULL, NULL, NULL, 1883, NULL),
('NOT', 1804, NULL, NULL, NULL, NULL, NULL, 1803),
('AND', 1805, 'EXACT', -1, NULL, NULL, NULL, NULL),
('HAS', 1806, NULL, NULL, NULL, NULL, 1883, NULL),
('NOT', 1807, NULL, NULL, NULL, NULL, NULL, 1806),
('AND', 1808, 'EXACT', -1, NULL, NULL, NULL, NULL),
('HAS', 1809, NULL, NULL, NULL, NULL, 1883, NULL),
('NOT', 1810, NULL, NULL, NULL, NULL, NULL, 1809),
('AND', 1811, 'EXACT', -1, NULL, NULL, NULL, NULL),
('HAS', 1812, NULL, NULL, NULL, NULL, 1883, NULL),
('NOT', 1813, NULL, NULL, NULL, NULL, NULL, 1812),
('AND', 1814, 'EXACT', -1, NULL, NULL, NULL, NULL),
('HAS', 1815, NULL, NULL, NULL, NULL, 1883, NULL),
('NOT', 1816, NULL, NULL, NULL, NULL, NULL, 1815),
('AND', 1817, 'EXACT', -1, NULL, NULL, NULL, NULL),
('HAS', 1818, NULL, NULL, NULL, NULL, 1883, NULL),
('NOT', 1819, NULL, NULL, NULL, NULL, NULL, 1818),
('AND', 1820, 'EXACT', -1, NULL, NULL, NULL, NULL),
('HAS', 1821, NULL, NULL, NULL, NULL, 1883, NULL),
('NOT', 1822, NULL, NULL, NULL, NULL, NULL, 1821),
('AND', 1823, 'EXACT', -1, NULL, NULL, NULL, NULL),
('HAS', 1824, NULL, NULL, NULL, NULL, 1883, NULL),
('NOT', 1825, NULL, NULL, NULL, NULL, NULL, 1824),
('AND', 1826, 'EXACT', -1, NULL, NULL, NULL, NULL),
('HAS', 1827, NULL, NULL, NULL, NULL, 1883, NULL),
('NOT', 1828, NULL, NULL, NULL, NULL, NULL, 1827),
('AND', 1829, 'EXACT', -1, NULL, NULL, NULL, NULL),
('HAS', 1830, NULL, NULL, NULL, NULL, 1883, NULL),
('NOT', 1831, NULL, NULL, NULL, NULL, NULL, 1830),
('AND', 1832, 'EXACT', -1, NULL, NULL, NULL, NULL),
('HAS', 1833, NULL, NULL, NULL, NULL, 1883, NULL),
('NOT', 1834, NULL, NULL, NULL, NULL, NULL, 1833),
('AND', 1835, 'EXACT', -1, NULL, NULL, NULL, NULL),
('HAS', 1836, NULL, NULL, NULL, NULL, 1883, NULL),
('NOT', 1837, NULL, NULL, NULL, NULL, NULL, 1836),
('AND', 1838, 'EXACT', -1, NULL, NULL, NULL, NULL),
('HAS', 1839, NULL, NULL, NULL, NULL, 1883, NULL),
('NOT', 1840, NULL, NULL, NULL, NULL, NULL, 1839),
('OR', 1841, 'MINIMUM', 1, NULL, NULL, NULL, NULL),
('OR', 1842, 'MINIMUM', 1, NULL, NULL, NULL, NULL),
('OR', 1843, 'MINIMUM', 1, NULL, NULL, NULL, NULL),
('HAS', 1844, NULL, NULL, NULL, NULL, 1771, NULL),
('OR', 1845, 'MINIMUM', 1, NULL, NULL, NULL, NULL),
('HAS', 1846, NULL, NULL, NULL, NULL, 1785, NULL),
('NOT', 1847, NULL, NULL, NULL, NULL, NULL, 1846),
('HAS', 1848, NULL, NULL, NULL, NULL, 1788, NULL),
('NOT', 1849, NULL, NULL, NULL, NULL, NULL, 1848),
('HAS', 1850, NULL, NULL, NULL, NULL, 1790, NULL),
('HAS', 1851, NULL, NULL, NULL, NULL, 2180, NULL),
('NOT', 1852, NULL, NULL, NULL, NULL, NULL, 1845),
('AND', 1853, 'EXACT', -1, NULL, NULL, NULL, NULL),
('HAS', 1854, NULL, NULL, NULL, NULL, 1363, NULL),
('NOT', 1855, NULL, NULL, NULL, NULL, NULL, 1854),
('OR', 1856, 'MINIMUM', 1, NULL, NULL, NULL, NULL),
('HAS', 1857, NULL, NULL, NULL, NULL, 1784, NULL),
('NOT', 1858, NULL, NULL, NULL, NULL, NULL, 1857),
('HAS', 1859, NULL, NULL, NULL, NULL, 1791, NULL),
('HAS', 1860, NULL, NULL, NULL, NULL, 2180, NULL),
('NOT', 1861, NULL, NULL, NULL, NULL, NULL, 1856),
('HAS', 1862, NULL, NULL, NULL, NULL, 1881, NULL),
('NOT', 1863, NULL, NULL, NULL, NULL, NULL, 1862),
('HAS', 1864, NULL, NULL, NULL, NULL, 1792, NULL),
('NOT', 1865, NULL, NULL, NULL, NULL, NULL, 1864),
('HAS', 1866, NULL, NULL, NULL, NULL, 1792, NULL),
('NOT', 1867, NULL, NULL, NULL, NULL, NULL, 1866),
('HAS', 1868, NULL, NULL, NULL, NULL, 1792, NULL),
('NOT', 1869, NULL, NULL, NULL, NULL, NULL, 1868),
('HAS', 1870, NULL, NULL, NULL, NULL, 1846, NULL),
('NOT', 1871, NULL, NULL, NULL, NULL, NULL, 1870),
('HAS', 1872, NULL, NULL, NULL, NULL, 1846, NULL),
('NOT', 1873, NULL, NULL, NULL, NULL, NULL, 1872),
('HAS', 1874, NULL, NULL, NULL, NULL, 1846, NULL),
('NOT', 1875, NULL, NULL, NULL, NULL, NULL, 1874),
('HAS', 1876, NULL, NULL, NULL, NULL, 1846, NULL),
('NOT', 1877, NULL, NULL, NULL, NULL, NULL, 1876),
('AND', 1878, 'EXACT', -1, NULL, NULL, NULL, NULL),
('HAS', 1879, NULL, NULL, NULL, NULL, 1806, NULL),
('NOT', 1880, NULL, NULL, NULL, NULL, NULL, 1879),
('AND', 1881, 'EXACT', -1, NULL, NULL, NULL, NULL),
('HAS', 1882, NULL, NULL, NULL, NULL, 1806, NULL),
('NOT', 1883, NULL, NULL, NULL, NULL, NULL, 1882),
('AND', 1884, 'EXACT', -1, NULL, NULL, NULL, NULL),
('HAS', 1885, NULL, NULL, NULL, NULL, 1806, NULL),
('NOT', 1886, NULL, NULL, NULL, NULL, NULL, 1885),
('HAS', 1887, NULL, NULL, NULL, NULL, 1796, NULL),
('NOT', 1888, NULL, NULL, NULL, NULL, NULL, 1887),
('HAS', 1889, NULL, NULL, NULL, NULL, 1796, NULL),
('NOT', 1890, NULL, NULL, NULL, NULL, NULL, 1889),
('HAS', 1891, NULL, NULL, NULL, NULL, 1796, NULL),
('NOT', 1892, NULL, NULL, NULL, NULL, NULL, 1891),
('HAS', 1893, NULL, NULL, NULL, NULL, 1872, NULL),
('NOT', 1894, NULL, NULL, NULL, NULL, NULL, 1893),
('OR', 1895, 'MINIMUM', 1, NULL, NULL, NULL, NULL),
('HAS', 1896, NULL, NULL, NULL, NULL, 1048, NULL),
('NOT', 1897, NULL, NULL, NULL, NULL, NULL, 1896),
('HAS', 1898, NULL, NULL, NULL, NULL, 1814, NULL),
('NOT', 1899, NULL, NULL, NULL, NULL, NULL, 1898),
('HAS', 1900, NULL, NULL, NULL, NULL, 1873, NULL),
('HAS', 1901, NULL, NULL, NULL, NULL, 2167, NULL),
('NOT', 1902, NULL, NULL, NULL, NULL, NULL, 1895),
('HAS', 1903, NULL, NULL, NULL, NULL, 1883, NULL),
('NOT', 1904, NULL, NULL, NULL, NULL, NULL, 1903),
('HAS', 1905, NULL, NULL, NULL, NULL, 1883, NULL),
('NOT', 1906, NULL, NULL, NULL, NULL, NULL, 1905),
('HAS', 1907, NULL, NULL, NULL, NULL, 1883, NULL),
('NOT', 1908, NULL, NULL, NULL, NULL, NULL, 1907),
('HAS', 1909, NULL, NULL, NULL, NULL, 1883, NULL),
('NOT', 1910, NULL, NULL, NULL, NULL, NULL, 1909),
('HAS', 1911, NULL, NULL, NULL, NULL, 1883, NULL),
('NOT', 1912, NULL, NULL, NULL, NULL, NULL, 1911),
('HAS', 1913, NULL, NULL, NULL, NULL, 1883, NULL),
('NOT', 1914, NULL, NULL, NULL, NULL, NULL, 1913),
('HAS', 1915, NULL, NULL, NULL, NULL, 1883, NULL),
('NOT', 1916, NULL, NULL, NULL, NULL, NULL, 1915),
('HAS', 1917, NULL, NULL, NULL, NULL, 1883, NULL),
('NOT', 1918, NULL, NULL, NULL, NULL, NULL, 1917),
('HAS', 1919, NULL, NULL, NULL, NULL, 1883, NULL),
('NOT', 1920, NULL, NULL, NULL, NULL, NULL, 1919),
('HAS', 1921, NULL, NULL, NULL, NULL, 1883, NULL),
('NOT', 1922, NULL, NULL, NULL, NULL, NULL, 1921),
('HAS', 1923, NULL, NULL, NULL, NULL, 1883, NULL),
('NOT', 1924, NULL, NULL, NULL, NULL, NULL, 1923),
('HAS', 1925, NULL, NULL, NULL, NULL, 1883, NULL),
('NOT', 1926, NULL, NULL, NULL, NULL, NULL, 1925),
('HAS', 1927, NULL, NULL, NULL, NULL, 1883, NULL),
('NOT', 1928, NULL, NULL, NULL, NULL, NULL, 1927),
('HAS', 1929, NULL, NULL, NULL, NULL, 1883, NULL),
('NOT', 1930, NULL, NULL, NULL, NULL, NULL, 1929),
('HAS', 1931, NULL, NULL, NULL, NULL, 1883, NULL),
('NOT', 1932, NULL, NULL, NULL, NULL, NULL, 1931),
('HAS', 1933, NULL, NULL, NULL, NULL, 1883, NULL),
('NOT', 1934, NULL, NULL, NULL, NULL, NULL, 1933),
('HAS', 1935, NULL, NULL, NULL, NULL, 1883, NULL),
('NOT', 1936, NULL, NULL, NULL, NULL, NULL, 1935),
('HAS', 1937, NULL, NULL, NULL, NULL, 1883, NULL),
('NOT', 1938, NULL, NULL, NULL, NULL, NULL, 1937),
('HAS', 1939, NULL, NULL, NULL, NULL, 1883, NULL),
('NOT', 1940, NULL, NULL, NULL, NULL, NULL, 1939),
('HAS', 1941, NULL, NULL, NULL, NULL, 1883, NULL),
('NOT', 1942, NULL, NULL, NULL, NULL, NULL, 1941),
('HAS', 1943, NULL, NULL, NULL, NULL, 1883, NULL),
('NOT', 1944, NULL, NULL, NULL, NULL, NULL, 1943),
('HAS', 1945, NULL, NULL, NULL, NULL, 1883, NULL),
('NOT', 1946, NULL, NULL, NULL, NULL, NULL, 1945),
('HAS', 1947, NULL, NULL, NULL, NULL, 1883, NULL),
('NOT', 1948, NULL, NULL, NULL, NULL, NULL, 1947),
('HAS', 1949, NULL, NULL, NULL, NULL, 1883, NULL),
('NOT', 1950, NULL, NULL, NULL, NULL, NULL, 1949),
('HAS', 1951, NULL, NULL, NULL, NULL, 1883, NULL),
('NOT', 1952, NULL, NULL, NULL, NULL, NULL, 1951),
('HAS', 1953, NULL, NULL, NULL, NULL, 1883, NULL),
('NOT', 1954, NULL, NULL, NULL, NULL, NULL, 1953),
('HAS', 1955, NULL, NULL, NULL, NULL, 1883, NULL),
('NOT', 1956, NULL, NULL, NULL, NULL, NULL, 1955),
('HAS', 1957, NULL, NULL, NULL, NULL, 1883, NULL),
('NOT', 1958, NULL, NULL, NULL, NULL, NULL, 1957),
('HAS', 1959, NULL, NULL, NULL, NULL, 1883, NULL),
('NOT', 1960, NULL, NULL, NULL, NULL, NULL, 1959),
('HAS', 1961, NULL, NULL, NULL, NULL, 1883, NULL),
('NOT', 1962, NULL, NULL, NULL, NULL, NULL, 1961),
('HAS', 1963, NULL, NULL, NULL, NULL, 1883, NULL),
('NOT', 1964, NULL, NULL, NULL, NULL, NULL, 1963),
('HAS', 1965, NULL, NULL, NULL, NULL, 1883, NULL),
('NOT', 1966, NULL, NULL, NULL, NULL, NULL, 1965),
('HAS', 1967, NULL, NULL, NULL, NULL, 1883, NULL),
('NOT', 1968, NULL, NULL, NULL, NULL, NULL, 1967),
('HAS', 1969, NULL, NULL, NULL, NULL, 1883, NULL),
('NOT', 1970, NULL, NULL, NULL, NULL, NULL, 1969),
('HAS', 1971, NULL, NULL, NULL, NULL, 1883, NULL),
('NOT', 1972, NULL, NULL, NULL, NULL, NULL, 1971),
('HAS', 1973, NULL, NULL, NULL, NULL, 1883, NULL),
('NOT', 1974, NULL, NULL, NULL, NULL, NULL, 1973),
('HAS', 1975, NULL, NULL, NULL, NULL, 1883, NULL),
('NOT', 1976, NULL, NULL, NULL, NULL, NULL, 1975),
('HAS', 1977, NULL, NULL, NULL, NULL, 1883, NULL),
('NOT', 1978, NULL, NULL, NULL, NULL, NULL, 1977),
('HAS', 1979, NULL, NULL, NULL, NULL, 1883, NULL),
('NOT', 1980, NULL, NULL, NULL, NULL, NULL, 1979),
('HAS', 1981, NULL, NULL, NULL, NULL, 1883, NULL),
('NOT', 1982, NULL, NULL, NULL, NULL, NULL, 1981),
('HAS', 1983, NULL, NULL, NULL, NULL, 1883, NULL),
('NOT', 1984, NULL, NULL, NULL, NULL, NULL, 1983),
('HAS', 1985, NULL, NULL, NULL, NULL, 1883, NULL),
('NOT', 1986, NULL, NULL, NULL, NULL, NULL, 1985),
('HAS', 1987, NULL, NULL, NULL, NULL, 1883, NULL),
('NOT', 1988, NULL, NULL, NULL, NULL, NULL, 1987),
('HAS', 1989, NULL, NULL, NULL, NULL, 1883, NULL),
('NOT', 1990, NULL, NULL, NULL, NULL, NULL, 1989),
('HAS', 1991, NULL, NULL, NULL, NULL, 1883, NULL),
('NOT', 1992, NULL, NULL, NULL, NULL, NULL, 1991),
('HAS', 1993, NULL, NULL, NULL, NULL, 1883, NULL),
('NOT', 1994, NULL, NULL, NULL, NULL, NULL, 1993),
('HAS', 1995, NULL, NULL, NULL, NULL, 1883, NULL),
('NOT', 1996, NULL, NULL, NULL, NULL, NULL, 1995),
('HAS', 1997, NULL, NULL, NULL, NULL, 1883, NULL),
('NOT', 1998, NULL, NULL, NULL, NULL, NULL, 1997),
('HAS', 1999, NULL, NULL, NULL, NULL, 1883, NULL),
('NOT', 2000, NULL, NULL, NULL, NULL, NULL, 1999),
('HAS', 2001, NULL, NULL, NULL, NULL, 1883, NULL),
('NOT', 2002, NULL, NULL, NULL, NULL, NULL, 2001),
('HAS', 2003, NULL, NULL, NULL, NULL, 1883, NULL),
('NOT', 2004, NULL, NULL, NULL, NULL, NULL, 2003),
('HAS', 2005, NULL, NULL, NULL, NULL, 1883, NULL),
('NOT', 2006, NULL, NULL, NULL, NULL, NULL, 2005),
('HAS', 2007, NULL, NULL, NULL, NULL, 1883, NULL),
('NOT', 2008, NULL, NULL, NULL, NULL, NULL, 2007),
('HAS', 2009, NULL, NULL, NULL, NULL, 1883, NULL),
('NOT', 2010, NULL, NULL, NULL, NULL, NULL, 2009),
('HAS', 2011, NULL, NULL, NULL, NULL, 1883, NULL),
('NOT', 2012, NULL, NULL, NULL, NULL, NULL, 2011),
('HAS', 2013, NULL, NULL, NULL, NULL, 1883, NULL),
('NOT', 2014, NULL, NULL, NULL, NULL, NULL, 2013),
('HAS', 2015, NULL, NULL, NULL, NULL, 1883, NULL),
('NOT', 2016, NULL, NULL, NULL, NULL, NULL, 2015),
('HAS', 2017, NULL, NULL, NULL, NULL, 1883, NULL),
('NOT', 2018, NULL, NULL, NULL, NULL, NULL, 2017),
('HAS', 2019, NULL, NULL, NULL, NULL, 1883, NULL),
('NOT', 2020, NULL, NULL, NULL, NULL, NULL, 2019),
('HAS', 2021, NULL, NULL, NULL, NULL, 1883, NULL),
('NOT', 2022, NULL, NULL, NULL, NULL, NULL, 2021),
('HAS', 2023, NULL, NULL, NULL, NULL, 1883, NULL),
('NOT', 2024, NULL, NULL, NULL, NULL, NULL, 2023),
('HAS', 2025, NULL, NULL, NULL, NULL, 1883, NULL),
('NOT', 2026, NULL, NULL, NULL, NULL, NULL, 2025),
('HAS', 2027, NULL, NULL, NULL, NULL, 1883, NULL),
('NOT', 2028, NULL, NULL, NULL, NULL, NULL, 2027),
('HAS', 2029, NULL, NULL, NULL, NULL, 1883, NULL),
('NOT', 2030, NULL, NULL, NULL, NULL, NULL, 2029),
('HAS', 2031, NULL, NULL, NULL, NULL, 1883, NULL),
('NOT', 2032, NULL, NULL, NULL, NULL, NULL, 2031),
('HAS', 2033, NULL, NULL, NULL, NULL, 1883, NULL),
('NOT', 2034, NULL, NULL, NULL, NULL, NULL, 2033),
('HAS', 2035, NULL, NULL, NULL, NULL, 1883, NULL),
('NOT', 2036, NULL, NULL, NULL, NULL, NULL, 2035),
('HAS', 2037, NULL, NULL, NULL, NULL, 1883, NULL),
('NOT', 2038, NULL, NULL, NULL, NULL, NULL, 2037),
('HAS', 2039, NULL, NULL, NULL, NULL, 1883, NULL),
('NOT', 2040, NULL, NULL, NULL, NULL, NULL, 2039),
('HAS', 2041, NULL, NULL, NULL, NULL, 1883, NULL),
('NOT', 2042, NULL, NULL, NULL, NULL, NULL, 2041),
('HAS', 2043, NULL, NULL, NULL, NULL, 1883, NULL),
('NOT', 2044, NULL, NULL, NULL, NULL, NULL, 2043),
('HAS', 2045, NULL, NULL, NULL, NULL, 1883, NULL),
('NOT', 2046, NULL, NULL, NULL, NULL, NULL, 2045),
('HAS', 2047, NULL, NULL, NULL, NULL, 1883, NULL),
('NOT', 2048, NULL, NULL, NULL, NULL, NULL, 2047),
('HAS', 2049, NULL, NULL, NULL, NULL, 1883, NULL),
('NOT', 2050, NULL, NULL, NULL, NULL, NULL, 2049),
('HAS', 2051, NULL, NULL, NULL, NULL, 1883, NULL),
('NOT', 2052, NULL, NULL, NULL, NULL, NULL, 2051),
('HAS', 2053, NULL, NULL, NULL, NULL, 1883, NULL),
('NOT', 2054, NULL, NULL, NULL, NULL, NULL, 2053),
('HAS', 2055, NULL, NULL, NULL, NULL, 1883, NULL),
('NOT', 2056, NULL, NULL, NULL, NULL, NULL, 2055),
('HAS', 2057, NULL, NULL, NULL, NULL, 1883, NULL),
('NOT', 2058, NULL, NULL, NULL, NULL, NULL, 2057),
('HAS', 2059, NULL, NULL, NULL, NULL, 1883, NULL),
('NOT', 2060, NULL, NULL, NULL, NULL, NULL, 2059),
('HAS', 2061, NULL, NULL, NULL, NULL, 1883, NULL),
('NOT', 2062, NULL, NULL, NULL, NULL, NULL, 2061),
('HAS', 2063, NULL, NULL, NULL, NULL, 1883, NULL),
('NOT', 2064, NULL, NULL, NULL, NULL, NULL, 2063),
('HAS', 2065, NULL, NULL, NULL, NULL, 1883, NULL),
('NOT', 2066, NULL, NULL, NULL, NULL, NULL, 2065),
('HAS', 2067, NULL, NULL, NULL, NULL, 1883, NULL),
('NOT', 2068, NULL, NULL, NULL, NULL, NULL, 2067),
('HAS', 2069, NULL, NULL, NULL, NULL, 1883, NULL),
('NOT', 2070, NULL, NULL, NULL, NULL, NULL, 2069),
('HAS', 2071, NULL, NULL, NULL, NULL, 1883, NULL),
('NOT', 2072, NULL, NULL, NULL, NULL, NULL, 2071),
('HAS', 2073, NULL, NULL, NULL, NULL, 1883, NULL),
('NOT', 2074, NULL, NULL, NULL, NULL, NULL, 2073),
('HAS', 2075, NULL, NULL, NULL, NULL, 1883, NULL),
('NOT', 2076, NULL, NULL, NULL, NULL, NULL, 2075),
('HAS', 2077, NULL, NULL, NULL, NULL, 1883, NULL),
('NOT', 2078, NULL, NULL, NULL, NULL, NULL, 2077),
('HAS', 2079, NULL, NULL, NULL, NULL, 1883, NULL),
('NOT', 2080, NULL, NULL, NULL, NULL, NULL, 2079),
('HAS', 2081, NULL, NULL, NULL, NULL, 1883, NULL),
('NOT', 2082, NULL, NULL, NULL, NULL, NULL, 2081),
('HAS', 2083, NULL, NULL, NULL, NULL, 1883, NULL),
('NOT', 2084, NULL, NULL, NULL, NULL, NULL, 2083),
('HAS', 2085, NULL, NULL, NULL, NULL, 1883, NULL),
('NOT', 2086, NULL, NULL, NULL, NULL, NULL, 2085),
('HAS', 2087, NULL, NULL, NULL, NULL, 1883, NULL),
('NOT', 2088, NULL, NULL, NULL, NULL, NULL, 2087),
('HAS', 2089, NULL, NULL, NULL, NULL, 1883, NULL),
('NOT', 2090, NULL, NULL, NULL, NULL, NULL, 2089),
('HAS', 2091, NULL, NULL, NULL, NULL, 1883, NULL),
('NOT', 2092, NULL, NULL, NULL, NULL, NULL, 2091),
('HAS', 2093, NULL, NULL, NULL, NULL, 1883, NULL),
('NOT', 2094, NULL, NULL, NULL, NULL, NULL, 2093),
('HAS', 2095, NULL, NULL, NULL, NULL, 1883, NULL),
('NOT', 2096, NULL, NULL, NULL, NULL, NULL, 2095);
INSERT INTO `conditions` (`type`, `id`, `comparison`, `n`, `modifier`, `level_check_id`, `property_id`, `not_id`) VALUES
('HAS', 2097, NULL, NULL, NULL, NULL, 1883, NULL),
('NOT', 2098, NULL, NULL, NULL, NULL, NULL, 2097),
('HAS', 2099, NULL, NULL, NULL, NULL, 1883, NULL),
('NOT', 2100, NULL, NULL, NULL, NULL, NULL, 2099),
('HAS', 2101, NULL, NULL, NULL, NULL, 1883, NULL),
('NOT', 2102, NULL, NULL, NULL, NULL, NULL, 2101),
('HAS', 2103, NULL, NULL, NULL, NULL, 1883, NULL),
('NOT', 2104, NULL, NULL, NULL, NULL, NULL, 2103),
('HAS', 2105, NULL, NULL, NULL, NULL, 1883, NULL),
('NOT', 2106, NULL, NULL, NULL, NULL, NULL, 2105),
('HAS', 2107, NULL, NULL, NULL, NULL, 1883, NULL),
('NOT', 2108, NULL, NULL, NULL, NULL, NULL, 2107),
('HAS', 2109, NULL, NULL, NULL, NULL, 1883, NULL),
('NOT', 2110, NULL, NULL, NULL, NULL, NULL, 2109),
('HAS', 2111, NULL, NULL, NULL, NULL, 1883, NULL),
('NOT', 2112, NULL, NULL, NULL, NULL, NULL, 2111),
('HAS', 2113, NULL, NULL, NULL, NULL, 1883, NULL),
('NOT', 2114, NULL, NULL, NULL, NULL, NULL, 2113),
('HAS', 2115, NULL, NULL, NULL, NULL, 1883, NULL),
('NOT', 2116, NULL, NULL, NULL, NULL, NULL, 2115),
('HAS', 2117, NULL, NULL, NULL, NULL, 1883, NULL),
('NOT', 2118, NULL, NULL, NULL, NULL, NULL, 2117),
('HAS', 2119, NULL, NULL, NULL, NULL, 1883, NULL),
('NOT', 2120, NULL, NULL, NULL, NULL, NULL, 2119),
('HAS', 2121, NULL, NULL, NULL, NULL, 1883, NULL),
('NOT', 2122, NULL, NULL, NULL, NULL, NULL, 2121),
('HAS', 2123, NULL, NULL, NULL, NULL, 1883, NULL),
('NOT', 2124, NULL, NULL, NULL, NULL, NULL, 2123),
('HAS', 2125, NULL, NULL, NULL, NULL, 1883, NULL),
('NOT', 2126, NULL, NULL, NULL, NULL, NULL, 2125),
('HAS', 2127, NULL, NULL, NULL, NULL, 1883, NULL),
('NOT', 2128, NULL, NULL, NULL, NULL, NULL, 2127),
('HAS', 2129, NULL, NULL, NULL, NULL, 1883, NULL),
('NOT', 2130, NULL, NULL, NULL, NULL, NULL, 2129),
('HAS', 2131, NULL, NULL, NULL, NULL, 1883, NULL),
('NOT', 2132, NULL, NULL, NULL, NULL, NULL, 2131),
('HAS', 2133, NULL, NULL, NULL, NULL, 1883, NULL),
('NOT', 2134, NULL, NULL, NULL, NULL, NULL, 2133),
('HAS', 2135, NULL, NULL, NULL, NULL, 1883, NULL),
('NOT', 2136, NULL, NULL, NULL, NULL, NULL, 2135),
('HAS', 2137, NULL, NULL, NULL, NULL, 1883, NULL),
('NOT', 2138, NULL, NULL, NULL, NULL, NULL, 2137),
('HAS', 2139, NULL, NULL, NULL, NULL, 1883, NULL),
('NOT', 2140, NULL, NULL, NULL, NULL, NULL, 2139),
('HAS', 2141, NULL, NULL, NULL, NULL, 1883, NULL),
('NOT', 2142, NULL, NULL, NULL, NULL, NULL, 2141),
('HAS', 2143, NULL, NULL, NULL, NULL, 1883, NULL),
('NOT', 2144, NULL, NULL, NULL, NULL, NULL, 2143),
('HAS', 2145, NULL, NULL, NULL, NULL, 1883, NULL),
('NOT', 2146, NULL, NULL, NULL, NULL, NULL, 2145),
('HAS', 2147, NULL, NULL, NULL, NULL, 1883, NULL),
('NOT', 2148, NULL, NULL, NULL, NULL, NULL, 2147),
('HAS', 2149, NULL, NULL, NULL, NULL, 1883, NULL),
('NOT', 2150, NULL, NULL, NULL, NULL, NULL, 2149),
('HAS', 2151, NULL, NULL, NULL, NULL, 1883, NULL),
('NOT', 2152, NULL, NULL, NULL, NULL, NULL, 2151),
('HAS', 2153, NULL, NULL, NULL, NULL, 1883, NULL),
('NOT', 2154, NULL, NULL, NULL, NULL, NULL, 2153),
('HAS', 2155, NULL, NULL, NULL, NULL, 1883, NULL),
('NOT', 2156, NULL, NULL, NULL, NULL, NULL, 2155),
('HAS', 2157, NULL, NULL, NULL, NULL, 1883, NULL),
('NOT', 2158, NULL, NULL, NULL, NULL, NULL, 2157),
('HAS', 2159, NULL, NULL, NULL, NULL, 1883, NULL),
('NOT', 2160, NULL, NULL, NULL, NULL, NULL, 2159),
('HAS', 2161, NULL, NULL, NULL, NULL, 1883, NULL),
('NOT', 2162, NULL, NULL, NULL, NULL, NULL, 2161),
('HAS', 2163, NULL, NULL, NULL, NULL, 1883, NULL),
('NOT', 2164, NULL, NULL, NULL, NULL, NULL, 2163),
('HAS', 2165, NULL, NULL, NULL, NULL, 1883, NULL),
('NOT', 2166, NULL, NULL, NULL, NULL, NULL, 2165),
('HAS', 2167, NULL, NULL, NULL, NULL, 1883, NULL),
('NOT', 2168, NULL, NULL, NULL, NULL, NULL, 2167),
('HAS', 2169, NULL, NULL, NULL, NULL, 1883, NULL),
('NOT', 2170, NULL, NULL, NULL, NULL, NULL, 2169),
('HAS', 2171, NULL, NULL, NULL, NULL, 1883, NULL),
('NOT', 2172, NULL, NULL, NULL, NULL, NULL, 2171),
('HAS', 2173, NULL, NULL, NULL, NULL, 1883, NULL),
('NOT', 2174, NULL, NULL, NULL, NULL, NULL, 2173),
('HAS', 2175, NULL, NULL, NULL, NULL, 1883, NULL),
('NOT', 2176, NULL, NULL, NULL, NULL, NULL, 2175),
('HAS', 2177, NULL, NULL, NULL, NULL, 1883, NULL),
('NOT', 2178, NULL, NULL, NULL, NULL, NULL, 2177),
('HAS', 2179, NULL, NULL, NULL, NULL, 1883, NULL),
('NOT', 2180, NULL, NULL, NULL, NULL, NULL, 2179),
('HAS', 2181, NULL, NULL, NULL, NULL, 1883, NULL),
('NOT', 2182, NULL, NULL, NULL, NULL, NULL, 2181),
('HAS', 2183, NULL, NULL, NULL, NULL, 1883, NULL),
('NOT', 2184, NULL, NULL, NULL, NULL, NULL, 2183),
('HAS', 2185, NULL, NULL, NULL, NULL, 1883, NULL),
('NOT', 2186, NULL, NULL, NULL, NULL, NULL, 2185),
('HAS', 2187, NULL, NULL, NULL, NULL, 1883, NULL),
('NOT', 2188, NULL, NULL, NULL, NULL, NULL, 2187),
('HAS', 2189, NULL, NULL, NULL, NULL, 1883, NULL),
('NOT', 2190, NULL, NULL, NULL, NULL, NULL, 2189),
('HAS', 2191, NULL, NULL, NULL, NULL, 1883, NULL),
('NOT', 2192, NULL, NULL, NULL, NULL, NULL, 2191),
('HAS', 2193, NULL, NULL, NULL, NULL, 1883, NULL),
('NOT', 2194, NULL, NULL, NULL, NULL, NULL, 2193),
('HAS', 2195, NULL, NULL, NULL, NULL, 1883, NULL),
('NOT', 2196, NULL, NULL, NULL, NULL, NULL, 2195),
('HAS', 2197, NULL, NULL, NULL, NULL, 1883, NULL),
('NOT', 2198, NULL, NULL, NULL, NULL, NULL, 2197),
('HAS', 2199, NULL, NULL, NULL, NULL, 1883, NULL),
('NOT', 2200, NULL, NULL, NULL, NULL, NULL, 2199),
('HAS', 2201, NULL, NULL, NULL, NULL, 1883, NULL),
('NOT', 2202, NULL, NULL, NULL, NULL, NULL, 2201),
('HAS', 2203, NULL, NULL, NULL, NULL, 1883, NULL),
('NOT', 2204, NULL, NULL, NULL, NULL, NULL, 2203),
('HAS', 2205, NULL, NULL, NULL, NULL, 1883, NULL),
('NOT', 2206, NULL, NULL, NULL, NULL, NULL, 2205),
('HAS', 2207, NULL, NULL, NULL, NULL, 1883, NULL),
('NOT', 2208, NULL, NULL, NULL, NULL, NULL, 2207),
('HAS', 2209, NULL, NULL, NULL, NULL, 1883, NULL),
('NOT', 2210, NULL, NULL, NULL, NULL, NULL, 2209),
('HAS', 2211, NULL, NULL, NULL, NULL, 1883, NULL),
('NOT', 2212, NULL, NULL, NULL, NULL, NULL, 2211),
('HAS', 2213, NULL, NULL, NULL, NULL, 1883, NULL),
('NOT', 2214, NULL, NULL, NULL, NULL, NULL, 2213),
('HAS', 2215, NULL, NULL, NULL, NULL, 1883, NULL),
('NOT', 2216, NULL, NULL, NULL, NULL, NULL, 2215),
('HAS', 2217, NULL, NULL, NULL, NULL, 1883, NULL),
('NOT', 2218, NULL, NULL, NULL, NULL, NULL, 2217),
('HAS', 2219, NULL, NULL, NULL, NULL, 1883, NULL),
('NOT', 2220, NULL, NULL, NULL, NULL, NULL, 2219),
('HAS', 2221, NULL, NULL, NULL, NULL, 1883, NULL),
('NOT', 2222, NULL, NULL, NULL, NULL, NULL, 2221),
('HAS', 2223, NULL, NULL, NULL, NULL, 1883, NULL),
('NOT', 2224, NULL, NULL, NULL, NULL, NULL, 2223),
('HAS', 2225, NULL, NULL, NULL, NULL, 1883, NULL),
('NOT', 2226, NULL, NULL, NULL, NULL, NULL, 2225),
('HAS', 2227, NULL, NULL, NULL, NULL, 1883, NULL),
('NOT', 2228, NULL, NULL, NULL, NULL, NULL, 2227),
('HAS', 2229, NULL, NULL, NULL, NULL, 1883, NULL),
('NOT', 2230, NULL, NULL, NULL, NULL, NULL, 2229),
('HAS', 2231, NULL, NULL, NULL, NULL, 1883, NULL),
('NOT', 2232, NULL, NULL, NULL, NULL, NULL, 2231),
('HAS', 2233, NULL, NULL, NULL, NULL, 1883, NULL),
('NOT', 2234, NULL, NULL, NULL, NULL, NULL, 2233),
('HAS', 2235, NULL, NULL, NULL, NULL, 1883, NULL),
('NOT', 2236, NULL, NULL, NULL, NULL, NULL, 2235),
('HAS', 2237, NULL, NULL, NULL, NULL, 1883, NULL),
('NOT', 2238, NULL, NULL, NULL, NULL, NULL, 2237),
('HAS', 2239, NULL, NULL, NULL, NULL, 1883, NULL),
('NOT', 2240, NULL, NULL, NULL, NULL, NULL, 2239),
('HAS', 2241, NULL, NULL, NULL, NULL, 1883, NULL),
('NOT', 2242, NULL, NULL, NULL, NULL, NULL, 2241),
('HAS', 2243, NULL, NULL, NULL, NULL, 1883, NULL),
('NOT', 2244, NULL, NULL, NULL, NULL, NULL, 2243),
('HAS', 2245, NULL, NULL, NULL, NULL, 1883, NULL),
('NOT', 2246, NULL, NULL, NULL, NULL, NULL, 2245),
('HAS', 2247, NULL, NULL, NULL, NULL, 1883, NULL),
('NOT', 2248, NULL, NULL, NULL, NULL, NULL, 2247),
('HAS', 2249, NULL, NULL, NULL, NULL, 1883, NULL),
('NOT', 2250, NULL, NULL, NULL, NULL, NULL, 2249),
('HAS', 2251, NULL, NULL, NULL, NULL, 1883, NULL),
('NOT', 2252, NULL, NULL, NULL, NULL, NULL, 2251),
('HAS', 2253, NULL, NULL, NULL, NULL, 1883, NULL),
('NOT', 2254, NULL, NULL, NULL, NULL, NULL, 2253),
('HAS', 2255, NULL, NULL, NULL, NULL, 1883, NULL),
('NOT', 2256, NULL, NULL, NULL, NULL, NULL, 2255),
('HAS', 2257, NULL, NULL, NULL, NULL, 1883, NULL),
('NOT', 2258, NULL, NULL, NULL, NULL, NULL, 2257),
('HAS', 2259, NULL, NULL, NULL, NULL, 1883, NULL),
('NOT', 2260, NULL, NULL, NULL, NULL, NULL, 2259),
('HAS', 2261, NULL, NULL, NULL, NULL, 1883, NULL),
('NOT', 2262, NULL, NULL, NULL, NULL, NULL, 2261),
('HAS', 2263, NULL, NULL, NULL, NULL, 1883, NULL),
('NOT', 2264, NULL, NULL, NULL, NULL, NULL, 2263),
('HAS', 2265, NULL, NULL, NULL, NULL, 1883, NULL),
('NOT', 2266, NULL, NULL, NULL, NULL, NULL, 2265),
('HAS', 2267, NULL, NULL, NULL, NULL, 1883, NULL),
('NOT', 2268, NULL, NULL, NULL, NULL, NULL, 2267),
('HAS', 2269, NULL, NULL, NULL, NULL, 1883, NULL),
('NOT', 2270, NULL, NULL, NULL, NULL, NULL, 2269),
('HAS', 2271, NULL, NULL, NULL, NULL, 1883, NULL),
('NOT', 2272, NULL, NULL, NULL, NULL, NULL, 2271),
('HAS', 2273, NULL, NULL, NULL, NULL, 1883, NULL),
('NOT', 2274, NULL, NULL, NULL, NULL, NULL, 2273),
('HAS', 2275, NULL, NULL, NULL, NULL, 1883, NULL),
('NOT', 2276, NULL, NULL, NULL, NULL, NULL, 2275),
('HAS', 2277, NULL, NULL, NULL, NULL, 1883, NULL),
('NOT', 2278, NULL, NULL, NULL, NULL, NULL, 2277),
('HAS', 2279, NULL, NULL, NULL, NULL, 1883, NULL),
('NOT', 2280, NULL, NULL, NULL, NULL, NULL, 2279),
('HAS', 2281, NULL, NULL, NULL, NULL, 1883, NULL),
('NOT', 2282, NULL, NULL, NULL, NULL, NULL, 2281),
('HAS', 2283, NULL, NULL, NULL, NULL, 1883, NULL),
('NOT', 2284, NULL, NULL, NULL, NULL, NULL, 2283),
('HAS', 2285, NULL, NULL, NULL, NULL, 1883, NULL),
('NOT', 2286, NULL, NULL, NULL, NULL, NULL, 2285),
('HAS', 2287, NULL, NULL, NULL, NULL, 1883, NULL),
('NOT', 2288, NULL, NULL, NULL, NULL, NULL, 2287),
('HAS', 2289, NULL, NULL, NULL, NULL, 1883, NULL),
('NOT', 2290, NULL, NULL, NULL, NULL, NULL, 2289),
('HAS', 2291, NULL, NULL, NULL, NULL, 1883, NULL),
('NOT', 2292, NULL, NULL, NULL, NULL, NULL, 2291),
('HAS', 2293, NULL, NULL, NULL, NULL, 1883, NULL),
('NOT', 2294, NULL, NULL, NULL, NULL, NULL, 2293),
('HAS', 2295, NULL, NULL, NULL, NULL, 1883, NULL),
('NOT', 2296, NULL, NULL, NULL, NULL, NULL, 2295),
('HAS', 2297, NULL, NULL, NULL, NULL, 1883, NULL),
('NOT', 2298, NULL, NULL, NULL, NULL, NULL, 2297),
('HAS', 2299, NULL, NULL, NULL, NULL, 1883, NULL),
('NOT', 2300, NULL, NULL, NULL, NULL, NULL, 2299),
('HAS', 2301, NULL, NULL, NULL, NULL, 1883, NULL),
('NOT', 2302, NULL, NULL, NULL, NULL, NULL, 2301),
('HAS', 2303, NULL, NULL, NULL, NULL, 1883, NULL),
('NOT', 2304, NULL, NULL, NULL, NULL, NULL, 2303),
('HAS', 2305, NULL, NULL, NULL, NULL, 1883, NULL),
('NOT', 2306, NULL, NULL, NULL, NULL, NULL, 2305),
('HAS', 2307, NULL, NULL, NULL, NULL, 1883, NULL),
('NOT', 2308, NULL, NULL, NULL, NULL, NULL, 2307),
('HAS', 2309, NULL, NULL, NULL, NULL, 1883, NULL),
('NOT', 2310, NULL, NULL, NULL, NULL, NULL, 2309),
('HAS', 2311, NULL, NULL, NULL, NULL, 1883, NULL),
('NOT', 2312, NULL, NULL, NULL, NULL, NULL, 2311),
('HAS', 2313, NULL, NULL, NULL, NULL, 1883, NULL),
('NOT', 2314, NULL, NULL, NULL, NULL, NULL, 2313),
('HAS', 2315, NULL, NULL, NULL, NULL, 1883, NULL),
('NOT', 2316, NULL, NULL, NULL, NULL, NULL, 2315),
('HAS', 2317, NULL, NULL, NULL, NULL, 1883, NULL),
('NOT', 2318, NULL, NULL, NULL, NULL, NULL, 2317),
('HAS', 2319, NULL, NULL, NULL, NULL, 1883, NULL),
('NOT', 2320, NULL, NULL, NULL, NULL, NULL, 2319),
('HAS', 2321, NULL, NULL, NULL, NULL, 1883, NULL),
('NOT', 2322, NULL, NULL, NULL, NULL, NULL, 2321),
('HAS', 2323, NULL, NULL, NULL, NULL, 1883, NULL),
('NOT', 2324, NULL, NULL, NULL, NULL, NULL, 2323),
('HAS', 2325, NULL, NULL, NULL, NULL, 1883, NULL),
('NOT', 2326, NULL, NULL, NULL, NULL, NULL, 2325),
('HAS', 2327, NULL, NULL, NULL, NULL, 1883, NULL),
('NOT', 2328, NULL, NULL, NULL, NULL, NULL, 2327),
('HAS', 2329, NULL, NULL, NULL, NULL, 1883, NULL),
('NOT', 2330, NULL, NULL, NULL, NULL, NULL, 2329),
('HAS', 2331, NULL, NULL, NULL, NULL, 1883, NULL),
('NOT', 2332, NULL, NULL, NULL, NULL, NULL, 2331),
('HAS', 2333, NULL, NULL, NULL, NULL, 1883, NULL),
('NOT', 2334, NULL, NULL, NULL, NULL, NULL, 2333),
('HAS', 2335, NULL, NULL, NULL, NULL, 1883, NULL),
('NOT', 2336, NULL, NULL, NULL, NULL, NULL, 2335),
('HAS', 2337, NULL, NULL, NULL, NULL, 1883, NULL),
('NOT', 2338, NULL, NULL, NULL, NULL, NULL, 2337),
('HAS', 2339, NULL, NULL, NULL, NULL, 1883, NULL),
('NOT', 2340, NULL, NULL, NULL, NULL, NULL, 2339),
('HAS', 2341, NULL, NULL, NULL, NULL, 1883, NULL),
('NOT', 2342, NULL, NULL, NULL, NULL, NULL, 2341),
('HAS', 2343, NULL, NULL, NULL, NULL, 1883, NULL),
('NOT', 2344, NULL, NULL, NULL, NULL, NULL, 2343),
('HAS', 2345, NULL, NULL, NULL, NULL, 1883, NULL),
('NOT', 2346, NULL, NULL, NULL, NULL, NULL, 2345),
('HAS', 2347, NULL, NULL, NULL, NULL, 1883, NULL),
('NOT', 2348, NULL, NULL, NULL, NULL, NULL, 2347),
('HAS', 2349, NULL, NULL, NULL, NULL, 1883, NULL),
('NOT', 2350, NULL, NULL, NULL, NULL, NULL, 2349),
('HAS', 2351, NULL, NULL, NULL, NULL, 1883, NULL),
('NOT', 2352, NULL, NULL, NULL, NULL, NULL, 2351),
('HAS', 2353, NULL, NULL, NULL, NULL, 1883, NULL),
('NOT', 2354, NULL, NULL, NULL, NULL, NULL, 2353),
('HAS', 2355, NULL, NULL, NULL, NULL, 1883, NULL),
('NOT', 2356, NULL, NULL, NULL, NULL, NULL, 2355),
('HAS', 2357, NULL, NULL, NULL, NULL, 1883, NULL),
('NOT', 2358, NULL, NULL, NULL, NULL, NULL, 2357),
('HAS', 2359, NULL, NULL, NULL, NULL, 1883, NULL),
('NOT', 2360, NULL, NULL, NULL, NULL, NULL, 2359),
('HAS', 2361, NULL, NULL, NULL, NULL, 1883, NULL),
('NOT', 2362, NULL, NULL, NULL, NULL, NULL, 2361),
('HAS', 2363, NULL, NULL, NULL, NULL, 1883, NULL),
('NOT', 2364, NULL, NULL, NULL, NULL, NULL, 2363),
('HAS', 2365, NULL, NULL, NULL, NULL, 1883, NULL),
('NOT', 2366, NULL, NULL, NULL, NULL, NULL, 2365),
('HAS', 2367, NULL, NULL, NULL, NULL, 1883, NULL),
('NOT', 2368, NULL, NULL, NULL, NULL, NULL, 2367),
('HAS', 2369, NULL, NULL, NULL, NULL, 1883, NULL),
('NOT', 2370, NULL, NULL, NULL, NULL, NULL, 2369),
('HAS', 2371, NULL, NULL, NULL, NULL, 1883, NULL),
('NOT', 2372, NULL, NULL, NULL, NULL, NULL, 2371),
('HAS', 2373, NULL, NULL, NULL, NULL, 1883, NULL),
('NOT', 2374, NULL, NULL, NULL, NULL, NULL, 2373),
('HAS', 2375, NULL, NULL, NULL, NULL, 1883, NULL),
('NOT', 2376, NULL, NULL, NULL, NULL, NULL, 2375),
('HAS', 2377, NULL, NULL, NULL, NULL, 1883, NULL),
('NOT', 2378, NULL, NULL, NULL, NULL, NULL, 2377),
('HAS', 2379, NULL, NULL, NULL, NULL, 1883, NULL),
('NOT', 2380, NULL, NULL, NULL, NULL, NULL, 2379),
('HAS', 2381, NULL, NULL, NULL, NULL, 1883, NULL),
('NOT', 2382, NULL, NULL, NULL, NULL, NULL, 2381),
('HAS', 2383, NULL, NULL, NULL, NULL, 1883, NULL),
('NOT', 2384, NULL, NULL, NULL, NULL, NULL, 2383),
('HAS', 2385, NULL, NULL, NULL, NULL, 1883, NULL),
('NOT', 2386, NULL, NULL, NULL, NULL, NULL, 2385),
('HAS', 2387, NULL, NULL, NULL, NULL, 1883, NULL),
('NOT', 2388, NULL, NULL, NULL, NULL, NULL, 2387),
('HAS', 2389, NULL, NULL, NULL, NULL, 1883, NULL),
('NOT', 2390, NULL, NULL, NULL, NULL, NULL, 2389),
('HAS', 2391, NULL, NULL, NULL, NULL, 1883, NULL),
('NOT', 2392, NULL, NULL, NULL, NULL, NULL, 2391),
('HAS', 2393, NULL, NULL, NULL, NULL, 1883, NULL),
('NOT', 2394, NULL, NULL, NULL, NULL, NULL, 2393),
('HAS', 2395, NULL, NULL, NULL, NULL, 1883, NULL),
('NOT', 2396, NULL, NULL, NULL, NULL, NULL, 2395),
('HAS', 2397, NULL, NULL, NULL, NULL, 1883, NULL),
('NOT', 2398, NULL, NULL, NULL, NULL, NULL, 2397),
('HAS', 2399, NULL, NULL, NULL, NULL, 1883, NULL),
('NOT', 2400, NULL, NULL, NULL, NULL, NULL, 2399),
('HAS', 2401, NULL, NULL, NULL, NULL, 1883, NULL),
('NOT', 2402, NULL, NULL, NULL, NULL, NULL, 2401),
('HAS', 2403, NULL, NULL, NULL, NULL, 1883, NULL),
('NOT', 2404, NULL, NULL, NULL, NULL, NULL, 2403),
('HAS', 2405, NULL, NULL, NULL, NULL, 1883, NULL),
('NOT', 2406, NULL, NULL, NULL, NULL, NULL, 2405),
('HAS', 2407, NULL, NULL, NULL, NULL, 1883, NULL),
('NOT', 2408, NULL, NULL, NULL, NULL, NULL, 2407),
('HAS', 2409, NULL, NULL, NULL, NULL, 1883, NULL),
('NOT', 2410, NULL, NULL, NULL, NULL, NULL, 2409),
('HAS', 2411, NULL, NULL, NULL, NULL, 1883, NULL),
('NOT', 2412, NULL, NULL, NULL, NULL, NULL, 2411),
('HAS', 2413, NULL, NULL, NULL, NULL, 1883, NULL),
('NOT', 2414, NULL, NULL, NULL, NULL, NULL, 2413),
('HAS', 2415, NULL, NULL, NULL, NULL, 1883, NULL),
('NOT', 2416, NULL, NULL, NULL, NULL, NULL, 2415),
('HAS', 2417, NULL, NULL, NULL, NULL, 1883, NULL),
('NOT', 2418, NULL, NULL, NULL, NULL, NULL, 2417),
('HAS', 2419, NULL, NULL, NULL, NULL, 1883, NULL),
('NOT', 2420, NULL, NULL, NULL, NULL, NULL, 2419),
('HAS', 2421, NULL, NULL, NULL, NULL, 1883, NULL),
('NOT', 2422, NULL, NULL, NULL, NULL, NULL, 2421),
('HAS', 2423, NULL, NULL, NULL, NULL, 1883, NULL),
('NOT', 2424, NULL, NULL, NULL, NULL, NULL, 2423),
('HAS', 2425, NULL, NULL, NULL, NULL, 1883, NULL),
('NOT', 2426, NULL, NULL, NULL, NULL, NULL, 2425),
('HAS', 2427, NULL, NULL, NULL, NULL, 1883, NULL),
('NOT', 2428, NULL, NULL, NULL, NULL, NULL, 2427),
('HAS', 2429, NULL, NULL, NULL, NULL, 1883, NULL),
('NOT', 2430, NULL, NULL, NULL, NULL, NULL, 2429),
('HAS', 2431, NULL, NULL, NULL, NULL, 1883, NULL),
('NOT', 2432, NULL, NULL, NULL, NULL, NULL, 2431),
('HAS', 2433, NULL, NULL, NULL, NULL, 1883, NULL),
('NOT', 2434, NULL, NULL, NULL, NULL, NULL, 2433),
('HAS', 2435, NULL, NULL, NULL, NULL, 1883, NULL),
('NOT', 2436, NULL, NULL, NULL, NULL, NULL, 2435),
('HAS', 2437, NULL, NULL, NULL, NULL, 1883, NULL),
('NOT', 2438, NULL, NULL, NULL, NULL, NULL, 2437),
('HAS', 2439, NULL, NULL, NULL, NULL, 1883, NULL),
('NOT', 2440, NULL, NULL, NULL, NULL, NULL, 2439),
('HAS', 2441, NULL, NULL, NULL, NULL, 1883, NULL),
('NOT', 2442, NULL, NULL, NULL, NULL, NULL, 2441),
('HAS', 2443, NULL, NULL, NULL, NULL, 1883, NULL),
('NOT', 2444, NULL, NULL, NULL, NULL, NULL, 2443),
('HAS', 2445, NULL, NULL, NULL, NULL, 1883, NULL),
('NOT', 2446, NULL, NULL, NULL, NULL, NULL, 2445),
('HAS', 2447, NULL, NULL, NULL, NULL, 1883, NULL),
('NOT', 2448, NULL, NULL, NULL, NULL, NULL, 2447),
('HAS', 2449, NULL, NULL, NULL, NULL, 1883, NULL),
('NOT', 2450, NULL, NULL, NULL, NULL, NULL, 2449),
('HAS', 2451, NULL, NULL, NULL, NULL, 1883, NULL),
('NOT', 2452, NULL, NULL, NULL, NULL, NULL, 2451),
('HAS', 2453, NULL, NULL, NULL, NULL, 1883, NULL),
('NOT', 2454, NULL, NULL, NULL, NULL, NULL, 2453),
('HAS', 2455, NULL, NULL, NULL, NULL, 1883, NULL),
('NOT', 2456, NULL, NULL, NULL, NULL, NULL, 2455),
('HAS', 2457, NULL, NULL, NULL, NULL, 1883, NULL),
('NOT', 2458, NULL, NULL, NULL, NULL, NULL, 2457),
('HAS', 2459, NULL, NULL, NULL, NULL, 1883, NULL),
('NOT', 2460, NULL, NULL, NULL, NULL, NULL, 2459),
('HAS', 2461, NULL, NULL, NULL, NULL, 1883, NULL),
('NOT', 2462, NULL, NULL, NULL, NULL, NULL, 2461),
('HAS', 2463, NULL, NULL, NULL, NULL, 1883, NULL),
('NOT', 2464, NULL, NULL, NULL, NULL, NULL, 2463),
('HAS', 2465, NULL, NULL, NULL, NULL, 1883, NULL),
('NOT', 2466, NULL, NULL, NULL, NULL, NULL, 2465),
('HAS', 2467, NULL, NULL, NULL, NULL, 1883, NULL),
('NOT', 2468, NULL, NULL, NULL, NULL, NULL, 2467),
('AND', 2469, 'EXACT', -1, NULL, NULL, NULL, NULL),
('HAS', 2470, NULL, NULL, NULL, NULL, 1788, NULL),
('NOT', 2471, NULL, NULL, NULL, NULL, NULL, 2470),
('HAS', 2472, NULL, NULL, NULL, NULL, 1785, NULL),
('NOT', 2473, NULL, NULL, NULL, NULL, NULL, 2472),
('HAS', 2474, NULL, NULL, NULL, NULL, 1882, NULL),
('NOT', 2475, NULL, NULL, NULL, NULL, NULL, 2474),
('HAS', 2476, NULL, NULL, NULL, NULL, 1799, NULL),
('NOT', 2477, NULL, NULL, NULL, NULL, NULL, 2476),
('AND', 2478, 'EXACT', -1, NULL, NULL, NULL, NULL),
('HAS', 2479, NULL, NULL, NULL, NULL, 1771, NULL),
('HAS', 2480, NULL, NULL, NULL, NULL, 1820, NULL),
('NOT', 2481, NULL, NULL, NULL, NULL, NULL, 2480),
('AND', 2482, 'EXACT', -1, NULL, NULL, NULL, NULL),
('HAS', 2483, NULL, NULL, NULL, NULL, 1771, NULL),
('HAS', 2484, NULL, NULL, NULL, NULL, 1820, NULL),
('NOT', 2485, NULL, NULL, NULL, NULL, NULL, 2484),
('AND', 2486, 'EXACT', -1, NULL, NULL, NULL, NULL),
('HAS', 2487, NULL, NULL, NULL, NULL, 1771, NULL),
('HAS', 2488, NULL, NULL, NULL, NULL, 1820, NULL),
('NOT', 2489, NULL, NULL, NULL, NULL, NULL, 2488),
('AND', 2490, 'EXACT', -1, NULL, NULL, NULL, NULL),
('HAS', 2491, NULL, NULL, NULL, NULL, 1771, NULL),
('HAS', 2492, NULL, NULL, NULL, NULL, 1820, NULL),
('NOT', 2493, NULL, NULL, NULL, NULL, NULL, 2492),
('AND', 2494, 'EXACT', -1, NULL, NULL, NULL, NULL),
('HAS', 2495, NULL, NULL, NULL, NULL, 1771, NULL),
('HAS', 2496, NULL, NULL, NULL, NULL, 1820, NULL),
('NOT', 2497, NULL, NULL, NULL, NULL, NULL, 2496),
('AND', 2498, 'EXACT', -1, NULL, NULL, NULL, NULL),
('HAS', 2499, NULL, NULL, NULL, NULL, 1771, NULL),
('HAS', 2500, NULL, NULL, NULL, NULL, 1820, NULL),
('NOT', 2501, NULL, NULL, NULL, NULL, NULL, 2500),
('AND', 2502, 'EXACT', -1, NULL, NULL, NULL, NULL),
('HAS', 2503, NULL, NULL, NULL, NULL, 1771, NULL),
('HAS', 2504, NULL, NULL, NULL, NULL, 1820, NULL),
('NOT', 2505, NULL, NULL, NULL, NULL, NULL, 2504),
('AND', 2506, 'EXACT', -1, NULL, NULL, NULL, NULL),
('HAS', 2507, NULL, NULL, NULL, NULL, 1771, NULL),
('HAS', 2508, NULL, NULL, NULL, NULL, 1820, NULL),
('NOT', 2509, NULL, NULL, NULL, NULL, NULL, 2508),
('AND', 2510, 'EXACT', -1, NULL, NULL, NULL, NULL),
('HAS', 2511, NULL, NULL, NULL, NULL, 1347, NULL),
('HAS', 2512, NULL, NULL, NULL, NULL, 1828, NULL),
('NOT', 2513, NULL, NULL, NULL, NULL, NULL, 2512),
('AND', 2514, 'EXACT', -1, NULL, NULL, NULL, NULL),
('HAS', 2515, NULL, NULL, NULL, NULL, 1347, NULL),
('HAS', 2516, NULL, NULL, NULL, NULL, 1828, NULL),
('NOT', 2517, NULL, NULL, NULL, NULL, NULL, 2516),
('AND', 2518, 'EXACT', -1, NULL, NULL, NULL, NULL),
('HAS', 2519, NULL, NULL, NULL, NULL, 1347, NULL),
('HAS', 2520, NULL, NULL, NULL, NULL, 1828, NULL),
('NOT', 2521, NULL, NULL, NULL, NULL, NULL, 2520),
('AND', 2522, 'EXACT', -1, NULL, NULL, NULL, NULL),
('HAS', 2523, NULL, NULL, NULL, NULL, 1347, NULL),
('HAS', 2524, NULL, NULL, NULL, NULL, 1828, NULL),
('NOT', 2525, NULL, NULL, NULL, NULL, NULL, 2524),
('AND', 2526, 'EXACT', -1, NULL, NULL, NULL, NULL),
('HAS', 2527, NULL, NULL, NULL, NULL, 1347, NULL),
('HAS', 2528, NULL, NULL, NULL, NULL, 1828, NULL),
('NOT', 2529, NULL, NULL, NULL, NULL, NULL, 2528),
('AND', 2530, 'EXACT', -1, NULL, NULL, NULL, NULL),
('HAS', 2531, NULL, NULL, NULL, NULL, 1347, NULL),
('HAS', 2532, NULL, NULL, NULL, NULL, 1828, NULL),
('NOT', 2533, NULL, NULL, NULL, NULL, NULL, 2532),
('AND', 2534, 'EXACT', -1, NULL, NULL, NULL, NULL),
('HAS', 2535, NULL, NULL, NULL, NULL, 1347, NULL),
('HAS', 2536, NULL, NULL, NULL, NULL, 1828, NULL),
('NOT', 2537, NULL, NULL, NULL, NULL, NULL, 2536),
('AND', 2538, 'EXACT', -1, NULL, NULL, NULL, NULL),
('HAS', 2539, NULL, NULL, NULL, NULL, 1347, NULL),
('HAS', 2540, NULL, NULL, NULL, NULL, 1828, NULL),
('NOT', 2541, NULL, NULL, NULL, NULL, NULL, 2540),
('HAS', 2542, NULL, NULL, NULL, NULL, 1836, NULL),
('NOT', 2543, NULL, NULL, NULL, NULL, NULL, 2542),
('HAS', 2544, NULL, NULL, NULL, NULL, 1836, NULL),
('NOT', 2545, NULL, NULL, NULL, NULL, NULL, 2544),
('HAS', 2546, NULL, NULL, NULL, NULL, 1836, NULL),
('NOT', 2547, NULL, NULL, NULL, NULL, NULL, 2546),
('HAS', 2548, NULL, NULL, NULL, NULL, 1836, NULL),
('NOT', 2549, NULL, NULL, NULL, NULL, NULL, 2548),
('HAS', 2550, NULL, NULL, NULL, NULL, 1836, NULL),
('NOT', 2551, NULL, NULL, NULL, NULL, NULL, 2550),
('HAS', 2552, NULL, NULL, NULL, NULL, 1836, NULL),
('NOT', 2553, NULL, NULL, NULL, NULL, NULL, 2552),
('HAS', 2554, NULL, NULL, NULL, NULL, 1836, NULL),
('NOT', 2555, NULL, NULL, NULL, NULL, NULL, 2554),
('HAS', 2556, NULL, NULL, NULL, NULL, 1836, NULL),
('NOT', 2557, NULL, NULL, NULL, NULL, NULL, 2556),
('HAS', 2558, NULL, NULL, NULL, NULL, 1844, NULL),
('NOT', 2559, NULL, NULL, NULL, NULL, NULL, 2558),
('HAS', 2560, NULL, NULL, NULL, NULL, 1845, NULL),
('NOT', 2561, NULL, NULL, NULL, NULL, NULL, 2560),
('HAS', 2562, NULL, NULL, NULL, NULL, 1803, NULL),
('NOT', 2563, NULL, NULL, NULL, NULL, NULL, 2562),
('AND', 2564, 'EXACT', -1, NULL, NULL, NULL, NULL),
('HAS', 2565, NULL, NULL, NULL, NULL, 1340, NULL),
('NOT', 2566, NULL, NULL, NULL, NULL, NULL, 2565),
('HAS', 2567, NULL, NULL, NULL, NULL, 1811, NULL),
('NOT', 2568, NULL, NULL, NULL, NULL, NULL, 2567),
('HAS', 2569, NULL, NULL, NULL, NULL, 1811, NULL),
('NOT', 2570, NULL, NULL, NULL, NULL, NULL, 2569),
('HAS', 2571, NULL, NULL, NULL, NULL, 1811, NULL),
('NOT', 2572, NULL, NULL, NULL, NULL, NULL, 2571),
('AND', 2573, 'EXACT', -1, NULL, NULL, NULL, NULL),
('HAS', 2574, NULL, NULL, NULL, NULL, 1876, NULL),
('NOT', 2575, NULL, NULL, NULL, NULL, NULL, 2574),
('AND', 2576, 'EXACT', -1, NULL, NULL, NULL, NULL),
('HAS', 2577, NULL, NULL, NULL, NULL, 1771, NULL),
('HAS', 2578, NULL, NULL, NULL, NULL, 1818, NULL),
('NOT', 2579, NULL, NULL, NULL, NULL, NULL, 2578),
('AND', 2580, 'EXACT', -1, NULL, NULL, NULL, NULL),
('HAS', 2581, NULL, NULL, NULL, NULL, 1347, NULL),
('HAS', 2582, NULL, NULL, NULL, NULL, 1707, NULL),
('NOT', 2583, NULL, NULL, NULL, NULL, NULL, 2582),
('OR', 2584, 'MINIMUM', 1, NULL, NULL, NULL, NULL),
('AND', 2585, 'EXACT', -1, NULL, NULL, NULL, NULL),
('HAS', 2586, NULL, NULL, NULL, NULL, 1347, NULL),
('HAS', 2587, NULL, NULL, NULL, NULL, 1705, NULL),
('NOT', 2588, NULL, NULL, NULL, NULL, NULL, 2587),
('HAS', 2589, NULL, NULL, NULL, NULL, 1779, NULL),
('NOT', 2590, NULL, NULL, NULL, NULL, NULL, 2589),
('HAS', 2591, NULL, NULL, NULL, NULL, 1779, NULL),
('NOT', 2592, NULL, NULL, NULL, NULL, NULL, 2591),
('HAS', 2593, NULL, NULL, NULL, NULL, 1779, NULL),
('NOT', 2594, NULL, NULL, NULL, NULL, NULL, 2593),
('HAS', 2595, NULL, NULL, NULL, NULL, 1779, NULL),
('NOT', 2596, NULL, NULL, NULL, NULL, NULL, 2595),
('HAS', 2597, NULL, NULL, NULL, NULL, 1779, NULL),
('NOT', 2598, NULL, NULL, NULL, NULL, NULL, 2597),
('HAS', 2599, NULL, NULL, NULL, NULL, 1779, NULL),
('NOT', 2600, NULL, NULL, NULL, NULL, NULL, 2599),
('HAS', 2601, NULL, NULL, NULL, NULL, 1779, NULL),
('NOT', 2602, NULL, NULL, NULL, NULL, NULL, 2601),
('HAS', 2603, NULL, NULL, NULL, NULL, 1779, NULL),
('NOT', 2604, NULL, NULL, NULL, NULL, NULL, 2603),
('HAS', 2605, NULL, NULL, NULL, NULL, 1779, NULL),
('NOT', 2606, NULL, NULL, NULL, NULL, NULL, 2605),
('HAS', 2607, NULL, NULL, NULL, NULL, 1779, NULL),
('NOT', 2608, NULL, NULL, NULL, NULL, NULL, 2607),
('HAS', 2609, NULL, NULL, NULL, NULL, 1779, NULL),
('NOT', 2610, NULL, NULL, NULL, NULL, NULL, 2609),
('OR', 2611, 'MINIMUM', 1, NULL, NULL, NULL, NULL),
('AND', 2612, 'EXACT', -1, NULL, NULL, NULL, NULL),
('HAS', 2613, NULL, NULL, NULL, NULL, 1883, NULL),
('NOT', 2614, NULL, NULL, NULL, NULL, NULL, 2613),
('HAS', 2615, NULL, NULL, NULL, NULL, 2166, NULL),
('NOT', 2616, NULL, NULL, NULL, NULL, NULL, 2615),
('HAS', 2617, NULL, NULL, NULL, NULL, 1363, NULL),
('NOT', 2618, NULL, NULL, NULL, NULL, NULL, 2617),
('AND', 2619, 'EXACT', -1, NULL, NULL, NULL, NULL),
('HAS', 2620, NULL, NULL, NULL, NULL, 1771, NULL),
('HAS', 2621, NULL, NULL, NULL, NULL, 1860, NULL),
('NOT', 2622, NULL, NULL, NULL, NULL, NULL, 2621),
('AND', 2623, 'EXACT', -1, NULL, NULL, NULL, NULL),
('HAS', 2624, NULL, NULL, NULL, NULL, 1771, NULL),
('HAS', 2625, NULL, NULL, NULL, NULL, 1860, NULL),
('NOT', 2626, NULL, NULL, NULL, NULL, NULL, 2625),
('AND', 2627, 'EXACT', -1, NULL, NULL, NULL, NULL),
('HAS', 2628, NULL, NULL, NULL, NULL, 1771, NULL),
('HAS', 2629, NULL, NULL, NULL, NULL, 1860, NULL),
('NOT', 2630, NULL, NULL, NULL, NULL, NULL, 2629),
('AND', 2631, 'EXACT', -1, NULL, NULL, NULL, NULL),
('HAS', 2632, NULL, NULL, NULL, NULL, 1771, NULL),
('HAS', 2633, NULL, NULL, NULL, NULL, 1860, NULL),
('NOT', 2634, NULL, NULL, NULL, NULL, NULL, 2633),
('AND', 2635, 'EXACT', -1, NULL, NULL, NULL, NULL),
('HAS', 2636, NULL, NULL, NULL, NULL, 1347, NULL),
('HAS', 2637, NULL, NULL, NULL, NULL, 1864, NULL),
('NOT', 2638, NULL, NULL, NULL, NULL, NULL, 2637),
('AND', 2639, 'EXACT', -1, NULL, NULL, NULL, NULL),
('HAS', 2640, NULL, NULL, NULL, NULL, 1347, NULL),
('HAS', 2641, NULL, NULL, NULL, NULL, 1864, NULL),
('NOT', 2642, NULL, NULL, NULL, NULL, NULL, 2641),
('AND', 2643, 'EXACT', -1, NULL, NULL, NULL, NULL),
('HAS', 2644, NULL, NULL, NULL, NULL, 1347, NULL),
('HAS', 2645, NULL, NULL, NULL, NULL, 1864, NULL),
('NOT', 2646, NULL, NULL, NULL, NULL, NULL, 2645),
('AND', 2647, 'EXACT', -1, NULL, NULL, NULL, NULL),
('HAS', 2648, NULL, NULL, NULL, NULL, 1347, NULL),
('HAS', 2649, NULL, NULL, NULL, NULL, 1864, NULL),
('NOT', 2650, NULL, NULL, NULL, NULL, NULL, 2649),
('HAS', 2651, NULL, NULL, NULL, NULL, 1868, NULL),
('NOT', 2652, NULL, NULL, NULL, NULL, NULL, 2651),
('HAS', 2653, NULL, NULL, NULL, NULL, 1868, NULL),
('NOT', 2654, NULL, NULL, NULL, NULL, NULL, 2653),
('HAS', 2655, NULL, NULL, NULL, NULL, 1868, NULL),
('NOT', 2656, NULL, NULL, NULL, NULL, NULL, 2655),
('HAS', 2657, NULL, NULL, NULL, NULL, 1868, NULL),
('NOT', 2658, NULL, NULL, NULL, NULL, NULL, 2657),
('HAS', 2659, NULL, NULL, NULL, NULL, 1771, NULL),
('HAS', 2660, NULL, NULL, NULL, NULL, 1883, NULL),
('NOT', 2661, NULL, NULL, NULL, NULL, NULL, 2660),
('OR', 2662, 'MINIMUM', 1, NULL, NULL, NULL, NULL),
('AND', 2663, 'EXACT', -1, NULL, NULL, NULL, NULL),
('HAS', 2664, NULL, NULL, NULL, NULL, 2168, NULL),
('NOT', 2665, NULL, NULL, NULL, NULL, NULL, 2664),
('AND', 2666, 'EXACT', -1, NULL, NULL, NULL, NULL),
('HAS', 2667, NULL, NULL, NULL, NULL, 2168, NULL),
('NOT', 2668, NULL, NULL, NULL, NULL, NULL, 2667),
('AND', 2669, 'EXACT', -1, NULL, NULL, NULL, NULL),
('HAS', 2670, NULL, NULL, NULL, NULL, 2168, NULL),
('NOT', 2671, NULL, NULL, NULL, NULL, NULL, 2670),
('AND', 2672, 'EXACT', -1, NULL, NULL, NULL, NULL),
('HAS', 2673, NULL, NULL, NULL, NULL, 2168, NULL),
('NOT', 2674, NULL, NULL, NULL, NULL, NULL, 2673),
('HAS', 2675, NULL, NULL, NULL, NULL, 1881, NULL),
('NOT', 2676, NULL, NULL, NULL, NULL, NULL, 2675),
('HAS', 2677, NULL, NULL, NULL, NULL, 2187, NULL),
('NOT', 2678, NULL, NULL, NULL, NULL, NULL, 2677),
('OR', 2679, 'MINIMUM', 1, NULL, NULL, NULL, NULL),
('HAS', 2680, NULL, NULL, NULL, NULL, 1708, NULL),
('NOT', 2681, NULL, NULL, NULL, NULL, NULL, 2680),
('HAS', 2682, NULL, NULL, NULL, NULL, 1708, NULL),
('NOT', 2683, NULL, NULL, NULL, NULL, NULL, 2682),
('HAS', 2684, NULL, NULL, NULL, NULL, 1708, NULL),
('NOT', 2685, NULL, NULL, NULL, NULL, NULL, 2684),
('HAS', 2686, NULL, NULL, NULL, NULL, 1708, NULL),
('NOT', 2687, NULL, NULL, NULL, NULL, NULL, 2686),
('HAS', 2688, NULL, NULL, NULL, NULL, 1771, NULL),
('HAS', 2689, NULL, NULL, NULL, NULL, 1344, NULL),
('NOT', 2690, NULL, NULL, NULL, NULL, NULL, 2689),
('AND', 2691, 'EXACT', -1, NULL, NULL, NULL, NULL),
('HAS', 2692, NULL, NULL, NULL, NULL, 1668, NULL),
('NOT', 2693, NULL, NULL, NULL, NULL, NULL, 2692),
('HAS', 2694, NULL, NULL, NULL, NULL, 1790, NULL),
('NOT', 2695, NULL, NULL, NULL, NULL, NULL, 2694),
('HAS', 2696, NULL, NULL, NULL, NULL, 1819, NULL),
('NOT', 2697, NULL, NULL, NULL, NULL, NULL, 2696),
('HAS', 2698, NULL, NULL, NULL, NULL, 1788, NULL),
('NOT', 2699, NULL, NULL, NULL, NULL, NULL, 2698),
('AND', 2700, 'EXACT', -1, NULL, NULL, NULL, NULL),
('HAS', 2701, NULL, NULL, NULL, NULL, 1859, NULL),
('AND', 2702, 'EXACT', -1, NULL, NULL, NULL, NULL),
('HAS', 2703, NULL, NULL, NULL, NULL, 1048, NULL),
('NOT', 2704, NULL, NULL, NULL, NULL, NULL, 2703),
('AND', 2705, 'EXACT', -1, NULL, NULL, NULL, NULL),
('HAS', 2706, NULL, NULL, NULL, NULL, 1668, NULL),
('NOT', 2707, NULL, NULL, NULL, NULL, NULL, 2706),
('HAS', 2708, NULL, NULL, NULL, NULL, 1785, NULL),
('NOT', 2709, NULL, NULL, NULL, NULL, NULL, 2708),
('HAS', 2710, NULL, NULL, NULL, NULL, 1882, NULL),
('NOT', 2711, NULL, NULL, NULL, NULL, NULL, 2710),
('HAS', 2712, NULL, NULL, NULL, NULL, 1785, NULL),
('NOT', 2713, NULL, NULL, NULL, NULL, NULL, 2712),
('HAS', 2714, NULL, NULL, NULL, NULL, 1784, NULL),
('HAS', 2715, NULL, NULL, NULL, NULL, 1348, NULL),
('NOT', 2716, NULL, NULL, NULL, NULL, NULL, 2715),
('HAS', 2717, NULL, NULL, NULL, NULL, 1348, NULL),
('NOT', 2718, NULL, NULL, NULL, NULL, NULL, 2717),
('HAS', 2719, NULL, NULL, NULL, NULL, 1348, NULL),
('NOT', 2720, NULL, NULL, NULL, NULL, NULL, 2719),
('HAS', 2721, NULL, NULL, NULL, NULL, 1358, NULL),
('NOT', 2722, NULL, NULL, NULL, NULL, NULL, 2721),
('HAS', 2723, NULL, NULL, NULL, NULL, 1358, NULL),
('NOT', 2724, NULL, NULL, NULL, NULL, NULL, 2723),
('HAS', 2725, NULL, NULL, NULL, NULL, 1358, NULL),
('NOT', 2726, NULL, NULL, NULL, NULL, NULL, 2725),
('HAS', 2727, NULL, NULL, NULL, NULL, 1669, NULL),
('NOT', 2728, NULL, NULL, NULL, NULL, NULL, 2727),
('AND', 2729, 'EXACT', -1, NULL, NULL, NULL, NULL),
('HAS', 2730, NULL, NULL, NULL, NULL, 1669, NULL),
('NOT', 2731, NULL, NULL, NULL, NULL, NULL, 2730),
('HAS', 2732, NULL, NULL, NULL, NULL, 1799, NULL),
('NOT', 2733, NULL, NULL, NULL, NULL, NULL, 2732),
('HAS', 2734, NULL, NULL, NULL, NULL, 1771, NULL),
('HAS', 2735, NULL, NULL, NULL, NULL, 1698, NULL),
('NOT', 2736, NULL, NULL, NULL, NULL, NULL, 2735),
('AND', 2737, 'EXACT', -1, NULL, NULL, NULL, NULL),
('HAS', 2738, NULL, NULL, NULL, NULL, 1771, NULL),
('AND', 2739, 'EXACT', -1, NULL, NULL, NULL, NULL),
('HAS', 2740, NULL, NULL, NULL, NULL, 1771, NULL),
('AND', 2741, 'EXACT', -1, NULL, NULL, NULL, NULL),
('HAS', 2742, NULL, NULL, NULL, NULL, 1355, NULL),
('NOT', 2743, NULL, NULL, NULL, NULL, NULL, 2742),
('AND', 2744, 'EXACT', -1, NULL, NULL, NULL, NULL),
('HAS', 2745, NULL, NULL, NULL, NULL, 1355, NULL),
('NOT', 2746, NULL, NULL, NULL, NULL, NULL, 2745),
('AND', 2747, 'EXACT', -1, NULL, NULL, NULL, NULL),
('HAS', 2748, NULL, NULL, NULL, NULL, 1355, NULL),
('NOT', 2749, NULL, NULL, NULL, NULL, NULL, 2748),
('AND', 2750, 'EXACT', -1, NULL, NULL, NULL, NULL),
('HAS', 2751, NULL, NULL, NULL, NULL, 1771, NULL),
('HAS', 2752, NULL, NULL, NULL, NULL, 1700, NULL),
('NOT', 2753, NULL, NULL, NULL, NULL, NULL, 2752),
('HAS', 2754, NULL, NULL, NULL, NULL, 1700, NULL),
('NOT', 2755, NULL, NULL, NULL, NULL, NULL, 2754),
('HAS', 2756, NULL, NULL, NULL, NULL, 1700, NULL),
('NOT', 2757, NULL, NULL, NULL, NULL, NULL, 2756),
('OR', 2758, 'MINIMUM', 1, NULL, NULL, NULL, NULL),
('HAS', 2759, NULL, NULL, NULL, NULL, 1048, NULL),
('NOT', 2760, NULL, NULL, NULL, NULL, NULL, 2759),
('HAS', 2761, NULL, NULL, NULL, NULL, 1364, NULL),
('HAS', 2762, NULL, NULL, NULL, NULL, 1873, NULL),
('NOT', 2763, NULL, NULL, NULL, NULL, NULL, 2758),
('HAS', 2764, NULL, NULL, NULL, NULL, 1771, NULL),
('HAS', 2765, NULL, NULL, NULL, NULL, 1816, NULL),
('NOT', 2766, NULL, NULL, NULL, NULL, NULL, 2765),
('HAS', 2767, NULL, NULL, NULL, NULL, 1771, NULL),
('AND', 2768, 'EXACT', -1, NULL, NULL, NULL, NULL),
('HAS', 2769, NULL, NULL, NULL, NULL, 1337, NULL),
('NOT', 2770, NULL, NULL, NULL, NULL, NULL, 2769),
('HAS', 2771, NULL, NULL, NULL, NULL, 1785, NULL),
('NOT', 2772, NULL, NULL, NULL, NULL, NULL, 2771),
('AND', 2773, 'EXACT', -1, NULL, NULL, NULL, NULL),
('HAS', 2774, NULL, NULL, NULL, NULL, 1771, NULL),
('HAS', 2775, NULL, NULL, NULL, NULL, 1670, NULL),
('NOT', 2776, NULL, NULL, NULL, NULL, NULL, 2775),
('AND', 2777, 'EXACT', -1, NULL, NULL, NULL, NULL),
('HAS', 2778, NULL, NULL, NULL, NULL, 1771, NULL),
('HAS', 2779, NULL, NULL, NULL, NULL, 1670, NULL),
('NOT', 2780, NULL, NULL, NULL, NULL, NULL, 2779),
('AND', 2781, 'EXACT', -1, NULL, NULL, NULL, NULL),
('HAS', 2782, NULL, NULL, NULL, NULL, 1771, NULL),
('HAS', 2783, NULL, NULL, NULL, NULL, 1670, NULL),
('NOT', 2784, NULL, NULL, NULL, NULL, NULL, 2783),
('AND', 2785, 'EXACT', -1, NULL, NULL, NULL, NULL),
('HAS', 2786, NULL, NULL, NULL, NULL, 1771, NULL),
('HAS', 2787, NULL, NULL, NULL, NULL, 1670, NULL),
('NOT', 2788, NULL, NULL, NULL, NULL, NULL, 2787),
('AND', 2789, 'EXACT', -1, NULL, NULL, NULL, NULL),
('HAS', 2790, NULL, NULL, NULL, NULL, 1771, NULL),
('HAS', 2791, NULL, NULL, NULL, NULL, 1670, NULL),
('NOT', 2792, NULL, NULL, NULL, NULL, NULL, 2791),
('AND', 2793, 'EXACT', -1, NULL, NULL, NULL, NULL),
('HAS', 2794, NULL, NULL, NULL, NULL, 1771, NULL),
('HAS', 2795, NULL, NULL, NULL, NULL, 1670, NULL),
('NOT', 2796, NULL, NULL, NULL, NULL, NULL, 2795),
('AND', 2797, 'EXACT', -1, NULL, NULL, NULL, NULL),
('HAS', 2798, NULL, NULL, NULL, NULL, 1771, NULL),
('HAS', 2799, NULL, NULL, NULL, NULL, 1670, NULL),
('NOT', 2800, NULL, NULL, NULL, NULL, NULL, 2799),
('AND', 2801, 'EXACT', -1, NULL, NULL, NULL, NULL),
('HAS', 2802, NULL, NULL, NULL, NULL, 1771, NULL),
('HAS', 2803, NULL, NULL, NULL, NULL, 1670, NULL),
('NOT', 2804, NULL, NULL, NULL, NULL, NULL, 2803),
('AND', 2805, 'EXACT', -1, NULL, NULL, NULL, NULL),
('HAS', 2806, NULL, NULL, NULL, NULL, 1347, NULL),
('HAS', 2807, NULL, NULL, NULL, NULL, 1678, NULL),
('NOT', 2808, NULL, NULL, NULL, NULL, NULL, 2807),
('AND', 2809, 'EXACT', -1, NULL, NULL, NULL, NULL),
('HAS', 2810, NULL, NULL, NULL, NULL, 1347, NULL),
('HAS', 2811, NULL, NULL, NULL, NULL, 1678, NULL),
('NOT', 2812, NULL, NULL, NULL, NULL, NULL, 2811),
('AND', 2813, 'EXACT', -1, NULL, NULL, NULL, NULL),
('HAS', 2814, NULL, NULL, NULL, NULL, 1347, NULL),
('HAS', 2815, NULL, NULL, NULL, NULL, 1678, NULL),
('NOT', 2816, NULL, NULL, NULL, NULL, NULL, 2815),
('AND', 2817, 'EXACT', -1, NULL, NULL, NULL, NULL),
('HAS', 2818, NULL, NULL, NULL, NULL, 1347, NULL),
('HAS', 2819, NULL, NULL, NULL, NULL, 1678, NULL),
('NOT', 2820, NULL, NULL, NULL, NULL, NULL, 2819),
('AND', 2821, 'EXACT', -1, NULL, NULL, NULL, NULL),
('HAS', 2822, NULL, NULL, NULL, NULL, 1347, NULL),
('HAS', 2823, NULL, NULL, NULL, NULL, 1678, NULL),
('NOT', 2824, NULL, NULL, NULL, NULL, NULL, 2823),
('AND', 2825, 'EXACT', -1, NULL, NULL, NULL, NULL),
('HAS', 2826, NULL, NULL, NULL, NULL, 1347, NULL),
('HAS', 2827, NULL, NULL, NULL, NULL, 1678, NULL),
('NOT', 2828, NULL, NULL, NULL, NULL, NULL, 2827),
('AND', 2829, 'EXACT', -1, NULL, NULL, NULL, NULL),
('HAS', 2830, NULL, NULL, NULL, NULL, 1347, NULL),
('HAS', 2831, NULL, NULL, NULL, NULL, 1678, NULL),
('NOT', 2832, NULL, NULL, NULL, NULL, NULL, 2831),
('AND', 2833, 'EXACT', -1, NULL, NULL, NULL, NULL),
('HAS', 2834, NULL, NULL, NULL, NULL, 1347, NULL),
('HAS', 2835, NULL, NULL, NULL, NULL, 1678, NULL),
('NOT', 2836, NULL, NULL, NULL, NULL, NULL, 2835),
('HAS', 2837, NULL, NULL, NULL, NULL, 1686, NULL),
('NOT', 2838, NULL, NULL, NULL, NULL, NULL, 2837),
('HAS', 2839, NULL, NULL, NULL, NULL, 1686, NULL),
('NOT', 2840, NULL, NULL, NULL, NULL, NULL, 2839),
('HAS', 2841, NULL, NULL, NULL, NULL, 1686, NULL),
('NOT', 2842, NULL, NULL, NULL, NULL, NULL, 2841),
('HAS', 2843, NULL, NULL, NULL, NULL, 1686, NULL),
('NOT', 2844, NULL, NULL, NULL, NULL, NULL, 2843),
('HAS', 2845, NULL, NULL, NULL, NULL, 1686, NULL),
('NOT', 2846, NULL, NULL, NULL, NULL, NULL, 2845),
('HAS', 2847, NULL, NULL, NULL, NULL, 1686, NULL),
('NOT', 2848, NULL, NULL, NULL, NULL, NULL, 2847),
('HAS', 2849, NULL, NULL, NULL, NULL, 1686, NULL),
('NOT', 2850, NULL, NULL, NULL, NULL, NULL, 2849),
('HAS', 2851, NULL, NULL, NULL, NULL, 1686, NULL),
('NOT', 2852, NULL, NULL, NULL, NULL, NULL, 2851),
('HAS', 2853, NULL, NULL, NULL, NULL, 1694, NULL),
('NOT', 2854, NULL, NULL, NULL, NULL, NULL, 2853),
('HAS', 2855, NULL, NULL, NULL, NULL, 1695, NULL),
('NOT', 2856, NULL, NULL, NULL, NULL, NULL, 2855),
('HAS', 2857, NULL, NULL, NULL, NULL, 1351, NULL),
('NOT', 2858, NULL, NULL, NULL, NULL, NULL, 2857),
('HAS', 2859, NULL, NULL, NULL, NULL, 1351, NULL),
('NOT', 2860, NULL, NULL, NULL, NULL, NULL, 2859),
('HAS', 2861, NULL, NULL, NULL, NULL, 1351, NULL),
('NOT', 2862, NULL, NULL, NULL, NULL, NULL, 2861),
('HAS', 2863, NULL, NULL, NULL, NULL, 1351, NULL),
('NOT', 2864, NULL, NULL, NULL, NULL, NULL, 2863),
('HAS', 2865, NULL, NULL, NULL, NULL, 1883, NULL),
('AND', 2866, 'EXACT', -1, NULL, NULL, NULL, NULL),
('HAS', 2867, NULL, NULL, NULL, NULL, 1771, NULL),
('HAS', 2868, NULL, NULL, NULL, NULL, 1730, NULL),
('NOT', 2869, NULL, NULL, NULL, NULL, NULL, 2868),
('AND', 2870, 'EXACT', -1, NULL, NULL, NULL, NULL),
('HAS', 2871, NULL, NULL, NULL, NULL, 1771, NULL),
('HAS', 2872, NULL, NULL, NULL, NULL, 1730, NULL),
('NOT', 2873, NULL, NULL, NULL, NULL, NULL, 2872),
('AND', 2874, 'EXACT', -1, NULL, NULL, NULL, NULL),
('HAS', 2875, NULL, NULL, NULL, NULL, 1771, NULL),
('HAS', 2876, NULL, NULL, NULL, NULL, 1730, NULL),
('NOT', 2877, NULL, NULL, NULL, NULL, NULL, 2876),
('AND', 2878, 'EXACT', -1, NULL, NULL, NULL, NULL),
('HAS', 2879, NULL, NULL, NULL, NULL, 1771, NULL),
('HAS', 2880, NULL, NULL, NULL, NULL, 1730, NULL),
('NOT', 2881, NULL, NULL, NULL, NULL, NULL, 2880),
('AND', 2882, 'EXACT', -1, NULL, NULL, NULL, NULL),
('HAS', 2883, NULL, NULL, NULL, NULL, 1347, NULL),
('HAS', 2884, NULL, NULL, NULL, NULL, 1734, NULL),
('NOT', 2885, NULL, NULL, NULL, NULL, NULL, 2884),
('AND', 2886, 'EXACT', -1, NULL, NULL, NULL, NULL),
('HAS', 2887, NULL, NULL, NULL, NULL, 1347, NULL),
('HAS', 2888, NULL, NULL, NULL, NULL, 1734, NULL),
('NOT', 2889, NULL, NULL, NULL, NULL, NULL, 2888),
('AND', 2890, 'EXACT', -1, NULL, NULL, NULL, NULL),
('HAS', 2891, NULL, NULL, NULL, NULL, 1347, NULL),
('HAS', 2892, NULL, NULL, NULL, NULL, 1734, NULL),
('NOT', 2893, NULL, NULL, NULL, NULL, NULL, 2892),
('AND', 2894, 'EXACT', -1, NULL, NULL, NULL, NULL),
('HAS', 2895, NULL, NULL, NULL, NULL, 1347, NULL),
('HAS', 2896, NULL, NULL, NULL, NULL, 1734, NULL),
('NOT', 2897, NULL, NULL, NULL, NULL, NULL, 2896),
('HAS', 2898, NULL, NULL, NULL, NULL, 1738, NULL),
('NOT', 2899, NULL, NULL, NULL, NULL, NULL, 2898),
('HAS', 2900, NULL, NULL, NULL, NULL, 1738, NULL),
('NOT', 2901, NULL, NULL, NULL, NULL, NULL, 2900),
('HAS', 2902, NULL, NULL, NULL, NULL, 1738, NULL),
('NOT', 2903, NULL, NULL, NULL, NULL, NULL, 2902),
('HAS', 2904, NULL, NULL, NULL, NULL, 1738, NULL),
('NOT', 2905, NULL, NULL, NULL, NULL, NULL, 2904),
('OR', 2906, 'MINIMUM', 1, NULL, NULL, NULL, NULL),
('HAS', 2907, NULL, NULL, NULL, NULL, 1048, NULL),
('NOT', 2908, NULL, NULL, NULL, NULL, NULL, 2907),
('HAS', 2909, NULL, NULL, NULL, NULL, 1364, NULL),
('NOT', 2910, NULL, NULL, NULL, NULL, NULL, 2909),
('HAS', 2911, NULL, NULL, NULL, NULL, 1814, NULL),
('NOT', 2912, NULL, NULL, NULL, NULL, NULL, 2906),
('HAS', 2913, NULL, NULL, NULL, NULL, 1771, NULL),
('HAS', 2914, NULL, NULL, NULL, NULL, 1347, NULL),
('AND', 2915, 'EXACT', -1, NULL, NULL, NULL, NULL),
('HAS', 2916, NULL, NULL, NULL, NULL, 1703, NULL),
('NOT', 2917, NULL, NULL, NULL, NULL, NULL, 2916),
('AND', 2918, 'EXACT', -1, NULL, NULL, NULL, NULL),
('HAS', 2919, NULL, NULL, NULL, NULL, 1771, NULL),
('OR', 2920, 'MINIMUM', 1, NULL, NULL, NULL, NULL),
('HAS', 2921, NULL, NULL, NULL, NULL, 1881, NULL),
('NOT', 2922, NULL, NULL, NULL, NULL, NULL, 2921),
('AND', 2923, 'EXACT', -1, NULL, NULL, NULL, NULL),
('HAS', 2924, NULL, NULL, NULL, NULL, 1769, NULL),
('NOT', 2925, NULL, NULL, NULL, NULL, NULL, 2924),
('HAS', 2926, NULL, NULL, NULL, NULL, 1346, NULL),
('NOT', 2927, NULL, NULL, NULL, NULL, NULL, 2926),
('HAS', 2928, NULL, NULL, NULL, NULL, 1879, NULL),
('NOT', 2929, NULL, NULL, NULL, NULL, NULL, 2928),
('HAS', 2930, NULL, NULL, NULL, NULL, 1668, NULL),
('NOT', 2931, NULL, NULL, NULL, NULL, NULL, 2930),
('AND', 2932, 'EXACT', -1, NULL, NULL, NULL, NULL),
('HAS', 2933, NULL, NULL, NULL, NULL, 1052, NULL),
('NOT', 2934, NULL, NULL, NULL, NULL, NULL, 2933),
('AND', 2935, 'EXACT', -1, NULL, NULL, NULL, NULL),
('HAS', 2936, NULL, NULL, NULL, NULL, 1052, NULL),
('NOT', 2937, NULL, NULL, NULL, NULL, NULL, 2936),
('AND', 2938, 'EXACT', -1, NULL, NULL, NULL, NULL),
('HAS', 2939, NULL, NULL, NULL, NULL, 1052, NULL),
('NOT', 2940, NULL, NULL, NULL, NULL, NULL, 2939),
('AND', 2941, 'EXACT', -1, NULL, NULL, NULL, NULL),
('HAS', 2942, NULL, NULL, NULL, NULL, 1052, NULL),
('NOT', 2943, NULL, NULL, NULL, NULL, NULL, 2942),
('AND', 2944, 'EXACT', -1, NULL, NULL, NULL, NULL),
('HAS', 2945, NULL, NULL, NULL, NULL, 1052, NULL),
('NOT', 2946, NULL, NULL, NULL, NULL, NULL, 2945),
('AND', 2947, 'EXACT', -1, NULL, NULL, NULL, NULL),
('HAS', 2948, NULL, NULL, NULL, NULL, 1052, NULL),
('NOT', 2949, NULL, NULL, NULL, NULL, NULL, 2948),
('AND', 2950, 'EXACT', -1, NULL, NULL, NULL, NULL),
('HAS', 2951, NULL, NULL, NULL, NULL, 1052, NULL),
('NOT', 2952, NULL, NULL, NULL, NULL, NULL, 2951),
('AND', 2953, 'EXACT', -1, NULL, NULL, NULL, NULL),
('HAS', 2954, NULL, NULL, NULL, NULL, 1052, NULL),
('NOT', 2955, NULL, NULL, NULL, NULL, NULL, 2954),
('AND', 2956, 'EXACT', -1, NULL, NULL, NULL, NULL),
('HAS', 2957, NULL, NULL, NULL, NULL, 1052, NULL),
('NOT', 2958, NULL, NULL, NULL, NULL, NULL, 2957),
('AND', 2959, 'EXACT', -1, NULL, NULL, NULL, NULL),
('HAS', 2960, NULL, NULL, NULL, NULL, 1052, NULL),
('NOT', 2961, NULL, NULL, NULL, NULL, NULL, 2960),
('AND', 2962, 'EXACT', -1, NULL, NULL, NULL, NULL),
('HAS', 2963, NULL, NULL, NULL, NULL, 1052, NULL),
('NOT', 2964, NULL, NULL, NULL, NULL, NULL, 2963),
('AND', 2965, 'EXACT', -1, NULL, NULL, NULL, NULL),
('HAS', 2966, NULL, NULL, NULL, NULL, 1052, NULL),
('NOT', 2967, NULL, NULL, NULL, NULL, NULL, 2966),
('AND', 2968, 'EXACT', -1, NULL, NULL, NULL, NULL),
('HAS', 2969, NULL, NULL, NULL, NULL, 1052, NULL),
('NOT', 2970, NULL, NULL, NULL, NULL, NULL, 2969),
('AND', 2971, 'EXACT', -1, NULL, NULL, NULL, NULL),
('HAS', 2972, NULL, NULL, NULL, NULL, 1052, NULL),
('NOT', 2973, NULL, NULL, NULL, NULL, NULL, 2972),
('AND', 2974, 'EXACT', -1, NULL, NULL, NULL, NULL),
('HAS', 2975, NULL, NULL, NULL, NULL, 1052, NULL),
('NOT', 2976, NULL, NULL, NULL, NULL, NULL, 2975),
('AND', 2977, 'EXACT', -1, NULL, NULL, NULL, NULL),
('HAS', 2978, NULL, NULL, NULL, NULL, 1052, NULL),
('NOT', 2979, NULL, NULL, NULL, NULL, NULL, 2978),
('AND', 2980, 'EXACT', -1, NULL, NULL, NULL, NULL),
('HAS', 2981, NULL, NULL, NULL, NULL, 1052, NULL),
('NOT', 2982, NULL, NULL, NULL, NULL, NULL, 2981),
('AND', 2983, 'EXACT', -1, NULL, NULL, NULL, NULL),
('HAS', 2984, NULL, NULL, NULL, NULL, 1052, NULL),
('NOT', 2985, NULL, NULL, NULL, NULL, NULL, 2984),
('AND', 2986, 'EXACT', -1, NULL, NULL, NULL, NULL),
('HAS', 2987, NULL, NULL, NULL, NULL, 1052, NULL),
('NOT', 2988, NULL, NULL, NULL, NULL, NULL, 2987),
('AND', 2989, 'EXACT', -1, NULL, NULL, NULL, NULL),
('HAS', 2990, NULL, NULL, NULL, NULL, 1052, NULL),
('NOT', 2991, NULL, NULL, NULL, NULL, NULL, 2990),
('AND', 2992, 'EXACT', -1, NULL, NULL, NULL, NULL),
('HAS', 2993, NULL, NULL, NULL, NULL, 1052, NULL),
('NOT', 2994, NULL, NULL, NULL, NULL, NULL, 2993),
('AND', 2995, 'EXACT', -1, NULL, NULL, NULL, NULL),
('HAS', 2996, NULL, NULL, NULL, NULL, 1052, NULL),
('NOT', 2997, NULL, NULL, NULL, NULL, NULL, 2996),
('AND', 2998, 'EXACT', -1, NULL, NULL, NULL, NULL),
('HAS', 2999, NULL, NULL, NULL, NULL, 1052, NULL),
('NOT', 3000, NULL, NULL, NULL, NULL, NULL, 2999),
('AND', 3001, 'EXACT', -1, NULL, NULL, NULL, NULL),
('HAS', 3002, NULL, NULL, NULL, NULL, 1052, NULL),
('NOT', 3003, NULL, NULL, NULL, NULL, NULL, 3002),
('AND', 3004, 'EXACT', -1, NULL, NULL, NULL, NULL),
('HAS', 3005, NULL, NULL, NULL, NULL, 1052, NULL),
('NOT', 3006, NULL, NULL, NULL, NULL, NULL, 3005),
('AND', 3007, 'EXACT', -1, NULL, NULL, NULL, NULL),
('HAS', 3008, NULL, NULL, NULL, NULL, 1052, NULL),
('NOT', 3009, NULL, NULL, NULL, NULL, NULL, 3008),
('AND', 3010, 'EXACT', -1, NULL, NULL, NULL, NULL),
('HAS', 3011, NULL, NULL, NULL, NULL, 1052, NULL),
('NOT', 3012, NULL, NULL, NULL, NULL, NULL, 3011),
('AND', 3013, 'EXACT', -1, NULL, NULL, NULL, NULL),
('HAS', 3014, NULL, NULL, NULL, NULL, 1052, NULL),
('NOT', 3015, NULL, NULL, NULL, NULL, NULL, 3014),
('AND', 3016, 'EXACT', -1, NULL, NULL, NULL, NULL),
('HAS', 3017, NULL, NULL, NULL, NULL, 1052, NULL),
('NOT', 3018, NULL, NULL, NULL, NULL, NULL, 3017),
('AND', 3019, 'EXACT', -1, NULL, NULL, NULL, NULL),
('HAS', 3020, NULL, NULL, NULL, NULL, 1052, NULL),
('NOT', 3021, NULL, NULL, NULL, NULL, NULL, 3020),
('AND', 3022, 'EXACT', -1, NULL, NULL, NULL, NULL),
('HAS', 3023, NULL, NULL, NULL, NULL, 1052, NULL),
('NOT', 3024, NULL, NULL, NULL, NULL, NULL, 3023),
('AND', 3025, 'EXACT', -1, NULL, NULL, NULL, NULL),
('HAS', 3026, NULL, NULL, NULL, NULL, 1052, NULL),
('NOT', 3027, NULL, NULL, NULL, NULL, NULL, 3026),
('AND', 3028, 'EXACT', -1, NULL, NULL, NULL, NULL),
('HAS', 3029, NULL, NULL, NULL, NULL, 1052, NULL),
('NOT', 3030, NULL, NULL, NULL, NULL, NULL, 3029),
('AND', 3031, 'EXACT', -1, NULL, NULL, NULL, NULL),
('HAS', 3032, NULL, NULL, NULL, NULL, 1052, NULL),
('NOT', 3033, NULL, NULL, NULL, NULL, NULL, 3032),
('AND', 3034, 'EXACT', -1, NULL, NULL, NULL, NULL),
('HAS', 3035, NULL, NULL, NULL, NULL, 1052, NULL),
('NOT', 3036, NULL, NULL, NULL, NULL, NULL, 3035),
('AND', 3037, 'EXACT', -1, NULL, NULL, NULL, NULL),
('HAS', 3038, NULL, NULL, NULL, NULL, 1052, NULL),
('NOT', 3039, NULL, NULL, NULL, NULL, NULL, 3038),
('AND', 3040, 'EXACT', -1, NULL, NULL, NULL, NULL),
('HAS', 3041, NULL, NULL, NULL, NULL, 1052, NULL),
('NOT', 3042, NULL, NULL, NULL, NULL, NULL, 3041),
('AND', 3043, 'EXACT', -1, NULL, NULL, NULL, NULL),
('HAS', 3044, NULL, NULL, NULL, NULL, 1052, NULL),
('NOT', 3045, NULL, NULL, NULL, NULL, NULL, 3044),
('AND', 3046, 'EXACT', -1, NULL, NULL, NULL, NULL),
('HAS', 3047, NULL, NULL, NULL, NULL, 1052, NULL),
('NOT', 3048, NULL, NULL, NULL, NULL, NULL, 3047),
('AND', 3049, 'EXACT', -1, NULL, NULL, NULL, NULL),
('HAS', 3050, NULL, NULL, NULL, NULL, 1052, NULL),
('NOT', 3051, NULL, NULL, NULL, NULL, NULL, 3050),
('AND', 3052, 'EXACT', -1, NULL, NULL, NULL, NULL),
('HAS', 3053, NULL, NULL, NULL, NULL, 1052, NULL),
('NOT', 3054, NULL, NULL, NULL, NULL, NULL, 3053),
('AND', 3055, 'EXACT', -1, NULL, NULL, NULL, NULL),
('HAS', 3056, NULL, NULL, NULL, NULL, 1052, NULL),
('NOT', 3057, NULL, NULL, NULL, NULL, NULL, 3056),
('AND', 3058, 'EXACT', -1, NULL, NULL, NULL, NULL),
('HAS', 3059, NULL, NULL, NULL, NULL, 1052, NULL),
('NOT', 3060, NULL, NULL, NULL, NULL, NULL, 3059),
('AND', 3061, 'EXACT', -1, NULL, NULL, NULL, NULL),
('HAS', 3062, NULL, NULL, NULL, NULL, 1052, NULL),
('NOT', 3063, NULL, NULL, NULL, NULL, NULL, 3062),
('AND', 3064, 'EXACT', -1, NULL, NULL, NULL, NULL),
('HAS', 3065, NULL, NULL, NULL, NULL, 1052, NULL),
('NOT', 3066, NULL, NULL, NULL, NULL, NULL, 3065),
('AND', 3067, 'EXACT', -1, NULL, NULL, NULL, NULL),
('HAS', 3068, NULL, NULL, NULL, NULL, 1052, NULL),
('NOT', 3069, NULL, NULL, NULL, NULL, NULL, 3068),
('AND', 3070, 'EXACT', -1, NULL, NULL, NULL, NULL),
('HAS', 3071, NULL, NULL, NULL, NULL, 1052, NULL),
('NOT', 3072, NULL, NULL, NULL, NULL, NULL, 3071),
('AND', 3073, 'EXACT', -1, NULL, NULL, NULL, NULL),
('HAS', 3074, NULL, NULL, NULL, NULL, 1052, NULL),
('NOT', 3075, NULL, NULL, NULL, NULL, NULL, 3074),
('AND', 3076, 'EXACT', -1, NULL, NULL, NULL, NULL),
('HAS', 3077, NULL, NULL, NULL, NULL, 1052, NULL),
('NOT', 3078, NULL, NULL, NULL, NULL, NULL, 3077),
('AND', 3079, 'EXACT', -1, NULL, NULL, NULL, NULL),
('HAS', 3080, NULL, NULL, NULL, NULL, 1052, NULL),
('NOT', 3081, NULL, NULL, NULL, NULL, NULL, 3080),
('AND', 3082, 'EXACT', -1, NULL, NULL, NULL, NULL),
('HAS', 3083, NULL, NULL, NULL, NULL, 1052, NULL),
('NOT', 3084, NULL, NULL, NULL, NULL, NULL, 3083),
('AND', 3085, 'EXACT', -1, NULL, NULL, NULL, NULL),
('HAS', 3086, NULL, NULL, NULL, NULL, 1052, NULL),
('NOT', 3087, NULL, NULL, NULL, NULL, NULL, 3086),
('AND', 3088, 'EXACT', -1, NULL, NULL, NULL, NULL),
('HAS', 3089, NULL, NULL, NULL, NULL, 1052, NULL),
('NOT', 3090, NULL, NULL, NULL, NULL, NULL, 3089),
('AND', 3091, 'EXACT', -1, NULL, NULL, NULL, NULL),
('HAS', 3092, NULL, NULL, NULL, NULL, 1052, NULL),
('NOT', 3093, NULL, NULL, NULL, NULL, NULL, 3092),
('AND', 3094, 'EXACT', -1, NULL, NULL, NULL, NULL),
('HAS', 3095, NULL, NULL, NULL, NULL, 1052, NULL),
('NOT', 3096, NULL, NULL, NULL, NULL, NULL, 3095),
('AND', 3097, 'EXACT', -1, NULL, NULL, NULL, NULL),
('HAS', 3098, NULL, NULL, NULL, NULL, 1052, NULL),
('NOT', 3099, NULL, NULL, NULL, NULL, NULL, 3098),
('AND', 3100, 'EXACT', -1, NULL, NULL, NULL, NULL),
('HAS', 3101, NULL, NULL, NULL, NULL, 1052, NULL),
('NOT', 3102, NULL, NULL, NULL, NULL, NULL, 3101),
('AND', 3103, 'EXACT', -1, NULL, NULL, NULL, NULL),
('HAS', 3104, NULL, NULL, NULL, NULL, 1052, NULL),
('NOT', 3105, NULL, NULL, NULL, NULL, NULL, 3104),
('AND', 3106, 'EXACT', -1, NULL, NULL, NULL, NULL),
('HAS', 3107, NULL, NULL, NULL, NULL, 1052, NULL),
('NOT', 3108, NULL, NULL, NULL, NULL, NULL, 3107),
('AND', 3109, 'EXACT', -1, NULL, NULL, NULL, NULL),
('HAS', 3110, NULL, NULL, NULL, NULL, 1052, NULL),
('NOT', 3111, NULL, NULL, NULL, NULL, NULL, 3110);
INSERT INTO `conditions` (`type`, `id`, `comparison`, `n`, `modifier`, `level_check_id`, `property_id`, `not_id`) VALUES
('AND', 3112, 'EXACT', -1, NULL, NULL, NULL, NULL),
('HAS', 3113, NULL, NULL, NULL, NULL, 1052, NULL),
('NOT', 3114, NULL, NULL, NULL, NULL, NULL, 3113),
('AND', 3115, 'EXACT', -1, NULL, NULL, NULL, NULL),
('HAS', 3116, NULL, NULL, NULL, NULL, 1052, NULL),
('NOT', 3117, NULL, NULL, NULL, NULL, NULL, 3116),
('AND', 3118, 'EXACT', -1, NULL, NULL, NULL, NULL),
('HAS', 3119, NULL, NULL, NULL, NULL, 1052, NULL),
('NOT', 3120, NULL, NULL, NULL, NULL, NULL, 3119),
('AND', 3121, 'EXACT', -1, NULL, NULL, NULL, NULL),
('HAS', 3122, NULL, NULL, NULL, NULL, 1052, NULL),
('NOT', 3123, NULL, NULL, NULL, NULL, NULL, 3122),
('AND', 3124, 'EXACT', -1, NULL, NULL, NULL, NULL),
('HAS', 3125, NULL, NULL, NULL, NULL, 1052, NULL),
('NOT', 3126, NULL, NULL, NULL, NULL, NULL, 3125),
('AND', 3127, 'EXACT', -1, NULL, NULL, NULL, NULL),
('HAS', 3128, NULL, NULL, NULL, NULL, 1052, NULL),
('NOT', 3129, NULL, NULL, NULL, NULL, NULL, 3128),
('AND', 3130, 'EXACT', -1, NULL, NULL, NULL, NULL),
('HAS', 3131, NULL, NULL, NULL, NULL, 1052, NULL),
('NOT', 3132, NULL, NULL, NULL, NULL, NULL, 3131),
('AND', 3133, 'EXACT', -1, NULL, NULL, NULL, NULL),
('HAS', 3134, NULL, NULL, NULL, NULL, 1052, NULL),
('NOT', 3135, NULL, NULL, NULL, NULL, NULL, 3134),
('AND', 3136, 'EXACT', -1, NULL, NULL, NULL, NULL),
('HAS', 3137, NULL, NULL, NULL, NULL, 1052, NULL),
('NOT', 3138, NULL, NULL, NULL, NULL, NULL, 3137),
('AND', 3139, 'EXACT', -1, NULL, NULL, NULL, NULL),
('HAS', 3140, NULL, NULL, NULL, NULL, 1052, NULL),
('NOT', 3141, NULL, NULL, NULL, NULL, NULL, 3140),
('AND', 3142, 'EXACT', -1, NULL, NULL, NULL, NULL),
('HAS', 3143, NULL, NULL, NULL, NULL, 1052, NULL),
('NOT', 3144, NULL, NULL, NULL, NULL, NULL, 3143),
('AND', 3145, 'EXACT', -1, NULL, NULL, NULL, NULL),
('HAS', 3146, NULL, NULL, NULL, NULL, 1052, NULL),
('NOT', 3147, NULL, NULL, NULL, NULL, NULL, 3146),
('AND', 3148, 'EXACT', -1, NULL, NULL, NULL, NULL),
('HAS', 3149, NULL, NULL, NULL, NULL, 1052, NULL),
('NOT', 3150, NULL, NULL, NULL, NULL, NULL, 3149),
('AND', 3151, 'EXACT', -1, NULL, NULL, NULL, NULL),
('HAS', 3152, NULL, NULL, NULL, NULL, 1052, NULL),
('NOT', 3153, NULL, NULL, NULL, NULL, NULL, 3152),
('AND', 3154, 'EXACT', -1, NULL, NULL, NULL, NULL),
('HAS', 3155, NULL, NULL, NULL, NULL, 1052, NULL),
('NOT', 3156, NULL, NULL, NULL, NULL, NULL, 3155),
('AND', 3157, 'EXACT', -1, NULL, NULL, NULL, NULL),
('HAS', 3158, NULL, NULL, NULL, NULL, 1052, NULL),
('NOT', 3159, NULL, NULL, NULL, NULL, NULL, 3158),
('AND', 3160, 'EXACT', -1, NULL, NULL, NULL, NULL),
('HAS', 3161, NULL, NULL, NULL, NULL, 1052, NULL),
('NOT', 3162, NULL, NULL, NULL, NULL, NULL, 3161),
('AND', 3163, 'EXACT', -1, NULL, NULL, NULL, NULL),
('HAS', 3164, NULL, NULL, NULL, NULL, 1052, NULL),
('NOT', 3165, NULL, NULL, NULL, NULL, NULL, 3164),
('AND', 3166, 'EXACT', -1, NULL, NULL, NULL, NULL),
('HAS', 3167, NULL, NULL, NULL, NULL, 1052, NULL),
('NOT', 3168, NULL, NULL, NULL, NULL, NULL, 3167),
('AND', 3169, 'EXACT', -1, NULL, NULL, NULL, NULL),
('HAS', 3170, NULL, NULL, NULL, NULL, 1052, NULL),
('NOT', 3171, NULL, NULL, NULL, NULL, NULL, 3170),
('AND', 3172, 'EXACT', -1, NULL, NULL, NULL, NULL),
('HAS', 3173, NULL, NULL, NULL, NULL, 1052, NULL),
('NOT', 3174, NULL, NULL, NULL, NULL, NULL, 3173),
('AND', 3175, 'EXACT', -1, NULL, NULL, NULL, NULL),
('HAS', 3176, NULL, NULL, NULL, NULL, 1052, NULL),
('NOT', 3177, NULL, NULL, NULL, NULL, NULL, 3176),
('AND', 3178, 'EXACT', -1, NULL, NULL, NULL, NULL),
('HAS', 3179, NULL, NULL, NULL, NULL, 1052, NULL),
('NOT', 3180, NULL, NULL, NULL, NULL, NULL, 3179),
('AND', 3181, 'EXACT', -1, NULL, NULL, NULL, NULL),
('HAS', 3182, NULL, NULL, NULL, NULL, 1052, NULL),
('NOT', 3183, NULL, NULL, NULL, NULL, NULL, 3182),
('AND', 3184, 'EXACT', -1, NULL, NULL, NULL, NULL),
('HAS', 3185, NULL, NULL, NULL, NULL, 1052, NULL),
('NOT', 3186, NULL, NULL, NULL, NULL, NULL, 3185),
('AND', 3187, 'EXACT', -1, NULL, NULL, NULL, NULL),
('HAS', 3188, NULL, NULL, NULL, NULL, 1052, NULL),
('NOT', 3189, NULL, NULL, NULL, NULL, NULL, 3188),
('AND', 3190, 'EXACT', -1, NULL, NULL, NULL, NULL),
('HAS', 3191, NULL, NULL, NULL, NULL, 1052, NULL),
('NOT', 3192, NULL, NULL, NULL, NULL, NULL, 3191),
('AND', 3193, 'EXACT', -1, NULL, NULL, NULL, NULL),
('HAS', 3194, NULL, NULL, NULL, NULL, 1052, NULL),
('NOT', 3195, NULL, NULL, NULL, NULL, NULL, 3194),
('AND', 3196, 'EXACT', -1, NULL, NULL, NULL, NULL),
('HAS', 3197, NULL, NULL, NULL, NULL, 1052, NULL),
('NOT', 3198, NULL, NULL, NULL, NULL, NULL, 3197),
('AND', 3199, 'EXACT', -1, NULL, NULL, NULL, NULL),
('HAS', 3200, NULL, NULL, NULL, NULL, 1052, NULL),
('NOT', 3201, NULL, NULL, NULL, NULL, NULL, 3200),
('AND', 3202, 'EXACT', -1, NULL, NULL, NULL, NULL),
('HAS', 3203, NULL, NULL, NULL, NULL, 1052, NULL),
('NOT', 3204, NULL, NULL, NULL, NULL, NULL, 3203),
('AND', 3205, 'EXACT', -1, NULL, NULL, NULL, NULL),
('HAS', 3206, NULL, NULL, NULL, NULL, 1052, NULL),
('NOT', 3207, NULL, NULL, NULL, NULL, NULL, 3206),
('AND', 3208, 'EXACT', -1, NULL, NULL, NULL, NULL),
('HAS', 3209, NULL, NULL, NULL, NULL, 1052, NULL),
('NOT', 3210, NULL, NULL, NULL, NULL, NULL, 3209),
('AND', 3211, 'EXACT', -1, NULL, NULL, NULL, NULL),
('HAS', 3212, NULL, NULL, NULL, NULL, 1052, NULL),
('NOT', 3213, NULL, NULL, NULL, NULL, NULL, 3212),
('AND', 3214, 'EXACT', -1, NULL, NULL, NULL, NULL),
('HAS', 3215, NULL, NULL, NULL, NULL, 1052, NULL),
('NOT', 3216, NULL, NULL, NULL, NULL, NULL, 3215),
('AND', 3217, 'EXACT', -1, NULL, NULL, NULL, NULL),
('HAS', 3218, NULL, NULL, NULL, NULL, 1052, NULL),
('NOT', 3219, NULL, NULL, NULL, NULL, NULL, 3218),
('AND', 3220, 'EXACT', -1, NULL, NULL, NULL, NULL),
('HAS', 3221, NULL, NULL, NULL, NULL, 1052, NULL),
('NOT', 3222, NULL, NULL, NULL, NULL, NULL, 3221),
('AND', 3223, 'EXACT', -1, NULL, NULL, NULL, NULL),
('HAS', 3224, NULL, NULL, NULL, NULL, 1052, NULL),
('NOT', 3225, NULL, NULL, NULL, NULL, NULL, 3224),
('AND', 3226, 'EXACT', -1, NULL, NULL, NULL, NULL),
('HAS', 3227, NULL, NULL, NULL, NULL, 1052, NULL),
('NOT', 3228, NULL, NULL, NULL, NULL, NULL, 3227),
('AND', 3229, 'EXACT', -1, NULL, NULL, NULL, NULL),
('HAS', 3230, NULL, NULL, NULL, NULL, 1052, NULL),
('NOT', 3231, NULL, NULL, NULL, NULL, NULL, 3230),
('AND', 3232, 'EXACT', -1, NULL, NULL, NULL, NULL),
('HAS', 3233, NULL, NULL, NULL, NULL, 1052, NULL),
('NOT', 3234, NULL, NULL, NULL, NULL, NULL, 3233),
('AND', 3235, 'EXACT', -1, NULL, NULL, NULL, NULL),
('HAS', 3236, NULL, NULL, NULL, NULL, 1052, NULL),
('NOT', 3237, NULL, NULL, NULL, NULL, NULL, 3236),
('AND', 3238, 'EXACT', -1, NULL, NULL, NULL, NULL),
('HAS', 3239, NULL, NULL, NULL, NULL, 1052, NULL),
('NOT', 3240, NULL, NULL, NULL, NULL, NULL, 3239),
('AND', 3241, 'EXACT', -1, NULL, NULL, NULL, NULL),
('HAS', 3242, NULL, NULL, NULL, NULL, 1052, NULL),
('NOT', 3243, NULL, NULL, NULL, NULL, NULL, 3242),
('AND', 3244, 'EXACT', -1, NULL, NULL, NULL, NULL),
('HAS', 3245, NULL, NULL, NULL, NULL, 1052, NULL),
('NOT', 3246, NULL, NULL, NULL, NULL, NULL, 3245),
('AND', 3247, 'EXACT', -1, NULL, NULL, NULL, NULL),
('HAS', 3248, NULL, NULL, NULL, NULL, 1052, NULL),
('NOT', 3249, NULL, NULL, NULL, NULL, NULL, 3248),
('AND', 3250, 'EXACT', -1, NULL, NULL, NULL, NULL),
('HAS', 3251, NULL, NULL, NULL, NULL, 1052, NULL),
('NOT', 3252, NULL, NULL, NULL, NULL, NULL, 3251),
('AND', 3253, 'EXACT', -1, NULL, NULL, NULL, NULL),
('HAS', 3254, NULL, NULL, NULL, NULL, 1052, NULL),
('NOT', 3255, NULL, NULL, NULL, NULL, NULL, 3254),
('AND', 3256, 'EXACT', -1, NULL, NULL, NULL, NULL),
('HAS', 3257, NULL, NULL, NULL, NULL, 1052, NULL),
('NOT', 3258, NULL, NULL, NULL, NULL, NULL, 3257),
('AND', 3259, 'EXACT', -1, NULL, NULL, NULL, NULL),
('HAS', 3260, NULL, NULL, NULL, NULL, 1052, NULL),
('NOT', 3261, NULL, NULL, NULL, NULL, NULL, 3260),
('AND', 3262, 'EXACT', -1, NULL, NULL, NULL, NULL),
('HAS', 3263, NULL, NULL, NULL, NULL, 1052, NULL),
('NOT', 3264, NULL, NULL, NULL, NULL, NULL, 3263),
('AND', 3265, 'EXACT', -1, NULL, NULL, NULL, NULL),
('HAS', 3266, NULL, NULL, NULL, NULL, 1052, NULL),
('NOT', 3267, NULL, NULL, NULL, NULL, NULL, 3266),
('AND', 3268, 'EXACT', -1, NULL, NULL, NULL, NULL),
('HAS', 3269, NULL, NULL, NULL, NULL, 1052, NULL),
('NOT', 3270, NULL, NULL, NULL, NULL, NULL, 3269),
('AND', 3271, 'EXACT', -1, NULL, NULL, NULL, NULL),
('HAS', 3272, NULL, NULL, NULL, NULL, 1052, NULL),
('NOT', 3273, NULL, NULL, NULL, NULL, NULL, 3272),
('AND', 3274, 'EXACT', -1, NULL, NULL, NULL, NULL),
('HAS', 3275, NULL, NULL, NULL, NULL, 1052, NULL),
('NOT', 3276, NULL, NULL, NULL, NULL, NULL, 3275),
('AND', 3277, 'EXACT', -1, NULL, NULL, NULL, NULL),
('HAS', 3278, NULL, NULL, NULL, NULL, 1052, NULL),
('NOT', 3279, NULL, NULL, NULL, NULL, NULL, 3278),
('AND', 3280, 'EXACT', -1, NULL, NULL, NULL, NULL),
('HAS', 3281, NULL, NULL, NULL, NULL, 1052, NULL),
('NOT', 3282, NULL, NULL, NULL, NULL, NULL, 3281),
('AND', 3283, 'EXACT', -1, NULL, NULL, NULL, NULL),
('HAS', 3284, NULL, NULL, NULL, NULL, 1052, NULL),
('NOT', 3285, NULL, NULL, NULL, NULL, NULL, 3284),
('AND', 3286, 'EXACT', -1, NULL, NULL, NULL, NULL),
('HAS', 3287, NULL, NULL, NULL, NULL, 1052, NULL),
('NOT', 3288, NULL, NULL, NULL, NULL, NULL, 3287),
('AND', 3289, 'EXACT', -1, NULL, NULL, NULL, NULL),
('HAS', 3290, NULL, NULL, NULL, NULL, 1052, NULL),
('NOT', 3291, NULL, NULL, NULL, NULL, NULL, 3290),
('AND', 3292, 'EXACT', -1, NULL, NULL, NULL, NULL),
('HAS', 3293, NULL, NULL, NULL, NULL, 1052, NULL),
('NOT', 3294, NULL, NULL, NULL, NULL, NULL, 3293),
('AND', 3295, 'EXACT', -1, NULL, NULL, NULL, NULL),
('HAS', 3296, NULL, NULL, NULL, NULL, 1052, NULL),
('NOT', 3297, NULL, NULL, NULL, NULL, NULL, 3296),
('AND', 3298, 'EXACT', -1, NULL, NULL, NULL, NULL),
('HAS', 3299, NULL, NULL, NULL, NULL, 1052, NULL),
('NOT', 3300, NULL, NULL, NULL, NULL, NULL, 3299),
('AND', 3301, 'EXACT', -1, NULL, NULL, NULL, NULL),
('HAS', 3302, NULL, NULL, NULL, NULL, 1052, NULL),
('NOT', 3303, NULL, NULL, NULL, NULL, NULL, 3302),
('AND', 3304, 'EXACT', -1, NULL, NULL, NULL, NULL),
('HAS', 3305, NULL, NULL, NULL, NULL, 1052, NULL),
('NOT', 3306, NULL, NULL, NULL, NULL, NULL, 3305),
('AND', 3307, 'EXACT', -1, NULL, NULL, NULL, NULL),
('HAS', 3308, NULL, NULL, NULL, NULL, 1052, NULL),
('NOT', 3309, NULL, NULL, NULL, NULL, NULL, 3308),
('AND', 3310, 'EXACT', -1, NULL, NULL, NULL, NULL),
('HAS', 3311, NULL, NULL, NULL, NULL, 1052, NULL),
('NOT', 3312, NULL, NULL, NULL, NULL, NULL, 3311),
('AND', 3313, 'EXACT', -1, NULL, NULL, NULL, NULL),
('HAS', 3314, NULL, NULL, NULL, NULL, 1052, NULL),
('NOT', 3315, NULL, NULL, NULL, NULL, NULL, 3314),
('AND', 3316, 'EXACT', -1, NULL, NULL, NULL, NULL),
('HAS', 3317, NULL, NULL, NULL, NULL, 1052, NULL),
('NOT', 3318, NULL, NULL, NULL, NULL, NULL, 3317),
('AND', 3319, 'EXACT', -1, NULL, NULL, NULL, NULL),
('HAS', 3320, NULL, NULL, NULL, NULL, 1052, NULL),
('NOT', 3321, NULL, NULL, NULL, NULL, NULL, 3320),
('AND', 3322, 'EXACT', -1, NULL, NULL, NULL, NULL),
('HAS', 3323, NULL, NULL, NULL, NULL, 1052, NULL),
('NOT', 3324, NULL, NULL, NULL, NULL, NULL, 3323),
('AND', 3325, 'EXACT', -1, NULL, NULL, NULL, NULL),
('HAS', 3326, NULL, NULL, NULL, NULL, 1052, NULL),
('NOT', 3327, NULL, NULL, NULL, NULL, NULL, 3326),
('AND', 3328, 'EXACT', -1, NULL, NULL, NULL, NULL),
('HAS', 3329, NULL, NULL, NULL, NULL, 1052, NULL),
('NOT', 3330, NULL, NULL, NULL, NULL, NULL, 3329),
('AND', 3331, 'EXACT', -1, NULL, NULL, NULL, NULL),
('HAS', 3332, NULL, NULL, NULL, NULL, 1052, NULL),
('NOT', 3333, NULL, NULL, NULL, NULL, NULL, 3332),
('AND', 3334, 'EXACT', -1, NULL, NULL, NULL, NULL),
('HAS', 3335, NULL, NULL, NULL, NULL, 1052, NULL),
('NOT', 3336, NULL, NULL, NULL, NULL, NULL, 3335),
('AND', 3337, 'EXACT', -1, NULL, NULL, NULL, NULL),
('HAS', 3338, NULL, NULL, NULL, NULL, 1052, NULL),
('NOT', 3339, NULL, NULL, NULL, NULL, NULL, 3338),
('AND', 3340, 'EXACT', -1, NULL, NULL, NULL, NULL),
('HAS', 3341, NULL, NULL, NULL, NULL, 1052, NULL),
('NOT', 3342, NULL, NULL, NULL, NULL, NULL, 3341),
('AND', 3343, 'EXACT', -1, NULL, NULL, NULL, NULL),
('HAS', 3344, NULL, NULL, NULL, NULL, 1052, NULL),
('NOT', 3345, NULL, NULL, NULL, NULL, NULL, 3344),
('AND', 3346, 'EXACT', -1, NULL, NULL, NULL, NULL),
('HAS', 3347, NULL, NULL, NULL, NULL, 1052, NULL),
('NOT', 3348, NULL, NULL, NULL, NULL, NULL, 3347),
('AND', 3349, 'EXACT', -1, NULL, NULL, NULL, NULL),
('HAS', 3350, NULL, NULL, NULL, NULL, 1052, NULL),
('NOT', 3351, NULL, NULL, NULL, NULL, NULL, 3350),
('AND', 3352, 'EXACT', -1, NULL, NULL, NULL, NULL),
('HAS', 3353, NULL, NULL, NULL, NULL, 1052, NULL),
('NOT', 3354, NULL, NULL, NULL, NULL, NULL, 3353),
('AND', 3355, 'EXACT', -1, NULL, NULL, NULL, NULL),
('HAS', 3356, NULL, NULL, NULL, NULL, 1052, NULL),
('NOT', 3357, NULL, NULL, NULL, NULL, NULL, 3356),
('AND', 3358, 'EXACT', -1, NULL, NULL, NULL, NULL),
('HAS', 3359, NULL, NULL, NULL, NULL, 1052, NULL),
('NOT', 3360, NULL, NULL, NULL, NULL, NULL, 3359),
('AND', 3361, 'EXACT', -1, NULL, NULL, NULL, NULL),
('HAS', 3362, NULL, NULL, NULL, NULL, 1052, NULL),
('NOT', 3363, NULL, NULL, NULL, NULL, NULL, 3362),
('AND', 3364, 'EXACT', -1, NULL, NULL, NULL, NULL),
('HAS', 3365, NULL, NULL, NULL, NULL, 1052, NULL),
('NOT', 3366, NULL, NULL, NULL, NULL, NULL, 3365),
('AND', 3367, 'EXACT', -1, NULL, NULL, NULL, NULL),
('HAS', 3368, NULL, NULL, NULL, NULL, 1052, NULL),
('NOT', 3369, NULL, NULL, NULL, NULL, NULL, 3368),
('AND', 3370, 'EXACT', -1, NULL, NULL, NULL, NULL),
('HAS', 3371, NULL, NULL, NULL, NULL, 1052, NULL),
('NOT', 3372, NULL, NULL, NULL, NULL, NULL, 3371),
('AND', 3373, 'EXACT', -1, NULL, NULL, NULL, NULL),
('HAS', 3374, NULL, NULL, NULL, NULL, 1052, NULL),
('NOT', 3375, NULL, NULL, NULL, NULL, NULL, 3374),
('AND', 3376, 'EXACT', -1, NULL, NULL, NULL, NULL),
('HAS', 3377, NULL, NULL, NULL, NULL, 1052, NULL),
('NOT', 3378, NULL, NULL, NULL, NULL, NULL, 3377),
('AND', 3379, 'EXACT', -1, NULL, NULL, NULL, NULL),
('HAS', 3380, NULL, NULL, NULL, NULL, 1052, NULL),
('NOT', 3381, NULL, NULL, NULL, NULL, NULL, 3380),
('AND', 3382, 'EXACT', -1, NULL, NULL, NULL, NULL),
('HAS', 3383, NULL, NULL, NULL, NULL, 1052, NULL),
('NOT', 3384, NULL, NULL, NULL, NULL, NULL, 3383),
('AND', 3385, 'EXACT', -1, NULL, NULL, NULL, NULL),
('HAS', 3386, NULL, NULL, NULL, NULL, 1052, NULL),
('NOT', 3387, NULL, NULL, NULL, NULL, NULL, 3386),
('AND', 3388, 'EXACT', -1, NULL, NULL, NULL, NULL),
('HAS', 3389, NULL, NULL, NULL, NULL, 1052, NULL),
('NOT', 3390, NULL, NULL, NULL, NULL, NULL, 3389),
('AND', 3391, 'EXACT', -1, NULL, NULL, NULL, NULL),
('HAS', 3392, NULL, NULL, NULL, NULL, 1052, NULL),
('NOT', 3393, NULL, NULL, NULL, NULL, NULL, 3392),
('AND', 3394, 'EXACT', -1, NULL, NULL, NULL, NULL),
('HAS', 3395, NULL, NULL, NULL, NULL, 1052, NULL),
('NOT', 3396, NULL, NULL, NULL, NULL, NULL, 3395),
('AND', 3397, 'EXACT', -1, NULL, NULL, NULL, NULL),
('HAS', 3398, NULL, NULL, NULL, NULL, 1052, NULL),
('NOT', 3399, NULL, NULL, NULL, NULL, NULL, 3398),
('AND', 3400, 'EXACT', -1, NULL, NULL, NULL, NULL),
('HAS', 3401, NULL, NULL, NULL, NULL, 1052, NULL),
('NOT', 3402, NULL, NULL, NULL, NULL, NULL, 3401),
('AND', 3403, 'EXACT', -1, NULL, NULL, NULL, NULL),
('HAS', 3404, NULL, NULL, NULL, NULL, 1052, NULL),
('NOT', 3405, NULL, NULL, NULL, NULL, NULL, 3404),
('AND', 3406, 'EXACT', -1, NULL, NULL, NULL, NULL),
('HAS', 3407, NULL, NULL, NULL, NULL, 1052, NULL),
('NOT', 3408, NULL, NULL, NULL, NULL, NULL, 3407),
('AND', 3409, 'EXACT', -1, NULL, NULL, NULL, NULL),
('HAS', 3410, NULL, NULL, NULL, NULL, 1052, NULL),
('NOT', 3411, NULL, NULL, NULL, NULL, NULL, 3410),
('AND', 3412, 'EXACT', -1, NULL, NULL, NULL, NULL),
('HAS', 3413, NULL, NULL, NULL, NULL, 1052, NULL),
('NOT', 3414, NULL, NULL, NULL, NULL, NULL, 3413),
('AND', 3415, 'EXACT', -1, NULL, NULL, NULL, NULL),
('HAS', 3416, NULL, NULL, NULL, NULL, 1052, NULL),
('NOT', 3417, NULL, NULL, NULL, NULL, NULL, 3416),
('AND', 3418, 'EXACT', -1, NULL, NULL, NULL, NULL),
('HAS', 3419, NULL, NULL, NULL, NULL, 1052, NULL),
('NOT', 3420, NULL, NULL, NULL, NULL, NULL, 3419),
('AND', 3421, 'EXACT', -1, NULL, NULL, NULL, NULL),
('HAS', 3422, NULL, NULL, NULL, NULL, 1052, NULL),
('NOT', 3423, NULL, NULL, NULL, NULL, NULL, 3422),
('AND', 3424, 'EXACT', -1, NULL, NULL, NULL, NULL),
('HAS', 3425, NULL, NULL, NULL, NULL, 1052, NULL),
('NOT', 3426, NULL, NULL, NULL, NULL, NULL, 3425),
('AND', 3427, 'EXACT', -1, NULL, NULL, NULL, NULL),
('HAS', 3428, NULL, NULL, NULL, NULL, 1052, NULL),
('NOT', 3429, NULL, NULL, NULL, NULL, NULL, 3428),
('AND', 3430, 'EXACT', -1, NULL, NULL, NULL, NULL),
('HAS', 3431, NULL, NULL, NULL, NULL, 1052, NULL),
('NOT', 3432, NULL, NULL, NULL, NULL, NULL, 3431),
('AND', 3433, 'EXACT', -1, NULL, NULL, NULL, NULL),
('HAS', 3434, NULL, NULL, NULL, NULL, 1052, NULL),
('NOT', 3435, NULL, NULL, NULL, NULL, NULL, 3434),
('AND', 3436, 'EXACT', -1, NULL, NULL, NULL, NULL),
('HAS', 3437, NULL, NULL, NULL, NULL, 1052, NULL),
('NOT', 3438, NULL, NULL, NULL, NULL, NULL, 3437),
('AND', 3439, 'EXACT', -1, NULL, NULL, NULL, NULL),
('HAS', 3440, NULL, NULL, NULL, NULL, 1052, NULL),
('NOT', 3441, NULL, NULL, NULL, NULL, NULL, 3440),
('AND', 3442, 'EXACT', -1, NULL, NULL, NULL, NULL),
('HAS', 3443, NULL, NULL, NULL, NULL, 1052, NULL),
('NOT', 3444, NULL, NULL, NULL, NULL, NULL, 3443),
('AND', 3445, 'EXACT', -1, NULL, NULL, NULL, NULL),
('HAS', 3446, NULL, NULL, NULL, NULL, 1052, NULL),
('NOT', 3447, NULL, NULL, NULL, NULL, NULL, 3446),
('AND', 3448, 'EXACT', -1, NULL, NULL, NULL, NULL),
('HAS', 3449, NULL, NULL, NULL, NULL, 1052, NULL),
('NOT', 3450, NULL, NULL, NULL, NULL, NULL, 3449),
('AND', 3451, 'EXACT', -1, NULL, NULL, NULL, NULL),
('HAS', 3452, NULL, NULL, NULL, NULL, 1052, NULL),
('NOT', 3453, NULL, NULL, NULL, NULL, NULL, 3452),
('AND', 3454, 'EXACT', -1, NULL, NULL, NULL, NULL),
('HAS', 3455, NULL, NULL, NULL, NULL, 1052, NULL),
('NOT', 3456, NULL, NULL, NULL, NULL, NULL, 3455),
('AND', 3457, 'EXACT', -1, NULL, NULL, NULL, NULL),
('HAS', 3458, NULL, NULL, NULL, NULL, 1052, NULL),
('NOT', 3459, NULL, NULL, NULL, NULL, NULL, 3458),
('AND', 3460, 'EXACT', -1, NULL, NULL, NULL, NULL),
('HAS', 3461, NULL, NULL, NULL, NULL, 1052, NULL),
('NOT', 3462, NULL, NULL, NULL, NULL, NULL, 3461),
('AND', 3463, 'EXACT', -1, NULL, NULL, NULL, NULL),
('HAS', 3464, NULL, NULL, NULL, NULL, 1052, NULL),
('NOT', 3465, NULL, NULL, NULL, NULL, NULL, 3464),
('AND', 3466, 'EXACT', -1, NULL, NULL, NULL, NULL),
('HAS', 3467, NULL, NULL, NULL, NULL, 1052, NULL),
('NOT', 3468, NULL, NULL, NULL, NULL, NULL, 3467),
('AND', 3469, 'EXACT', -1, NULL, NULL, NULL, NULL),
('HAS', 3470, NULL, NULL, NULL, NULL, 1052, NULL),
('NOT', 3471, NULL, NULL, NULL, NULL, NULL, 3470),
('AND', 3472, 'EXACT', -1, NULL, NULL, NULL, NULL),
('HAS', 3473, NULL, NULL, NULL, NULL, 1052, NULL),
('NOT', 3474, NULL, NULL, NULL, NULL, NULL, 3473),
('AND', 3475, 'EXACT', -1, NULL, NULL, NULL, NULL),
('HAS', 3476, NULL, NULL, NULL, NULL, 1052, NULL),
('NOT', 3477, NULL, NULL, NULL, NULL, NULL, 3476),
('AND', 3478, 'EXACT', -1, NULL, NULL, NULL, NULL),
('HAS', 3479, NULL, NULL, NULL, NULL, 1052, NULL),
('NOT', 3480, NULL, NULL, NULL, NULL, NULL, 3479),
('AND', 3481, 'EXACT', -1, NULL, NULL, NULL, NULL),
('HAS', 3482, NULL, NULL, NULL, NULL, 1052, NULL),
('NOT', 3483, NULL, NULL, NULL, NULL, NULL, 3482),
('AND', 3484, 'EXACT', -1, NULL, NULL, NULL, NULL),
('HAS', 3485, NULL, NULL, NULL, NULL, 1052, NULL),
('NOT', 3486, NULL, NULL, NULL, NULL, NULL, 3485),
('AND', 3487, 'EXACT', -1, NULL, NULL, NULL, NULL),
('HAS', 3488, NULL, NULL, NULL, NULL, 1052, NULL),
('NOT', 3489, NULL, NULL, NULL, NULL, NULL, 3488),
('AND', 3490, 'EXACT', -1, NULL, NULL, NULL, NULL),
('HAS', 3491, NULL, NULL, NULL, NULL, 1052, NULL),
('NOT', 3492, NULL, NULL, NULL, NULL, NULL, 3491),
('AND', 3493, 'EXACT', -1, NULL, NULL, NULL, NULL),
('HAS', 3494, NULL, NULL, NULL, NULL, 1052, NULL),
('NOT', 3495, NULL, NULL, NULL, NULL, NULL, 3494),
('AND', 3496, 'EXACT', -1, NULL, NULL, NULL, NULL),
('HAS', 3497, NULL, NULL, NULL, NULL, 1052, NULL),
('NOT', 3498, NULL, NULL, NULL, NULL, NULL, 3497),
('AND', 3499, 'EXACT', -1, NULL, NULL, NULL, NULL),
('HAS', 3500, NULL, NULL, NULL, NULL, 1052, NULL),
('NOT', 3501, NULL, NULL, NULL, NULL, NULL, 3500),
('AND', 3502, 'EXACT', -1, NULL, NULL, NULL, NULL),
('HAS', 3503, NULL, NULL, NULL, NULL, 1052, NULL),
('NOT', 3504, NULL, NULL, NULL, NULL, NULL, 3503),
('AND', 3505, 'EXACT', -1, NULL, NULL, NULL, NULL),
('HAS', 3506, NULL, NULL, NULL, NULL, 1052, NULL),
('NOT', 3507, NULL, NULL, NULL, NULL, NULL, 3506),
('AND', 3508, 'EXACT', -1, NULL, NULL, NULL, NULL),
('HAS', 3509, NULL, NULL, NULL, NULL, 1052, NULL),
('NOT', 3510, NULL, NULL, NULL, NULL, NULL, 3509),
('AND', 3511, 'EXACT', -1, NULL, NULL, NULL, NULL),
('HAS', 3512, NULL, NULL, NULL, NULL, 1052, NULL),
('NOT', 3513, NULL, NULL, NULL, NULL, NULL, 3512),
('AND', 3514, 'EXACT', -1, NULL, NULL, NULL, NULL),
('HAS', 3515, NULL, NULL, NULL, NULL, 1052, NULL),
('NOT', 3516, NULL, NULL, NULL, NULL, NULL, 3515),
('AND', 3517, 'EXACT', -1, NULL, NULL, NULL, NULL),
('HAS', 3518, NULL, NULL, NULL, NULL, 1052, NULL),
('NOT', 3519, NULL, NULL, NULL, NULL, NULL, 3518),
('AND', 3520, 'EXACT', -1, NULL, NULL, NULL, NULL),
('HAS', 3521, NULL, NULL, NULL, NULL, 1052, NULL),
('NOT', 3522, NULL, NULL, NULL, NULL, NULL, 3521),
('AND', 3523, 'EXACT', -1, NULL, NULL, NULL, NULL),
('HAS', 3524, NULL, NULL, NULL, NULL, 1052, NULL),
('NOT', 3525, NULL, NULL, NULL, NULL, NULL, 3524),
('AND', 3526, 'EXACT', -1, NULL, NULL, NULL, NULL),
('HAS', 3527, NULL, NULL, NULL, NULL, 1052, NULL),
('NOT', 3528, NULL, NULL, NULL, NULL, NULL, 3527),
('AND', 3529, 'EXACT', -1, NULL, NULL, NULL, NULL),
('HAS', 3530, NULL, NULL, NULL, NULL, 1052, NULL),
('NOT', 3531, NULL, NULL, NULL, NULL, NULL, 3530),
('AND', 3532, 'EXACT', -1, NULL, NULL, NULL, NULL),
('HAS', 3533, NULL, NULL, NULL, NULL, 1052, NULL),
('NOT', 3534, NULL, NULL, NULL, NULL, NULL, 3533),
('AND', 3535, 'EXACT', -1, NULL, NULL, NULL, NULL),
('HAS', 3536, NULL, NULL, NULL, NULL, 1052, NULL),
('NOT', 3537, NULL, NULL, NULL, NULL, NULL, 3536),
('AND', 3538, 'EXACT', -1, NULL, NULL, NULL, NULL),
('HAS', 3539, NULL, NULL, NULL, NULL, 1052, NULL),
('NOT', 3540, NULL, NULL, NULL, NULL, NULL, 3539),
('AND', 3541, 'EXACT', -1, NULL, NULL, NULL, NULL),
('HAS', 3542, NULL, NULL, NULL, NULL, 1052, NULL),
('NOT', 3543, NULL, NULL, NULL, NULL, NULL, 3542),
('AND', 3544, 'EXACT', -1, NULL, NULL, NULL, NULL),
('HAS', 3545, NULL, NULL, NULL, NULL, 1052, NULL),
('NOT', 3546, NULL, NULL, NULL, NULL, NULL, 3545),
('AND', 3547, 'EXACT', -1, NULL, NULL, NULL, NULL),
('HAS', 3548, NULL, NULL, NULL, NULL, 1052, NULL),
('NOT', 3549, NULL, NULL, NULL, NULL, NULL, 3548),
('AND', 3550, 'EXACT', -1, NULL, NULL, NULL, NULL),
('HAS', 3551, NULL, NULL, NULL, NULL, 1052, NULL),
('NOT', 3552, NULL, NULL, NULL, NULL, NULL, 3551),
('AND', 3553, 'EXACT', -1, NULL, NULL, NULL, NULL),
('HAS', 3554, NULL, NULL, NULL, NULL, 1052, NULL),
('NOT', 3555, NULL, NULL, NULL, NULL, NULL, 3554),
('AND', 3556, 'EXACT', -1, NULL, NULL, NULL, NULL),
('HAS', 3557, NULL, NULL, NULL, NULL, 1052, NULL),
('NOT', 3558, NULL, NULL, NULL, NULL, NULL, 3557),
('AND', 3559, 'EXACT', -1, NULL, NULL, NULL, NULL),
('HAS', 3560, NULL, NULL, NULL, NULL, 1052, NULL),
('NOT', 3561, NULL, NULL, NULL, NULL, NULL, 3560),
('AND', 3562, 'EXACT', -1, NULL, NULL, NULL, NULL),
('HAS', 3563, NULL, NULL, NULL, NULL, 1052, NULL),
('NOT', 3564, NULL, NULL, NULL, NULL, NULL, 3563),
('AND', 3565, 'EXACT', -1, NULL, NULL, NULL, NULL),
('HAS', 3566, NULL, NULL, NULL, NULL, 1052, NULL),
('NOT', 3567, NULL, NULL, NULL, NULL, NULL, 3566),
('AND', 3568, 'EXACT', -1, NULL, NULL, NULL, NULL),
('HAS', 3569, NULL, NULL, NULL, NULL, 1052, NULL),
('NOT', 3570, NULL, NULL, NULL, NULL, NULL, 3569),
('AND', 3571, 'EXACT', -1, NULL, NULL, NULL, NULL),
('HAS', 3572, NULL, NULL, NULL, NULL, 1052, NULL),
('NOT', 3573, NULL, NULL, NULL, NULL, NULL, 3572),
('AND', 3574, 'EXACT', -1, NULL, NULL, NULL, NULL),
('HAS', 3575, NULL, NULL, NULL, NULL, 1052, NULL),
('NOT', 3576, NULL, NULL, NULL, NULL, NULL, 3575),
('AND', 3577, 'EXACT', -1, NULL, NULL, NULL, NULL),
('HAS', 3578, NULL, NULL, NULL, NULL, 1052, NULL),
('NOT', 3579, NULL, NULL, NULL, NULL, NULL, 3578),
('AND', 3580, 'EXACT', -1, NULL, NULL, NULL, NULL),
('HAS', 3581, NULL, NULL, NULL, NULL, 1052, NULL),
('NOT', 3582, NULL, NULL, NULL, NULL, NULL, 3581),
('AND', 3583, 'EXACT', -1, NULL, NULL, NULL, NULL),
('HAS', 3584, NULL, NULL, NULL, NULL, 1052, NULL),
('NOT', 3585, NULL, NULL, NULL, NULL, NULL, 3584),
('AND', 3586, 'EXACT', -1, NULL, NULL, NULL, NULL),
('HAS', 3587, NULL, NULL, NULL, NULL, 1052, NULL),
('NOT', 3588, NULL, NULL, NULL, NULL, NULL, 3587),
('AND', 3589, 'EXACT', -1, NULL, NULL, NULL, NULL),
('HAS', 3590, NULL, NULL, NULL, NULL, 1052, NULL),
('NOT', 3591, NULL, NULL, NULL, NULL, NULL, 3590),
('AND', 3592, 'EXACT', -1, NULL, NULL, NULL, NULL),
('HAS', 3593, NULL, NULL, NULL, NULL, 1052, NULL),
('NOT', 3594, NULL, NULL, NULL, NULL, NULL, 3593),
('AND', 3595, 'EXACT', -1, NULL, NULL, NULL, NULL),
('HAS', 3596, NULL, NULL, NULL, NULL, 1052, NULL),
('NOT', 3597, NULL, NULL, NULL, NULL, NULL, 3596),
('AND', 3598, 'EXACT', -1, NULL, NULL, NULL, NULL),
('HAS', 3599, NULL, NULL, NULL, NULL, 1052, NULL),
('NOT', 3600, NULL, NULL, NULL, NULL, NULL, 3599),
('AND', 3601, 'EXACT', -1, NULL, NULL, NULL, NULL),
('HAS', 3602, NULL, NULL, NULL, NULL, 1052, NULL),
('NOT', 3603, NULL, NULL, NULL, NULL, NULL, 3602),
('AND', 3604, 'EXACT', -1, NULL, NULL, NULL, NULL),
('HAS', 3605, NULL, NULL, NULL, NULL, 1052, NULL),
('NOT', 3606, NULL, NULL, NULL, NULL, NULL, 3605),
('AND', 3607, 'EXACT', -1, NULL, NULL, NULL, NULL),
('HAS', 3608, NULL, NULL, NULL, NULL, 1052, NULL),
('NOT', 3609, NULL, NULL, NULL, NULL, NULL, 3608),
('AND', 3610, 'EXACT', -1, NULL, NULL, NULL, NULL),
('HAS', 3611, NULL, NULL, NULL, NULL, 1052, NULL),
('NOT', 3612, NULL, NULL, NULL, NULL, NULL, 3611),
('AND', 3613, 'EXACT', -1, NULL, NULL, NULL, NULL),
('HAS', 3614, NULL, NULL, NULL, NULL, 1052, NULL),
('NOT', 3615, NULL, NULL, NULL, NULL, NULL, 3614),
('AND', 3616, 'EXACT', -1, NULL, NULL, NULL, NULL),
('HAS', 3617, NULL, NULL, NULL, NULL, 1052, NULL),
('NOT', 3618, NULL, NULL, NULL, NULL, NULL, 3617),
('AND', 3619, 'EXACT', -1, NULL, NULL, NULL, NULL),
('HAS', 3620, NULL, NULL, NULL, NULL, 1052, NULL),
('NOT', 3621, NULL, NULL, NULL, NULL, NULL, 3620),
('AND', 3622, 'EXACT', -1, NULL, NULL, NULL, NULL),
('HAS', 3623, NULL, NULL, NULL, NULL, 1052, NULL),
('NOT', 3624, NULL, NULL, NULL, NULL, NULL, 3623),
('AND', 3625, 'EXACT', -1, NULL, NULL, NULL, NULL),
('HAS', 3626, NULL, NULL, NULL, NULL, 1052, NULL),
('NOT', 3627, NULL, NULL, NULL, NULL, NULL, 3626),
('AND', 3628, 'EXACT', -1, NULL, NULL, NULL, NULL),
('HAS', 3629, NULL, NULL, NULL, NULL, 1052, NULL),
('NOT', 3630, NULL, NULL, NULL, NULL, NULL, 3629),
('AND', 3631, 'EXACT', -1, NULL, NULL, NULL, NULL),
('HAS', 3632, NULL, NULL, NULL, NULL, 1052, NULL),
('NOT', 3633, NULL, NULL, NULL, NULL, NULL, 3632),
('AND', 3634, 'EXACT', -1, NULL, NULL, NULL, NULL),
('HAS', 3635, NULL, NULL, NULL, NULL, 1052, NULL),
('NOT', 3636, NULL, NULL, NULL, NULL, NULL, 3635),
('AND', 3637, 'EXACT', -1, NULL, NULL, NULL, NULL),
('HAS', 3638, NULL, NULL, NULL, NULL, 1052, NULL),
('NOT', 3639, NULL, NULL, NULL, NULL, NULL, 3638),
('AND', 3640, 'EXACT', -1, NULL, NULL, NULL, NULL),
('HAS', 3641, NULL, NULL, NULL, NULL, 1052, NULL),
('NOT', 3642, NULL, NULL, NULL, NULL, NULL, 3641),
('AND', 3643, 'EXACT', -1, NULL, NULL, NULL, NULL),
('HAS', 3644, NULL, NULL, NULL, NULL, 1052, NULL),
('NOT', 3645, NULL, NULL, NULL, NULL, NULL, 3644),
('AND', 3646, 'EXACT', -1, NULL, NULL, NULL, NULL),
('HAS', 3647, NULL, NULL, NULL, NULL, 1052, NULL),
('NOT', 3648, NULL, NULL, NULL, NULL, NULL, 3647),
('AND', 3649, 'EXACT', -1, NULL, NULL, NULL, NULL),
('HAS', 3650, NULL, NULL, NULL, NULL, 1052, NULL),
('NOT', 3651, NULL, NULL, NULL, NULL, NULL, 3650),
('AND', 3652, 'EXACT', -1, NULL, NULL, NULL, NULL),
('HAS', 3653, NULL, NULL, NULL, NULL, 1052, NULL),
('NOT', 3654, NULL, NULL, NULL, NULL, NULL, 3653),
('AND', 3655, 'EXACT', -1, NULL, NULL, NULL, NULL),
('HAS', 3656, NULL, NULL, NULL, NULL, 1052, NULL),
('NOT', 3657, NULL, NULL, NULL, NULL, NULL, 3656),
('AND', 3658, 'EXACT', -1, NULL, NULL, NULL, NULL),
('HAS', 3659, NULL, NULL, NULL, NULL, 1052, NULL),
('NOT', 3660, NULL, NULL, NULL, NULL, NULL, 3659),
('AND', 3661, 'EXACT', -1, NULL, NULL, NULL, NULL),
('HAS', 3662, NULL, NULL, NULL, NULL, 1052, NULL),
('NOT', 3663, NULL, NULL, NULL, NULL, NULL, 3662),
('AND', 3664, 'EXACT', -1, NULL, NULL, NULL, NULL),
('HAS', 3665, NULL, NULL, NULL, NULL, 1052, NULL),
('NOT', 3666, NULL, NULL, NULL, NULL, NULL, 3665),
('AND', 3667, 'EXACT', -1, NULL, NULL, NULL, NULL),
('HAS', 3668, NULL, NULL, NULL, NULL, 1052, NULL),
('NOT', 3669, NULL, NULL, NULL, NULL, NULL, 3668),
('AND', 3670, 'EXACT', -1, NULL, NULL, NULL, NULL),
('HAS', 3671, NULL, NULL, NULL, NULL, 1052, NULL),
('NOT', 3672, NULL, NULL, NULL, NULL, NULL, 3671),
('AND', 3673, 'EXACT', -1, NULL, NULL, NULL, NULL),
('HAS', 3674, NULL, NULL, NULL, NULL, 1052, NULL),
('NOT', 3675, NULL, NULL, NULL, NULL, NULL, 3674),
('AND', 3676, 'EXACT', -1, NULL, NULL, NULL, NULL),
('HAS', 3677, NULL, NULL, NULL, NULL, 1052, NULL),
('NOT', 3678, NULL, NULL, NULL, NULL, NULL, 3677),
('AND', 3679, 'EXACT', -1, NULL, NULL, NULL, NULL),
('HAS', 3680, NULL, NULL, NULL, NULL, 1052, NULL),
('NOT', 3681, NULL, NULL, NULL, NULL, NULL, 3680),
('AND', 3682, 'EXACT', -1, NULL, NULL, NULL, NULL),
('HAS', 3683, NULL, NULL, NULL, NULL, 1052, NULL),
('NOT', 3684, NULL, NULL, NULL, NULL, NULL, 3683),
('AND', 3685, 'EXACT', -1, NULL, NULL, NULL, NULL),
('HAS', 3686, NULL, NULL, NULL, NULL, 1052, NULL),
('NOT', 3687, NULL, NULL, NULL, NULL, NULL, 3686),
('AND', 3688, 'EXACT', -1, NULL, NULL, NULL, NULL),
('HAS', 3689, NULL, NULL, NULL, NULL, 1052, NULL),
('NOT', 3690, NULL, NULL, NULL, NULL, NULL, 3689),
('AND', 3691, 'EXACT', -1, NULL, NULL, NULL, NULL),
('HAS', 3692, NULL, NULL, NULL, NULL, 1052, NULL),
('NOT', 3693, NULL, NULL, NULL, NULL, NULL, 3692),
('AND', 3694, 'EXACT', -1, NULL, NULL, NULL, NULL),
('HAS', 3695, NULL, NULL, NULL, NULL, 1052, NULL),
('NOT', 3696, NULL, NULL, NULL, NULL, NULL, 3695),
('AND', 3697, 'EXACT', -1, NULL, NULL, NULL, NULL),
('HAS', 3698, NULL, NULL, NULL, NULL, 1052, NULL),
('NOT', 3699, NULL, NULL, NULL, NULL, NULL, 3698),
('AND', 3700, 'EXACT', -1, NULL, NULL, NULL, NULL),
('HAS', 3701, NULL, NULL, NULL, NULL, 1052, NULL),
('NOT', 3702, NULL, NULL, NULL, NULL, NULL, 3701),
('AND', 3703, 'EXACT', -1, NULL, NULL, NULL, NULL),
('HAS', 3704, NULL, NULL, NULL, NULL, 1052, NULL),
('NOT', 3705, NULL, NULL, NULL, NULL, NULL, 3704),
('AND', 3706, 'EXACT', -1, NULL, NULL, NULL, NULL),
('HAS', 3707, NULL, NULL, NULL, NULL, 1052, NULL),
('NOT', 3708, NULL, NULL, NULL, NULL, NULL, 3707),
('AND', 3709, 'EXACT', -1, NULL, NULL, NULL, NULL),
('HAS', 3710, NULL, NULL, NULL, NULL, 1052, NULL),
('NOT', 3711, NULL, NULL, NULL, NULL, NULL, 3710),
('AND', 3712, 'EXACT', -1, NULL, NULL, NULL, NULL),
('HAS', 3713, NULL, NULL, NULL, NULL, 1052, NULL),
('NOT', 3714, NULL, NULL, NULL, NULL, NULL, 3713),
('AND', 3715, 'EXACT', -1, NULL, NULL, NULL, NULL),
('HAS', 3716, NULL, NULL, NULL, NULL, 1052, NULL),
('NOT', 3717, NULL, NULL, NULL, NULL, NULL, 3716),
('AND', 3718, 'EXACT', -1, NULL, NULL, NULL, NULL),
('HAS', 3719, NULL, NULL, NULL, NULL, 1052, NULL),
('NOT', 3720, NULL, NULL, NULL, NULL, NULL, 3719),
('AND', 3721, 'EXACT', -1, NULL, NULL, NULL, NULL),
('HAS', 3722, NULL, NULL, NULL, NULL, 1052, NULL),
('NOT', 3723, NULL, NULL, NULL, NULL, NULL, 3722),
('AND', 3724, 'EXACT', -1, NULL, NULL, NULL, NULL),
('HAS', 3725, NULL, NULL, NULL, NULL, 1052, NULL),
('NOT', 3726, NULL, NULL, NULL, NULL, NULL, 3725),
('AND', 3727, 'EXACT', -1, NULL, NULL, NULL, NULL),
('HAS', 3728, NULL, NULL, NULL, NULL, 1052, NULL),
('NOT', 3729, NULL, NULL, NULL, NULL, NULL, 3728),
('AND', 3730, 'EXACT', -1, NULL, NULL, NULL, NULL),
('HAS', 3731, NULL, NULL, NULL, NULL, 1052, NULL),
('NOT', 3732, NULL, NULL, NULL, NULL, NULL, 3731),
('AND', 3733, 'EXACT', -1, NULL, NULL, NULL, NULL),
('HAS', 3734, NULL, NULL, NULL, NULL, 1052, NULL),
('NOT', 3735, NULL, NULL, NULL, NULL, NULL, 3734),
('AND', 3736, 'EXACT', -1, NULL, NULL, NULL, NULL),
('HAS', 3737, NULL, NULL, NULL, NULL, 1052, NULL),
('NOT', 3738, NULL, NULL, NULL, NULL, NULL, 3737),
('AND', 3739, 'EXACT', -1, NULL, NULL, NULL, NULL),
('HAS', 3740, NULL, NULL, NULL, NULL, 1052, NULL),
('NOT', 3741, NULL, NULL, NULL, NULL, NULL, 3740),
('AND', 3742, 'EXACT', -1, NULL, NULL, NULL, NULL),
('HAS', 3743, NULL, NULL, NULL, NULL, 1052, NULL),
('NOT', 3744, NULL, NULL, NULL, NULL, NULL, 3743),
('AND', 3745, 'EXACT', -1, NULL, NULL, NULL, NULL),
('HAS', 3746, NULL, NULL, NULL, NULL, 1052, NULL),
('NOT', 3747, NULL, NULL, NULL, NULL, NULL, 3746),
('AND', 3748, 'EXACT', -1, NULL, NULL, NULL, NULL),
('HAS', 3749, NULL, NULL, NULL, NULL, 1052, NULL),
('NOT', 3750, NULL, NULL, NULL, NULL, NULL, 3749),
('AND', 3751, 'EXACT', -1, NULL, NULL, NULL, NULL),
('HAS', 3752, NULL, NULL, NULL, NULL, 1052, NULL),
('NOT', 3753, NULL, NULL, NULL, NULL, NULL, 3752),
('AND', 3754, 'EXACT', -1, NULL, NULL, NULL, NULL),
('HAS', 3755, NULL, NULL, NULL, NULL, 1052, NULL),
('NOT', 3756, NULL, NULL, NULL, NULL, NULL, 3755),
('AND', 3757, 'EXACT', -1, NULL, NULL, NULL, NULL),
('HAS', 3758, NULL, NULL, NULL, NULL, 1052, NULL),
('NOT', 3759, NULL, NULL, NULL, NULL, NULL, 3758),
('AND', 3760, 'EXACT', -1, NULL, NULL, NULL, NULL),
('HAS', 3761, NULL, NULL, NULL, NULL, 1052, NULL),
('NOT', 3762, NULL, NULL, NULL, NULL, NULL, 3761),
('AND', 3763, 'EXACT', -1, NULL, NULL, NULL, NULL),
('HAS', 3764, NULL, NULL, NULL, NULL, 1052, NULL),
('NOT', 3765, NULL, NULL, NULL, NULL, NULL, 3764),
('AND', 3766, 'EXACT', -1, NULL, NULL, NULL, NULL),
('HAS', 3767, NULL, NULL, NULL, NULL, 1052, NULL),
('NOT', 3768, NULL, NULL, NULL, NULL, NULL, 3767),
('AND', 3769, 'EXACT', -1, NULL, NULL, NULL, NULL),
('HAS', 3770, NULL, NULL, NULL, NULL, 1052, NULL),
('NOT', 3771, NULL, NULL, NULL, NULL, NULL, 3770),
('AND', 3772, 'EXACT', -1, NULL, NULL, NULL, NULL),
('HAS', 3773, NULL, NULL, NULL, NULL, 1052, NULL),
('NOT', 3774, NULL, NULL, NULL, NULL, NULL, 3773),
('AND', 3775, 'EXACT', -1, NULL, NULL, NULL, NULL),
('HAS', 3776, NULL, NULL, NULL, NULL, 1052, NULL),
('NOT', 3777, NULL, NULL, NULL, NULL, NULL, 3776),
('AND', 3778, 'EXACT', -1, NULL, NULL, NULL, NULL),
('HAS', 3779, NULL, NULL, NULL, NULL, 1052, NULL),
('NOT', 3780, NULL, NULL, NULL, NULL, NULL, 3779),
('OR', 3781, 'MINIMUM', 1, NULL, NULL, NULL, NULL),
('HAS', 3782, NULL, NULL, NULL, NULL, 1048, NULL),
('NOT', 3783, NULL, NULL, NULL, NULL, NULL, 3782),
('HAS', 3784, NULL, NULL, NULL, NULL, 1364, NULL),
('NOT', 3785, NULL, NULL, NULL, NULL, NULL, 3784),
('HAS', 3786, NULL, NULL, NULL, NULL, 1814, NULL),
('HAS', 3787, NULL, NULL, NULL, NULL, 1873, NULL),
('NOT', 3788, NULL, NULL, NULL, NULL, NULL, 3781),
('AND', 3789, 'EXACT', -1, NULL, NULL, NULL, NULL),
('HAS', 3790, NULL, NULL, NULL, NULL, 1765, NULL),
('NOT', 3791, NULL, NULL, NULL, NULL, NULL, 3790),
('AND', 3792, 'EXACT', -1, NULL, NULL, NULL, NULL),
('HAS', 3793, NULL, NULL, NULL, NULL, 1765, NULL),
('NOT', 3794, NULL, NULL, NULL, NULL, NULL, 3793),
('AND', 3795, 'EXACT', -1, NULL, NULL, NULL, NULL),
('HAS', 3796, NULL, NULL, NULL, NULL, 1765, NULL),
('NOT', 3797, NULL, NULL, NULL, NULL, NULL, 3796),
('AND', 3798, 'EXACT', -1, NULL, NULL, NULL, NULL),
('HAS', 3799, NULL, NULL, NULL, NULL, 1765, NULL),
('NOT', 3800, NULL, NULL, NULL, NULL, NULL, 3799),
('AND', 3801, 'EXACT', -1, NULL, NULL, NULL, NULL),
('AND', 3802, 'EXACT', -1, NULL, NULL, NULL, NULL),
('AND', 3803, 'EXACT', -1, NULL, NULL, NULL, NULL),
('AND', 3804, 'EXACT', -1, NULL, NULL, NULL, NULL),
('HAS', 3805, NULL, NULL, NULL, NULL, 1771, NULL),
('HAS', 3806, NULL, NULL, NULL, NULL, 1770, NULL),
('NOT', 3807, NULL, NULL, NULL, NULL, NULL, 3806),
('AND', 3808, 'EXACT', -1, NULL, NULL, NULL, NULL),
('HAS', 3809, NULL, NULL, NULL, NULL, 1771, NULL),
('AND', 3810, 'EXACT', -1, NULL, NULL, NULL, NULL),
('HAS', 3811, NULL, NULL, NULL, NULL, 1771, NULL),
('AND', 3812, 'EXACT', -1, NULL, NULL, NULL, NULL),
('HAS', 3813, NULL, NULL, NULL, NULL, 1771, NULL),
('AND', 3814, 'EXACT', -1, NULL, NULL, NULL, NULL),
('HAS', 3815, NULL, NULL, NULL, NULL, 1771, NULL),
('AND', 3816, 'EXACT', -1, NULL, NULL, NULL, NULL),
('HAS', 3817, NULL, NULL, NULL, NULL, 1771, NULL),
('AND', 3818, 'EXACT', -1, NULL, NULL, NULL, NULL),
('HAS', 3819, NULL, NULL, NULL, NULL, 1771, NULL),
('AND', 3820, 'EXACT', -1, NULL, NULL, NULL, NULL),
('HAS', 3821, NULL, NULL, NULL, NULL, 1771, NULL),
('AND', 3822, 'EXACT', -1, NULL, NULL, NULL, NULL),
('HAS', 3823, NULL, NULL, NULL, NULL, 1771, NULL),
('AND', 3824, 'EXACT', -1, NULL, NULL, NULL, NULL),
('HAS', 3825, NULL, NULL, NULL, NULL, 1771, NULL),
('AND', 3826, 'EXACT', -1, NULL, NULL, NULL, NULL),
('HAS', 3827, NULL, NULL, NULL, NULL, 1771, NULL),
('AND', 3828, 'EXACT', -1, NULL, NULL, NULL, NULL),
('HAS', 3829, NULL, NULL, NULL, NULL, 1771, NULL),
('AND', 3830, 'EXACT', -1, NULL, NULL, NULL, NULL),
('HAS', 3831, NULL, NULL, NULL, NULL, 1771, NULL),
('AND', 3832, 'EXACT', -1, NULL, NULL, NULL, NULL),
('HAS', 3833, NULL, NULL, NULL, NULL, 1771, NULL),
('AND', 3834, 'EXACT', -1, NULL, NULL, NULL, NULL),
('HAS', 3835, NULL, NULL, NULL, NULL, 1771, NULL),
('AND', 3836, 'EXACT', -1, NULL, NULL, NULL, NULL),
('HAS', 3837, NULL, NULL, NULL, NULL, 1771, NULL),
('AND', 3838, 'EXACT', -1, NULL, NULL, NULL, NULL),
('HAS', 3839, NULL, NULL, NULL, NULL, 1771, NULL),
('AND', 3840, 'EXACT', -1, NULL, NULL, NULL, NULL),
('HAS', 3841, NULL, NULL, NULL, NULL, 1771, NULL),
('AND', 3842, 'EXACT', -1, NULL, NULL, NULL, NULL),
('HAS', 3843, NULL, NULL, NULL, NULL, 1771, NULL),
('AND', 3844, 'EXACT', -1, NULL, NULL, NULL, NULL),
('HAS', 3845, NULL, NULL, NULL, NULL, 1771, NULL),
('AND', 3846, 'EXACT', -1, NULL, NULL, NULL, NULL),
('HAS', 3847, NULL, NULL, NULL, NULL, 1771, NULL),
('AND', 3848, 'EXACT', -1, NULL, NULL, NULL, NULL),
('HAS', 3849, NULL, NULL, NULL, NULL, 1771, NULL),
('AND', 3850, 'EXACT', -1, NULL, NULL, NULL, NULL),
('HAS', 3851, NULL, NULL, NULL, NULL, 1771, NULL),
('AND', 3852, 'EXACT', -1, NULL, NULL, NULL, NULL),
('HAS', 3853, NULL, NULL, NULL, NULL, 1771, NULL),
('AND', 3854, 'EXACT', -1, NULL, NULL, NULL, NULL),
('HAS', 3855, NULL, NULL, NULL, NULL, 1771, NULL),
('AND', 3856, 'EXACT', -1, NULL, NULL, NULL, NULL),
('HAS', 3857, NULL, NULL, NULL, NULL, 1771, NULL),
('AND', 3858, 'EXACT', -1, NULL, NULL, NULL, NULL),
('HAS', 3859, NULL, NULL, NULL, NULL, 1771, NULL),
('AND', 3860, 'EXACT', -1, NULL, NULL, NULL, NULL),
('HAS', 3861, NULL, NULL, NULL, NULL, 1771, NULL),
('AND', 3862, 'EXACT', -1, NULL, NULL, NULL, NULL),
('HAS', 3863, NULL, NULL, NULL, NULL, 1771, NULL),
('AND', 3864, 'EXACT', -1, NULL, NULL, NULL, NULL),
('HAS', 3865, NULL, NULL, NULL, NULL, 1771, NULL),
('AND', 3866, 'EXACT', -1, NULL, NULL, NULL, NULL),
('HAS', 3867, NULL, NULL, NULL, NULL, 1771, NULL),
('AND', 3868, 'EXACT', -1, NULL, NULL, NULL, NULL),
('HAS', 3869, NULL, NULL, NULL, NULL, 1771, NULL),
('AND', 3870, 'EXACT', -1, NULL, NULL, NULL, NULL),
('HAS', 3871, NULL, NULL, NULL, NULL, 1771, NULL),
('AND', 3872, 'EXACT', -1, NULL, NULL, NULL, NULL),
('HAS', 3873, NULL, NULL, NULL, NULL, 1771, NULL),
('AND', 3874, 'EXACT', -1, NULL, NULL, NULL, NULL),
('HAS', 3875, NULL, NULL, NULL, NULL, 1771, NULL),
('AND', 3876, 'EXACT', -1, NULL, NULL, NULL, NULL),
('HAS', 3877, NULL, NULL, NULL, NULL, 1771, NULL),
('AND', 3878, 'EXACT', -1, NULL, NULL, NULL, NULL),
('HAS', 3879, NULL, NULL, NULL, NULL, 1771, NULL),
('AND', 3880, 'EXACT', -1, NULL, NULL, NULL, NULL),
('HAS', 3881, NULL, NULL, NULL, NULL, 1771, NULL),
('AND', 3882, 'EXACT', -1, NULL, NULL, NULL, NULL),
('HAS', 3883, NULL, NULL, NULL, NULL, 1771, NULL),
('AND', 3884, 'EXACT', -1, NULL, NULL, NULL, NULL),
('HAS', 3885, NULL, NULL, NULL, NULL, 1771, NULL),
('AND', 3886, 'EXACT', -1, NULL, NULL, NULL, NULL),
('HAS', 3887, NULL, NULL, NULL, NULL, 1771, NULL),
('AND', 3888, 'EXACT', -1, NULL, NULL, NULL, NULL),
('HAS', 3889, NULL, NULL, NULL, NULL, 1771, NULL),
('AND', 3890, 'EXACT', -1, NULL, NULL, NULL, NULL),
('HAS', 3891, NULL, NULL, NULL, NULL, 1771, NULL),
('AND', 3892, 'EXACT', -1, NULL, NULL, NULL, NULL),
('HAS', 3893, NULL, NULL, NULL, NULL, 1771, NULL),
('AND', 3894, 'EXACT', -1, NULL, NULL, NULL, NULL),
('HAS', 3895, NULL, NULL, NULL, NULL, 1771, NULL),
('AND', 3896, 'EXACT', -1, NULL, NULL, NULL, NULL),
('HAS', 3897, NULL, NULL, NULL, NULL, 1771, NULL),
('AND', 3898, 'EXACT', -1, NULL, NULL, NULL, NULL),
('HAS', 3899, NULL, NULL, NULL, NULL, 1771, NULL),
('AND', 3900, 'EXACT', -1, NULL, NULL, NULL, NULL),
('HAS', 3901, NULL, NULL, NULL, NULL, 1771, NULL),
('AND', 3902, 'EXACT', -1, NULL, NULL, NULL, NULL),
('HAS', 3903, NULL, NULL, NULL, NULL, 1771, NULL),
('AND', 3904, 'EXACT', -1, NULL, NULL, NULL, NULL),
('HAS', 3905, NULL, NULL, NULL, NULL, 1771, NULL),
('AND', 3906, 'EXACT', -1, NULL, NULL, NULL, NULL),
('HAS', 3907, NULL, NULL, NULL, NULL, 1771, NULL),
('AND', 3908, 'EXACT', -1, NULL, NULL, NULL, NULL),
('HAS', 3909, NULL, NULL, NULL, NULL, 1771, NULL),
('AND', 3910, 'EXACT', -1, NULL, NULL, NULL, NULL),
('HAS', 3911, NULL, NULL, NULL, NULL, 1771, NULL),
('AND', 3912, 'EXACT', -1, NULL, NULL, NULL, NULL),
('HAS', 3913, NULL, NULL, NULL, NULL, 1771, NULL),
('AND', 3914, 'EXACT', -1, NULL, NULL, NULL, NULL),
('HAS', 3915, NULL, NULL, NULL, NULL, 1771, NULL),
('AND', 3916, 'EXACT', -1, NULL, NULL, NULL, NULL),
('HAS', 3917, NULL, NULL, NULL, NULL, 1771, NULL),
('AND', 3918, 'EXACT', -1, NULL, NULL, NULL, NULL),
('HAS', 3919, NULL, NULL, NULL, NULL, 1771, NULL),
('AND', 3920, 'EXACT', -1, NULL, NULL, NULL, NULL),
('HAS', 3921, NULL, NULL, NULL, NULL, 1771, NULL),
('AND', 3922, 'EXACT', -1, NULL, NULL, NULL, NULL),
('HAS', 3923, NULL, NULL, NULL, NULL, 1771, NULL),
('AND', 3924, 'EXACT', -1, NULL, NULL, NULL, NULL),
('HAS', 3925, NULL, NULL, NULL, NULL, 1771, NULL),
('AND', 3926, 'EXACT', -1, NULL, NULL, NULL, NULL),
('HAS', 3927, NULL, NULL, NULL, NULL, 1771, NULL),
('AND', 3928, 'EXACT', -1, NULL, NULL, NULL, NULL),
('HAS', 3929, NULL, NULL, NULL, NULL, 1771, NULL),
('AND', 3930, 'EXACT', -1, NULL, NULL, NULL, NULL),
('HAS', 3931, NULL, NULL, NULL, NULL, 1771, NULL),
('AND', 3932, 'EXACT', -1, NULL, NULL, NULL, NULL),
('HAS', 3933, NULL, NULL, NULL, NULL, 1771, NULL),
('AND', 3934, 'EXACT', -1, NULL, NULL, NULL, NULL),
('HAS', 3935, NULL, NULL, NULL, NULL, 1771, NULL),
('AND', 3936, 'EXACT', -1, NULL, NULL, NULL, NULL),
('HAS', 3937, NULL, NULL, NULL, NULL, 1771, NULL),
('AND', 3938, 'EXACT', -1, NULL, NULL, NULL, NULL),
('HAS', 3939, NULL, NULL, NULL, NULL, 1771, NULL),
('AND', 3940, 'EXACT', -1, NULL, NULL, NULL, NULL),
('HAS', 3941, NULL, NULL, NULL, NULL, 1771, NULL),
('AND', 3942, 'EXACT', -1, NULL, NULL, NULL, NULL),
('HAS', 3943, NULL, NULL, NULL, NULL, 1771, NULL),
('AND', 3944, 'EXACT', -1, NULL, NULL, NULL, NULL),
('HAS', 3945, NULL, NULL, NULL, NULL, 1771, NULL),
('AND', 3946, 'EXACT', -1, NULL, NULL, NULL, NULL),
('HAS', 3947, NULL, NULL, NULL, NULL, 1771, NULL),
('AND', 3948, 'EXACT', -1, NULL, NULL, NULL, NULL),
('HAS', 3949, NULL, NULL, NULL, NULL, 1771, NULL),
('AND', 3950, 'EXACT', -1, NULL, NULL, NULL, NULL),
('HAS', 3951, NULL, NULL, NULL, NULL, 1771, NULL),
('AND', 3952, 'EXACT', -1, NULL, NULL, NULL, NULL),
('HAS', 3953, NULL, NULL, NULL, NULL, 1771, NULL),
('AND', 3954, 'EXACT', -1, NULL, NULL, NULL, NULL),
('HAS', 3955, NULL, NULL, NULL, NULL, 1771, NULL),
('AND', 3956, 'EXACT', -1, NULL, NULL, NULL, NULL),
('HAS', 3957, NULL, NULL, NULL, NULL, 1771, NULL),
('AND', 3958, 'EXACT', -1, NULL, NULL, NULL, NULL),
('HAS', 3959, NULL, NULL, NULL, NULL, 1771, NULL),
('AND', 3960, 'EXACT', -1, NULL, NULL, NULL, NULL),
('HAS', 3961, NULL, NULL, NULL, NULL, 1771, NULL),
('AND', 3962, 'EXACT', -1, NULL, NULL, NULL, NULL),
('HAS', 3963, NULL, NULL, NULL, NULL, 1771, NULL),
('AND', 3964, 'EXACT', -1, NULL, NULL, NULL, NULL),
('HAS', 3965, NULL, NULL, NULL, NULL, 1771, NULL),
('AND', 3966, 'EXACT', -1, NULL, NULL, NULL, NULL),
('HAS', 3967, NULL, NULL, NULL, NULL, 1771, NULL),
('AND', 3968, 'EXACT', -1, NULL, NULL, NULL, NULL),
('HAS', 3969, NULL, NULL, NULL, NULL, 1771, NULL),
('AND', 3970, 'EXACT', -1, NULL, NULL, NULL, NULL),
('HAS', 3971, NULL, NULL, NULL, NULL, 1771, NULL),
('AND', 3972, 'EXACT', -1, NULL, NULL, NULL, NULL),
('HAS', 3973, NULL, NULL, NULL, NULL, 1771, NULL),
('AND', 3974, 'EXACT', -1, NULL, NULL, NULL, NULL),
('HAS', 3975, NULL, NULL, NULL, NULL, 1771, NULL),
('AND', 3976, 'EXACT', -1, NULL, NULL, NULL, NULL),
('HAS', 3977, NULL, NULL, NULL, NULL, 1771, NULL),
('AND', 3978, 'EXACT', -1, NULL, NULL, NULL, NULL),
('HAS', 3979, NULL, NULL, NULL, NULL, 1771, NULL),
('AND', 3980, 'EXACT', -1, NULL, NULL, NULL, NULL),
('HAS', 3981, NULL, NULL, NULL, NULL, 1771, NULL),
('AND', 3982, 'EXACT', -1, NULL, NULL, NULL, NULL),
('HAS', 3983, NULL, NULL, NULL, NULL, 1771, NULL),
('AND', 3984, 'EXACT', -1, NULL, NULL, NULL, NULL),
('HAS', 3985, NULL, NULL, NULL, NULL, 1771, NULL),
('AND', 3986, 'EXACT', -1, NULL, NULL, NULL, NULL),
('HAS', 3987, NULL, NULL, NULL, NULL, 1771, NULL),
('AND', 3988, 'EXACT', -1, NULL, NULL, NULL, NULL),
('HAS', 3989, NULL, NULL, NULL, NULL, 1771, NULL),
('AND', 3990, 'EXACT', -1, NULL, NULL, NULL, NULL),
('HAS', 3991, NULL, NULL, NULL, NULL, 1771, NULL),
('AND', 3992, 'EXACT', -1, NULL, NULL, NULL, NULL),
('HAS', 3993, NULL, NULL, NULL, NULL, 1771, NULL),
('AND', 3994, 'EXACT', -1, NULL, NULL, NULL, NULL),
('HAS', 3995, NULL, NULL, NULL, NULL, 1771, NULL),
('AND', 3996, 'EXACT', -1, NULL, NULL, NULL, NULL),
('HAS', 3997, NULL, NULL, NULL, NULL, 1771, NULL),
('AND', 3998, 'EXACT', -1, NULL, NULL, NULL, NULL),
('HAS', 3999, NULL, NULL, NULL, NULL, 1771, NULL),
('AND', 4000, 'EXACT', -1, NULL, NULL, NULL, NULL),
('HAS', 4001, NULL, NULL, NULL, NULL, 1771, NULL),
('AND', 4002, 'EXACT', -1, NULL, NULL, NULL, NULL),
('HAS', 4003, NULL, NULL, NULL, NULL, 1771, NULL),
('AND', 4004, 'EXACT', -1, NULL, NULL, NULL, NULL),
('HAS', 4005, NULL, NULL, NULL, NULL, 1771, NULL),
('AND', 4006, 'EXACT', -1, NULL, NULL, NULL, NULL),
('HAS', 4007, NULL, NULL, NULL, NULL, 1771, NULL),
('AND', 4008, 'EXACT', -1, NULL, NULL, NULL, NULL),
('HAS', 4009, NULL, NULL, NULL, NULL, 1771, NULL),
('AND', 4010, 'EXACT', -1, NULL, NULL, NULL, NULL),
('HAS', 4011, NULL, NULL, NULL, NULL, 1771, NULL),
('AND', 4012, 'EXACT', -1, NULL, NULL, NULL, NULL),
('HAS', 4013, NULL, NULL, NULL, NULL, 1771, NULL),
('AND', 4014, 'EXACT', -1, NULL, NULL, NULL, NULL),
('HAS', 4015, NULL, NULL, NULL, NULL, 1771, NULL),
('AND', 4016, 'EXACT', -1, NULL, NULL, NULL, NULL),
('HAS', 4017, NULL, NULL, NULL, NULL, 1771, NULL),
('AND', 4018, 'EXACT', -1, NULL, NULL, NULL, NULL),
('HAS', 4019, NULL, NULL, NULL, NULL, 1771, NULL),
('AND', 4020, 'EXACT', -1, NULL, NULL, NULL, NULL),
('HAS', 4021, NULL, NULL, NULL, NULL, 1771, NULL),
('AND', 4022, 'EXACT', -1, NULL, NULL, NULL, NULL),
('HAS', 4023, NULL, NULL, NULL, NULL, 1771, NULL),
('AND', 4024, 'EXACT', -1, NULL, NULL, NULL, NULL),
('HAS', 4025, NULL, NULL, NULL, NULL, 1771, NULL),
('AND', 4026, 'EXACT', -1, NULL, NULL, NULL, NULL),
('HAS', 4027, NULL, NULL, NULL, NULL, 1771, NULL),
('AND', 4028, 'EXACT', -1, NULL, NULL, NULL, NULL),
('HAS', 4029, NULL, NULL, NULL, NULL, 1771, NULL),
('AND', 4030, 'EXACT', -1, NULL, NULL, NULL, NULL),
('HAS', 4031, NULL, NULL, NULL, NULL, 1771, NULL),
('AND', 4032, 'EXACT', -1, NULL, NULL, NULL, NULL),
('HAS', 4033, NULL, NULL, NULL, NULL, 1771, NULL),
('AND', 4034, 'EXACT', -1, NULL, NULL, NULL, NULL),
('HAS', 4035, NULL, NULL, NULL, NULL, 1771, NULL),
('AND', 4036, 'EXACT', -1, NULL, NULL, NULL, NULL),
('HAS', 4037, NULL, NULL, NULL, NULL, 1771, NULL),
('AND', 4038, 'EXACT', -1, NULL, NULL, NULL, NULL),
('HAS', 4039, NULL, NULL, NULL, NULL, 1771, NULL),
('AND', 4040, 'EXACT', -1, NULL, NULL, NULL, NULL),
('HAS', 4041, NULL, NULL, NULL, NULL, 1771, NULL),
('AND', 4042, 'EXACT', -1, NULL, NULL, NULL, NULL),
('HAS', 4043, NULL, NULL, NULL, NULL, 1771, NULL),
('AND', 4044, 'EXACT', -1, NULL, NULL, NULL, NULL),
('HAS', 4045, NULL, NULL, NULL, NULL, 1771, NULL),
('AND', 4046, 'EXACT', -1, NULL, NULL, NULL, NULL),
('HAS', 4047, NULL, NULL, NULL, NULL, 1771, NULL),
('AND', 4048, 'EXACT', -1, NULL, NULL, NULL, NULL),
('HAS', 4049, NULL, NULL, NULL, NULL, 1771, NULL),
('AND', 4050, 'EXACT', -1, NULL, NULL, NULL, NULL),
('HAS', 4051, NULL, NULL, NULL, NULL, 1771, NULL),
('AND', 4052, 'EXACT', -1, NULL, NULL, NULL, NULL),
('HAS', 4053, NULL, NULL, NULL, NULL, 1771, NULL),
('AND', 4054, 'EXACT', -1, NULL, NULL, NULL, NULL),
('HAS', 4055, NULL, NULL, NULL, NULL, 1771, NULL),
('AND', 4056, 'EXACT', -1, NULL, NULL, NULL, NULL),
('HAS', 4057, NULL, NULL, NULL, NULL, 1771, NULL),
('AND', 4058, 'EXACT', -1, NULL, NULL, NULL, NULL),
('HAS', 4059, NULL, NULL, NULL, NULL, 1771, NULL),
('AND', 4060, 'EXACT', -1, NULL, NULL, NULL, NULL),
('HAS', 4061, NULL, NULL, NULL, NULL, 1771, NULL),
('AND', 4062, 'EXACT', -1, NULL, NULL, NULL, NULL),
('HAS', 4063, NULL, NULL, NULL, NULL, 1771, NULL),
('AND', 4064, 'EXACT', -1, NULL, NULL, NULL, NULL),
('HAS', 4065, NULL, NULL, NULL, NULL, 1771, NULL),
('AND', 4066, 'EXACT', -1, NULL, NULL, NULL, NULL),
('HAS', 4067, NULL, NULL, NULL, NULL, 1771, NULL),
('AND', 4068, 'EXACT', -1, NULL, NULL, NULL, NULL),
('HAS', 4069, NULL, NULL, NULL, NULL, 1771, NULL),
('AND', 4070, 'EXACT', -1, NULL, NULL, NULL, NULL),
('HAS', 4071, NULL, NULL, NULL, NULL, 1771, NULL),
('AND', 4072, 'EXACT', -1, NULL, NULL, NULL, NULL),
('HAS', 4073, NULL, NULL, NULL, NULL, 1771, NULL),
('AND', 4074, 'EXACT', -1, NULL, NULL, NULL, NULL),
('HAS', 4075, NULL, NULL, NULL, NULL, 1771, NULL),
('AND', 4076, 'EXACT', -1, NULL, NULL, NULL, NULL),
('HAS', 4077, NULL, NULL, NULL, NULL, 1771, NULL),
('AND', 4078, 'EXACT', -1, NULL, NULL, NULL, NULL),
('HAS', 4079, NULL, NULL, NULL, NULL, 1771, NULL),
('AND', 4080, 'EXACT', -1, NULL, NULL, NULL, NULL),
('HAS', 4081, NULL, NULL, NULL, NULL, 1771, NULL),
('AND', 4082, 'EXACT', -1, NULL, NULL, NULL, NULL),
('HAS', 4083, NULL, NULL, NULL, NULL, 1771, NULL),
('AND', 4084, 'EXACT', -1, NULL, NULL, NULL, NULL),
('HAS', 4085, NULL, NULL, NULL, NULL, 1771, NULL),
('AND', 4086, 'EXACT', -1, NULL, NULL, NULL, NULL),
('HAS', 4087, NULL, NULL, NULL, NULL, 1771, NULL),
('AND', 4088, 'EXACT', -1, NULL, NULL, NULL, NULL),
('HAS', 4089, NULL, NULL, NULL, NULL, 1771, NULL),
('AND', 4090, 'EXACT', -1, NULL, NULL, NULL, NULL),
('HAS', 4091, NULL, NULL, NULL, NULL, 1771, NULL),
('AND', 4092, 'EXACT', -1, NULL, NULL, NULL, NULL),
('HAS', 4093, NULL, NULL, NULL, NULL, 1771, NULL),
('AND', 4094, 'EXACT', -1, NULL, NULL, NULL, NULL),
('HAS', 4095, NULL, NULL, NULL, NULL, 1771, NULL),
('AND', 4096, 'EXACT', -1, NULL, NULL, NULL, NULL),
('HAS', 4097, NULL, NULL, NULL, NULL, 1771, NULL),
('AND', 4098, 'EXACT', -1, NULL, NULL, NULL, NULL),
('HAS', 4099, NULL, NULL, NULL, NULL, 1771, NULL),
('AND', 4100, 'EXACT', -1, NULL, NULL, NULL, NULL),
('HAS', 4101, NULL, NULL, NULL, NULL, 1771, NULL),
('AND', 4102, 'EXACT', -1, NULL, NULL, NULL, NULL),
('HAS', 4103, NULL, NULL, NULL, NULL, 1771, NULL),
('AND', 4104, 'EXACT', -1, NULL, NULL, NULL, NULL),
('HAS', 4105, NULL, NULL, NULL, NULL, 1771, NULL),
('AND', 4106, 'EXACT', -1, NULL, NULL, NULL, NULL),
('HAS', 4107, NULL, NULL, NULL, NULL, 1771, NULL),
('AND', 4108, 'EXACT', -1, NULL, NULL, NULL, NULL),
('HAS', 4109, NULL, NULL, NULL, NULL, 1771, NULL),
('AND', 4110, 'EXACT', -1, NULL, NULL, NULL, NULL),
('HAS', 4111, NULL, NULL, NULL, NULL, 1771, NULL),
('HAS', 4112, NULL, NULL, NULL, NULL, 201, NULL),
('AND', 4113, 'EXACT', -1, NULL, NULL, NULL, NULL),
('HAS', 4114, NULL, NULL, NULL, NULL, 1771, NULL),
('HAS', 4115, NULL, NULL, NULL, NULL, 201, NULL),
('AND', 4116, 'EXACT', -1, NULL, NULL, NULL, NULL),
('HAS', 4117, NULL, NULL, NULL, NULL, 1771, NULL),
('HAS', 4118, NULL, NULL, NULL, NULL, 201, NULL),
('AND', 4119, 'EXACT', -1, NULL, NULL, NULL, NULL),
('HAS', 4120, NULL, NULL, NULL, NULL, 1771, NULL),
('HAS', 4121, NULL, NULL, NULL, NULL, 201, NULL);
INSERT INTO `conditions` (`type`, `id`, `comparison`, `n`, `modifier`, `level_check_id`, `property_id`, `not_id`) VALUES
('AND', 4122, 'EXACT', -1, NULL, NULL, NULL, NULL),
('HAS', 4123, NULL, NULL, NULL, NULL, 1771, NULL),
('HAS', 4124, NULL, NULL, NULL, NULL, 201, NULL),
('AND', 4125, 'EXACT', -1, NULL, NULL, NULL, NULL),
('HAS', 4126, NULL, NULL, NULL, NULL, 1771, NULL),
('HAS', 4127, NULL, NULL, NULL, NULL, 201, NULL),
('AND', 4128, 'EXACT', -1, NULL, NULL, NULL, NULL),
('HAS', 4129, NULL, NULL, NULL, NULL, 1771, NULL),
('HAS', 4130, NULL, NULL, NULL, NULL, 201, NULL),
('AND', 4131, 'EXACT', -1, NULL, NULL, NULL, NULL),
('HAS', 4132, NULL, NULL, NULL, NULL, 1771, NULL),
('HAS', 4133, NULL, NULL, NULL, NULL, 201, NULL),
('AND', 4134, 'EXACT', -1, NULL, NULL, NULL, NULL),
('HAS', 4135, NULL, NULL, NULL, NULL, 1771, NULL),
('HAS', 4136, NULL, NULL, NULL, NULL, 201, NULL),
('AND', 4137, 'EXACT', -1, NULL, NULL, NULL, NULL),
('HAS', 4138, NULL, NULL, NULL, NULL, 1771, NULL),
('HAS', 4139, NULL, NULL, NULL, NULL, 201, NULL),
('AND', 4140, 'EXACT', -1, NULL, NULL, NULL, NULL),
('HAS', 4141, NULL, NULL, NULL, NULL, 1771, NULL),
('HAS', 4142, NULL, NULL, NULL, NULL, 201, NULL),
('AND', 4143, 'EXACT', -1, NULL, NULL, NULL, NULL),
('HAS', 4144, NULL, NULL, NULL, NULL, 1771, NULL),
('HAS', 4145, NULL, NULL, NULL, NULL, 201, NULL),
('AND', 4146, 'EXACT', -1, NULL, NULL, NULL, NULL),
('HAS', 4147, NULL, NULL, NULL, NULL, 1771, NULL),
('HAS', 4148, NULL, NULL, NULL, NULL, 201, NULL),
('AND', 4149, 'EXACT', -1, NULL, NULL, NULL, NULL),
('HAS', 4150, NULL, NULL, NULL, NULL, 1771, NULL),
('HAS', 4151, NULL, NULL, NULL, NULL, 201, NULL),
('AND', 4152, 'EXACT', -1, NULL, NULL, NULL, NULL),
('HAS', 4153, NULL, NULL, NULL, NULL, 1771, NULL),
('HAS', 4154, NULL, NULL, NULL, NULL, 201, NULL),
('AND', 4155, 'EXACT', -1, NULL, NULL, NULL, NULL),
('HAS', 4156, NULL, NULL, NULL, NULL, 1771, NULL),
('HAS', 4157, NULL, NULL, NULL, NULL, 201, NULL),
('AND', 4158, 'EXACT', -1, NULL, NULL, NULL, NULL),
('HAS', 4159, NULL, NULL, NULL, NULL, 1771, NULL),
('HAS', 4160, NULL, NULL, NULL, NULL, 201, NULL),
('AND', 4161, 'EXACT', -1, NULL, NULL, NULL, NULL),
('HAS', 4162, NULL, NULL, NULL, NULL, 1771, NULL),
('HAS', 4163, NULL, NULL, NULL, NULL, 201, NULL),
('AND', 4164, 'EXACT', -1, NULL, NULL, NULL, NULL),
('HAS', 4165, NULL, NULL, NULL, NULL, 1771, NULL),
('HAS', 4166, NULL, NULL, NULL, NULL, 201, NULL),
('AND', 4167, 'EXACT', -1, NULL, NULL, NULL, NULL),
('HAS', 4168, NULL, NULL, NULL, NULL, 1771, NULL),
('HAS', 4169, NULL, NULL, NULL, NULL, 201, NULL),
('AND', 4170, 'EXACT', -1, NULL, NULL, NULL, NULL),
('HAS', 4171, NULL, NULL, NULL, NULL, 1771, NULL),
('HAS', 4172, NULL, NULL, NULL, NULL, 201, NULL),
('AND', 4173, 'EXACT', -1, NULL, NULL, NULL, NULL),
('HAS', 4174, NULL, NULL, NULL, NULL, 1771, NULL),
('HAS', 4175, NULL, NULL, NULL, NULL, 201, NULL),
('AND', 4176, 'EXACT', -1, NULL, NULL, NULL, NULL),
('HAS', 4177, NULL, NULL, NULL, NULL, 1771, NULL),
('HAS', 4178, NULL, NULL, NULL, NULL, 201, NULL),
('AND', 4179, 'EXACT', -1, NULL, NULL, NULL, NULL),
('HAS', 4180, NULL, NULL, NULL, NULL, 1771, NULL),
('HAS', 4181, NULL, NULL, NULL, NULL, 201, NULL),
('AND', 4182, 'EXACT', -1, NULL, NULL, NULL, NULL),
('HAS', 4183, NULL, NULL, NULL, NULL, 1771, NULL),
('HAS', 4184, NULL, NULL, NULL, NULL, 201, NULL),
('AND', 4185, 'EXACT', -1, NULL, NULL, NULL, NULL),
('HAS', 4186, NULL, NULL, NULL, NULL, 1771, NULL),
('HAS', 4187, NULL, NULL, NULL, NULL, 201, NULL),
('AND', 4188, 'EXACT', -1, NULL, NULL, NULL, NULL),
('HAS', 4189, NULL, NULL, NULL, NULL, 1771, NULL),
('HAS', 4190, NULL, NULL, NULL, NULL, 201, NULL),
('AND', 4191, 'EXACT', -1, NULL, NULL, NULL, NULL),
('HAS', 4192, NULL, NULL, NULL, NULL, 1771, NULL),
('HAS', 4193, NULL, NULL, NULL, NULL, 201, NULL),
('AND', 4194, 'EXACT', -1, NULL, NULL, NULL, NULL),
('HAS', 4195, NULL, NULL, NULL, NULL, 1771, NULL),
('HAS', 4196, NULL, NULL, NULL, NULL, 201, NULL),
('AND', 4197, 'EXACT', -1, NULL, NULL, NULL, NULL),
('HAS', 4198, NULL, NULL, NULL, NULL, 1771, NULL),
('HAS', 4199, NULL, NULL, NULL, NULL, 201, NULL),
('AND', 4200, 'EXACT', -1, NULL, NULL, NULL, NULL),
('HAS', 4201, NULL, NULL, NULL, NULL, 1771, NULL),
('HAS', 4202, NULL, NULL, NULL, NULL, 201, NULL),
('AND', 4203, 'EXACT', -1, NULL, NULL, NULL, NULL),
('HAS', 4204, NULL, NULL, NULL, NULL, 1771, NULL),
('HAS', 4205, NULL, NULL, NULL, NULL, 201, NULL),
('AND', 4206, 'EXACT', -1, NULL, NULL, NULL, NULL),
('HAS', 4207, NULL, NULL, NULL, NULL, 1771, NULL),
('HAS', 4208, NULL, NULL, NULL, NULL, 201, NULL),
('AND', 4209, 'EXACT', -1, NULL, NULL, NULL, NULL),
('HAS', 4210, NULL, NULL, NULL, NULL, 1771, NULL),
('HAS', 4211, NULL, NULL, NULL, NULL, 201, NULL),
('AND', 4212, 'EXACT', -1, NULL, NULL, NULL, NULL),
('HAS', 4213, NULL, NULL, NULL, NULL, 1771, NULL),
('HAS', 4214, NULL, NULL, NULL, NULL, 201, NULL),
('AND', 4215, 'EXACT', -1, NULL, NULL, NULL, NULL),
('HAS', 4216, NULL, NULL, NULL, NULL, 1771, NULL),
('HAS', 4217, NULL, NULL, NULL, NULL, 201, NULL),
('AND', 4218, 'EXACT', -1, NULL, NULL, NULL, NULL),
('HAS', 4219, NULL, NULL, NULL, NULL, 1771, NULL),
('HAS', 4220, NULL, NULL, NULL, NULL, 201, NULL),
('AND', 4221, 'EXACT', -1, NULL, NULL, NULL, NULL),
('HAS', 4222, NULL, NULL, NULL, NULL, 1771, NULL),
('HAS', 4223, NULL, NULL, NULL, NULL, 201, NULL),
('AND', 4224, 'EXACT', -1, NULL, NULL, NULL, NULL),
('HAS', 4225, NULL, NULL, NULL, NULL, 1771, NULL),
('HAS', 4226, NULL, NULL, NULL, NULL, 201, NULL),
('AND', 4227, 'EXACT', -1, NULL, NULL, NULL, NULL),
('HAS', 4228, NULL, NULL, NULL, NULL, 1771, NULL),
('HAS', 4229, NULL, NULL, NULL, NULL, 201, NULL),
('AND', 4230, 'EXACT', -1, NULL, NULL, NULL, NULL),
('HAS', 4231, NULL, NULL, NULL, NULL, 1771, NULL),
('HAS', 4232, NULL, NULL, NULL, NULL, 201, NULL),
('AND', 4233, 'EXACT', -1, NULL, NULL, NULL, NULL),
('HAS', 4234, NULL, NULL, NULL, NULL, 1771, NULL),
('HAS', 4235, NULL, NULL, NULL, NULL, 201, NULL),
('AND', 4236, 'EXACT', -1, NULL, NULL, NULL, NULL),
('HAS', 4237, NULL, NULL, NULL, NULL, 1771, NULL),
('HAS', 4238, NULL, NULL, NULL, NULL, 201, NULL),
('AND', 4239, 'EXACT', -1, NULL, NULL, NULL, NULL),
('HAS', 4240, NULL, NULL, NULL, NULL, 1771, NULL),
('HAS', 4241, NULL, NULL, NULL, NULL, 201, NULL),
('AND', 4242, 'EXACT', -1, NULL, NULL, NULL, NULL),
('HAS', 4243, NULL, NULL, NULL, NULL, 1771, NULL),
('HAS', 4244, NULL, NULL, NULL, NULL, 201, NULL),
('AND', 4245, 'EXACT', -1, NULL, NULL, NULL, NULL),
('HAS', 4246, NULL, NULL, NULL, NULL, 1771, NULL),
('HAS', 4247, NULL, NULL, NULL, NULL, 201, NULL),
('AND', 4248, 'EXACT', -1, NULL, NULL, NULL, NULL),
('HAS', 4249, NULL, NULL, NULL, NULL, 1771, NULL),
('HAS', 4250, NULL, NULL, NULL, NULL, 201, NULL),
('AND', 4251, 'EXACT', -1, NULL, NULL, NULL, NULL),
('HAS', 4252, NULL, NULL, NULL, NULL, 1771, NULL),
('HAS', 4253, NULL, NULL, NULL, NULL, 201, NULL),
('AND', 4254, 'EXACT', -1, NULL, NULL, NULL, NULL),
('HAS', 4255, NULL, NULL, NULL, NULL, 1771, NULL),
('HAS', 4256, NULL, NULL, NULL, NULL, 201, NULL),
('AND', 4257, 'EXACT', -1, NULL, NULL, NULL, NULL),
('HAS', 4258, NULL, NULL, NULL, NULL, 1771, NULL),
('HAS', 4259, NULL, NULL, NULL, NULL, 201, NULL),
('AND', 4260, 'EXACT', -1, NULL, NULL, NULL, NULL),
('HAS', 4261, NULL, NULL, NULL, NULL, 1771, NULL),
('HAS', 4262, NULL, NULL, NULL, NULL, 201, NULL),
('AND', 4263, 'EXACT', -1, NULL, NULL, NULL, NULL),
('HAS', 4264, NULL, NULL, NULL, NULL, 1771, NULL),
('HAS', 4265, NULL, NULL, NULL, NULL, 201, NULL),
('AND', 4266, 'EXACT', -1, NULL, NULL, NULL, NULL),
('HAS', 4267, NULL, NULL, NULL, NULL, 1771, NULL),
('HAS', 4268, NULL, NULL, NULL, NULL, 201, NULL),
('AND', 4269, 'EXACT', -1, NULL, NULL, NULL, NULL),
('HAS', 4270, NULL, NULL, NULL, NULL, 1771, NULL),
('HAS', 4271, NULL, NULL, NULL, NULL, 201, NULL),
('AND', 4272, 'EXACT', -1, NULL, NULL, NULL, NULL),
('HAS', 4273, NULL, NULL, NULL, NULL, 1771, NULL),
('HAS', 4274, NULL, NULL, NULL, NULL, 201, NULL),
('AND', 4275, 'EXACT', -1, NULL, NULL, NULL, NULL),
('HAS', 4276, NULL, NULL, NULL, NULL, 1771, NULL),
('HAS', 4277, NULL, NULL, NULL, NULL, 201, NULL),
('AND', 4278, 'EXACT', -1, NULL, NULL, NULL, NULL),
('HAS', 4279, NULL, NULL, NULL, NULL, 1771, NULL),
('HAS', 4280, NULL, NULL, NULL, NULL, 201, NULL),
('AND', 4281, 'EXACT', -1, NULL, NULL, NULL, NULL),
('HAS', 4282, NULL, NULL, NULL, NULL, 1771, NULL),
('HAS', 4283, NULL, NULL, NULL, NULL, 201, NULL),
('AND', 4284, 'EXACT', -1, NULL, NULL, NULL, NULL),
('HAS', 4285, NULL, NULL, NULL, NULL, 1771, NULL),
('HAS', 4286, NULL, NULL, NULL, NULL, 201, NULL),
('AND', 4287, 'EXACT', -1, NULL, NULL, NULL, NULL),
('HAS', 4288, NULL, NULL, NULL, NULL, 1771, NULL),
('HAS', 4289, NULL, NULL, NULL, NULL, 201, NULL),
('AND', 4290, 'EXACT', -1, NULL, NULL, NULL, NULL),
('HAS', 4291, NULL, NULL, NULL, NULL, 1771, NULL),
('HAS', 4292, NULL, NULL, NULL, NULL, 201, NULL),
('AND', 4293, 'EXACT', -1, NULL, NULL, NULL, NULL),
('HAS', 4294, NULL, NULL, NULL, NULL, 1771, NULL),
('HAS', 4295, NULL, NULL, NULL, NULL, 201, NULL),
('AND', 4296, 'EXACT', -1, NULL, NULL, NULL, NULL),
('HAS', 4297, NULL, NULL, NULL, NULL, 1771, NULL),
('HAS', 4298, NULL, NULL, NULL, NULL, 201, NULL),
('AND', 4299, 'EXACT', -1, NULL, NULL, NULL, NULL),
('HAS', 4300, NULL, NULL, NULL, NULL, 1771, NULL),
('HAS', 4301, NULL, NULL, NULL, NULL, 201, NULL),
('AND', 4302, 'EXACT', -1, NULL, NULL, NULL, NULL),
('HAS', 4303, NULL, NULL, NULL, NULL, 1771, NULL),
('HAS', 4304, NULL, NULL, NULL, NULL, 201, NULL),
('AND', 4305, 'EXACT', -1, NULL, NULL, NULL, NULL),
('HAS', 4306, NULL, NULL, NULL, NULL, 1771, NULL),
('HAS', 4307, NULL, NULL, NULL, NULL, 201, NULL),
('AND', 4308, 'EXACT', -1, NULL, NULL, NULL, NULL),
('HAS', 4309, NULL, NULL, NULL, NULL, 1771, NULL),
('HAS', 4310, NULL, NULL, NULL, NULL, 201, NULL),
('AND', 4311, 'EXACT', -1, NULL, NULL, NULL, NULL),
('HAS', 4312, NULL, NULL, NULL, NULL, 1771, NULL),
('HAS', 4313, NULL, NULL, NULL, NULL, 201, NULL),
('AND', 4314, 'EXACT', -1, NULL, NULL, NULL, NULL),
('HAS', 4315, NULL, NULL, NULL, NULL, 1771, NULL),
('HAS', 4316, NULL, NULL, NULL, NULL, 201, NULL),
('AND', 4317, 'EXACT', -1, NULL, NULL, NULL, NULL),
('HAS', 4318, NULL, NULL, NULL, NULL, 1771, NULL),
('HAS', 4319, NULL, NULL, NULL, NULL, 201, NULL),
('AND', 4320, 'EXACT', -1, NULL, NULL, NULL, NULL),
('HAS', 4321, NULL, NULL, NULL, NULL, 1771, NULL),
('HAS', 4322, NULL, NULL, NULL, NULL, 201, NULL),
('AND', 4323, 'EXACT', -1, NULL, NULL, NULL, NULL),
('HAS', 4324, NULL, NULL, NULL, NULL, 1771, NULL),
('HAS', 4325, NULL, NULL, NULL, NULL, 201, NULL),
('AND', 4326, 'EXACT', -1, NULL, NULL, NULL, NULL),
('HAS', 4327, NULL, NULL, NULL, NULL, 1771, NULL),
('HAS', 4328, NULL, NULL, NULL, NULL, 201, NULL),
('AND', 4329, 'EXACT', -1, NULL, NULL, NULL, NULL),
('HAS', 4330, NULL, NULL, NULL, NULL, 1771, NULL),
('HAS', 4331, NULL, NULL, NULL, NULL, 201, NULL),
('AND', 4332, 'EXACT', -1, NULL, NULL, NULL, NULL),
('HAS', 4333, NULL, NULL, NULL, NULL, 1771, NULL),
('HAS', 4334, NULL, NULL, NULL, NULL, 201, NULL),
('AND', 4335, 'EXACT', -1, NULL, NULL, NULL, NULL),
('HAS', 4336, NULL, NULL, NULL, NULL, 1771, NULL),
('HAS', 4337, NULL, NULL, NULL, NULL, 201, NULL),
('AND', 4338, 'EXACT', -1, NULL, NULL, NULL, NULL),
('HAS', 4339, NULL, NULL, NULL, NULL, 1771, NULL),
('HAS', 4340, NULL, NULL, NULL, NULL, 201, NULL),
('AND', 4341, 'EXACT', -1, NULL, NULL, NULL, NULL),
('HAS', 4342, NULL, NULL, NULL, NULL, 1771, NULL),
('HAS', 4343, NULL, NULL, NULL, NULL, 201, NULL),
('AND', 4344, 'EXACT', -1, NULL, NULL, NULL, NULL),
('HAS', 4345, NULL, NULL, NULL, NULL, 1771, NULL),
('HAS', 4346, NULL, NULL, NULL, NULL, 201, NULL),
('AND', 4347, 'EXACT', -1, NULL, NULL, NULL, NULL),
('HAS', 4348, NULL, NULL, NULL, NULL, 1771, NULL),
('HAS', 4349, NULL, NULL, NULL, NULL, 201, NULL),
('AND', 4350, 'EXACT', -1, NULL, NULL, NULL, NULL),
('HAS', 4351, NULL, NULL, NULL, NULL, 1771, NULL),
('HAS', 4352, NULL, NULL, NULL, NULL, 201, NULL),
('AND', 4353, 'EXACT', -1, NULL, NULL, NULL, NULL),
('HAS', 4354, NULL, NULL, NULL, NULL, 1771, NULL),
('HAS', 4355, NULL, NULL, NULL, NULL, 201, NULL),
('AND', 4356, 'EXACT', -1, NULL, NULL, NULL, NULL),
('HAS', 4357, NULL, NULL, NULL, NULL, 1771, NULL),
('HAS', 4358, NULL, NULL, NULL, NULL, 201, NULL),
('AND', 4359, 'EXACT', -1, NULL, NULL, NULL, NULL),
('HAS', 4360, NULL, NULL, NULL, NULL, 1771, NULL),
('HAS', 4361, NULL, NULL, NULL, NULL, 201, NULL),
('AND', 4362, 'EXACT', -1, NULL, NULL, NULL, NULL),
('HAS', 4363, NULL, NULL, NULL, NULL, 1771, NULL),
('HAS', 4364, NULL, NULL, NULL, NULL, 201, NULL),
('AND', 4365, 'EXACT', -1, NULL, NULL, NULL, NULL),
('HAS', 4366, NULL, NULL, NULL, NULL, 1771, NULL),
('HAS', 4367, NULL, NULL, NULL, NULL, 201, NULL),
('AND', 4368, 'EXACT', -1, NULL, NULL, NULL, NULL),
('HAS', 4369, NULL, NULL, NULL, NULL, 1771, NULL),
('HAS', 4370, NULL, NULL, NULL, NULL, 201, NULL),
('AND', 4371, 'EXACT', -1, NULL, NULL, NULL, NULL),
('HAS', 4372, NULL, NULL, NULL, NULL, 1771, NULL),
('HAS', 4373, NULL, NULL, NULL, NULL, 201, NULL),
('AND', 4374, 'EXACT', -1, NULL, NULL, NULL, NULL),
('HAS', 4375, NULL, NULL, NULL, NULL, 1771, NULL),
('HAS', 4376, NULL, NULL, NULL, NULL, 201, NULL),
('AND', 4377, 'EXACT', -1, NULL, NULL, NULL, NULL),
('HAS', 4378, NULL, NULL, NULL, NULL, 1771, NULL),
('HAS', 4379, NULL, NULL, NULL, NULL, 201, NULL),
('AND', 4380, 'EXACT', -1, NULL, NULL, NULL, NULL),
('HAS', 4381, NULL, NULL, NULL, NULL, 1771, NULL),
('HAS', 4382, NULL, NULL, NULL, NULL, 201, NULL),
('AND', 4383, 'EXACT', -1, NULL, NULL, NULL, NULL),
('HAS', 4384, NULL, NULL, NULL, NULL, 1771, NULL),
('HAS', 4385, NULL, NULL, NULL, NULL, 201, NULL),
('AND', 4386, 'EXACT', -1, NULL, NULL, NULL, NULL),
('HAS', 4387, NULL, NULL, NULL, NULL, 1771, NULL),
('HAS', 4388, NULL, NULL, NULL, NULL, 201, NULL),
('AND', 4389, 'EXACT', -1, NULL, NULL, NULL, NULL),
('HAS', 4390, NULL, NULL, NULL, NULL, 1771, NULL),
('HAS', 4391, NULL, NULL, NULL, NULL, 201, NULL),
('AND', 4392, 'EXACT', -1, NULL, NULL, NULL, NULL),
('HAS', 4393, NULL, NULL, NULL, NULL, 1771, NULL),
('HAS', 4394, NULL, NULL, NULL, NULL, 201, NULL),
('AND', 4395, 'EXACT', -1, NULL, NULL, NULL, NULL),
('HAS', 4396, NULL, NULL, NULL, NULL, 1771, NULL),
('HAS', 4397, NULL, NULL, NULL, NULL, 201, NULL),
('AND', 4398, 'EXACT', -1, NULL, NULL, NULL, NULL),
('HAS', 4399, NULL, NULL, NULL, NULL, 1771, NULL),
('HAS', 4400, NULL, NULL, NULL, NULL, 201, NULL),
('AND', 4401, 'EXACT', -1, NULL, NULL, NULL, NULL),
('HAS', 4402, NULL, NULL, NULL, NULL, 1771, NULL),
('HAS', 4403, NULL, NULL, NULL, NULL, 201, NULL),
('AND', 4404, 'EXACT', -1, NULL, NULL, NULL, NULL),
('HAS', 4405, NULL, NULL, NULL, NULL, 1771, NULL),
('HAS', 4406, NULL, NULL, NULL, NULL, 201, NULL),
('AND', 4407, 'EXACT', -1, NULL, NULL, NULL, NULL),
('HAS', 4408, NULL, NULL, NULL, NULL, 1771, NULL),
('HAS', 4409, NULL, NULL, NULL, NULL, 201, NULL),
('AND', 4410, 'EXACT', -1, NULL, NULL, NULL, NULL),
('HAS', 4411, NULL, NULL, NULL, NULL, 1771, NULL),
('HAS', 4412, NULL, NULL, NULL, NULL, 201, NULL),
('AND', 4413, 'EXACT', -1, NULL, NULL, NULL, NULL),
('HAS', 4414, NULL, NULL, NULL, NULL, 1771, NULL),
('HAS', 4415, NULL, NULL, NULL, NULL, 201, NULL),
('AND', 4416, 'EXACT', -1, NULL, NULL, NULL, NULL),
('HAS', 4417, NULL, NULL, NULL, NULL, 1771, NULL),
('HAS', 4418, NULL, NULL, NULL, NULL, 201, NULL),
('AND', 4419, 'EXACT', -1, NULL, NULL, NULL, NULL),
('HAS', 4420, NULL, NULL, NULL, NULL, 1771, NULL),
('HAS', 4421, NULL, NULL, NULL, NULL, 201, NULL),
('AND', 4422, 'EXACT', -1, NULL, NULL, NULL, NULL),
('HAS', 4423, NULL, NULL, NULL, NULL, 1771, NULL),
('HAS', 4424, NULL, NULL, NULL, NULL, 201, NULL),
('AND', 4425, 'EXACT', -1, NULL, NULL, NULL, NULL),
('HAS', 4426, NULL, NULL, NULL, NULL, 1771, NULL),
('HAS', 4427, NULL, NULL, NULL, NULL, 201, NULL),
('AND', 4428, 'EXACT', -1, NULL, NULL, NULL, NULL),
('HAS', 4429, NULL, NULL, NULL, NULL, 1771, NULL),
('HAS', 4430, NULL, NULL, NULL, NULL, 201, NULL),
('AND', 4431, 'EXACT', -1, NULL, NULL, NULL, NULL),
('HAS', 4432, NULL, NULL, NULL, NULL, 1771, NULL),
('HAS', 4433, NULL, NULL, NULL, NULL, 201, NULL),
('AND', 4434, 'EXACT', -1, NULL, NULL, NULL, NULL),
('HAS', 4435, NULL, NULL, NULL, NULL, 1771, NULL),
('HAS', 4436, NULL, NULL, NULL, NULL, 201, NULL),
('AND', 4437, 'EXACT', -1, NULL, NULL, NULL, NULL),
('HAS', 4438, NULL, NULL, NULL, NULL, 1771, NULL),
('HAS', 4439, NULL, NULL, NULL, NULL, 201, NULL),
('AND', 4440, 'EXACT', -1, NULL, NULL, NULL, NULL),
('HAS', 4441, NULL, NULL, NULL, NULL, 1771, NULL),
('HAS', 4442, NULL, NULL, NULL, NULL, 201, NULL),
('AND', 4443, 'EXACT', -1, NULL, NULL, NULL, NULL),
('HAS', 4444, NULL, NULL, NULL, NULL, 1771, NULL),
('HAS', 4445, NULL, NULL, NULL, NULL, 201, NULL),
('AND', 4446, 'EXACT', -1, NULL, NULL, NULL, NULL),
('HAS', 4447, NULL, NULL, NULL, NULL, 1771, NULL),
('HAS', 4448, NULL, NULL, NULL, NULL, 201, NULL),
('AND', 4449, 'EXACT', -1, NULL, NULL, NULL, NULL),
('HAS', 4450, NULL, NULL, NULL, NULL, 1771, NULL),
('HAS', 4451, NULL, NULL, NULL, NULL, 201, NULL),
('AND', 4452, 'EXACT', -1, NULL, NULL, NULL, NULL),
('HAS', 4453, NULL, NULL, NULL, NULL, 1771, NULL),
('HAS', 4454, NULL, NULL, NULL, NULL, 201, NULL),
('AND', 4455, 'EXACT', -1, NULL, NULL, NULL, NULL),
('HAS', 4456, NULL, NULL, NULL, NULL, 1771, NULL),
('HAS', 4457, NULL, NULL, NULL, NULL, 201, NULL),
('AND', 4458, 'EXACT', -1, NULL, NULL, NULL, NULL),
('HAS', 4459, NULL, NULL, NULL, NULL, 1771, NULL),
('HAS', 4460, NULL, NULL, NULL, NULL, 201, NULL),
('AND', 4461, 'EXACT', -1, NULL, NULL, NULL, NULL),
('HAS', 4462, NULL, NULL, NULL, NULL, 1771, NULL),
('HAS', 4463, NULL, NULL, NULL, NULL, 201, NULL),
('AND', 4464, 'EXACT', -1, NULL, NULL, NULL, NULL),
('HAS', 4465, NULL, NULL, NULL, NULL, 1771, NULL),
('HAS', 4466, NULL, NULL, NULL, NULL, 201, NULL),
('AND', 4467, 'EXACT', -1, NULL, NULL, NULL, NULL),
('HAS', 4468, NULL, NULL, NULL, NULL, 1771, NULL),
('HAS', 4469, NULL, NULL, NULL, NULL, 201, NULL),
('AND', 4470, 'EXACT', -1, NULL, NULL, NULL, NULL),
('HAS', 4471, NULL, NULL, NULL, NULL, 1771, NULL),
('HAS', 4472, NULL, NULL, NULL, NULL, 201, NULL),
('AND', 4473, 'EXACT', -1, NULL, NULL, NULL, NULL),
('HAS', 4474, NULL, NULL, NULL, NULL, 1771, NULL),
('HAS', 4475, NULL, NULL, NULL, NULL, 201, NULL),
('AND', 4476, 'EXACT', -1, NULL, NULL, NULL, NULL),
('HAS', 4477, NULL, NULL, NULL, NULL, 1771, NULL),
('HAS', 4478, NULL, NULL, NULL, NULL, 201, NULL),
('AND', 4479, 'EXACT', -1, NULL, NULL, NULL, NULL),
('HAS', 4480, NULL, NULL, NULL, NULL, 1771, NULL),
('HAS', 4481, NULL, NULL, NULL, NULL, 201, NULL),
('AND', 4482, 'EXACT', -1, NULL, NULL, NULL, NULL),
('HAS', 4483, NULL, NULL, NULL, NULL, 1771, NULL),
('HAS', 4484, NULL, NULL, NULL, NULL, 201, NULL),
('AND', 4485, 'EXACT', -1, NULL, NULL, NULL, NULL),
('HAS', 4486, NULL, NULL, NULL, NULL, 1771, NULL),
('HAS', 4487, NULL, NULL, NULL, NULL, 201, NULL),
('AND', 4488, 'EXACT', -1, NULL, NULL, NULL, NULL),
('HAS', 4489, NULL, NULL, NULL, NULL, 1771, NULL),
('HAS', 4490, NULL, NULL, NULL, NULL, 201, NULL),
('AND', 4491, 'EXACT', -1, NULL, NULL, NULL, NULL),
('HAS', 4492, NULL, NULL, NULL, NULL, 1771, NULL),
('HAS', 4493, NULL, NULL, NULL, NULL, 201, NULL),
('AND', 4494, 'EXACT', -1, NULL, NULL, NULL, NULL),
('HAS', 4495, NULL, NULL, NULL, NULL, 1771, NULL),
('HAS', 4496, NULL, NULL, NULL, NULL, 201, NULL),
('AND', 4497, 'EXACT', -1, NULL, NULL, NULL, NULL),
('HAS', 4498, NULL, NULL, NULL, NULL, 1771, NULL),
('HAS', 4499, NULL, NULL, NULL, NULL, 201, NULL),
('AND', 4500, 'EXACT', -1, NULL, NULL, NULL, NULL),
('HAS', 4501, NULL, NULL, NULL, NULL, 1771, NULL),
('HAS', 4502, NULL, NULL, NULL, NULL, 201, NULL),
('AND', 4503, 'EXACT', -1, NULL, NULL, NULL, NULL),
('HAS', 4504, NULL, NULL, NULL, NULL, 1771, NULL),
('HAS', 4505, NULL, NULL, NULL, NULL, 201, NULL),
('AND', 4506, 'EXACT', -1, NULL, NULL, NULL, NULL),
('HAS', 4507, NULL, NULL, NULL, NULL, 1771, NULL),
('HAS', 4508, NULL, NULL, NULL, NULL, 201, NULL),
('AND', 4509, 'EXACT', -1, NULL, NULL, NULL, NULL),
('HAS', 4510, NULL, NULL, NULL, NULL, 1771, NULL),
('HAS', 4511, NULL, NULL, NULL, NULL, 201, NULL),
('AND', 4512, 'EXACT', -1, NULL, NULL, NULL, NULL),
('HAS', 4513, NULL, NULL, NULL, NULL, 1771, NULL),
('HAS', 4514, NULL, NULL, NULL, NULL, 201, NULL),
('AND', 4515, 'EXACT', -1, NULL, NULL, NULL, NULL),
('HAS', 4516, NULL, NULL, NULL, NULL, 1771, NULL),
('HAS', 4517, NULL, NULL, NULL, NULL, 201, NULL),
('AND', 4518, 'EXACT', -1, NULL, NULL, NULL, NULL),
('HAS', 4519, NULL, NULL, NULL, NULL, 1771, NULL),
('HAS', 4520, NULL, NULL, NULL, NULL, 201, NULL),
('AND', 4521, 'EXACT', -1, NULL, NULL, NULL, NULL),
('HAS', 4522, NULL, NULL, NULL, NULL, 1771, NULL),
('HAS', 4523, NULL, NULL, NULL, NULL, 201, NULL),
('AND', 4524, 'EXACT', -1, NULL, NULL, NULL, NULL),
('HAS', 4525, NULL, NULL, NULL, NULL, 1771, NULL),
('HAS', 4526, NULL, NULL, NULL, NULL, 201, NULL),
('AND', 4527, 'EXACT', -1, NULL, NULL, NULL, NULL),
('HAS', 4528, NULL, NULL, NULL, NULL, 1771, NULL),
('HAS', 4529, NULL, NULL, NULL, NULL, 201, NULL),
('AND', 4530, 'EXACT', -1, NULL, NULL, NULL, NULL),
('HAS', 4531, NULL, NULL, NULL, NULL, 1771, NULL),
('HAS', 4532, NULL, NULL, NULL, NULL, 201, NULL),
('AND', 4533, 'EXACT', -1, NULL, NULL, NULL, NULL),
('HAS', 4534, NULL, NULL, NULL, NULL, 1771, NULL),
('HAS', 4535, NULL, NULL, NULL, NULL, 201, NULL),
('AND', 4536, 'EXACT', -1, NULL, NULL, NULL, NULL),
('HAS', 4537, NULL, NULL, NULL, NULL, 1771, NULL),
('HAS', 4538, NULL, NULL, NULL, NULL, 201, NULL),
('AND', 4539, 'EXACT', -1, NULL, NULL, NULL, NULL),
('HAS', 4540, NULL, NULL, NULL, NULL, 1771, NULL),
('HAS', 4541, NULL, NULL, NULL, NULL, 201, NULL),
('AND', 4542, 'EXACT', -1, NULL, NULL, NULL, NULL),
('HAS', 4543, NULL, NULL, NULL, NULL, 1771, NULL),
('HAS', 4544, NULL, NULL, NULL, NULL, 201, NULL),
('AND', 4545, 'EXACT', -1, NULL, NULL, NULL, NULL),
('HAS', 4546, NULL, NULL, NULL, NULL, 1771, NULL),
('HAS', 4547, NULL, NULL, NULL, NULL, 201, NULL),
('AND', 4548, 'EXACT', -1, NULL, NULL, NULL, NULL),
('HAS', 4549, NULL, NULL, NULL, NULL, 1771, NULL),
('HAS', 4550, NULL, NULL, NULL, NULL, 201, NULL),
('AND', 4551, 'EXACT', -1, NULL, NULL, NULL, NULL),
('HAS', 4552, NULL, NULL, NULL, NULL, 1771, NULL),
('HAS', 4553, NULL, NULL, NULL, NULL, 201, NULL),
('AND', 4554, 'EXACT', -1, NULL, NULL, NULL, NULL),
('HAS', 4555, NULL, NULL, NULL, NULL, 1771, NULL),
('HAS', 4556, NULL, NULL, NULL, NULL, 201, NULL),
('AND', 4557, 'EXACT', -1, NULL, NULL, NULL, NULL),
('HAS', 4558, NULL, NULL, NULL, NULL, 1771, NULL),
('HAS', 4559, NULL, NULL, NULL, NULL, 201, NULL),
('AND', 4560, 'EXACT', -1, NULL, NULL, NULL, NULL),
('HAS', 4561, NULL, NULL, NULL, NULL, 1771, NULL),
('HAS', 4562, NULL, NULL, NULL, NULL, 201, NULL);

--
-- Daten für Tabelle `conditions_conditions`
--

INSERT INTO `conditions_conditions` (`nofmcondition_id`, `conditions_id`) VALUES
(7, 8),
(13, 14),
(15, 16),
(17, 18),
(17, 19),
(20, 21),
(22, 23),
(24, 25),
(24, 26),
(27, 28),
(27, 29),
(27, 30),
(31, 32),
(31, 33),
(31, 34),
(31, 35),
(36, 37),
(38, 39),
(40, 41),
(42, 43),
(42, 44),
(42, 45),
(46, 47),
(46, 48),
(46, 49),
(50, 51),
(50, 52),
(50, 53),
(54, 55),
(54, 56),
(54, 57),
(58, 59),
(60, 61),
(60, 62),
(63, 64),
(63, 65),
(66, 67),
(68, 69),
(70, 71),
(70, 72),
(73, 74),
(75, 76),
(75, 77),
(78, 79),
(78, 80),
(81, 82),
(81, 83),
(84, 85),
(84, 86),
(87, 88),
(87, 89),
(90, 91),
(92, 93),
(92, 94),
(95, 96),
(98, 99),
(98, 100),
(98, 101),
(102, 103),
(102, 104),
(102, 105),
(106, 107),
(106, 108),
(106, 109),
(110, 111),
(110, 112),
(110, 113),
(115, 116),
(117, 118),
(117, 119),
(121, 122),
(121, 124),
(129, 130),
(133, 134),
(133, 135),
(136, 137),
(138, 139),
(138, 140),
(141, 142),
(143, 144),
(145, 146),
(148, 149),
(148, 150),
(152, 153),
(152, 155),
(156, 157),
(156, 159),
(156, 161),
(162, 163),
(162, 165),
(171, 173),
(171, 175),
(171, 177),
(171, 179),
(180, 181),
(182, 183),
(182, 184),
(187, 188),
(189, 190),
(191, 192),
(191, 193),
(191, 194),
(197, 199),
(202, 203),
(202, 205),
(206, 207),
(206, 208),
(209, 210),
(392, 393),
(392, 394),
(395, 396),
(398, 399),
(398, 401),
(402, 403),
(406, 407),
(406, 408),
(406, 409),
(410, 411),
(410, 412),
(413, 414),
(413, 415),
(413, 416),
(419, 420),
(419, 421),
(419, 422),
(423, 424),
(423, 425),
(423, 426),
(428, 429),
(428, 430),
(431, 432),
(431, 433),
(437, 438),
(439, 440),
(439, 441),
(442, 443),
(442, 444),
(442, 445),
(446, 447),
(446, 449),
(450, 451),
(452, 453),
(452, 455),
(457, 458),
(457, 459),
(463, 464),
(463, 465),
(467, 468),
(467, 469),
(470, 471),
(470, 472),
(473, 474),
(473, 475),
(476, 477),
(476, 478),
(476, 479),
(476, 480),
(481, 482),
(481, 483),
(484, 485),
(487, 488),
(487, 489),
(487, 490),
(487, 491),
(492, 493),
(492, 494),
(495, 497),
(498, 499),
(498, 500),
(498, 501),
(509, 510),
(509, 511),
(515, 516),
(515, 517),
(519, 520),
(519, 521),
(519, 522),
(523, 524),
(526, 527),
(528, 529),
(528, 530),
(531, 532),
(531, 533),
(534, 535),
(534, 536),
(538, 539),
(538, 540),
(541, 542),
(541, 543),
(548, 549),
(548, 550),
(551, 552),
(553, 554),
(555, 556),
(557, 558),
(557, 559),
(560, 561),
(562, 563),
(564, 565),
(564, 566),
(567, 568),
(569, 570),
(571, 572),
(573, 574),
(575, 576),
(577, 578),
(579, 580),
(579, 581),
(582, 583),
(584, 585),
(586, 587),
(588, 589),
(590, 591),
(593, 594),
(593, 595),
(593, 596),
(597, 598),
(597, 599),
(597, 600),
(601, 602),
(601, 603),
(601, 604),
(606, 607),
(606, 608),
(606, 609),
(610, 611),
(610, 612),
(610, 613),
(614, 615),
(614, 616),
(614, 617),
(618, 619),
(618, 620),
(618, 621),
(622, 623),
(622, 624),
(622, 625),
(626, 627),
(626, 628),
(626, 629),
(630, 631),
(630, 632),
(630, 633),
(634, 635),
(634, 636),
(641, 642),
(641, 643),
(641, 644),
(641, 645),
(641, 646),
(647, 648),
(647, 649),
(647, 650),
(647, 651),
(647, 652),
(653, 654),
(653, 655),
(653, 656),
(653, 657),
(653, 658),
(659, 660),
(659, 661),
(663, 664),
(663, 665),
(663, 666),
(667, 668),
(667, 669),
(667, 670),
(671, 672),
(671, 673),
(671, 674),
(678, 679),
(678, 680),
(678, 681),
(678, 682),
(678, 683),
(684, 685),
(684, 686),
(684, 687),
(684, 688),
(684, 689),
(690, 691),
(690, 692),
(690, 693),
(690, 694),
(690, 695),
(696, 697),
(696, 698),
(696, 699),
(696, 700),
(696, 701),
(704, 705),
(704, 706),
(704, 707),
(710, 711),
(710, 712),
(710, 713),
(710, 714),
(710, 715),
(716, 717),
(716, 718),
(716, 719),
(716, 720),
(716, 721),
(722, 723),
(722, 724),
(722, 725),
(722, 726),
(722, 727),
(728, 729),
(728, 730),
(728, 731),
(728, 732),
(728, 733),
(738, 739),
(738, 740),
(742, 743),
(742, 744),
(747, 748),
(747, 749),
(747, 750),
(751, 752),
(751, 753),
(751, 754),
(755, 756),
(755, 757),
(755, 758),
(759, 760),
(759, 761),
(759, 762),
(763, 764),
(763, 765),
(763, 766),
(763, 767),
(763, 768),
(769, 770),
(769, 771),
(769, 772),
(769, 773),
(769, 774),
(775, 776),
(775, 777),
(775, 778),
(775, 779),
(775, 780),
(781, 782),
(781, 783),
(781, 784),
(781, 785),
(781, 786),
(788, 789),
(788, 790),
(788, 791),
(792, 793),
(792, 794),
(792, 795),
(796, 797),
(796, 798),
(796, 799),
(800, 801),
(800, 802),
(800, 803),
(800, 804),
(800, 805),
(806, 807),
(806, 808),
(806, 809),
(806, 810),
(806, 811),
(812, 813),
(812, 814),
(812, 815),
(812, 816),
(812, 817),
(818, 819),
(818, 820),
(823, 824),
(823, 825),
(826, 827),
(826, 828),
(826, 829),
(830, 831),
(830, 832),
(830, 833),
(834, 835),
(834, 836),
(834, 837),
(838, 839),
(838, 840),
(838, 841),
(842, 843),
(842, 844),
(842, 845),
(846, 847),
(846, 848),
(846, 849),
(846, 850),
(846, 851),
(852, 853),
(852, 854),
(852, 855),
(852, 856),
(852, 857),
(858, 859),
(858, 860),
(858, 861),
(858, 862),
(858, 863),
(864, 865),
(864, 866),
(864, 867),
(864, 868),
(864, 869),
(874, 875),
(874, 876),
(874, 877),
(874, 878),
(874, 879),
(880, 881),
(880, 882),
(880, 883),
(880, 884),
(880, 885),
(886, 887),
(886, 888),
(886, 889),
(886, 890),
(886, 891),
(892, 893),
(892, 894),
(892, 895),
(892, 896),
(892, 897),
(898, 899),
(898, 900),
(906, 907),
(906, 908),
(910, 911),
(912, 913),
(912, 914),
(915, 916),
(915, 917),
(926, 927),
(926, 928),
(926, 929),
(930, 931),
(930, 932),
(936, 937),
(936, 938),
(939, 940),
(939, 941),
(943, 944),
(943, 945),
(949, 950),
(949, 951),
(956, 957),
(975, 976),
(975, 978),
(979, 980),
(979, 982),
(983, 987),
(983, 988),
(984, 985),
(984, 986),
(988, 989),
(988, 990),
(992, 994),
(995, 997),
(998, 1000),
(1001, 1003),
(1004, 1006),
(1007, 1009),
(1010, 1012),
(1013, 1015),
(1016, 1018),
(1019, 1021),
(1022, 1024),
(1025, 1027),
(1028, 1030),
(1031, 1033),
(1034, 1036),
(1037, 1039),
(1040, 1042),
(1043, 1045),
(1046, 1048),
(1049, 1051),
(1052, 1054),
(1055, 1057),
(1058, 1060),
(1061, 1063),
(1064, 1066),
(1067, 1069),
(1070, 1072),
(1073, 1075),
(1076, 1078),
(1079, 1081),
(1082, 1084),
(1085, 1087),
(1088, 1090),
(1091, 1093),
(1094, 1096),
(1097, 1099),
(1100, 1102),
(1103, 1105),
(1106, 1108),
(1109, 1111),
(1112, 1114),
(1115, 1117),
(1118, 1120),
(1121, 1123),
(1124, 1126),
(1127, 1129),
(1130, 1132),
(1133, 1135),
(1136, 1138),
(1139, 1141),
(1142, 1144),
(1145, 1147),
(1148, 1150),
(1151, 1153),
(1154, 1156),
(1157, 1159),
(1160, 1162),
(1163, 1165),
(1166, 1168),
(1169, 1171),
(1172, 1174),
(1175, 1177),
(1178, 1180),
(1181, 1183),
(1184, 1186),
(1187, 1189),
(1190, 1192),
(1193, 1195),
(1196, 1198),
(1199, 1201),
(1202, 1204),
(1205, 1207),
(1208, 1210),
(1211, 1213),
(1214, 1216),
(1217, 1219),
(1220, 1222),
(1223, 1225),
(1226, 1228),
(1229, 1231),
(1232, 1234),
(1235, 1237),
(1238, 1240),
(1241, 1243),
(1244, 1246),
(1247, 1249),
(1250, 1252),
(1253, 1255),
(1256, 1258),
(1259, 1261),
(1262, 1264),
(1265, 1267),
(1268, 1270),
(1271, 1273),
(1274, 1276),
(1277, 1279),
(1280, 1282),
(1283, 1285),
(1286, 1288),
(1289, 1291),
(1292, 1294),
(1295, 1297),
(1298, 1300),
(1301, 1303),
(1304, 1306),
(1307, 1309),
(1310, 1312),
(1313, 1315),
(1316, 1318),
(1319, 1321),
(1322, 1324),
(1325, 1327),
(1328, 1330),
(1331, 1333),
(1334, 1336),
(1337, 1339),
(1340, 1342),
(1343, 1345),
(1346, 1348),
(1349, 1351),
(1352, 1354),
(1355, 1357),
(1358, 1360),
(1361, 1363),
(1364, 1366),
(1367, 1369),
(1370, 1372),
(1373, 1375),
(1376, 1378),
(1379, 1381),
(1382, 1384),
(1385, 1387),
(1388, 1390),
(1391, 1393),
(1394, 1396),
(1397, 1399),
(1400, 1402),
(1403, 1405),
(1406, 1408),
(1409, 1411),
(1412, 1414),
(1415, 1417),
(1418, 1420),
(1421, 1423),
(1424, 1426),
(1427, 1429),
(1430, 1432),
(1433, 1435),
(1436, 1438),
(1439, 1441),
(1442, 1444),
(1445, 1447),
(1448, 1450),
(1451, 1453),
(1454, 1456),
(1457, 1459),
(1460, 1462),
(1463, 1465),
(1466, 1468),
(1469, 1471),
(1472, 1474),
(1475, 1477),
(1478, 1480),
(1481, 1483),
(1484, 1486),
(1487, 1489),
(1490, 1492),
(1493, 1495),
(1496, 1498),
(1499, 1501),
(1502, 1504),
(1505, 1507),
(1508, 1510),
(1511, 1513),
(1514, 1516),
(1517, 1519),
(1520, 1522),
(1523, 1525),
(1526, 1528),
(1529, 1531),
(1532, 1534),
(1535, 1537),
(1538, 1540),
(1541, 1543),
(1544, 1546),
(1547, 1549),
(1550, 1552),
(1553, 1555),
(1556, 1558),
(1559, 1561),
(1562, 1564),
(1565, 1567),
(1568, 1570),
(1571, 1573),
(1574, 1576),
(1577, 1579),
(1580, 1582),
(1583, 1585),
(1586, 1588),
(1589, 1591),
(1592, 1594),
(1595, 1597),
(1598, 1600),
(1601, 1603),
(1604, 1606),
(1607, 1609),
(1610, 1612),
(1613, 1615),
(1616, 1618),
(1619, 1621),
(1622, 1624),
(1625, 1627),
(1628, 1630),
(1631, 1633),
(1634, 1636),
(1637, 1639),
(1640, 1642),
(1643, 1645),
(1646, 1648),
(1649, 1651),
(1652, 1654),
(1655, 1657),
(1658, 1660),
(1661, 1663),
(1664, 1666),
(1667, 1669),
(1670, 1672),
(1673, 1675),
(1676, 1678),
(1679, 1681),
(1682, 1684),
(1685, 1687),
(1688, 1690),
(1691, 1693),
(1694, 1696),
(1697, 1699),
(1700, 1702),
(1703, 1705),
(1706, 1708),
(1709, 1711),
(1712, 1714),
(1715, 1717),
(1718, 1720),
(1721, 1723),
(1724, 1726),
(1727, 1729),
(1730, 1732),
(1733, 1735),
(1736, 1738),
(1739, 1741),
(1742, 1744),
(1745, 1747),
(1748, 1750),
(1751, 1753),
(1754, 1756),
(1757, 1759),
(1760, 1762),
(1763, 1765),
(1766, 1768),
(1769, 1771),
(1772, 1774),
(1775, 1777),
(1778, 1780),
(1781, 1783),
(1784, 1786),
(1787, 1789),
(1790, 1792),
(1793, 1795),
(1796, 1798),
(1799, 1801),
(1802, 1804),
(1805, 1807),
(1808, 1810),
(1811, 1813),
(1814, 1816),
(1817, 1819),
(1820, 1822),
(1823, 1825),
(1826, 1828),
(1829, 1831),
(1832, 1834),
(1835, 1837),
(1838, 1840),
(1845, 1847),
(1845, 1849),
(1845, 1850),
(1845, 1851),
(1853, 1855),
(1856, 1858),
(1856, 1859),
(1856, 1860),
(1878, 1880),
(1881, 1883),
(1884, 1886),
(1895, 1897),
(1895, 1899),
(1895, 1900),
(1895, 1901),
(2469, 2471),
(2469, 2473),
(2469, 2475),
(2478, 2479),
(2478, 2481),
(2482, 2483),
(2482, 2485),
(2486, 2487),
(2486, 2489),
(2490, 2491),
(2490, 2493),
(2494, 2495),
(2494, 2497),
(2498, 2499),
(2498, 2501),
(2502, 2503),
(2502, 2505),
(2506, 2507),
(2506, 2509),
(2510, 2511),
(2510, 2513),
(2514, 2515),
(2514, 2517),
(2518, 2519),
(2518, 2521),
(2522, 2523),
(2522, 2525),
(2526, 2527),
(2526, 2529),
(2530, 2531),
(2530, 2533),
(2534, 2535),
(2534, 2537),
(2538, 2539),
(2538, 2541),
(2564, 2566),
(2573, 2575),
(2576, 2577),
(2576, 2579),
(2580, 2581),
(2580, 2583),
(2585, 2586),
(2585, 2588),
(2612, 2614),
(2612, 2616),
(2619, 2620),
(2619, 2622),
(2623, 2624),
(2623, 2626),
(2627, 2628),
(2627, 2630),
(2631, 2632),
(2631, 2634),
(2635, 2636),
(2635, 2638),
(2639, 2640),
(2639, 2642),
(2643, 2644),
(2643, 2646),
(2647, 2648),
(2647, 2650),
(2663, 2665),
(2666, 2668),
(2669, 2671),
(2672, 2674),
(2691, 2693),
(2691, 2695),
(2691, 2697),
(2691, 2699),
(2700, 2701),
(2702, 2704),
(2705, 2707),
(2705, 2709),
(2705, 2711),
(2729, 2731),
(2729, 2733),
(2737, 2738),
(2739, 2740),
(2741, 2743),
(2744, 2746),
(2747, 2749),
(2750, 2751),
(2758, 2760),
(2758, 2761),
(2758, 2762),
(2768, 2770),
(2768, 2772),
(2773, 2774),
(2773, 2776),
(2777, 2778),
(2777, 2780),
(2781, 2782),
(2781, 2784),
(2785, 2786),
(2785, 2788),
(2789, 2790),
(2789, 2792),
(2793, 2794),
(2793, 2796),
(2797, 2798),
(2797, 2800),
(2801, 2802),
(2801, 2804),
(2805, 2806),
(2805, 2808),
(2809, 2810),
(2809, 2812),
(2813, 2814),
(2813, 2816),
(2817, 2818),
(2817, 2820),
(2821, 2822),
(2821, 2824),
(2825, 2826),
(2825, 2828),
(2829, 2830),
(2829, 2832),
(2833, 2834),
(2833, 2836),
(2866, 2867),
(2866, 2869),
(2870, 2871),
(2870, 2873),
(2874, 2875),
(2874, 2877),
(2878, 2879),
(2878, 2881),
(2882, 2883),
(2882, 2885),
(2886, 2887),
(2886, 2889),
(2890, 2891),
(2890, 2893),
(2894, 2895),
(2894, 2897),
(2906, 2908),
(2906, 2910),
(2906, 2911),
(2915, 2917),
(2918, 2919),
(2923, 2925),
(2923, 2927),
(2923, 2929),
(2932, 2934),
(2935, 2937),
(2938, 2940),
(2941, 2943),
(2944, 2946),
(2947, 2949),
(2950, 2952),
(2953, 2955),
(2956, 2958),
(2959, 2961),
(2962, 2964),
(2965, 2967),
(2968, 2970),
(2971, 2973),
(2974, 2976),
(2977, 2979),
(2980, 2982),
(2983, 2985),
(2986, 2988),
(2989, 2991),
(2992, 2994),
(2995, 2997),
(2998, 3000),
(3001, 3003),
(3004, 3006),
(3007, 3009),
(3010, 3012),
(3013, 3015),
(3016, 3018),
(3019, 3021),
(3022, 3024),
(3025, 3027),
(3028, 3030),
(3031, 3033),
(3034, 3036),
(3037, 3039),
(3040, 3042),
(3043, 3045),
(3046, 3048),
(3049, 3051),
(3052, 3054),
(3055, 3057),
(3058, 3060),
(3061, 3063),
(3064, 3066),
(3067, 3069),
(3070, 3072),
(3073, 3075),
(3076, 3078),
(3079, 3081),
(3082, 3084),
(3085, 3087),
(3088, 3090),
(3091, 3093),
(3094, 3096),
(3097, 3099),
(3100, 3102),
(3103, 3105),
(3106, 3108),
(3109, 3111),
(3112, 3114),
(3115, 3117),
(3118, 3120),
(3121, 3123),
(3124, 3126),
(3127, 3129),
(3130, 3132),
(3133, 3135),
(3136, 3138),
(3139, 3141),
(3142, 3144),
(3145, 3147),
(3148, 3150),
(3151, 3153),
(3154, 3156),
(3157, 3159),
(3160, 3162),
(3163, 3165),
(3166, 3168),
(3169, 3171),
(3172, 3174),
(3175, 3177),
(3178, 3180),
(3181, 3183),
(3184, 3186),
(3187, 3189),
(3190, 3192),
(3193, 3195),
(3196, 3198),
(3199, 3201),
(3202, 3204),
(3205, 3207),
(3208, 3210),
(3211, 3213),
(3214, 3216),
(3217, 3219),
(3220, 3222),
(3223, 3225),
(3226, 3228),
(3229, 3231),
(3232, 3234),
(3235, 3237),
(3238, 3240),
(3241, 3243),
(3244, 3246),
(3247, 3249),
(3250, 3252),
(3253, 3255),
(3256, 3258),
(3259, 3261),
(3262, 3264),
(3265, 3267),
(3268, 3270),
(3271, 3273),
(3274, 3276),
(3277, 3279),
(3280, 3282),
(3283, 3285),
(3286, 3288),
(3289, 3291),
(3292, 3294),
(3295, 3297),
(3298, 3300),
(3301, 3303),
(3304, 3306),
(3307, 3309),
(3310, 3312),
(3313, 3315),
(3316, 3318),
(3319, 3321),
(3322, 3324),
(3325, 3327),
(3328, 3330),
(3331, 3333),
(3334, 3336),
(3337, 3339),
(3340, 3342),
(3343, 3345),
(3346, 3348),
(3349, 3351),
(3352, 3354),
(3355, 3357),
(3358, 3360),
(3361, 3363),
(3364, 3366),
(3367, 3369),
(3370, 3372),
(3373, 3375),
(3376, 3378),
(3379, 3381),
(3382, 3384),
(3385, 3387),
(3388, 3390),
(3391, 3393),
(3394, 3396),
(3397, 3399),
(3400, 3402),
(3403, 3405),
(3406, 3408),
(3409, 3411),
(3412, 3414),
(3415, 3417),
(3418, 3420),
(3421, 3423),
(3424, 3426),
(3427, 3429),
(3430, 3432),
(3433, 3435),
(3436, 3438),
(3439, 3441),
(3442, 3444),
(3445, 3447),
(3448, 3450),
(3451, 3453),
(3454, 3456),
(3457, 3459),
(3460, 3462),
(3463, 3465),
(3466, 3468),
(3469, 3471),
(3472, 3474),
(3475, 3477),
(3478, 3480),
(3481, 3483),
(3484, 3486),
(3487, 3489),
(3490, 3492),
(3493, 3495),
(3496, 3498),
(3499, 3501),
(3502, 3504),
(3505, 3507),
(3508, 3510),
(3511, 3513),
(3514, 3516),
(3517, 3519),
(3520, 3522),
(3523, 3525),
(3526, 3528),
(3529, 3531),
(3532, 3534),
(3535, 3537),
(3538, 3540),
(3541, 3543),
(3544, 3546),
(3547, 3549),
(3550, 3552),
(3553, 3555),
(3556, 3558),
(3559, 3561),
(3562, 3564),
(3565, 3567),
(3568, 3570),
(3571, 3573),
(3574, 3576),
(3577, 3579),
(3580, 3582),
(3583, 3585),
(3586, 3588),
(3589, 3591),
(3592, 3594),
(3595, 3597),
(3598, 3600),
(3601, 3603),
(3604, 3606),
(3607, 3609),
(3610, 3612),
(3613, 3615),
(3616, 3618),
(3619, 3621),
(3622, 3624),
(3625, 3627),
(3628, 3630),
(3631, 3633),
(3634, 3636),
(3637, 3639),
(3640, 3642),
(3643, 3645),
(3646, 3648),
(3649, 3651),
(3652, 3654),
(3655, 3657),
(3658, 3660),
(3661, 3663),
(3664, 3666),
(3667, 3669),
(3670, 3672),
(3673, 3675),
(3676, 3678),
(3679, 3681),
(3682, 3684),
(3685, 3687),
(3688, 3690),
(3691, 3693),
(3694, 3696),
(3697, 3699),
(3700, 3702),
(3703, 3705),
(3706, 3708),
(3709, 3711),
(3712, 3714),
(3715, 3717),
(3718, 3720),
(3721, 3723),
(3724, 3726),
(3727, 3729),
(3730, 3732),
(3733, 3735),
(3736, 3738),
(3739, 3741),
(3742, 3744),
(3745, 3747),
(3748, 3750),
(3751, 3753),
(3754, 3756),
(3757, 3759),
(3760, 3762),
(3763, 3765),
(3766, 3768),
(3769, 3771),
(3772, 3774),
(3775, 3777),
(3778, 3780),
(3781, 3783),
(3781, 3785),
(3781, 3786),
(3781, 3787),
(3789, 3791),
(3792, 3794),
(3795, 3797),
(3798, 3800),
(3808, 3809),
(3810, 3811),
(3812, 3813),
(3814, 3815),
(3816, 3817),
(3818, 3819),
(3820, 3821),
(3822, 3823),
(3824, 3825),
(3826, 3827),
(3828, 3829),
(3830, 3831),
(3832, 3833),
(3834, 3835),
(3836, 3837),
(3838, 3839),
(3840, 3841),
(3842, 3843),
(3844, 3845),
(3846, 3847),
(3848, 3849),
(3850, 3851),
(3852, 3853),
(3854, 3855),
(3856, 3857),
(3858, 3859),
(3860, 3861),
(3862, 3863),
(3864, 3865),
(3866, 3867),
(3868, 3869),
(3870, 3871),
(3872, 3873),
(3874, 3875),
(3876, 3877),
(3878, 3879),
(3880, 3881),
(3882, 3883),
(3884, 3885),
(3886, 3887),
(3888, 3889),
(3890, 3891),
(3892, 3893),
(3894, 3895),
(3896, 3897),
(3898, 3899),
(3900, 3901),
(3902, 3903),
(3904, 3905),
(3906, 3907),
(3908, 3909),
(3910, 3911),
(3912, 3913),
(3914, 3915),
(3916, 3917),
(3918, 3919),
(3920, 3921),
(3922, 3923),
(3924, 3925),
(3926, 3927),
(3928, 3929),
(3930, 3931),
(3932, 3933),
(3934, 3935),
(3936, 3937),
(3938, 3939),
(3940, 3941),
(3942, 3943),
(3944, 3945),
(3946, 3947),
(3948, 3949),
(3950, 3951),
(3952, 3953),
(3954, 3955),
(3956, 3957),
(3958, 3959),
(3960, 3961),
(3962, 3963),
(3964, 3965),
(3966, 3967),
(3968, 3969),
(3970, 3971),
(3972, 3973),
(3974, 3975),
(3976, 3977),
(3978, 3979),
(3980, 3981),
(3982, 3983),
(3984, 3985),
(3986, 3987),
(3988, 3989),
(3990, 3991),
(3992, 3993),
(3994, 3995),
(3996, 3997),
(3998, 3999),
(4000, 4001),
(4002, 4003),
(4004, 4005),
(4006, 4007),
(4008, 4009),
(4010, 4011),
(4012, 4013),
(4014, 4015),
(4016, 4017),
(4018, 4019),
(4020, 4021),
(4022, 4023),
(4024, 4025),
(4026, 4027),
(4028, 4029),
(4030, 4031),
(4032, 4033),
(4034, 4035),
(4036, 4037),
(4038, 4039),
(4040, 4041),
(4042, 4043),
(4044, 4045),
(4046, 4047),
(4048, 4049),
(4050, 4051),
(4052, 4053),
(4054, 4055),
(4056, 4057),
(4058, 4059),
(4060, 4061),
(4062, 4063),
(4064, 4065),
(4066, 4067),
(4068, 4069),
(4070, 4071),
(4072, 4073),
(4074, 4075),
(4076, 4077),
(4078, 4079),
(4080, 4081),
(4082, 4083),
(4084, 4085),
(4086, 4087),
(4088, 4089),
(4090, 4091),
(4092, 4093),
(4094, 4095),
(4096, 4097),
(4098, 4099),
(4100, 4101),
(4102, 4103),
(4104, 4105),
(4106, 4107),
(4108, 4109),
(4110, 4111),
(4110, 4112),
(4113, 4114),
(4113, 4115),
(4116, 4117),
(4116, 4118),
(4119, 4120),
(4119, 4121),
(4122, 4123),
(4122, 4124),
(4125, 4126),
(4125, 4127),
(4128, 4129),
(4128, 4130),
(4131, 4132),
(4131, 4133),
(4134, 4135),
(4134, 4136),
(4137, 4138),
(4137, 4139),
(4140, 4141),
(4140, 4142),
(4143, 4144),
(4143, 4145),
(4146, 4147),
(4146, 4148),
(4149, 4150),
(4149, 4151),
(4152, 4153),
(4152, 4154),
(4155, 4156),
(4155, 4157),
(4158, 4159),
(4158, 4160),
(4161, 4162),
(4161, 4163),
(4164, 4165),
(4164, 4166),
(4167, 4168),
(4167, 4169),
(4170, 4171),
(4170, 4172),
(4173, 4174),
(4173, 4175),
(4176, 4177),
(4176, 4178),
(4179, 4180),
(4179, 4181),
(4182, 4183),
(4182, 4184),
(4185, 4186),
(4185, 4187),
(4188, 4189),
(4188, 4190),
(4191, 4192),
(4191, 4193),
(4194, 4195),
(4194, 4196),
(4197, 4198),
(4197, 4199),
(4200, 4201),
(4200, 4202),
(4203, 4204),
(4203, 4205),
(4206, 4207),
(4206, 4208),
(4209, 4210),
(4209, 4211),
(4212, 4213),
(4212, 4214),
(4215, 4216),
(4215, 4217),
(4218, 4219),
(4218, 4220),
(4221, 4222),
(4221, 4223),
(4224, 4225),
(4224, 4226),
(4227, 4228),
(4227, 4229),
(4230, 4231),
(4230, 4232),
(4233, 4234),
(4233, 4235),
(4236, 4237),
(4236, 4238),
(4239, 4240),
(4239, 4241),
(4242, 4243),
(4242, 4244),
(4245, 4246),
(4245, 4247),
(4248, 4249),
(4248, 4250),
(4251, 4252),
(4251, 4253),
(4254, 4255),
(4254, 4256),
(4257, 4258),
(4257, 4259),
(4260, 4261),
(4260, 4262),
(4263, 4264),
(4263, 4265),
(4266, 4267),
(4266, 4268),
(4269, 4270),
(4269, 4271),
(4272, 4273),
(4272, 4274),
(4275, 4276),
(4275, 4277),
(4278, 4279),
(4278, 4280),
(4281, 4282),
(4281, 4283),
(4284, 4285),
(4284, 4286),
(4287, 4288),
(4287, 4289),
(4290, 4291),
(4290, 4292),
(4293, 4294),
(4293, 4295),
(4296, 4297),
(4296, 4298),
(4299, 4300),
(4299, 4301),
(4302, 4303),
(4302, 4304),
(4305, 4306),
(4305, 4307),
(4308, 4309),
(4308, 4310),
(4311, 4312),
(4311, 4313),
(4314, 4315),
(4314, 4316),
(4317, 4318),
(4317, 4319),
(4320, 4321),
(4320, 4322),
(4323, 4324),
(4323, 4325),
(4326, 4327),
(4326, 4328),
(4329, 4330),
(4329, 4331),
(4332, 4333),
(4332, 4334),
(4335, 4336),
(4335, 4337),
(4338, 4339),
(4338, 4340),
(4341, 4342),
(4341, 4343),
(4344, 4345),
(4344, 4346),
(4347, 4348),
(4347, 4349),
(4350, 4351),
(4350, 4352),
(4353, 4354),
(4353, 4355),
(4356, 4357),
(4356, 4358),
(4359, 4360),
(4359, 4361),
(4362, 4363),
(4362, 4364),
(4365, 4366),
(4365, 4367),
(4368, 4369),
(4368, 4370),
(4371, 4372),
(4371, 4373),
(4374, 4375),
(4374, 4376),
(4377, 4378),
(4377, 4379),
(4380, 4381),
(4380, 4382),
(4383, 4384),
(4383, 4385),
(4386, 4387),
(4386, 4388),
(4389, 4390),
(4389, 4391),
(4392, 4393),
(4392, 4394),
(4395, 4396),
(4395, 4397),
(4398, 4399),
(4398, 4400),
(4401, 4402),
(4401, 4403),
(4404, 4405),
(4404, 4406),
(4407, 4408),
(4407, 4409),
(4410, 4411),
(4410, 4412),
(4413, 4414),
(4413, 4415),
(4416, 4417),
(4416, 4418),
(4419, 4420),
(4419, 4421),
(4422, 4423),
(4422, 4424),
(4425, 4426),
(4425, 4427),
(4428, 4429),
(4428, 4430),
(4431, 4432),
(4431, 4433),
(4434, 4435),
(4434, 4436),
(4437, 4438),
(4437, 4439),
(4440, 4441),
(4440, 4442),
(4443, 4444),
(4443, 4445),
(4446, 4447),
(4446, 4448),
(4449, 4450),
(4449, 4451),
(4452, 4453),
(4452, 4454),
(4455, 4456),
(4455, 4457),
(4458, 4459),
(4458, 4460),
(4461, 4462),
(4461, 4463),
(4464, 4465),
(4464, 4466),
(4467, 4468),
(4467, 4469),
(4470, 4471),
(4470, 4472),
(4473, 4474),
(4473, 4475),
(4476, 4477),
(4476, 4478),
(4479, 4480),
(4479, 4481),
(4482, 4483),
(4482, 4484),
(4485, 4486),
(4485, 4487),
(4488, 4489),
(4488, 4490),
(4491, 4492),
(4491, 4493),
(4494, 4495),
(4494, 4496),
(4497, 4498),
(4497, 4499),
(4500, 4501),
(4500, 4502),
(4503, 4504),
(4503, 4505),
(4506, 4507),
(4506, 4508),
(4509, 4510),
(4509, 4511),
(4512, 4513),
(4512, 4514),
(4515, 4516),
(4515, 4517),
(4518, 4519),
(4518, 4520),
(4521, 4522),
(4521, 4523),
(4524, 4525),
(4524, 4526),
(4527, 4528),
(4527, 4529),
(4530, 4531),
(4530, 4532),
(4533, 4534),
(4533, 4535),
(4536, 4537),
(4536, 4538),
(4539, 4540),
(4539, 4541),
(4542, 4543),
(4542, 4544),
(4545, 4546),
(4545, 4547),
(4548, 4549),
(4548, 4550),
(4551, 4552),
(4551, 4553),
(4554, 4555),
(4554, 4556),
(4557, 4558),
(4557, 4559),
(4560, 4561),
(4560, 4562);

--
-- Daten für Tabelle `cost`
--

INSERT INTO `cost` (`id`, `name`) VALUES
(1, '4 KaP (Aktivierung der Liturgie) + 2 KaP pro Minute'),
(2, '8 KaP'),
(3, '16 KaP (Aktivierung) + 8 KaP pro 5 Minuten'),
(4, '4 KaP'),
(5, '2 KaP pro Giftstufe (Kosten nicht modifizierbar)'),
(6, '1 KaP pro LeP, mindestens jedoch 4 KaP (Kosten sind nicht modifizierbar)'),
(7, '4 KaP (Kosten sind nicht modifizierbar)'),
(8, '8 KaP (Kosten sind nicht modifizierbar)'),
(9, '2 KaP pro Krankheitsstufe (Kosten nicht modifizierbar)'),
(10, '8 KaP (Aktivierung der Liturgie) + 4 KaP pro 10 Minuten'),
(11, '2 KaP (Aktivierung) + 1 KaP pro 10 Minuten'),
(12, '16 KaP (Kosten sind nicht modifizierbar)'),
(13, '16 KaP'),
(14, '8 AsP (Kosten sind nicht modifizierbar)'),
(15, '4 AsP'),
(16, '16 AsP'),
(17, '8 AsP'),
(18, '32 AsP'),
(19, '2/4/8/16 AsP für einen Gegenstand von der Größe einer Tasse/Truhe/Tür/Burgtor (Kosten nicht modifizierbar)'),
(20, '4 AsP (Kosten nicht modifizierbar)'),
(21, '4 AsP (Kosten sind nicht modifizierbar)'),
(22, 'abhängig von der Waffe (nicht modifizierbar)'),
(23, '2 AsP'),
(24, '1 AsP'),
(25, '4 AsP (Aktivierung) +2 AsP pro 5 Minuten'),
(26, '1 AsP pro 5 Minuten'),
(27, '2 AsP pro 5 Minuten'),
(28, '4 AsP pro Stunde, 1 permanenter AsP bei der letzten Strophe'),
(29, '4 AsP pro Stunde'),
(30, '14 AsP'),
(31, '21 AsP'),
(32, '7 AsP'),
(33, 'Stufe der Krankheit in AsP'),
(34, '1 AsP + 3 AsP pro übertragenem Punkt'),
(35, '2 AsP + 3 AsP pro entzogenem Punkt'),
(36, '3 AsP'),
(37, '3 AsP, danach 1 bzw. 2 AsP pro Kampfrunde'),
(38, 'keine'),
(39, ' '),
(40, 'alle AsP, mindestens aber 8 AsP'),
(41, '1 AsP pro 10 Minuten'),
(42, '8 AsP pro 5 Minuten'),
(43, '1 AsP pro Kampfrunde'),
(44, '4 AsP pro Minute'),
(45, '2 AsP pro Minute'),
(46, '4 AsP (Aktivierung des Zaubers) + 2 AsP pro 5 Minuten'),
(47, '8 AsP (Aktivierung des Zaubers) + 4 AsP pro Stunde'),
(48, '16 AsP (Kosten sind nicht modifizierbar)'),
(49, '32 AsP (Kosten sind nicht modifizierbar)'),
(50, '4 AsP für RS 1, 8 AsP für RS 2, 16 AsP für RS 3 (Kosten sind nicht modifizierbar)'),
(51, '8 AsP (Aktivierung des Zaubers) + 4 AsP pro 10 Minuten'),
(52, '8 (Aktivierung des Zaubers) + 4 AsP pro 10 Minuten'),
(53, '2 AsP (Kosten nicht modifizierbar)'),
(54, '1 AsP pro LeP, mindestens jedoch 4 AsP (Kosten sind nicht modifizierbar)'),
(55, '8 AsP (Aktivierung des Zaubers), 4 AsP pro 30 Sekunden'),
(56, '8 AsP bzw. 16 AsP für Zauber mit Zielkategorie Zone'),
(57, 'mindestens 4 AsP (Kosten sind nicht modifizierbar)'),
(58, '8 AsP (Aktivierung des Zaubers) + 4 AsP pro 5 Minuten'),
(59, '16 AsP (Aktivierung des Zaubers) + 8 AsP pro 5 Minuten'),
(60, '4 AsP pro Doppelgänger (bei Misslingen entsprechend 2 AsP)'),
(61, '4 AsP (Aktivierung des Zaubers) + 2 AsP pro Kampfrunde'),
(62, '2 AsP (Aktivierung des Zaubers) + 1 AsP pro Stunde'),
(63, '8 AsP (Aktivierung) + 4 AsP pro 5 Minuten'),
(64, 'KL (t) des Tieres in AsP (Kosten nicht modifizierbar)'),
(65, 'mindestens 4 AsP (Aktivierung) + Hälfte der Aktivierungskosten pro 5 Minuten (Kosten sind nicht modifizierbar)'),
(66, '4 AsP (Aktivierung des Zaubers) + 2 AsP pro 10 Minuten'),
(67, '2 AsP (Aktivierung) + 1 AsP pro 10 Minuten'),
(68, '3 AsP pro Giftstufe (Kosten nicht modifizierbar)'),
(69, '8 AsP (Kosten nicht modifizierbar)'),
(70, 'mindestens 4 AsP (Aktivierung) + Hälfte der notwendigen AsP pro 5 Minuten (Kosten sind nicht modifizierbar)'),
(71, '4 AsP (Aktivierung des Zaubers) + 2 AsP pro Minute'),
(72, '8 AsP + 1 AsP pro zusätzlicher Meile'),
(73, '4 AsP (Aktivierung des Zaubers) + 2 AsP pro KR (Kosten nicht modifizierbar)'),
(74, '8 AsP (Aktivierung des Zaubers), 4 AsP pro Minute'),
(75, '4 AsP (Aktivierung des Zaubers), + 2 AsP pro 30 Sekunden'),
(76, '8 AsP + 1 AsP pro Meile (nicht modifizierbar)'),
(77, '8 AsP + 4 pro 5 Kampfrunden'),
(78, '32 KaP (Kosten nicht modifizierbar)'),
(79, '32 KaP'),
(80, '16 KaP, davon 2 permanent (nicht modifizierbar)');

--
-- Daten für Tabelle `dependency`
--

INSERT INTO `dependency` (`id`, `condition_id`, `effect_id`, `rule_id`) VALUES
(1, 1, 1, NULL),
(2, 2, 2, NULL),
(3, 3, 3, NULL),
(4, 4, 4, NULL),
(5, 5, 5, NULL),
(6, 6, 6, NULL),
(7, 7, 7, NULL),
(8, 9, 8, NULL),
(9, 10, 9, NULL),
(10, 11, 10, NULL),
(11, 12, 11, NULL),
(12, 13, 12, NULL),
(13, 15, 13, NULL),
(14, 17, 14, NULL),
(15, 20, 15, NULL),
(16, 22, 16, NULL),
(17, 24, 17, NULL),
(18, 27, 18, NULL),
(19, 31, 19, NULL),
(20, 36, 20, NULL),
(21, 38, 21, NULL),
(22, 40, 22, NULL),
(23, 42, 23, NULL),
(24, 46, 24, NULL),
(25, 50, 25, NULL),
(26, 54, 26, NULL),
(27, 58, 27, NULL),
(28, 60, 28, NULL),
(29, 63, 29, NULL),
(30, 66, 30, NULL),
(31, 68, 31, NULL),
(32, 70, 32, NULL),
(33, 73, 33, NULL),
(34, 75, 34, NULL),
(35, 78, 35, NULL),
(36, 81, 36, NULL),
(37, 84, 37, NULL),
(38, 87, 38, NULL),
(39, 90, 39, NULL),
(40, 92, 40, NULL),
(41, 95, 41, NULL),
(42, 97, 42, NULL),
(43, 98, 43, NULL),
(44, 102, 44, NULL),
(45, 106, 45, NULL),
(46, 110, 46, NULL),
(47, 114, 47, NULL),
(48, 115, 48, NULL),
(49, 117, 49, NULL),
(50, 120, 50, NULL),
(51, 121, 51, NULL),
(52, 125, 52, NULL),
(53, 126, 53, NULL),
(54, 127, 54, NULL),
(55, 128, 55, NULL),
(56, 129, 56, NULL),
(57, 131, 57, NULL),
(58, 132, 58, NULL),
(59, 133, 59, NULL),
(60, 136, 60, NULL),
(61, 138, 61, NULL),
(62, 141, 62, NULL),
(63, 143, 63, NULL),
(64, 145, 64, NULL),
(65, 147, 65, NULL),
(66, 148, 66, NULL),
(67, 151, 67, NULL),
(68, 152, 68, NULL),
(69, 156, 69, NULL),
(70, 162, 70, NULL),
(71, 166, 71, NULL),
(72, 167, 72, NULL),
(73, 168, 73, NULL),
(74, 170, 74, NULL),
(75, 171, 75, NULL),
(76, 180, 76, NULL),
(77, 182, 77, NULL),
(78, 185, 78, NULL),
(79, 186, 79, NULL),
(80, 187, 80, NULL),
(81, 189, 81, NULL),
(82, 191, 82, NULL),
(83, 195, 83, NULL),
(84, 196, 84, NULL),
(85, 197, 85, NULL),
(86, 200, 86, NULL),
(87, 201, 87, NULL),
(88, 202, 88, NULL),
(89, 206, 89, NULL),
(90, 209, 90, NULL),
(91, 211, 91, NULL),
(92, 212, 92, NULL),
(93, 213, 93, NULL),
(94, 214, 94, NULL),
(95, 215, 95, NULL),
(96, 216, 96, NULL),
(97, 217, 97, NULL),
(98, 218, 98, NULL),
(99, 219, 99, NULL),
(100, 220, 100, NULL),
(101, 221, 101, NULL),
(102, 222, 102, NULL),
(103, 223, 103, NULL),
(104, 224, 104, NULL),
(105, 225, 105, NULL),
(106, 226, 106, NULL),
(107, 227, 107, NULL),
(108, 228, 108, NULL),
(109, 229, 109, NULL),
(110, 230, 110, NULL),
(111, 231, 111, NULL),
(112, 232, 112, NULL),
(113, 233, 113, NULL),
(114, 234, 114, NULL),
(115, 235, 115, NULL),
(116, 236, 116, NULL),
(117, 237, 117, NULL),
(118, 238, 118, NULL),
(119, 239, 119, NULL),
(120, 240, 120, NULL),
(121, 241, 121, NULL),
(122, 242, 122, NULL),
(123, 243, 123, NULL),
(124, 244, 124, NULL),
(125, 245, 125, NULL),
(126, 246, 126, NULL),
(127, 247, 127, NULL),
(128, 248, 128, NULL),
(129, 249, 129, NULL),
(130, 250, 130, NULL),
(131, 251, 131, NULL),
(132, 252, 132, NULL),
(133, 253, 133, NULL),
(134, 254, 134, NULL),
(135, 255, 135, NULL),
(136, 256, 136, NULL),
(137, 257, 137, NULL),
(138, 258, 138, NULL),
(139, 259, 139, NULL),
(140, 260, 140, NULL),
(141, 261, 141, NULL),
(142, 262, 142, NULL),
(143, 263, 143, NULL),
(144, 264, 144, NULL),
(145, 265, 145, NULL),
(146, 266, 146, NULL),
(147, 267, 147, NULL),
(148, 268, 148, NULL),
(149, 269, 149, NULL),
(150, 270, 150, NULL),
(151, 271, 151, NULL),
(152, 272, 152, NULL),
(153, 273, 153, NULL),
(154, 274, 154, NULL),
(155, 275, 155, NULL),
(156, 276, 156, NULL),
(157, 277, 157, NULL),
(158, 278, 158, NULL),
(159, 279, 159, NULL),
(160, 280, 160, NULL),
(161, 281, 161, NULL),
(162, 282, 162, NULL),
(163, 283, 163, NULL),
(164, 284, 164, NULL),
(165, 285, 165, NULL),
(166, 286, 166, NULL),
(167, 287, 167, NULL),
(168, 288, 168, NULL),
(169, 289, 169, NULL),
(170, 290, 170, NULL),
(171, 291, 171, NULL),
(172, 292, 172, NULL),
(173, 293, 173, NULL),
(174, 294, 174, NULL),
(175, 295, 175, NULL),
(176, 296, 176, NULL),
(177, 297, 177, NULL),
(178, 298, 178, NULL),
(179, 299, 179, NULL),
(180, 300, 180, NULL),
(181, 301, 181, NULL),
(182, 302, 182, NULL),
(183, 303, 183, NULL),
(184, 304, 184, NULL),
(185, 305, 185, NULL),
(186, 306, 186, NULL),
(187, 307, 187, NULL),
(188, 308, 188, NULL),
(189, 309, 189, NULL),
(190, 310, 190, NULL),
(191, 311, 191, NULL),
(192, 312, 192, NULL),
(193, 313, 193, NULL),
(194, 314, 194, NULL),
(195, 315, 195, NULL),
(196, 316, 196, NULL),
(197, 317, 197, NULL),
(198, 318, 198, NULL),
(199, 319, 199, NULL),
(200, 320, 200, NULL),
(201, 321, 201, NULL),
(202, 322, 202, NULL),
(203, 323, 203, NULL),
(204, 324, 204, NULL),
(205, 325, 205, NULL),
(206, 326, 206, NULL),
(207, 327, 207, NULL),
(208, 328, 208, NULL),
(209, 329, 209, NULL),
(210, 330, 210, NULL),
(211, 331, 211, NULL),
(212, 332, 212, NULL),
(213, 333, 213, NULL),
(214, 334, 214, NULL),
(215, 335, 215, NULL),
(216, 336, 216, NULL),
(217, 337, 217, NULL),
(218, 338, 218, NULL),
(219, 339, 219, NULL),
(220, 340, 220, NULL),
(221, 341, 221, NULL),
(222, 342, 222, NULL),
(223, 343, 223, NULL),
(224, 344, 224, NULL),
(225, 345, 225, NULL),
(226, 346, 226, NULL),
(227, 347, 227, NULL),
(228, 348, 228, NULL),
(229, 349, 229, NULL),
(230, 350, 230, NULL),
(231, 351, 231, NULL),
(232, 352, 232, NULL),
(233, 353, 233, NULL),
(234, 354, 234, NULL),
(235, 355, 235, NULL),
(236, 356, 236, NULL),
(237, 357, 237, NULL),
(238, 358, 238, NULL),
(239, 359, 239, NULL),
(240, 360, 240, NULL),
(241, 361, 241, NULL),
(242, 362, 242, NULL),
(243, 363, 243, NULL),
(244, 364, 244, NULL),
(245, 365, 245, NULL),
(246, 366, 246, NULL),
(247, 367, 247, NULL),
(248, 368, 248, NULL),
(249, 369, 249, NULL),
(250, 370, 250, NULL),
(251, 371, 251, NULL),
(252, 372, 252, NULL),
(253, 373, 253, NULL),
(254, 374, 254, NULL),
(255, 375, 255, NULL),
(256, 376, 256, NULL),
(257, 377, 257, NULL),
(258, 378, 258, NULL),
(259, 379, 259, NULL),
(260, 380, 260, NULL),
(261, 381, 261, NULL),
(262, 382, 262, NULL),
(263, 383, 263, NULL),
(264, 384, 264, NULL),
(265, 385, 265, NULL),
(266, 386, 266, NULL),
(267, 387, 267, NULL),
(268, 388, 268, NULL),
(269, 389, 269, NULL),
(270, 390, 270, NULL),
(271, 391, 271, NULL),
(272, 392, 272, NULL),
(273, 395, 273, NULL),
(274, 397, 274, NULL),
(275, 398, 275, NULL),
(276, 402, 276, NULL),
(277, 404, 277, NULL),
(278, 405, 278, NULL),
(279, 406, 279, NULL),
(280, 410, 280, NULL),
(281, 413, 281, NULL),
(282, 417, 282, NULL),
(283, 418, 283, NULL),
(284, 419, 284, NULL),
(285, 423, 285, NULL),
(286, 427, 286, NULL),
(287, 428, 287, NULL),
(288, 431, 288, NULL),
(289, 434, 289, NULL),
(290, 435, 290, NULL),
(291, 436, 291, NULL),
(292, 437, 292, NULL),
(293, 439, 293, NULL),
(294, 442, 294, NULL),
(295, 446, 295, NULL),
(296, 450, 296, NULL),
(297, 452, 297, NULL),
(298, 456, 298, NULL),
(299, 457, 299, NULL),
(300, 460, 300, NULL),
(301, 461, 301, NULL),
(302, 462, 302, NULL),
(303, 463, 303, NULL),
(304, 466, 304, NULL),
(305, 467, 305, NULL),
(306, 470, 306, NULL),
(307, 473, 307, NULL),
(308, 476, 308, NULL),
(309, 481, 309, NULL),
(310, 484, 310, NULL),
(311, 486, 311, NULL),
(312, 487, 312, NULL),
(313, 492, 313, NULL),
(314, 495, 314, NULL),
(315, 498, 315, NULL),
(316, 502, 316, NULL),
(317, 503, 317, NULL),
(318, 504, 318, NULL),
(319, 505, 319, NULL),
(320, 506, 320, NULL),
(321, 507, 321, NULL),
(322, 508, 322, NULL),
(323, 509, 323, NULL),
(324, 512, 324, NULL),
(325, 513, 325, NULL),
(326, 514, 326, NULL),
(327, 515, 327, NULL),
(328, 518, 328, NULL),
(329, 519, 329, NULL),
(330, 523, 330, NULL),
(331, 525, 331, NULL),
(332, 526, 332, NULL),
(333, 528, 333, NULL),
(334, 531, 334, NULL),
(335, 534, 335, NULL),
(336, 537, 336, NULL),
(337, 538, 337, NULL),
(338, 541, 338, NULL),
(339, 544, 339, NULL),
(340, 545, 340, NULL),
(341, 546, 341, NULL),
(342, 547, 342, NULL),
(343, 548, 343, NULL),
(344, 551, 344, NULL),
(345, 553, 345, NULL),
(346, 555, 346, NULL),
(347, 557, 347, NULL),
(348, 560, 348, NULL),
(349, 562, 349, NULL),
(350, 564, 350, NULL),
(351, 567, 351, NULL),
(352, 569, 352, NULL),
(353, 571, 353, NULL),
(354, 573, 354, NULL),
(355, 575, 355, NULL),
(356, 577, 356, NULL),
(357, 579, 357, NULL),
(358, 582, 358, NULL),
(359, 584, 359, NULL),
(360, 586, 360, NULL),
(361, 588, 361, NULL),
(362, 590, 362, NULL),
(363, 592, 363, NULL),
(364, 593, 364, NULL),
(365, 597, 365, NULL),
(366, 601, 366, NULL),
(367, 605, 367, NULL),
(368, 606, 368, NULL),
(369, 610, 369, NULL),
(370, 614, 370, NULL),
(371, 618, 371, NULL),
(372, 622, 372, NULL),
(373, 626, 373, NULL),
(374, 630, 374, NULL),
(375, 634, 375, NULL),
(376, 637, 376, NULL),
(377, 638, 377, NULL),
(378, 639, 378, NULL),
(379, 640, 379, NULL),
(380, 641, 380, NULL),
(381, 647, 381, NULL),
(382, 653, 382, NULL),
(383, 659, 383, NULL),
(384, 662, 384, NULL),
(385, 663, 385, NULL),
(386, 667, 386, NULL),
(387, 671, 387, NULL),
(388, 675, 388, NULL),
(389, 676, 389, NULL),
(390, 677, 390, NULL),
(391, 678, 391, NULL),
(392, 684, 392, NULL),
(393, 690, 393, NULL),
(394, 696, 394, NULL),
(395, 702, 395, NULL),
(396, 703, 396, NULL),
(397, 704, 397, NULL),
(398, 708, 398, NULL),
(399, 709, 399, NULL),
(400, 710, 400, NULL),
(401, 716, 401, NULL),
(402, 722, 402, NULL),
(403, 728, 403, NULL),
(404, 734, 404, NULL),
(405, 735, 405, NULL),
(406, 736, 406, NULL),
(407, 737, 407, NULL),
(408, 738, 408, NULL),
(409, 741, 409, NULL),
(410, 742, 410, NULL),
(411, 745, 411, NULL),
(412, 746, 412, NULL),
(413, 747, 413, NULL),
(414, 751, 414, NULL),
(415, 755, 415, NULL),
(416, 759, 416, NULL),
(417, 763, 417, NULL),
(418, 769, 418, NULL),
(419, 775, 419, NULL),
(420, 781, 420, NULL),
(421, 787, 421, NULL),
(422, 788, 422, NULL),
(423, 792, 423, NULL),
(424, 796, 424, NULL),
(425, 800, 425, NULL),
(426, 806, 426, NULL),
(427, 812, 427, NULL),
(428, 818, 428, NULL),
(429, 821, 429, NULL),
(430, 822, 430, NULL),
(431, 823, 431, NULL),
(432, 826, 432, NULL),
(433, 830, 433, NULL),
(434, 834, 434, NULL),
(435, 838, 435, NULL),
(436, 842, 436, NULL),
(437, 846, 437, NULL),
(438, 852, 438, NULL),
(439, 858, 439, NULL),
(440, 864, 440, NULL),
(441, 870, 441, NULL),
(442, 871, 442, NULL),
(443, 872, 443, NULL),
(444, 873, 444, NULL),
(445, 874, 445, NULL),
(446, 880, 446, NULL),
(447, 886, 447, NULL),
(448, 892, 448, NULL),
(449, 898, 449, NULL),
(450, 901, 450, NULL),
(451, 902, 451, NULL),
(452, 903, 452, NULL),
(453, 904, 453, NULL),
(454, 905, 454, NULL),
(455, 906, 455, NULL),
(456, 909, 456, NULL),
(457, 910, 457, NULL),
(458, 912, 458, NULL),
(459, 915, 459, NULL),
(460, 918, 460, NULL),
(461, 919, 461, NULL),
(462, 920, 462, NULL),
(463, 921, 463, NULL),
(464, 922, 464, NULL),
(465, 923, 465, NULL),
(466, 924, 466, NULL),
(467, 925, 467, NULL),
(468, 926, 468, NULL),
(469, 930, 469, NULL),
(470, 933, 470, NULL),
(471, 934, 471, NULL),
(472, 935, 472, NULL),
(473, 936, 473, NULL),
(474, 939, 474, NULL),
(475, 942, 475, NULL),
(476, 943, 476, NULL),
(477, 946, 477, NULL),
(478, 947, 478, NULL),
(479, 948, 479, NULL),
(480, 949, 480, NULL),
(481, 952, 481, NULL),
(482, 953, 482, NULL),
(483, 954, 483, NULL),
(484, 955, 484, NULL),
(485, 956, 485, NULL),
(486, 958, 486, NULL),
(487, 959, 487, NULL),
(488, 960, 488, NULL),
(489, 961, 489, NULL),
(490, 962, 490, NULL),
(491, 963, 491, NULL),
(492, 964, 492, NULL),
(493, 965, 493, NULL),
(494, 966, 494, NULL),
(495, 967, 495, NULL),
(496, 968, 496, NULL),
(497, 969, 497, NULL),
(498, 970, 498, NULL),
(499, 971, 499, NULL),
(500, 972, 500, NULL),
(501, 973, 501, NULL),
(502, 974, 502, NULL),
(503, 975, 503, NULL),
(504, 979, 504, NULL),
(505, 983, 505, NULL),
(506, 991, 506, NULL),
(507, 992, 507, NULL),
(508, 995, 508, NULL),
(509, 998, 509, NULL),
(510, 1001, 510, NULL),
(511, 1004, 511, NULL),
(512, 1007, 512, NULL),
(513, 1010, 513, NULL),
(514, 1013, 514, NULL),
(515, 1016, 515, NULL),
(516, 1019, 516, NULL),
(517, 1022, 517, NULL),
(518, 1025, 518, NULL),
(519, 1028, 519, NULL),
(520, 1031, 520, NULL),
(521, 1034, 521, NULL),
(522, 1037, 522, NULL),
(523, 1040, 523, NULL),
(524, 1043, 524, NULL),
(525, 1046, 525, NULL),
(526, 1049, 526, NULL),
(527, 1052, 527, NULL),
(528, 1055, 528, NULL),
(529, 1058, 529, NULL),
(530, 1061, 530, NULL),
(531, 1064, 531, NULL),
(532, 1067, 532, NULL),
(533, 1070, 533, NULL),
(534, 1073, 534, NULL),
(535, 1076, 535, NULL),
(536, 1079, 536, NULL),
(537, 1082, 537, NULL),
(538, 1085, 538, NULL),
(539, 1088, 539, NULL),
(540, 1091, 540, NULL),
(541, 1094, 541, NULL),
(542, 1097, 542, NULL),
(543, 1100, 543, NULL),
(544, 1103, 544, NULL),
(545, 1106, 545, NULL),
(546, 1109, 546, NULL),
(547, 1112, 547, NULL),
(548, 1115, 548, NULL),
(549, 1118, 549, NULL),
(550, 1121, 550, NULL),
(551, 1124, 551, NULL),
(552, 1127, 552, NULL),
(553, 1130, 553, NULL),
(554, 1133, 554, NULL),
(555, 1136, 555, NULL),
(556, 1139, 556, NULL),
(557, 1142, 557, NULL),
(558, 1145, 558, NULL),
(559, 1148, 559, NULL),
(560, 1151, 560, NULL),
(561, 1154, 561, NULL),
(562, 1157, 562, NULL),
(563, 1160, 563, NULL),
(564, 1163, 564, NULL),
(565, 1166, 565, NULL),
(566, 1169, 566, NULL),
(567, 1172, 567, NULL),
(568, 1175, 568, NULL),
(569, 1178, 569, NULL),
(570, 1181, 570, NULL),
(571, 1184, 571, NULL),
(572, 1187, 572, NULL),
(573, 1190, 573, NULL),
(574, 1193, 574, NULL),
(575, 1196, 575, NULL),
(576, 1199, 576, NULL),
(577, 1202, 577, NULL),
(578, 1205, 578, NULL),
(579, 1208, 579, NULL),
(580, 1211, 580, NULL),
(581, 1214, 581, NULL),
(582, 1217, 582, NULL),
(583, 1220, 583, NULL),
(584, 1223, 584, NULL),
(585, 1226, 585, NULL),
(586, 1229, 586, NULL),
(587, 1232, 587, NULL),
(588, 1235, 588, NULL),
(589, 1238, 589, NULL),
(590, 1241, 590, NULL),
(591, 1244, 591, NULL),
(592, 1247, 592, NULL),
(593, 1250, 593, NULL),
(594, 1253, 594, NULL),
(595, 1256, 595, NULL),
(596, 1259, 596, NULL),
(597, 1262, 597, NULL),
(598, 1265, 598, NULL),
(599, 1268, 599, NULL),
(600, 1271, 600, NULL),
(601, 1274, 601, NULL),
(602, 1277, 602, NULL),
(603, 1280, 603, NULL),
(604, 1283, 604, NULL),
(605, 1286, 605, NULL),
(606, 1289, 606, NULL),
(607, 1292, 607, NULL),
(608, 1295, 608, NULL),
(609, 1298, 609, NULL),
(610, 1301, 610, NULL),
(611, 1304, 611, NULL),
(612, 1307, 612, NULL),
(613, 1310, 613, NULL),
(614, 1313, 614, NULL),
(615, 1316, 615, NULL),
(616, 1319, 616, NULL),
(617, 1322, 617, NULL),
(618, 1325, 618, NULL),
(619, 1328, 619, NULL),
(620, 1331, 620, NULL),
(621, 1334, 621, NULL),
(622, 1337, 622, NULL),
(623, 1340, 623, NULL),
(624, 1343, 624, NULL),
(625, 1346, 625, NULL),
(626, 1349, 626, NULL),
(627, 1352, 627, NULL),
(628, 1355, 628, NULL),
(629, 1358, 629, NULL),
(630, 1361, 630, NULL),
(631, 1364, 631, NULL),
(632, 1367, 632, NULL),
(633, 1370, 633, NULL),
(634, 1373, 634, NULL),
(635, 1376, 635, NULL),
(636, 1379, 636, NULL),
(637, 1382, 637, NULL),
(638, 1385, 638, NULL),
(639, 1388, 639, NULL),
(640, 1391, 640, NULL),
(641, 1394, 641, NULL),
(642, 1397, 642, NULL),
(643, 1400, 643, NULL),
(644, 1403, 644, NULL),
(645, 1406, 645, NULL),
(646, 1409, 646, NULL),
(647, 1412, 647, NULL),
(648, 1415, 648, NULL),
(649, 1418, 649, NULL),
(650, 1421, 650, NULL),
(651, 1424, 651, NULL),
(652, 1427, 652, NULL),
(653, 1430, 653, NULL),
(654, 1433, 654, NULL),
(655, 1436, 655, NULL),
(656, 1439, 656, NULL),
(657, 1442, 657, NULL),
(658, 1445, 658, NULL),
(659, 1448, 659, NULL),
(660, 1451, 660, NULL),
(661, 1454, 661, NULL),
(662, 1457, 662, NULL),
(663, 1460, 663, NULL),
(664, 1463, 664, NULL),
(665, 1466, 665, NULL),
(666, 1469, 666, NULL),
(667, 1472, 667, NULL),
(668, 1475, 668, NULL),
(669, 1478, 669, NULL),
(670, 1481, 670, NULL),
(671, 1484, 671, NULL),
(672, 1487, 672, NULL),
(673, 1490, 673, NULL),
(674, 1493, 674, NULL),
(675, 1496, 675, NULL),
(676, 1499, 676, NULL),
(677, 1502, 677, NULL),
(678, 1505, 678, NULL),
(679, 1508, 679, NULL),
(680, 1511, 680, NULL),
(681, 1514, 681, NULL),
(682, 1517, 682, NULL),
(683, 1520, 683, NULL),
(684, 1523, 684, NULL),
(685, 1526, 685, NULL),
(686, 1529, 686, NULL),
(687, 1532, 687, NULL),
(688, 1535, 688, NULL),
(689, 1538, 689, NULL),
(690, 1541, 690, NULL),
(691, 1544, 691, NULL),
(692, 1547, 692, NULL),
(693, 1550, 693, NULL),
(694, 1553, 694, NULL),
(695, 1556, 695, NULL),
(696, 1559, 696, NULL),
(697, 1562, 697, NULL),
(698, 1565, 698, NULL),
(699, 1568, 699, NULL),
(700, 1571, 700, NULL),
(701, 1574, 701, NULL),
(702, 1577, 702, NULL),
(703, 1580, 703, NULL),
(704, 1583, 704, NULL),
(705, 1586, 705, NULL),
(706, 1589, 706, NULL),
(707, 1592, 707, NULL),
(708, 1595, 708, NULL),
(709, 1598, 709, NULL),
(710, 1601, 710, NULL),
(711, 1604, 711, NULL),
(712, 1607, 712, NULL),
(713, 1610, 713, NULL),
(714, 1613, 714, NULL),
(715, 1616, 715, NULL),
(716, 1619, 716, NULL),
(717, 1622, 717, NULL),
(718, 1625, 718, NULL),
(719, 1628, 719, NULL),
(720, 1631, 720, NULL),
(721, 1634, 721, NULL),
(722, 1637, 722, NULL),
(723, 1640, 723, NULL),
(724, 1643, 724, NULL),
(725, 1646, 725, NULL),
(726, 1649, 726, NULL),
(727, 1652, 727, NULL),
(728, 1655, 728, NULL),
(729, 1658, 729, NULL),
(730, 1661, 730, NULL),
(731, 1664, 731, NULL),
(732, 1667, 732, NULL),
(733, 1670, 733, NULL),
(734, 1673, 734, NULL),
(735, 1676, 735, NULL),
(736, 1679, 736, NULL),
(737, 1682, 737, NULL),
(738, 1685, 738, NULL),
(739, 1688, 739, NULL),
(740, 1691, 740, NULL),
(741, 1694, 741, NULL),
(742, 1697, 742, NULL),
(743, 1700, 743, NULL),
(744, 1703, 744, NULL),
(745, 1706, 745, NULL),
(746, 1709, 746, NULL),
(747, 1712, 747, NULL),
(748, 1715, 748, NULL),
(749, 1718, 749, NULL),
(750, 1721, 750, NULL),
(751, 1724, 751, NULL),
(752, 1727, 752, NULL),
(753, 1730, 753, NULL),
(754, 1733, 754, NULL),
(755, 1736, 755, NULL),
(756, 1739, 756, NULL),
(757, 1742, 757, NULL),
(758, 1745, 758, NULL),
(759, 1748, 759, NULL),
(760, 1751, 760, NULL),
(761, 1754, 761, NULL),
(762, 1757, 762, NULL),
(763, 1760, 763, NULL),
(764, 1763, 764, NULL),
(765, 1766, 765, NULL),
(766, 1769, 766, NULL),
(767, 1772, 767, NULL),
(768, 1775, 768, NULL),
(769, 1778, 769, NULL),
(770, 1781, 770, NULL),
(771, 1784, 771, NULL),
(772, 1787, 772, NULL),
(773, 1790, 773, NULL),
(774, 1793, 774, NULL),
(775, 1796, 775, NULL),
(776, 1799, 776, NULL),
(777, 1802, 777, NULL),
(778, 1805, 778, NULL),
(779, 1808, 779, NULL),
(780, 1811, 780, NULL),
(781, 1814, 781, NULL),
(782, 1817, 782, NULL),
(783, 1820, 783, NULL),
(784, 1823, 784, NULL),
(785, 1826, 785, NULL),
(786, 1829, 786, NULL),
(787, 1832, 787, NULL),
(788, 1835, 788, NULL),
(789, 1838, 789, NULL),
(790, 1841, 790, NULL),
(791, 1842, 791, NULL),
(792, 1843, 792, NULL),
(793, 1844, 793, NULL),
(794, 1852, 794, NULL),
(795, 1853, 795, NULL),
(796, 1861, 796, NULL),
(797, 1863, 797, NULL),
(798, 1865, 798, NULL),
(799, 1867, 799, NULL),
(800, 1869, 800, NULL),
(801, 1871, 801, NULL),
(802, 1873, 802, NULL),
(803, 1875, 803, NULL),
(804, 1877, 804, NULL),
(805, 1878, 805, NULL),
(806, 1881, 806, NULL),
(807, 1884, 807, NULL),
(808, 1888, 808, NULL),
(809, 1890, 809, NULL),
(810, 1892, 810, NULL),
(811, 1894, 811, NULL),
(812, 1902, 812, NULL),
(813, 1904, 813, NULL),
(814, 1906, 814, NULL),
(815, 1908, 815, NULL),
(816, 1910, 816, NULL),
(817, 1912, 817, NULL),
(818, 1914, 818, NULL),
(819, 1916, 819, NULL),
(820, 1918, 820, NULL),
(821, 1920, 821, NULL),
(822, 1922, 822, NULL),
(823, 1924, 823, NULL),
(824, 1926, 824, NULL),
(825, 1928, 825, NULL),
(826, 1930, 826, NULL),
(827, 1932, 827, NULL),
(828, 1934, 828, NULL),
(829, 1936, 829, NULL),
(830, 1938, 830, NULL),
(831, 1940, 831, NULL),
(832, 1942, 832, NULL),
(833, 1944, 833, NULL),
(834, 1946, 834, NULL),
(835, 1948, 835, NULL),
(836, 1950, 836, NULL),
(837, 1952, 837, NULL),
(838, 1954, 838, NULL),
(839, 1956, 839, NULL),
(840, 1958, 840, NULL),
(841, 1960, 841, NULL),
(842, 1962, 842, NULL),
(843, 1964, 843, NULL),
(844, 1966, 844, NULL),
(845, 1968, 845, NULL),
(846, 1970, 846, NULL),
(847, 1972, 847, NULL),
(848, 1974, 848, NULL),
(849, 1976, 849, NULL),
(850, 1978, 850, NULL),
(851, 1980, 851, NULL),
(852, 1982, 852, NULL),
(853, 1984, 853, NULL),
(854, 1986, 854, NULL),
(855, 1988, 855, NULL),
(856, 1990, 856, NULL),
(857, 1992, 857, NULL),
(858, 1994, 858, NULL),
(859, 1996, 859, NULL),
(860, 1998, 860, NULL),
(861, 2000, 861, NULL),
(862, 2002, 862, NULL),
(863, 2004, 863, NULL),
(864, 2006, 864, NULL),
(865, 2008, 865, NULL),
(866, 2010, 866, NULL),
(867, 2012, 867, NULL),
(868, 2014, 868, NULL),
(869, 2016, 869, NULL),
(870, 2018, 870, NULL),
(871, 2020, 871, NULL),
(872, 2022, 872, NULL),
(873, 2024, 873, NULL),
(874, 2026, 874, NULL),
(875, 2028, 875, NULL),
(876, 2030, 876, NULL),
(877, 2032, 877, NULL),
(878, 2034, 878, NULL),
(879, 2036, 879, NULL),
(880, 2038, 880, NULL),
(881, 2040, 881, NULL),
(882, 2042, 882, NULL),
(883, 2044, 883, NULL),
(884, 2046, 884, NULL),
(885, 2048, 885, NULL),
(886, 2050, 886, NULL),
(887, 2052, 887, NULL),
(888, 2054, 888, NULL),
(889, 2056, 889, NULL),
(890, 2058, 890, NULL),
(891, 2060, 891, NULL),
(892, 2062, 892, NULL),
(893, 2064, 893, NULL),
(894, 2066, 894, NULL),
(895, 2068, 895, NULL),
(896, 2070, 896, NULL),
(897, 2072, 897, NULL),
(898, 2074, 898, NULL),
(899, 2076, 899, NULL),
(900, 2078, 900, NULL),
(901, 2080, 901, NULL),
(902, 2082, 902, NULL),
(903, 2084, 903, NULL),
(904, 2086, 904, NULL),
(905, 2088, 905, NULL),
(906, 2090, 906, NULL),
(907, 2092, 907, NULL),
(908, 2094, 908, NULL),
(909, 2096, 909, NULL),
(910, 2098, 910, NULL),
(911, 2100, 911, NULL),
(912, 2102, 912, NULL),
(913, 2104, 913, NULL),
(914, 2106, 914, NULL),
(915, 2108, 915, NULL),
(916, 2110, 916, NULL),
(917, 2112, 917, NULL),
(918, 2114, 918, NULL),
(919, 2116, 919, NULL),
(920, 2118, 920, NULL),
(921, 2120, 921, NULL),
(922, 2122, 922, NULL),
(923, 2124, 923, NULL),
(924, 2126, 924, NULL),
(925, 2128, 925, NULL),
(926, 2130, 926, NULL),
(927, 2132, 927, NULL),
(928, 2134, 928, NULL),
(929, 2136, 929, NULL),
(930, 2138, 930, NULL),
(931, 2140, 931, NULL),
(932, 2142, 932, NULL),
(933, 2144, 933, NULL),
(934, 2146, 934, NULL),
(935, 2148, 935, NULL),
(936, 2150, 936, NULL),
(937, 2152, 937, NULL),
(938, 2154, 938, NULL),
(939, 2156, 939, NULL),
(940, 2158, 940, NULL),
(941, 2160, 941, NULL),
(942, 2162, 942, NULL),
(943, 2164, 943, NULL),
(944, 2166, 944, NULL),
(945, 2168, 945, NULL),
(946, 2170, 946, NULL),
(947, 2172, 947, NULL),
(948, 2174, 948, NULL),
(949, 2176, 949, NULL),
(950, 2178, 950, NULL),
(951, 2180, 951, NULL),
(952, 2182, 952, NULL),
(953, 2184, 953, NULL),
(954, 2186, 954, NULL),
(955, 2188, 955, NULL),
(956, 2190, 956, NULL),
(957, 2192, 957, NULL),
(958, 2194, 958, NULL),
(959, 2196, 959, NULL),
(960, 2198, 960, NULL),
(961, 2200, 961, NULL),
(962, 2202, 962, NULL),
(963, 2204, 963, NULL),
(964, 2206, 964, NULL),
(965, 2208, 965, NULL),
(966, 2210, 966, NULL),
(967, 2212, 967, NULL),
(968, 2214, 968, NULL),
(969, 2216, 969, NULL),
(970, 2218, 970, NULL),
(971, 2220, 971, NULL),
(972, 2222, 972, NULL),
(973, 2224, 973, NULL),
(974, 2226, 974, NULL),
(975, 2228, 975, NULL),
(976, 2230, 976, NULL),
(977, 2232, 977, NULL),
(978, 2234, 978, NULL),
(979, 2236, 979, NULL),
(980, 2238, 980, NULL),
(981, 2240, 981, NULL),
(982, 2242, 982, NULL),
(983, 2244, 983, NULL),
(984, 2246, 984, NULL),
(985, 2248, 985, NULL),
(986, 2250, 986, NULL),
(987, 2252, 987, NULL),
(988, 2254, 988, NULL),
(989, 2256, 989, NULL),
(990, 2258, 990, NULL),
(991, 2260, 991, NULL),
(992, 2262, 992, NULL),
(993, 2264, 993, NULL),
(994, 2266, 994, NULL),
(995, 2268, 995, NULL),
(996, 2270, 996, NULL),
(997, 2272, 997, NULL),
(998, 2274, 998, NULL),
(999, 2276, 999, NULL),
(1000, 2278, 1000, NULL),
(1001, 2280, 1001, NULL),
(1002, 2282, 1002, NULL),
(1003, 2284, 1003, NULL),
(1004, 2286, 1004, NULL),
(1005, 2288, 1005, NULL),
(1006, 2290, 1006, NULL),
(1007, 2292, 1007, NULL),
(1008, 2294, 1008, NULL),
(1009, 2296, 1009, NULL),
(1010, 2298, 1010, NULL),
(1011, 2300, 1011, NULL),
(1012, 2302, 1012, NULL),
(1013, 2304, 1013, NULL),
(1014, 2306, 1014, NULL),
(1015, 2308, 1015, NULL),
(1016, 2310, 1016, NULL),
(1017, 2312, 1017, NULL),
(1018, 2314, 1018, NULL),
(1019, 2316, 1019, NULL),
(1020, 2318, 1020, NULL),
(1021, 2320, 1021, NULL),
(1022, 2322, 1022, NULL),
(1023, 2324, 1023, NULL),
(1024, 2326, 1024, NULL),
(1025, 2328, 1025, NULL),
(1026, 2330, 1026, NULL),
(1027, 2332, 1027, NULL),
(1028, 2334, 1028, NULL),
(1029, 2336, 1029, NULL),
(1030, 2338, 1030, NULL),
(1031, 2340, 1031, NULL),
(1032, 2342, 1032, NULL),
(1033, 2344, 1033, NULL),
(1034, 2346, 1034, NULL),
(1035, 2348, 1035, NULL),
(1036, 2350, 1036, NULL),
(1037, 2352, 1037, NULL),
(1038, 2354, 1038, NULL),
(1039, 2356, 1039, NULL),
(1040, 2358, 1040, NULL),
(1041, 2360, 1041, NULL),
(1042, 2362, 1042, NULL),
(1043, 2364, 1043, NULL),
(1044, 2366, 1044, NULL),
(1045, 2368, 1045, NULL),
(1046, 2370, 1046, NULL),
(1047, 2372, 1047, NULL),
(1048, 2374, 1048, NULL),
(1049, 2376, 1049, NULL),
(1050, 2378, 1050, NULL),
(1051, 2380, 1051, NULL),
(1052, 2382, 1052, NULL),
(1053, 2384, 1053, NULL),
(1054, 2386, 1054, NULL),
(1055, 2388, 1055, NULL),
(1056, 2390, 1056, NULL),
(1057, 2392, 1057, NULL),
(1058, 2394, 1058, NULL),
(1059, 2396, 1059, NULL),
(1060, 2398, 1060, NULL),
(1061, 2400, 1061, NULL),
(1062, 2402, 1062, NULL),
(1063, 2404, 1063, NULL),
(1064, 2406, 1064, NULL),
(1065, 2408, 1065, NULL),
(1066, 2410, 1066, NULL),
(1067, 2412, 1067, NULL),
(1068, 2414, 1068, NULL),
(1069, 2416, 1069, NULL),
(1070, 2418, 1070, NULL),
(1071, 2420, 1071, NULL),
(1072, 2422, 1072, NULL),
(1073, 2424, 1073, NULL),
(1074, 2426, 1074, NULL),
(1075, 2428, 1075, NULL),
(1076, 2430, 1076, NULL),
(1077, 2432, 1077, NULL),
(1078, 2434, 1078, NULL),
(1079, 2436, 1079, NULL),
(1080, 2438, 1080, NULL),
(1081, 2440, 1081, NULL),
(1082, 2442, 1082, NULL),
(1083, 2444, 1083, NULL),
(1084, 2446, 1084, NULL),
(1085, 2448, 1085, NULL),
(1086, 2450, 1086, NULL),
(1087, 2452, 1087, NULL),
(1088, 2454, 1088, NULL),
(1089, 2456, 1089, NULL),
(1090, 2458, 1090, NULL),
(1091, 2460, 1091, NULL),
(1092, 2462, 1092, NULL),
(1093, 2464, 1093, NULL),
(1094, 2466, 1094, NULL),
(1095, 2468, 1095, NULL),
(1096, 2469, 1096, NULL),
(1097, 2477, 1097, NULL),
(1098, 2478, 1098, NULL),
(1099, 2482, 1099, NULL),
(1100, 2486, 1100, NULL),
(1101, 2490, 1101, NULL),
(1102, 2494, 1102, NULL),
(1103, 2498, 1103, NULL),
(1104, 2502, 1104, NULL),
(1105, 2506, 1105, NULL),
(1106, 2510, 1106, NULL),
(1107, 2514, 1107, NULL),
(1108, 2518, 1108, NULL),
(1109, 2522, 1109, NULL),
(1110, 2526, 1110, NULL),
(1111, 2530, 1111, NULL),
(1112, 2534, 1112, NULL),
(1113, 2538, 1113, NULL),
(1114, 2543, 1114, NULL),
(1115, 2545, 1115, NULL),
(1116, 2547, 1116, NULL),
(1117, 2549, 1117, NULL),
(1118, 2551, 1118, NULL),
(1119, 2553, 1119, NULL),
(1120, 2555, 1120, NULL),
(1121, 2557, 1121, NULL),
(1122, 2559, 1122, NULL),
(1123, 2561, 1123, NULL),
(1124, 2563, 1124, NULL),
(1125, 2564, 1125, NULL),
(1126, 2568, 1126, NULL),
(1127, 2570, 1127, NULL),
(1128, 2572, 1128, NULL),
(1129, 2573, 1129, NULL),
(1130, 2576, 1130, NULL),
(1131, 2580, 1131, NULL),
(1132, 2584, 1132, NULL),
(1133, 2585, 1133, NULL),
(1134, 2590, 1134, NULL),
(1135, 2592, 1135, NULL),
(1136, 2594, 1136, NULL),
(1137, 2596, 1137, NULL),
(1138, 2598, 1138, NULL),
(1139, 2600, 1139, NULL),
(1140, 2602, 1140, NULL),
(1141, 2604, 1141, NULL),
(1142, 2606, 1142, NULL),
(1143, 2608, 1143, NULL),
(1144, 2610, 1144, NULL),
(1145, 2611, 1145, NULL),
(1146, 2612, 1146, NULL),
(1147, 2618, 1147, NULL),
(1148, 2619, 1148, NULL),
(1149, 2623, 1149, NULL),
(1150, 2627, 1150, NULL),
(1151, 2631, 1151, NULL),
(1152, 2635, 1152, NULL),
(1153, 2639, 1153, NULL),
(1154, 2643, 1154, NULL),
(1155, 2647, 1155, NULL),
(1156, 2652, 1156, NULL),
(1157, 2654, 1157, NULL),
(1158, 2656, 1158, NULL),
(1159, 2658, 1159, NULL),
(1160, 2659, 1160, NULL),
(1161, 2661, 1161, NULL),
(1162, 2662, 1162, NULL),
(1163, 2663, 1163, NULL),
(1164, 2666, 1164, NULL),
(1165, 2669, 1165, NULL),
(1166, 2672, 1166, NULL),
(1167, 2676, 1167, NULL),
(1168, 2678, 1168, NULL),
(1169, 2679, 1169, NULL),
(1170, 2681, 1170, NULL),
(1171, 2683, 1171, NULL),
(1172, 2685, 1172, NULL),
(1173, 2687, 1173, NULL),
(1174, 2688, 1174, NULL),
(1175, 2690, 1175, NULL),
(1176, 2691, 1176, NULL),
(1177, 2700, 1177, NULL),
(1178, 2702, 1178, NULL),
(1179, 2705, 1179, NULL),
(1180, 2713, 1180, NULL),
(1181, 2714, 1181, NULL),
(1182, 2716, 1182, NULL),
(1183, 2718, 1183, NULL),
(1184, 2720, 1184, NULL),
(1185, 2722, 1185, NULL),
(1186, 2724, 1186, NULL),
(1187, 2726, 1187, NULL),
(1188, 2728, 1188, NULL),
(1189, 2729, 1189, NULL),
(1190, 2734, 1190, NULL),
(1191, 2736, 1191, NULL),
(1192, 2737, 1192, NULL),
(1193, 2739, 1193, NULL),
(1194, 2741, 1194, NULL),
(1195, 2744, 1195, NULL),
(1196, 2747, 1196, NULL),
(1197, 2750, 1197, NULL),
(1198, 2753, 1198, NULL),
(1199, 2755, 1199, NULL),
(1200, 2757, 1200, NULL),
(1201, 2763, 1201, NULL),
(1202, 2764, 1202, NULL),
(1203, 2766, 1203, NULL),
(1204, 2767, 1204, NULL),
(1205, 2768, 1205, NULL),
(1206, 2773, 1206, NULL),
(1207, 2777, 1207, NULL),
(1208, 2781, 1208, NULL),
(1209, 2785, 1209, NULL),
(1210, 2789, 1210, NULL),
(1211, 2793, 1211, NULL),
(1212, 2797, 1212, NULL),
(1213, 2801, 1213, NULL),
(1214, 2805, 1214, NULL),
(1215, 2809, 1215, NULL),
(1216, 2813, 1216, NULL),
(1217, 2817, 1217, NULL),
(1218, 2821, 1218, NULL),
(1219, 2825, 1219, NULL),
(1220, 2829, 1220, NULL),
(1221, 2833, 1221, NULL),
(1222, 2838, 1222, NULL),
(1223, 2840, 1223, NULL),
(1224, 2842, 1224, NULL),
(1225, 2844, 1225, NULL),
(1226, 2846, 1226, NULL),
(1227, 2848, 1227, NULL),
(1228, 2850, 1228, NULL),
(1229, 2852, 1229, NULL),
(1230, 2854, 1230, NULL),
(1231, 2856, 1231, NULL),
(1232, 2858, 1232, NULL),
(1233, 2860, 1233, NULL),
(1234, 2862, 1234, NULL),
(1235, 2864, 1235, NULL),
(1236, 2865, 1236, NULL),
(1237, 2866, 1237, NULL),
(1238, 2870, 1238, NULL),
(1239, 2874, 1239, NULL),
(1240, 2878, 1240, NULL),
(1241, 2882, 1241, NULL),
(1242, 2886, 1242, NULL),
(1243, 2890, 1243, NULL),
(1244, 2894, 1244, NULL),
(1245, 2899, 1245, NULL),
(1246, 2901, 1246, NULL),
(1247, 2903, 1247, NULL),
(1248, 2905, 1248, NULL),
(1249, 2912, 1249, NULL),
(1250, 2913, 1250, NULL),
(1251, 2914, 1251, NULL),
(1252, 2915, 1252, NULL),
(1253, 2918, 1253, NULL),
(1254, 2920, 1254, NULL),
(1255, 2922, 1255, NULL),
(1256, 2923, 1256, NULL),
(1257, 2931, 1257, NULL),
(1258, 2932, 1258, NULL),
(1259, 2935, 1259, NULL),
(1260, 2938, 1260, NULL),
(1261, 2941, 1261, NULL),
(1262, 2944, 1262, NULL),
(1263, 2947, 1263, NULL),
(1264, 2950, 1264, NULL),
(1265, 2953, 1265, NULL),
(1266, 2956, 1266, NULL),
(1267, 2959, 1267, NULL),
(1268, 2962, 1268, NULL),
(1269, 2965, 1269, NULL),
(1270, 2968, 1270, NULL),
(1271, 2971, 1271, NULL),
(1272, 2974, 1272, NULL),
(1273, 2977, 1273, NULL),
(1274, 2980, 1274, NULL),
(1275, 2983, 1275, NULL),
(1276, 2986, 1276, NULL),
(1277, 2989, 1277, NULL),
(1278, 2992, 1278, NULL),
(1279, 2995, 1279, NULL),
(1280, 2998, 1280, NULL),
(1281, 3001, 1281, NULL),
(1282, 3004, 1282, NULL),
(1283, 3007, 1283, NULL),
(1284, 3010, 1284, NULL),
(1285, 3013, 1285, NULL),
(1286, 3016, 1286, NULL),
(1287, 3019, 1287, NULL),
(1288, 3022, 1288, NULL),
(1289, 3025, 1289, NULL),
(1290, 3028, 1290, NULL),
(1291, 3031, 1291, NULL),
(1292, 3034, 1292, NULL),
(1293, 3037, 1293, NULL),
(1294, 3040, 1294, NULL),
(1295, 3043, 1295, NULL),
(1296, 3046, 1296, NULL),
(1297, 3049, 1297, NULL),
(1298, 3052, 1298, NULL),
(1299, 3055, 1299, NULL),
(1300, 3058, 1300, NULL),
(1301, 3061, 1301, NULL),
(1302, 3064, 1302, NULL),
(1303, 3067, 1303, NULL),
(1304, 3070, 1304, NULL),
(1305, 3073, 1305, NULL),
(1306, 3076, 1306, NULL),
(1307, 3079, 1307, NULL),
(1308, 3082, 1308, NULL),
(1309, 3085, 1309, NULL),
(1310, 3088, 1310, NULL),
(1311, 3091, 1311, NULL),
(1312, 3094, 1312, NULL),
(1313, 3097, 1313, NULL),
(1314, 3100, 1314, NULL),
(1315, 3103, 1315, NULL),
(1316, 3106, 1316, NULL),
(1317, 3109, 1317, NULL),
(1318, 3112, 1318, NULL),
(1319, 3115, 1319, NULL),
(1320, 3118, 1320, NULL),
(1321, 3121, 1321, NULL),
(1322, 3124, 1322, NULL),
(1323, 3127, 1323, NULL),
(1324, 3130, 1324, NULL),
(1325, 3133, 1325, NULL),
(1326, 3136, 1326, NULL),
(1327, 3139, 1327, NULL),
(1328, 3142, 1328, NULL),
(1329, 3145, 1329, NULL),
(1330, 3148, 1330, NULL),
(1331, 3151, 1331, NULL),
(1332, 3154, 1332, NULL),
(1333, 3157, 1333, NULL),
(1334, 3160, 1334, NULL),
(1335, 3163, 1335, NULL),
(1336, 3166, 1336, NULL),
(1337, 3169, 1337, NULL),
(1338, 3172, 1338, NULL),
(1339, 3175, 1339, NULL),
(1340, 3178, 1340, NULL),
(1341, 3181, 1341, NULL),
(1342, 3184, 1342, NULL),
(1343, 3187, 1343, NULL),
(1344, 3190, 1344, NULL),
(1345, 3193, 1345, NULL),
(1346, 3196, 1346, NULL),
(1347, 3199, 1347, NULL),
(1348, 3202, 1348, NULL),
(1349, 3205, 1349, NULL),
(1350, 3208, 1350, NULL),
(1351, 3211, 1351, NULL),
(1352, 3214, 1352, NULL),
(1353, 3217, 1353, NULL),
(1354, 3220, 1354, NULL),
(1355, 3223, 1355, NULL),
(1356, 3226, 1356, NULL),
(1357, 3229, 1357, NULL),
(1358, 3232, 1358, NULL),
(1359, 3235, 1359, NULL),
(1360, 3238, 1360, NULL),
(1361, 3241, 1361, NULL),
(1362, 3244, 1362, NULL),
(1363, 3247, 1363, NULL),
(1364, 3250, 1364, NULL),
(1365, 3253, 1365, NULL),
(1366, 3256, 1366, NULL),
(1367, 3259, 1367, NULL),
(1368, 3262, 1368, NULL),
(1369, 3265, 1369, NULL),
(1370, 3268, 1370, NULL),
(1371, 3271, 1371, NULL),
(1372, 3274, 1372, NULL),
(1373, 3277, 1373, NULL),
(1374, 3280, 1374, NULL),
(1375, 3283, 1375, NULL),
(1376, 3286, 1376, NULL),
(1377, 3289, 1377, NULL),
(1378, 3292, 1378, NULL),
(1379, 3295, 1379, NULL),
(1380, 3298, 1380, NULL),
(1381, 3301, 1381, NULL),
(1382, 3304, 1382, NULL),
(1383, 3307, 1383, NULL),
(1384, 3310, 1384, NULL),
(1385, 3313, 1385, NULL),
(1386, 3316, 1386, NULL),
(1387, 3319, 1387, NULL),
(1388, 3322, 1388, NULL),
(1389, 3325, 1389, NULL),
(1390, 3328, 1390, NULL),
(1391, 3331, 1391, NULL),
(1392, 3334, 1392, NULL),
(1393, 3337, 1393, NULL),
(1394, 3340, 1394, NULL),
(1395, 3343, 1395, NULL),
(1396, 3346, 1396, NULL),
(1397, 3349, 1397, NULL),
(1398, 3352, 1398, NULL),
(1399, 3355, 1399, NULL),
(1400, 3358, 1400, NULL),
(1401, 3361, 1401, NULL),
(1402, 3364, 1402, NULL),
(1403, 3367, 1403, NULL),
(1404, 3370, 1404, NULL),
(1405, 3373, 1405, NULL),
(1406, 3376, 1406, NULL),
(1407, 3379, 1407, NULL),
(1408, 3382, 1408, NULL),
(1409, 3385, 1409, NULL),
(1410, 3388, 1410, NULL),
(1411, 3391, 1411, NULL),
(1412, 3394, 1412, NULL),
(1413, 3397, 1413, NULL),
(1414, 3400, 1414, NULL),
(1415, 3403, 1415, NULL),
(1416, 3406, 1416, NULL),
(1417, 3409, 1417, NULL),
(1418, 3412, 1418, NULL),
(1419, 3415, 1419, NULL),
(1420, 3418, 1420, NULL),
(1421, 3421, 1421, NULL),
(1422, 3424, 1422, NULL),
(1423, 3427, 1423, NULL),
(1424, 3430, 1424, NULL),
(1425, 3433, 1425, NULL),
(1426, 3436, 1426, NULL),
(1427, 3439, 1427, NULL),
(1428, 3442, 1428, NULL),
(1429, 3445, 1429, NULL),
(1430, 3448, 1430, NULL),
(1431, 3451, 1431, NULL),
(1432, 3454, 1432, NULL),
(1433, 3457, 1433, NULL),
(1434, 3460, 1434, NULL),
(1435, 3463, 1435, NULL),
(1436, 3466, 1436, NULL),
(1437, 3469, 1437, NULL),
(1438, 3472, 1438, NULL),
(1439, 3475, 1439, NULL),
(1440, 3478, 1440, NULL),
(1441, 3481, 1441, NULL),
(1442, 3484, 1442, NULL),
(1443, 3487, 1443, NULL),
(1444, 3490, 1444, NULL),
(1445, 3493, 1445, NULL),
(1446, 3496, 1446, NULL),
(1447, 3499, 1447, NULL),
(1448, 3502, 1448, NULL),
(1449, 3505, 1449, NULL),
(1450, 3508, 1450, NULL),
(1451, 3511, 1451, NULL),
(1452, 3514, 1452, NULL),
(1453, 3517, 1453, NULL),
(1454, 3520, 1454, NULL),
(1455, 3523, 1455, NULL),
(1456, 3526, 1456, NULL),
(1457, 3529, 1457, NULL),
(1458, 3532, 1458, NULL),
(1459, 3535, 1459, NULL),
(1460, 3538, 1460, NULL),
(1461, 3541, 1461, NULL),
(1462, 3544, 1462, NULL),
(1463, 3547, 1463, NULL),
(1464, 3550, 1464, NULL),
(1465, 3553, 1465, NULL),
(1466, 3556, 1466, NULL),
(1467, 3559, 1467, NULL),
(1468, 3562, 1468, NULL),
(1469, 3565, 1469, NULL),
(1470, 3568, 1470, NULL),
(1471, 3571, 1471, NULL),
(1472, 3574, 1472, NULL),
(1473, 3577, 1473, NULL),
(1474, 3580, 1474, NULL),
(1475, 3583, 1475, NULL),
(1476, 3586, 1476, NULL),
(1477, 3589, 1477, NULL),
(1478, 3592, 1478, NULL),
(1479, 3595, 1479, NULL),
(1480, 3598, 1480, NULL),
(1481, 3601, 1481, NULL),
(1482, 3604, 1482, NULL),
(1483, 3607, 1483, NULL),
(1484, 3610, 1484, NULL),
(1485, 3613, 1485, NULL),
(1486, 3616, 1486, NULL),
(1487, 3619, 1487, NULL),
(1488, 3622, 1488, NULL),
(1489, 3625, 1489, NULL),
(1490, 3628, 1490, NULL),
(1491, 3631, 1491, NULL),
(1492, 3634, 1492, NULL),
(1493, 3637, 1493, NULL),
(1494, 3640, 1494, NULL),
(1495, 3643, 1495, NULL),
(1496, 3646, 1496, NULL),
(1497, 3649, 1497, NULL),
(1498, 3652, 1498, NULL),
(1499, 3655, 1499, NULL),
(1500, 3658, 1500, NULL),
(1501, 3661, 1501, NULL),
(1502, 3664, 1502, NULL),
(1503, 3667, 1503, NULL),
(1504, 3670, 1504, NULL),
(1505, 3673, 1505, NULL),
(1506, 3676, 1506, NULL),
(1507, 3679, 1507, NULL),
(1508, 3682, 1508, NULL),
(1509, 3685, 1509, NULL),
(1510, 3688, 1510, NULL),
(1511, 3691, 1511, NULL),
(1512, 3694, 1512, NULL),
(1513, 3697, 1513, NULL),
(1514, 3700, 1514, NULL),
(1515, 3703, 1515, NULL),
(1516, 3706, 1516, NULL),
(1517, 3709, 1517, NULL),
(1518, 3712, 1518, NULL),
(1519, 3715, 1519, NULL),
(1520, 3718, 1520, NULL),
(1521, 3721, 1521, NULL),
(1522, 3724, 1522, NULL),
(1523, 3727, 1523, NULL),
(1524, 3730, 1524, NULL),
(1525, 3733, 1525, NULL),
(1526, 3736, 1526, NULL),
(1527, 3739, 1527, NULL),
(1528, 3742, 1528, NULL),
(1529, 3745, 1529, NULL),
(1530, 3748, 1530, NULL),
(1531, 3751, 1531, NULL),
(1532, 3754, 1532, NULL),
(1533, 3757, 1533, NULL),
(1534, 3760, 1534, NULL),
(1535, 3763, 1535, NULL),
(1536, 3766, 1536, NULL),
(1537, 3769, 1537, NULL),
(1538, 3772, 1538, NULL),
(1539, 3775, 1539, NULL),
(1540, 3778, 1540, NULL),
(1541, 3788, 1541, NULL),
(1542, 3789, 1542, NULL),
(1543, 3792, 1543, NULL),
(1544, 3795, 1544, NULL),
(1545, 3798, 1545, NULL),
(1546, 3801, 1546, NULL),
(1547, 3802, 1547, NULL),
(1548, 3803, 1548, NULL),
(1549, 3804, 1549, NULL),
(1550, 3805, 1550, NULL),
(1551, 3807, 1551, NULL),
(1552, 3808, 1552, NULL),
(1553, 3810, 1553, NULL),
(1554, 3812, 1554, NULL),
(1555, 3814, 1555, NULL),
(1556, 3816, 1556, NULL),
(1557, 3818, 1557, NULL),
(1558, 3820, 1558, NULL),
(1559, 3822, 1559, NULL),
(1560, 3824, 1560, NULL),
(1561, 3826, 1561, NULL),
(1562, 3828, 1562, NULL),
(1563, 3830, 1563, NULL),
(1564, 3832, 1564, NULL),
(1565, 3834, 1565, NULL),
(1566, 3836, 1566, NULL),
(1567, 3838, 1567, NULL),
(1568, 3840, 1568, NULL),
(1569, 3842, 1569, NULL),
(1570, 3844, 1570, NULL),
(1571, 3846, 1571, NULL),
(1572, 3848, 1572, NULL),
(1573, 3850, 1573, NULL),
(1574, 3852, 1574, NULL),
(1575, 3854, 1575, NULL),
(1576, 3856, 1576, NULL),
(1577, 3858, 1577, NULL),
(1578, 3860, 1578, NULL),
(1579, 3862, 1579, NULL),
(1580, 3864, 1580, NULL),
(1581, 3866, 1581, NULL),
(1582, 3868, 1582, NULL),
(1583, 3870, 1583, NULL),
(1584, 3872, 1584, NULL),
(1585, 3874, 1585, NULL),
(1586, 3876, 1586, NULL),
(1587, 3878, 1587, NULL),
(1588, 3880, 1588, NULL),
(1589, 3882, 1589, NULL),
(1590, 3884, 1590, NULL),
(1591, 3886, 1591, NULL),
(1592, 3888, 1592, NULL),
(1593, 3890, 1593, NULL),
(1594, 3892, 1594, NULL),
(1595, 3894, 1595, NULL),
(1596, 3896, 1596, NULL),
(1597, 3898, 1597, NULL),
(1598, 3900, 1598, NULL),
(1599, 3902, 1599, NULL),
(1600, 3904, 1600, NULL),
(1601, 3906, 1601, NULL),
(1602, 3908, 1602, NULL),
(1603, 3910, 1603, NULL),
(1604, 3912, 1604, NULL),
(1605, 3914, 1605, NULL),
(1606, 3916, 1606, NULL),
(1607, 3918, 1607, NULL),
(1608, 3920, 1608, NULL),
(1609, 3922, 1609, NULL),
(1610, 3924, 1610, NULL),
(1611, 3926, 1611, NULL),
(1612, 3928, 1612, NULL),
(1613, 3930, 1613, NULL),
(1614, 3932, 1614, NULL),
(1615, 3934, 1615, NULL),
(1616, 3936, 1616, NULL),
(1617, 3938, 1617, NULL),
(1618, 3940, 1618, NULL),
(1619, 3942, 1619, NULL),
(1620, 3944, 1620, NULL),
(1621, 3946, 1621, NULL),
(1622, 3948, 1622, NULL),
(1623, 3950, 1623, NULL),
(1624, 3952, 1624, NULL),
(1625, 3954, 1625, NULL),
(1626, 3956, 1626, NULL),
(1627, 3958, 1627, NULL),
(1628, 3960, 1628, NULL),
(1629, 3962, 1629, NULL),
(1630, 3964, 1630, NULL),
(1631, 3966, 1631, NULL),
(1632, 3968, 1632, NULL),
(1633, 3970, 1633, NULL),
(1634, 3972, 1634, NULL),
(1635, 3974, 1635, NULL),
(1636, 3976, 1636, NULL),
(1637, 3978, 1637, NULL),
(1638, 3980, 1638, NULL),
(1639, 3982, 1639, NULL),
(1640, 3984, 1640, NULL),
(1641, 3986, 1641, NULL),
(1642, 3988, 1642, NULL),
(1643, 3990, 1643, NULL),
(1644, 3992, 1644, NULL),
(1645, 3994, 1645, NULL),
(1646, 3996, 1646, NULL),
(1647, 3998, 1647, NULL),
(1648, 4000, 1648, NULL),
(1649, 4002, 1649, NULL),
(1650, 4004, 1650, NULL),
(1651, 4006, 1651, NULL),
(1652, 4008, 1652, NULL),
(1653, 4010, 1653, NULL),
(1654, 4012, 1654, NULL),
(1655, 4014, 1655, NULL),
(1656, 4016, 1656, NULL),
(1657, 4018, 1657, NULL),
(1658, 4020, 1658, NULL),
(1659, 4022, 1659, NULL),
(1660, 4024, 1660, NULL),
(1661, 4026, 1661, NULL),
(1662, 4028, 1662, NULL),
(1663, 4030, 1663, NULL),
(1664, 4032, 1664, NULL),
(1665, 4034, 1665, NULL),
(1666, 4036, 1666, NULL),
(1667, 4038, 1667, NULL),
(1668, 4040, 1668, NULL),
(1669, 4042, 1669, NULL),
(1670, 4044, 1670, NULL),
(1671, 4046, 1671, NULL),
(1672, 4048, 1672, NULL),
(1673, 4050, 1673, NULL),
(1674, 4052, 1674, NULL),
(1675, 4054, 1675, NULL),
(1676, 4056, 1676, NULL),
(1677, 4058, 1677, NULL),
(1678, 4060, 1678, NULL),
(1679, 4062, 1679, NULL),
(1680, 4064, 1680, NULL),
(1681, 4066, 1681, NULL),
(1682, 4068, 1682, NULL),
(1683, 4070, 1683, NULL),
(1684, 4072, 1684, NULL),
(1685, 4074, 1685, NULL),
(1686, 4076, 1686, NULL),
(1687, 4078, 1687, NULL),
(1688, 4080, 1688, NULL),
(1689, 4082, 1689, NULL),
(1690, 4084, 1690, NULL),
(1691, 4086, 1691, NULL),
(1692, 4088, 1692, NULL),
(1693, 4090, 1693, NULL),
(1694, 4092, 1694, NULL),
(1695, 4094, 1695, NULL),
(1696, 4096, 1696, NULL),
(1697, 4098, 1697, NULL),
(1698, 4100, 1698, NULL),
(1699, 4102, 1699, NULL),
(1700, 4104, 1700, NULL),
(1701, 4106, 1701, NULL),
(1702, 4108, 1702, NULL),
(1703, 4110, 1703, NULL),
(1704, 4113, 1704, NULL),
(1705, 4116, 1705, NULL),
(1706, 4119, 1706, NULL),
(1707, 4122, 1707, NULL),
(1708, 4125, 1708, NULL),
(1709, 4128, 1709, NULL),
(1710, 4131, 1710, NULL),
(1711, 4134, 1711, NULL),
(1712, 4137, 1712, NULL),
(1713, 4140, 1713, NULL),
(1714, 4143, 1714, NULL),
(1715, 4146, 1715, NULL),
(1716, 4149, 1716, NULL),
(1717, 4152, 1717, NULL),
(1718, 4155, 1718, NULL),
(1719, 4158, 1719, NULL),
(1720, 4161, 1720, NULL),
(1721, 4164, 1721, NULL),
(1722, 4167, 1722, NULL),
(1723, 4170, 1723, NULL),
(1724, 4173, 1724, NULL),
(1725, 4176, 1725, NULL),
(1726, 4179, 1726, NULL),
(1727, 4182, 1727, NULL),
(1728, 4185, 1728, NULL),
(1729, 4188, 1729, NULL),
(1730, 4191, 1730, NULL),
(1731, 4194, 1731, NULL),
(1732, 4197, 1732, NULL),
(1733, 4200, 1733, NULL),
(1734, 4203, 1734, NULL),
(1735, 4206, 1735, NULL),
(1736, 4209, 1736, NULL),
(1737, 4212, 1737, NULL),
(1738, 4215, 1738, NULL),
(1739, 4218, 1739, NULL),
(1740, 4221, 1740, NULL),
(1741, 4224, 1741, NULL),
(1742, 4227, 1742, NULL),
(1743, 4230, 1743, NULL),
(1744, 4233, 1744, NULL),
(1745, 4236, 1745, NULL),
(1746, 4239, 1746, NULL),
(1747, 4242, 1747, NULL),
(1748, 4245, 1748, NULL),
(1749, 4248, 1749, NULL),
(1750, 4251, 1750, NULL),
(1751, 4254, 1751, NULL),
(1752, 4257, 1752, NULL),
(1753, 4260, 1753, NULL),
(1754, 4263, 1754, NULL),
(1755, 4266, 1755, NULL),
(1756, 4269, 1756, NULL),
(1757, 4272, 1757, NULL),
(1758, 4275, 1758, NULL),
(1759, 4278, 1759, NULL),
(1760, 4281, 1760, NULL),
(1761, 4284, 1761, NULL),
(1762, 4287, 1762, NULL),
(1763, 4290, 1763, NULL),
(1764, 4293, 1764, NULL),
(1765, 4296, 1765, NULL),
(1766, 4299, 1766, NULL),
(1767, 4302, 1767, NULL),
(1768, 4305, 1768, NULL),
(1769, 4308, 1769, NULL),
(1770, 4311, 1770, NULL),
(1771, 4314, 1771, NULL),
(1772, 4317, 1772, NULL),
(1773, 4320, 1773, NULL),
(1774, 4323, 1774, NULL),
(1775, 4326, 1775, NULL),
(1776, 4329, 1776, NULL),
(1777, 4332, 1777, NULL),
(1778, 4335, 1778, NULL),
(1779, 4338, 1779, NULL),
(1780, 4341, 1780, NULL),
(1781, 4344, 1781, NULL),
(1782, 4347, 1782, NULL),
(1783, 4350, 1783, NULL),
(1784, 4353, 1784, NULL),
(1785, 4356, 1785, NULL),
(1786, 4359, 1786, NULL),
(1787, 4362, 1787, NULL),
(1788, 4365, 1788, NULL),
(1789, 4368, 1789, NULL),
(1790, 4371, 1790, NULL),
(1791, 4374, 1791, NULL),
(1792, 4377, 1792, NULL),
(1793, 4380, 1793, NULL),
(1794, 4383, 1794, NULL),
(1795, 4386, 1795, NULL),
(1796, 4389, 1796, NULL),
(1797, 4392, 1797, NULL),
(1798, 4395, 1798, NULL),
(1799, 4398, 1799, NULL),
(1800, 4401, 1800, NULL),
(1801, 4404, 1801, NULL),
(1802, 4407, 1802, NULL),
(1803, 4410, 1803, NULL),
(1804, 4413, 1804, NULL),
(1805, 4416, 1805, NULL),
(1806, 4419, 1806, NULL),
(1807, 4422, 1807, NULL),
(1808, 4425, 1808, NULL),
(1809, 4428, 1809, NULL),
(1810, 4431, 1810, NULL),
(1811, 4434, 1811, NULL),
(1812, 4437, 1812, NULL),
(1813, 4440, 1813, NULL),
(1814, 4443, 1814, NULL),
(1815, 4446, 1815, NULL),
(1816, 4449, 1816, NULL),
(1817, 4452, 1817, NULL),
(1818, 4455, 1818, NULL),
(1819, 4458, 1819, NULL),
(1820, 4461, 1820, NULL),
(1821, 4464, 1821, NULL),
(1822, 4467, 1822, NULL),
(1823, 4470, 1823, NULL),
(1824, 4473, 1824, NULL),
(1825, 4476, 1825, NULL),
(1826, 4479, 1826, NULL),
(1827, 4482, 1827, NULL),
(1828, 4485, 1828, NULL),
(1829, 4488, 1829, NULL),
(1830, 4491, 1830, NULL),
(1831, 4494, 1831, NULL),
(1832, 4497, 1832, NULL),
(1833, 4500, 1833, NULL),
(1834, 4503, 1834, NULL),
(1835, 4506, 1835, NULL),
(1836, 4509, 1836, NULL),
(1837, 4512, 1837, NULL),
(1838, 4515, 1838, NULL),
(1839, 4518, 1839, NULL),
(1840, 4521, 1840, NULL),
(1841, 4524, 1841, NULL),
(1842, 4527, 1842, NULL),
(1843, 4530, 1843, NULL),
(1844, 4533, 1844, NULL),
(1845, 4536, 1845, NULL),
(1846, 4539, 1846, NULL),
(1847, 4542, 1847, NULL),
(1848, 4545, 1848, NULL),
(1849, 4548, 1849, NULL),
(1850, 4551, 1850, NULL),
(1851, 4554, 1851, NULL),
(1852, 4557, 1852, NULL),
(1853, 4560, 1853, NULL);

--
-- Daten für Tabelle `duration`
--

INSERT INTO `duration` (`id`, `name`) VALUES
(1, 'aufrechterhaltend'),
(2, 'sofort'),
(3, 'QS in Kampfrunden'),
(4, 'QS x 3 Minuten'),
(5, 'QS x 3 in Minuten'),
(6, 'QS x 3 in Kampfrunden'),
(7, 'QS x 3 in KR'),
(8, 'QS x 3 Tage'),
(9, '1 Minute'),
(10, '30 Minuten'),
(11, 'QS x 3 in Stunden'),
(12, '1 Jahr'),
(13, 'QS x 15 Minuten'),
(14, 'QS x 3 Stunden'),
(15, 'QS x 2 Minuten'),
(16, 'QS Stunden'),
(17, 'QS x 30 Minuten'),
(18, '8 Stunden (Wirkungsdauer nicht modifizierbar)'),
(19, 'QS x 5 Minuten'),
(20, 'QS x 3 in Tagen'),
(21, 'QS x 10 Minuten'),
(22, 'QS x 3 Wochen'),
(23, 'FP in Tage'),
(24, 'QS Tage'),
(25, 'QS/2 Tage'),
(26, 'bis zum Ende der Krankheit, maximal aber QS x 3 Tage'),
(27, 'QS x 2 in Tagen'),
(28, 'bis zum Ende der Krankheit, maximal aber QS x 3 in Tagen'),
(29, 'QS x 3 in Wochen'),
(30, 'eine halbe Stunde'),
(31, '5 Kampfrunden'),
(32, '5 Minuten'),
(33, 'in Zwölfgötterkirchen bis zum 12. Lebensjahr'),
(34, '12 Stunden'),
(35, '12 Monate'),
(36, '4 Kampfrunden'),
(37, '12 Kampfrunden'),
(38, 'QS Kampfrunden'),
(39, 'QS x 2 KR'),
(40, 'QS x 5 Kampfrunden'),
(41, 'QS x 2 Stunden'),
(42, 'QS Minuten'),
(43, 'QS x 2 in Kampfrunden'),
(44, 'QS x 3 Kampfrunden'),
(45, '10 Kampfrunden'),
(46, 'Bis zum nächsten Schuss, maximal QS x 2 Kampfrunden'),
(47, '30 Kampfrunden'),
(48, 'QS x 3 KR'),
(49, '1 Tag'),
(50, 'QS x 10 in KR'),
(51, 'QS x 2 Kampfrunden'),
(52, 'QS x 2 KR (statt der üblichen Zeit von 2W20 KR des Status’'),
(53, 'QS x 15 Minuten, danach verweht der Nebel'),
(54, 'QS x 2 in Minuten'),
(55, 'QS x 15 in Minuten'),
(56, 'bis zum Tod der Tiere, maximal jedoch 20 KR'),
(57, '8 Stunden'),
(58, 'QS in Jahren'),
(59, 'aufrechterhaltend, maximal jedoch 50 KR'),
(60, 'QS in KR'),
(61, '1 Aktion'),
(62, '1 Stunde'),
(63, '30 Sekunden'),
(64, '5 Sekunden'),
(65, '6 Stunden'),
(66, 'max. 10 Sekunden'),
(67, '10 Minuten'),
(68, 'ein Wachstumszyklus (zwischen 6 und 12 Monaten)'),
(69, '9 Jahre'),
(70, 'permanent');

--
-- Daten für Tabelle `effect`
--

INSERT INTO `effect` (`id`, `modifier`, `value`, `property_id`) VALUES
(1, 0, NULL, 165),
(2, 0, NULL, 166),
(3, 0, NULL, 167),
(4, 0, NULL, 168),
(5, 0, NULL, 169),
(6, 0, NULL, 170),
(7, 0, NULL, 171),
(8, 0, NULL, 172),
(9, 0, NULL, 173),
(10, 0, NULL, 174),
(11, 0, NULL, 175),
(12, 0, NULL, 176),
(13, 0, NULL, 177),
(14, 0, NULL, 178),
(15, 0, NULL, 179),
(16, 0, NULL, 180),
(17, 0, NULL, 181),
(18, 0, NULL, 182),
(19, 0, NULL, 183),
(20, 0, NULL, 184),
(21, 0, NULL, 185),
(22, 0, NULL, 186),
(23, 0, NULL, 187),
(24, 0, NULL, 188),
(25, 0, NULL, 189),
(26, 0, NULL, 190),
(27, 0, NULL, 191),
(28, 0, NULL, 192),
(29, 0, NULL, 194),
(30, 0, NULL, 195),
(31, 0, NULL, 196),
(32, 0, NULL, 197),
(33, 0, NULL, 198),
(34, 0, NULL, 199),
(35, 0, NULL, 200),
(36, 0, NULL, 201),
(37, 0, NULL, 202),
(38, 0, NULL, 203),
(39, 0, NULL, 205),
(40, 0, NULL, 206),
(41, 0, NULL, 207),
(42, 0, NULL, 208),
(43, 0, NULL, 209),
(44, 0, NULL, 210),
(45, 0, NULL, 211),
(46, 0, NULL, 212),
(47, 0, NULL, 213),
(48, 0, NULL, 214),
(49, 0, NULL, 215),
(50, 0, NULL, 216),
(51, 0, NULL, 218),
(52, 0, NULL, 219),
(53, 0, NULL, 220),
(54, 0, NULL, 221),
(55, 0, NULL, 222),
(56, 0, NULL, 223),
(57, 0, NULL, 224),
(58, 0, NULL, 225),
(59, 0, NULL, 227),
(60, 0, NULL, 228),
(61, 0, NULL, 229),
(62, 0, NULL, 230),
(63, 0, NULL, 231),
(64, 0, NULL, 232),
(65, 0, NULL, 233),
(66, 0, NULL, 234),
(67, 0, NULL, 235),
(68, 0, NULL, 236),
(69, 0, NULL, 237),
(70, 0, NULL, 238),
(71, 0, NULL, 239),
(72, 0, NULL, 240),
(73, 0, NULL, 241),
(74, 0, NULL, 242),
(75, 0, NULL, 243),
(76, 0, NULL, 244),
(77, 0, NULL, 245),
(78, 0, NULL, 246),
(79, 0, NULL, 248),
(80, 0, NULL, 249),
(81, 0, NULL, 250),
(82, 0, NULL, 251),
(83, 0, NULL, 252),
(84, 0, NULL, 253),
(85, 0, NULL, 254),
(86, 0, NULL, 255),
(87, 0, NULL, 259),
(88, 0, NULL, 260),
(89, 0, NULL, 261),
(90, 0, NULL, 262),
(91, 0, NULL, 263),
(92, 0, NULL, 264),
(93, 0, NULL, 265),
(94, 0, NULL, 266),
(95, 0, NULL, 267),
(96, 0, NULL, 268),
(97, 0, NULL, 269),
(98, 0, NULL, 270),
(99, 0, NULL, 271),
(100, 0, NULL, 272),
(101, 0, NULL, 273),
(102, 0, NULL, 274),
(103, 0, NULL, 275),
(104, 0, NULL, 276),
(105, 0, NULL, 277),
(106, 0, NULL, 278),
(107, 0, NULL, 279),
(108, 0, NULL, 280),
(109, 0, NULL, 281),
(110, 0, NULL, 282),
(111, 0, NULL, 283),
(112, 0, NULL, 284),
(113, 0, NULL, 285),
(114, 0, NULL, 286),
(115, 0, NULL, 287),
(116, 0, NULL, 288),
(117, 0, NULL, 289),
(118, 0, NULL, 290),
(119, 0, NULL, 291),
(120, 0, NULL, 292),
(121, 0, NULL, 293),
(122, 0, NULL, 294),
(123, 0, NULL, 295),
(124, 0, NULL, 296),
(125, 0, NULL, 297),
(126, 0, NULL, 298),
(127, 0, NULL, 299),
(128, 0, NULL, 300),
(129, 0, NULL, 301),
(130, 0, NULL, 302),
(131, 0, NULL, 303),
(132, 0, NULL, 304),
(133, 0, NULL, 305),
(134, 0, NULL, 306),
(135, 0, NULL, 307),
(136, 0, NULL, 308),
(137, 0, NULL, 309),
(138, 0, NULL, 310),
(139, 0, NULL, 311),
(140, 0, NULL, 312),
(141, 0, NULL, 313),
(142, 0, NULL, 314),
(143, 0, NULL, 315),
(144, 0, NULL, 316),
(145, 0, NULL, 317),
(146, 0, NULL, 318),
(147, 0, NULL, 319),
(148, 0, NULL, 320),
(149, 0, NULL, 321),
(150, 0, NULL, 322),
(151, 0, NULL, 323),
(152, 0, NULL, 324),
(153, 0, NULL, 325),
(154, 0, NULL, 326),
(155, 0, NULL, 327),
(156, 0, NULL, 328),
(157, 0, NULL, 329),
(158, 0, NULL, 330),
(159, 0, NULL, 331),
(160, 0, NULL, 332),
(161, 0, NULL, 333),
(162, 0, NULL, 334),
(163, 0, NULL, 335),
(164, 0, NULL, 336),
(165, 0, NULL, 337),
(166, 0, NULL, 338),
(167, 0, NULL, 339),
(168, 0, NULL, 340),
(169, 0, NULL, 341),
(170, 0, NULL, 342),
(171, 0, NULL, 343),
(172, 0, NULL, 344),
(173, 0, NULL, 345),
(174, 0, NULL, 346),
(175, 0, NULL, 347),
(176, 0, NULL, 348),
(177, 0, NULL, 349),
(178, 0, NULL, 350),
(179, 0, NULL, 351),
(180, 0, NULL, 352),
(181, 0, NULL, 353),
(182, 0, NULL, 354),
(183, 0, NULL, 355),
(184, 0, NULL, 356),
(185, 0, NULL, 357),
(186, 0, NULL, 358),
(187, 0, NULL, 359),
(188, 0, NULL, 360),
(189, 0, NULL, 361),
(190, 0, NULL, 362),
(191, 0, NULL, 363),
(192, 0, NULL, 364),
(193, 0, NULL, 365),
(194, 0, NULL, 366),
(195, 0, NULL, 367),
(196, 0, NULL, 368),
(197, 0, NULL, 369),
(198, 0, NULL, 370),
(199, 0, NULL, 371),
(200, 0, NULL, 372),
(201, 0, NULL, 373),
(202, 0, NULL, 374),
(203, 0, NULL, 375),
(204, 0, NULL, 376),
(205, 0, NULL, 377),
(206, 0, NULL, 378),
(207, 0, NULL, 379),
(208, 0, NULL, 380),
(209, 0, NULL, 381),
(210, 0, NULL, 382),
(211, 0, NULL, 383),
(212, 0, NULL, 384),
(213, 0, NULL, 385),
(214, 0, NULL, 386),
(215, 0, NULL, 387),
(216, 0, NULL, 388),
(217, 0, NULL, 389),
(218, 0, NULL, 390),
(219, 0, NULL, 391),
(220, 0, NULL, 392),
(221, 0, NULL, 393),
(222, 0, NULL, 394),
(223, 0, NULL, 395),
(224, 0, NULL, 396),
(225, 0, NULL, 397),
(226, 0, NULL, 398),
(227, 0, NULL, 399),
(228, 0, NULL, 400),
(229, 0, NULL, 401),
(230, 0, NULL, 402),
(231, 0, NULL, 403),
(232, 0, NULL, 404),
(233, 0, NULL, 405),
(234, 0, NULL, 406),
(235, 0, NULL, 407),
(236, 0, NULL, 408),
(237, 0, NULL, 409),
(238, 0, NULL, 410),
(239, 0, NULL, 411),
(240, 0, NULL, 412),
(241, 0, NULL, 413),
(242, 0, NULL, 414),
(243, 0, NULL, 415),
(244, 0, NULL, 416),
(245, 0, NULL, 417),
(246, 0, NULL, 418),
(247, 0, NULL, 419),
(248, 0, NULL, 420),
(249, 0, NULL, 421),
(250, 0, NULL, 422),
(251, 0, NULL, 423),
(252, 0, NULL, 424),
(253, 0, NULL, 425),
(254, 0, NULL, 426),
(255, 0, NULL, 427),
(256, 0, NULL, 428),
(257, 0, NULL, 429),
(258, 0, NULL, 430),
(259, 0, NULL, 431),
(260, 0, NULL, 432),
(261, 0, NULL, 433),
(262, 0, NULL, 434),
(263, 0, NULL, 435),
(264, 0, NULL, 436),
(265, 0, NULL, 437),
(266, 0, NULL, 438),
(267, 0, NULL, 439),
(268, 0, NULL, 440),
(269, 0, NULL, 441),
(270, 0, NULL, 442),
(271, 0, NULL, 443),
(272, 0, NULL, 444),
(273, 0, NULL, 445),
(274, 0, NULL, 446),
(275, 0, NULL, 447),
(276, 0, NULL, 448),
(277, 0, NULL, 450),
(278, 0, NULL, 451),
(279, 0, NULL, 452),
(280, 0, NULL, 453),
(281, 0, NULL, 454),
(282, 0, NULL, 455),
(283, 0, NULL, 456),
(284, 0, NULL, 457),
(285, 0, NULL, 459),
(286, 0, NULL, 460),
(287, 0, NULL, 466),
(288, 0, NULL, 467),
(289, 0, NULL, 468),
(290, 0, NULL, 469),
(291, 0, NULL, 470),
(292, 0, NULL, 471),
(293, 0, NULL, 472),
(294, 0, NULL, 473),
(295, 0, NULL, 474),
(296, 0, NULL, 475),
(297, 0, NULL, 476),
(298, 0, NULL, 478),
(299, 0, NULL, 480),
(300, 0, NULL, 481),
(301, 0, NULL, 482),
(302, 0, NULL, 483),
(303, 0, NULL, 485),
(304, 0, NULL, 486),
(305, 0, NULL, 487),
(306, 0, NULL, 488),
(307, 0, NULL, 489),
(308, 0, NULL, 490),
(309, 0, NULL, 491),
(310, 0, NULL, 492),
(311, 0, NULL, 493),
(312, 0, NULL, 494),
(313, 0, NULL, 495),
(314, 0, NULL, 497),
(315, 0, NULL, 498),
(316, 0, NULL, 499),
(317, 0, NULL, 500),
(318, 0, NULL, 501),
(319, 0, NULL, 502),
(320, 0, NULL, 503),
(321, 0, NULL, 504),
(322, 0, NULL, 505),
(323, 0, NULL, 506),
(324, 0, NULL, 507),
(325, 0, NULL, 508),
(326, 0, NULL, 509),
(327, 0, NULL, 510),
(328, 0, NULL, 511),
(329, 0, NULL, 512),
(330, 0, NULL, 513),
(331, 0, NULL, 514),
(332, 0, NULL, 515),
(333, 0, NULL, 520),
(334, 0, NULL, 521),
(335, 0, NULL, 522),
(336, 0, NULL, 523),
(337, 0, NULL, 524),
(338, 0, NULL, 525),
(339, 0, NULL, 527),
(340, 0, NULL, 528),
(341, 0, NULL, 529),
(342, 0, NULL, 530),
(343, 0, NULL, 531),
(344, 0, NULL, 532),
(345, 0, NULL, 533),
(346, 0, NULL, 534),
(347, 0, NULL, 535),
(348, 0, NULL, 536),
(349, 0, NULL, 541),
(350, 0, NULL, 542),
(351, 0, NULL, 543),
(352, 0, NULL, 545),
(353, 0, NULL, 546),
(354, 0, NULL, 547),
(355, 0, NULL, 552),
(356, 0, NULL, 553),
(357, 0, NULL, 555),
(358, 0, NULL, 556),
(359, 0, NULL, 557),
(360, 0, NULL, 558),
(361, 0, NULL, 570),
(362, 0, NULL, 573),
(363, 0, NULL, 615),
(364, 0, NULL, 616),
(365, 0, NULL, 617),
(366, 0, NULL, 618),
(367, 0, NULL, 619),
(368, 0, NULL, 620),
(369, 0, NULL, 621),
(370, 0, NULL, 622),
(371, 0, NULL, 623),
(372, 0, NULL, 624),
(373, 0, NULL, 625),
(374, 0, NULL, 626),
(375, 0, NULL, 627),
(376, 0, NULL, 628),
(377, 0, NULL, 629),
(378, 0, NULL, 630),
(379, 0, NULL, 631),
(380, 0, NULL, 632),
(381, 0, NULL, 633),
(382, 0, NULL, 634),
(383, 0, NULL, 635),
(384, 0, NULL, 636),
(385, 0, NULL, 637),
(386, 0, NULL, 638),
(387, 0, NULL, 639),
(388, 0, NULL, 640),
(389, 0, NULL, 641),
(390, 0, NULL, 642),
(391, 0, NULL, 643),
(392, 0, NULL, 644),
(393, 0, NULL, 645),
(394, 0, NULL, 646),
(395, 0, NULL, 647),
(396, 0, NULL, 648),
(397, 0, NULL, 650),
(398, 0, NULL, 651),
(399, 0, NULL, 652),
(400, 0, NULL, 653),
(401, 0, NULL, 654),
(402, 0, NULL, 655),
(403, 0, NULL, 656),
(404, 0, NULL, 657),
(405, 0, NULL, 658),
(406, 0, NULL, 659),
(407, 0, NULL, 660),
(408, 0, NULL, 661),
(409, 0, NULL, 662),
(410, 0, NULL, 663),
(411, 0, NULL, 664),
(412, 0, NULL, 665),
(413, 0, NULL, 666),
(414, 0, NULL, 667),
(415, 0, NULL, 668),
(416, 0, NULL, 669),
(417, 0, NULL, 670),
(418, 0, NULL, 671),
(419, 0, NULL, 672),
(420, 0, NULL, 673),
(421, 0, NULL, 674),
(422, 0, NULL, 675),
(423, 0, NULL, 676),
(424, 0, NULL, 677),
(425, 0, NULL, 678),
(426, 0, NULL, 679),
(427, 0, NULL, 680),
(428, 0, NULL, 681),
(429, 0, NULL, 682),
(430, 0, NULL, 683),
(431, 0, NULL, 684),
(432, 0, NULL, 685),
(433, 0, NULL, 686),
(434, 0, NULL, 687),
(435, 0, NULL, 688),
(436, 0, NULL, 689),
(437, 0, NULL, 690),
(438, 0, NULL, 691),
(439, 0, NULL, 692),
(440, 0, NULL, 693),
(441, 0, NULL, 694),
(442, 0, NULL, 695),
(443, 0, NULL, 696),
(444, 0, NULL, 697),
(445, 0, NULL, 698),
(446, 0, NULL, 699),
(447, 0, NULL, 700),
(448, 0, NULL, 701),
(449, 0, NULL, 702),
(450, 0, NULL, 703),
(451, 0, NULL, 704),
(452, 0, NULL, 705),
(453, 0, NULL, 706),
(454, 0, NULL, 707),
(455, 0, NULL, 708),
(456, 0, NULL, 709),
(457, 0, NULL, 710),
(458, 0, NULL, 711),
(459, 0, NULL, 712),
(460, 0, NULL, 713),
(461, 0, NULL, 714),
(462, 0, NULL, 715),
(463, 0, NULL, 716),
(464, 0, NULL, 717),
(465, 0, NULL, 718),
(466, 0, NULL, 719),
(467, 0, NULL, 720),
(468, 0, NULL, 721),
(469, 0, NULL, 722),
(470, 0, NULL, 723),
(471, 0, NULL, 724),
(472, 0, NULL, 725),
(473, 0, NULL, 726),
(474, 0, NULL, 727),
(475, 0, NULL, 728),
(476, 0, NULL, 729),
(477, 0, NULL, 730),
(478, 0, NULL, 732),
(479, 0, NULL, 733),
(480, 0, NULL, 734),
(481, 0, NULL, 741),
(482, 0, NULL, 746),
(483, 0, NULL, 747),
(484, 0, NULL, 755),
(485, 0, NULL, 766),
(486, 0, NULL, 812),
(487, 0, NULL, 813),
(488, 0, NULL, 814),
(489, 0, NULL, 815),
(490, 0, NULL, 816),
(491, 0, NULL, 817),
(492, 0, NULL, 818),
(493, 0, NULL, 819),
(494, 0, NULL, 820),
(495, 0, NULL, 821),
(496, 0, NULL, 822),
(497, 0, NULL, 823),
(498, 0, NULL, 824),
(499, 0, NULL, 825),
(500, 0, NULL, 826),
(501, 0, NULL, 827),
(502, 0, NULL, 828),
(503, 0, NULL, 1046),
(504, 0, NULL, 1047),
(505, 0, NULL, 1048),
(506, 0, NULL, 1049),
(507, 0, NULL, 1052),
(508, 0, NULL, 1053),
(509, 0, NULL, 1054),
(510, 0, NULL, 1055),
(511, 0, NULL, 1056),
(512, 0, NULL, 1057),
(513, 0, NULL, 1058),
(514, 0, NULL, 1059),
(515, 0, NULL, 1060),
(516, 0, NULL, 1061),
(517, 0, NULL, 1062),
(518, 0, NULL, 1063),
(519, 0, NULL, 1064),
(520, 0, NULL, 1065),
(521, 0, NULL, 1066),
(522, 0, NULL, 1067),
(523, 0, NULL, 1068),
(524, 0, NULL, 1069),
(525, 0, NULL, 1070),
(526, 0, NULL, 1071),
(527, 0, NULL, 1072),
(528, 0, NULL, 1073),
(529, 0, NULL, 1074),
(530, 0, NULL, 1075),
(531, 0, NULL, 1076),
(532, 0, NULL, 1077),
(533, 0, NULL, 1078),
(534, 0, NULL, 1079),
(535, 0, NULL, 1080),
(536, 0, NULL, 1081),
(537, 0, NULL, 1082),
(538, 0, NULL, 1083),
(539, 0, NULL, 1084),
(540, 0, NULL, 1085),
(541, 0, NULL, 1086),
(542, 0, NULL, 1087),
(543, 0, NULL, 1088),
(544, 0, NULL, 1089),
(545, 0, NULL, 1090),
(546, 0, NULL, 1091),
(547, 0, NULL, 1092),
(548, 0, NULL, 1093),
(549, 0, NULL, 1094),
(550, 0, NULL, 1095),
(551, 0, NULL, 1096),
(552, 0, NULL, 1097),
(553, 0, NULL, 1098),
(554, 0, NULL, 1099),
(555, 0, NULL, 1100),
(556, 0, NULL, 1101),
(557, 0, NULL, 1102),
(558, 0, NULL, 1103),
(559, 0, NULL, 1104),
(560, 0, NULL, 1105),
(561, 0, NULL, 1106),
(562, 0, NULL, 1107),
(563, 0, NULL, 1108),
(564, 0, NULL, 1109),
(565, 0, NULL, 1110),
(566, 0, NULL, 1111),
(567, 0, NULL, 1112),
(568, 0, NULL, 1113),
(569, 0, NULL, 1114),
(570, 0, NULL, 1115),
(571, 0, NULL, 1116),
(572, 0, NULL, 1117),
(573, 0, NULL, 1118),
(574, 0, NULL, 1119),
(575, 0, NULL, 1120),
(576, 0, NULL, 1121),
(577, 0, NULL, 1122),
(578, 0, NULL, 1123),
(579, 0, NULL, 1124),
(580, 0, NULL, 1125),
(581, 0, NULL, 1126),
(582, 0, NULL, 1127),
(583, 0, NULL, 1128),
(584, 0, NULL, 1129),
(585, 0, NULL, 1130),
(586, 0, NULL, 1131),
(587, 0, NULL, 1132),
(588, 0, NULL, 1133),
(589, 0, NULL, 1134),
(590, 0, NULL, 1135),
(591, 0, NULL, 1136),
(592, 0, NULL, 1137),
(593, 0, NULL, 1138),
(594, 0, NULL, 1139),
(595, 0, NULL, 1140),
(596, 0, NULL, 1141),
(597, 0, NULL, 1142),
(598, 0, NULL, 1143),
(599, 0, NULL, 1144),
(600, 0, NULL, 1145),
(601, 0, NULL, 1146),
(602, 0, NULL, 1147),
(603, 0, NULL, 1148),
(604, 0, NULL, 1149),
(605, 0, NULL, 1150),
(606, 0, NULL, 1151),
(607, 0, NULL, 1152),
(608, 0, NULL, 1153),
(609, 0, NULL, 1154),
(610, 0, NULL, 1155),
(611, 0, NULL, 1156),
(612, 0, NULL, 1157),
(613, 0, NULL, 1158),
(614, 0, NULL, 1159),
(615, 0, NULL, 1160),
(616, 0, NULL, 1161),
(617, 0, NULL, 1162),
(618, 0, NULL, 1163),
(619, 0, NULL, 1164),
(620, 0, NULL, 1165),
(621, 0, NULL, 1166),
(622, 0, NULL, 1167),
(623, 0, NULL, 1168),
(624, 0, NULL, 1169),
(625, 0, NULL, 1170),
(626, 0, NULL, 1171),
(627, 0, NULL, 1172),
(628, 0, NULL, 1173),
(629, 0, NULL, 1174),
(630, 0, NULL, 1175),
(631, 0, NULL, 1176),
(632, 0, NULL, 1177),
(633, 0, NULL, 1178),
(634, 0, NULL, 1179),
(635, 0, NULL, 1180),
(636, 0, NULL, 1181),
(637, 0, NULL, 1182),
(638, 0, NULL, 1183),
(639, 0, NULL, 1184),
(640, 0, NULL, 1185),
(641, 0, NULL, 1186),
(642, 0, NULL, 1187),
(643, 0, NULL, 1188),
(644, 0, NULL, 1189),
(645, 0, NULL, 1190),
(646, 0, NULL, 1191),
(647, 0, NULL, 1192),
(648, 0, NULL, 1193),
(649, 0, NULL, 1194),
(650, 0, NULL, 1195),
(651, 0, NULL, 1196),
(652, 0, NULL, 1197),
(653, 0, NULL, 1198),
(654, 0, NULL, 1199),
(655, 0, NULL, 1200),
(656, 0, NULL, 1201),
(657, 0, NULL, 1202),
(658, 0, NULL, 1203),
(659, 0, NULL, 1204),
(660, 0, NULL, 1205),
(661, 0, NULL, 1206),
(662, 0, NULL, 1207),
(663, 0, NULL, 1208),
(664, 0, NULL, 1209),
(665, 0, NULL, 1210),
(666, 0, NULL, 1211),
(667, 0, NULL, 1212),
(668, 0, NULL, 1213),
(669, 0, NULL, 1214),
(670, 0, NULL, 1215),
(671, 0, NULL, 1216),
(672, 0, NULL, 1217),
(673, 0, NULL, 1218),
(674, 0, NULL, 1219),
(675, 0, NULL, 1220),
(676, 0, NULL, 1221),
(677, 0, NULL, 1222),
(678, 0, NULL, 1223),
(679, 0, NULL, 1224),
(680, 0, NULL, 1225),
(681, 0, NULL, 1226),
(682, 0, NULL, 1227),
(683, 0, NULL, 1228),
(684, 0, NULL, 1229),
(685, 0, NULL, 1230),
(686, 0, NULL, 1231),
(687, 0, NULL, 1232),
(688, 0, NULL, 1233),
(689, 0, NULL, 1234),
(690, 0, NULL, 1235),
(691, 0, NULL, 1236),
(692, 0, NULL, 1237),
(693, 0, NULL, 1238),
(694, 0, NULL, 1239),
(695, 0, NULL, 1240),
(696, 0, NULL, 1241),
(697, 0, NULL, 1242),
(698, 0, NULL, 1243),
(699, 0, NULL, 1244),
(700, 0, NULL, 1245),
(701, 0, NULL, 1246),
(702, 0, NULL, 1247),
(703, 0, NULL, 1248),
(704, 0, NULL, 1249),
(705, 0, NULL, 1250),
(706, 0, NULL, 1251),
(707, 0, NULL, 1252),
(708, 0, NULL, 1253),
(709, 0, NULL, 1254),
(710, 0, NULL, 1255),
(711, 0, NULL, 1256),
(712, 0, NULL, 1257),
(713, 0, NULL, 1258),
(714, 0, NULL, 1259),
(715, 0, NULL, 1260),
(716, 0, NULL, 1261),
(717, 0, NULL, 1262),
(718, 0, NULL, 1263),
(719, 0, NULL, 1264),
(720, 0, NULL, 1265),
(721, 0, NULL, 1266),
(722, 0, NULL, 1267),
(723, 0, NULL, 1268),
(724, 0, NULL, 1269),
(725, 0, NULL, 1270),
(726, 0, NULL, 1271),
(727, 0, NULL, 1272),
(728, 0, NULL, 1273),
(729, 0, NULL, 1274),
(730, 0, NULL, 1275),
(731, 0, NULL, 1276),
(732, 0, NULL, 1277),
(733, 0, NULL, 1278),
(734, 0, NULL, 1279),
(735, 0, NULL, 1280),
(736, 0, NULL, 1281),
(737, 0, NULL, 1282),
(738, 0, NULL, 1283),
(739, 0, NULL, 1284),
(740, 0, NULL, 1285),
(741, 0, NULL, 1286),
(742, 0, NULL, 1287),
(743, 0, NULL, 1288),
(744, 0, NULL, 1289),
(745, 0, NULL, 1290),
(746, 0, NULL, 1291),
(747, 0, NULL, 1292),
(748, 0, NULL, 1293),
(749, 0, NULL, 1294),
(750, 0, NULL, 1295),
(751, 0, NULL, 1296),
(752, 0, NULL, 1297),
(753, 0, NULL, 1298),
(754, 0, NULL, 1299),
(755, 0, NULL, 1300),
(756, 0, NULL, 1301),
(757, 0, NULL, 1302),
(758, 0, NULL, 1303),
(759, 0, NULL, 1304),
(760, 0, NULL, 1305),
(761, 0, NULL, 1306),
(762, 0, NULL, 1307),
(763, 0, NULL, 1308),
(764, 0, NULL, 1309),
(765, 0, NULL, 1310),
(766, 0, NULL, 1311),
(767, 0, NULL, 1312),
(768, 0, NULL, 1313),
(769, 0, NULL, 1314),
(770, 0, NULL, 1315),
(771, 0, NULL, 1316),
(772, 0, NULL, 1317),
(773, 0, NULL, 1318),
(774, 0, NULL, 1319),
(775, 0, NULL, 1320),
(776, 0, NULL, 1321),
(777, 0, NULL, 1322),
(778, 0, NULL, 1323),
(779, 0, NULL, 1324),
(780, 0, NULL, 1325),
(781, 0, NULL, 1326),
(782, 0, NULL, 1327),
(783, 0, NULL, 1328),
(784, 0, NULL, 1329),
(785, 0, NULL, 1330),
(786, 0, NULL, 1331),
(787, 0, NULL, 1332),
(788, 0, NULL, 1333),
(789, 0, NULL, 1334),
(790, 0, NULL, 1337),
(791, 0, NULL, 1338),
(792, 0, NULL, 1339),
(793, 0, NULL, 1340),
(794, 0, NULL, 1342),
(795, 0, NULL, 1343),
(796, 0, NULL, 1344),
(797, 0, NULL, 1346),
(798, 0, NULL, 1348),
(799, 0, NULL, 1349),
(800, 0, NULL, 1350),
(801, 0, NULL, 1351),
(802, 0, NULL, 1352),
(803, 0, NULL, 1353),
(804, 0, NULL, 1354),
(805, 0, NULL, 1355),
(806, 0, NULL, 1356),
(807, 0, NULL, 1357),
(808, 0, NULL, 1358),
(809, 0, NULL, 1359),
(810, 0, NULL, 1360),
(811, 0, NULL, 1361),
(812, 0, NULL, 1364),
(813, 0, NULL, 1365),
(814, 0, NULL, 1366),
(815, 0, NULL, 1367),
(816, 0, NULL, 1368),
(817, 0, NULL, 1369),
(818, 0, NULL, 1370),
(819, 0, NULL, 1371),
(820, 0, NULL, 1372),
(821, 0, NULL, 1373),
(822, 0, NULL, 1374),
(823, 0, NULL, 1375),
(824, 0, NULL, 1376),
(825, 0, NULL, 1377),
(826, 0, NULL, 1378),
(827, 0, NULL, 1379),
(828, 0, NULL, 1380),
(829, 0, NULL, 1381),
(830, 0, NULL, 1382),
(831, 0, NULL, 1383),
(832, 0, NULL, 1384),
(833, 0, NULL, 1385),
(834, 0, NULL, 1386),
(835, 0, NULL, 1387),
(836, 0, NULL, 1388),
(837, 0, NULL, 1389),
(838, 0, NULL, 1390),
(839, 0, NULL, 1391),
(840, 0, NULL, 1392),
(841, 0, NULL, 1393),
(842, 0, NULL, 1394),
(843, 0, NULL, 1395),
(844, 0, NULL, 1396),
(845, 0, NULL, 1397),
(846, 0, NULL, 1398),
(847, 0, NULL, 1399),
(848, 0, NULL, 1400),
(849, 0, NULL, 1401),
(850, 0, NULL, 1402),
(851, 0, NULL, 1403),
(852, 0, NULL, 1404),
(853, 0, NULL, 1405),
(854, 0, NULL, 1406),
(855, 0, NULL, 1407),
(856, 0, NULL, 1408),
(857, 0, NULL, 1409),
(858, 0, NULL, 1410),
(859, 0, NULL, 1411),
(860, 0, NULL, 1412),
(861, 0, NULL, 1413),
(862, 0, NULL, 1414),
(863, 0, NULL, 1415),
(864, 0, NULL, 1416),
(865, 0, NULL, 1417),
(866, 0, NULL, 1418),
(867, 0, NULL, 1419),
(868, 0, NULL, 1420),
(869, 0, NULL, 1421),
(870, 0, NULL, 1422),
(871, 0, NULL, 1423),
(872, 0, NULL, 1424),
(873, 0, NULL, 1425),
(874, 0, NULL, 1426),
(875, 0, NULL, 1427),
(876, 0, NULL, 1428),
(877, 0, NULL, 1429),
(878, 0, NULL, 1430),
(879, 0, NULL, 1431),
(880, 0, NULL, 1432),
(881, 0, NULL, 1433),
(882, 0, NULL, 1434),
(883, 0, NULL, 1435),
(884, 0, NULL, 1436),
(885, 0, NULL, 1437),
(886, 0, NULL, 1438),
(887, 0, NULL, 1439),
(888, 0, NULL, 1440),
(889, 0, NULL, 1441),
(890, 0, NULL, 1442),
(891, 0, NULL, 1443),
(892, 0, NULL, 1444),
(893, 0, NULL, 1445),
(894, 0, NULL, 1446),
(895, 0, NULL, 1447),
(896, 0, NULL, 1448),
(897, 0, NULL, 1449),
(898, 0, NULL, 1450),
(899, 0, NULL, 1451),
(900, 0, NULL, 1452),
(901, 0, NULL, 1453),
(902, 0, NULL, 1454),
(903, 0, NULL, 1455),
(904, 0, NULL, 1456),
(905, 0, NULL, 1457),
(906, 0, NULL, 1458),
(907, 0, NULL, 1459),
(908, 0, NULL, 1460),
(909, 0, NULL, 1461),
(910, 0, NULL, 1462),
(911, 0, NULL, 1463),
(912, 0, NULL, 1464),
(913, 0, NULL, 1465),
(914, 0, NULL, 1466),
(915, 0, NULL, 1467),
(916, 0, NULL, 1468),
(917, 0, NULL, 1469),
(918, 0, NULL, 1470),
(919, 0, NULL, 1471),
(920, 0, NULL, 1472),
(921, 0, NULL, 1473),
(922, 0, NULL, 1474),
(923, 0, NULL, 1475),
(924, 0, NULL, 1476),
(925, 0, NULL, 1477),
(926, 0, NULL, 1478),
(927, 0, NULL, 1479),
(928, 0, NULL, 1480),
(929, 0, NULL, 1481),
(930, 0, NULL, 1482),
(931, 0, NULL, 1483),
(932, 0, NULL, 1484),
(933, 0, NULL, 1485),
(934, 0, NULL, 1486),
(935, 0, NULL, 1487),
(936, 0, NULL, 1488),
(937, 0, NULL, 1489),
(938, 0, NULL, 1490),
(939, 0, NULL, 1491),
(940, 0, NULL, 1492),
(941, 0, NULL, 1493),
(942, 0, NULL, 1494),
(943, 0, NULL, 1495),
(944, 0, NULL, 1496),
(945, 0, NULL, 1497),
(946, 0, NULL, 1498),
(947, 0, NULL, 1499),
(948, 0, NULL, 1500),
(949, 0, NULL, 1501),
(950, 0, NULL, 1502),
(951, 0, NULL, 1503),
(952, 0, NULL, 1504),
(953, 0, NULL, 1505),
(954, 0, NULL, 1506),
(955, 0, NULL, 1507),
(956, 0, NULL, 1508),
(957, 0, NULL, 1509),
(958, 0, NULL, 1510),
(959, 0, NULL, 1511),
(960, 0, NULL, 1512),
(961, 0, NULL, 1513),
(962, 0, NULL, 1514),
(963, 0, NULL, 1515),
(964, 0, NULL, 1516),
(965, 0, NULL, 1517),
(966, 0, NULL, 1518),
(967, 0, NULL, 1519),
(968, 0, NULL, 1520),
(969, 0, NULL, 1521),
(970, 0, NULL, 1522),
(971, 0, NULL, 1523),
(972, 0, NULL, 1524),
(973, 0, NULL, 1525),
(974, 0, NULL, 1526),
(975, 0, NULL, 1527),
(976, 0, NULL, 1528),
(977, 0, NULL, 1529),
(978, 0, NULL, 1530),
(979, 0, NULL, 1531),
(980, 0, NULL, 1532),
(981, 0, NULL, 1533),
(982, 0, NULL, 1534),
(983, 0, NULL, 1535),
(984, 0, NULL, 1536),
(985, 0, NULL, 1537),
(986, 0, NULL, 1538),
(987, 0, NULL, 1539),
(988, 0, NULL, 1540),
(989, 0, NULL, 1541),
(990, 0, NULL, 1542),
(991, 0, NULL, 1543),
(992, 0, NULL, 1544),
(993, 0, NULL, 1545),
(994, 0, NULL, 1546),
(995, 0, NULL, 1547),
(996, 0, NULL, 1548),
(997, 0, NULL, 1549),
(998, 0, NULL, 1550),
(999, 0, NULL, 1551),
(1000, 0, NULL, 1552),
(1001, 0, NULL, 1553),
(1002, 0, NULL, 1554),
(1003, 0, NULL, 1555),
(1004, 0, NULL, 1556),
(1005, 0, NULL, 1557),
(1006, 0, NULL, 1558),
(1007, 0, NULL, 1559),
(1008, 0, NULL, 1560),
(1009, 0, NULL, 1561),
(1010, 0, NULL, 1562),
(1011, 0, NULL, 1563),
(1012, 0, NULL, 1564),
(1013, 0, NULL, 1565),
(1014, 0, NULL, 1566),
(1015, 0, NULL, 1567),
(1016, 0, NULL, 1568),
(1017, 0, NULL, 1569),
(1018, 0, NULL, 1570),
(1019, 0, NULL, 1571),
(1020, 0, NULL, 1572),
(1021, 0, NULL, 1573),
(1022, 0, NULL, 1574),
(1023, 0, NULL, 1575),
(1024, 0, NULL, 1576),
(1025, 0, NULL, 1577),
(1026, 0, NULL, 1578),
(1027, 0, NULL, 1579),
(1028, 0, NULL, 1580),
(1029, 0, NULL, 1581),
(1030, 0, NULL, 1582),
(1031, 0, NULL, 1583),
(1032, 0, NULL, 1584),
(1033, 0, NULL, 1585),
(1034, 0, NULL, 1586),
(1035, 0, NULL, 1587),
(1036, 0, NULL, 1588),
(1037, 0, NULL, 1589),
(1038, 0, NULL, 1590),
(1039, 0, NULL, 1591),
(1040, 0, NULL, 1592),
(1041, 0, NULL, 1593),
(1042, 0, NULL, 1594),
(1043, 0, NULL, 1595),
(1044, 0, NULL, 1596),
(1045, 0, NULL, 1597),
(1046, 0, NULL, 1598),
(1047, 0, NULL, 1599),
(1048, 0, NULL, 1600),
(1049, 0, NULL, 1601),
(1050, 0, NULL, 1602),
(1051, 0, NULL, 1603),
(1052, 0, NULL, 1604),
(1053, 0, NULL, 1605),
(1054, 0, NULL, 1606),
(1055, 0, NULL, 1607),
(1056, 0, NULL, 1608),
(1057, 0, NULL, 1609),
(1058, 0, NULL, 1610),
(1059, 0, NULL, 1611),
(1060, 0, NULL, 1612),
(1061, 0, NULL, 1613),
(1062, 0, NULL, 1614),
(1063, 0, NULL, 1615),
(1064, 0, NULL, 1616),
(1065, 0, NULL, 1617),
(1066, 0, NULL, 1618),
(1067, 0, NULL, 1619),
(1068, 0, NULL, 1620),
(1069, 0, NULL, 1621),
(1070, 0, NULL, 1622),
(1071, 0, NULL, 1623),
(1072, 0, NULL, 1624),
(1073, 0, NULL, 1625),
(1074, 0, NULL, 1626),
(1075, 0, NULL, 1627),
(1076, 0, NULL, 1628),
(1077, 0, NULL, 1629),
(1078, 0, NULL, 1630),
(1079, 0, NULL, 1631),
(1080, 0, NULL, 1632),
(1081, 0, NULL, 1633),
(1082, 0, NULL, 1634),
(1083, 0, NULL, 1635),
(1084, 0, NULL, 1636),
(1085, 0, NULL, 1637),
(1086, 0, NULL, 1638),
(1087, 0, NULL, 1639),
(1088, 0, NULL, 1640),
(1089, 0, NULL, 1641),
(1090, 0, NULL, 1642),
(1091, 0, NULL, 1643),
(1092, 0, NULL, 1644),
(1093, 0, NULL, 1645),
(1094, 0, NULL, 1646),
(1095, 0, NULL, 1647),
(1096, 0, NULL, 1668),
(1097, 0, NULL, 1669),
(1098, 0, NULL, 1670),
(1099, 0, NULL, 1671),
(1100, 0, NULL, 1672),
(1101, 0, NULL, 1673),
(1102, 0, NULL, 1674),
(1103, 0, NULL, 1675),
(1104, 0, NULL, 1676),
(1105, 0, NULL, 1677),
(1106, 0, NULL, 1678),
(1107, 0, NULL, 1679),
(1108, 0, NULL, 1680),
(1109, 0, NULL, 1681),
(1110, 0, NULL, 1682),
(1111, 0, NULL, 1683),
(1112, 0, NULL, 1684),
(1113, 0, NULL, 1685),
(1114, 0, NULL, 1686),
(1115, 0, NULL, 1687),
(1116, 0, NULL, 1688),
(1117, 0, NULL, 1689),
(1118, 0, NULL, 1690),
(1119, 0, NULL, 1691),
(1120, 0, NULL, 1692),
(1121, 0, NULL, 1693),
(1122, 0, NULL, 1694),
(1123, 0, NULL, 1695),
(1124, 0, NULL, 1698),
(1125, 0, NULL, 1699),
(1126, 0, NULL, 1700),
(1127, 0, NULL, 1701),
(1128, 0, NULL, 1702),
(1129, 0, NULL, 1703),
(1130, 0, NULL, 1704),
(1131, 0, NULL, 1705),
(1132, 0, NULL, 1706),
(1133, 0, NULL, 1707),
(1134, 0, NULL, 1708),
(1135, 0, NULL, 1709),
(1136, 0, NULL, 1710),
(1137, 0, NULL, 1711),
(1138, 0, NULL, 1712),
(1139, 0, NULL, 1713),
(1140, 0, NULL, 1714),
(1141, 0, NULL, 1715),
(1142, 0, NULL, 1716),
(1143, 0, NULL, 1717),
(1144, 0, NULL, 1718),
(1145, 0, NULL, 1726),
(1146, 0, NULL, 1727),
(1147, 0, NULL, 1728),
(1148, 0, NULL, 1730),
(1149, 0, NULL, 1731),
(1150, 0, NULL, 1732),
(1151, 0, NULL, 1733),
(1152, 0, NULL, 1734),
(1153, 0, NULL, 1735),
(1154, 0, NULL, 1736),
(1155, 0, NULL, 1737),
(1156, 0, NULL, 1738),
(1157, 0, NULL, 1739),
(1158, 0, NULL, 1740),
(1159, 0, NULL, 1741),
(1160, 0, NULL, 1742),
(1161, 0, NULL, 1743),
(1162, 0, NULL, 1764),
(1163, 0, NULL, 1765),
(1164, 0, NULL, 1766),
(1165, 0, NULL, 1767),
(1166, 0, NULL, 1768),
(1167, 0, NULL, 1769),
(1168, 0, NULL, 1770),
(1169, 0, NULL, 1773),
(1170, 0, NULL, 1779),
(1171, 0, NULL, 1780),
(1172, 0, NULL, 1781),
(1173, 0, NULL, 1782),
(1174, 0, NULL, 1783),
(1175, 0, NULL, 1784),
(1176, 0, NULL, 1785),
(1177, 0, NULL, 1786),
(1178, 0, NULL, 1787),
(1179, 0, NULL, 1788),
(1180, 0, NULL, 1790),
(1181, 0, NULL, 1791),
(1182, 0, NULL, 1792),
(1183, 0, NULL, 1793),
(1184, 0, NULL, 1794),
(1185, 0, NULL, 1796),
(1186, 0, NULL, 1797),
(1187, 0, NULL, 1798),
(1188, 0, NULL, 1799),
(1189, 0, NULL, 1800),
(1190, 0, NULL, 1801),
(1191, 0, NULL, 1803),
(1192, 0, NULL, 1804),
(1193, 0, NULL, 1805),
(1194, 0, NULL, 1806),
(1195, 0, NULL, 1807),
(1196, 0, NULL, 1808),
(1197, 0, NULL, 1809),
(1198, 0, NULL, 1811),
(1199, 0, NULL, 1812),
(1200, 0, NULL, 1813),
(1201, 0, NULL, 1814),
(1202, 0, NULL, 1815),
(1203, 0, NULL, 1817),
(1204, 0, NULL, 1818),
(1205, 0, NULL, 1819),
(1206, 0, NULL, 1820),
(1207, 0, NULL, 1821),
(1208, 0, NULL, 1822),
(1209, 0, NULL, 1823),
(1210, 0, NULL, 1824),
(1211, 0, NULL, 1825),
(1212, 0, NULL, 1826),
(1213, 0, NULL, 1827),
(1214, 0, NULL, 1828),
(1215, 0, NULL, 1829),
(1216, 0, NULL, 1830),
(1217, 0, NULL, 1831),
(1218, 0, NULL, 1832),
(1219, 0, NULL, 1833),
(1220, 0, NULL, 1834),
(1221, 0, NULL, 1835),
(1222, 0, NULL, 1836),
(1223, 0, NULL, 1837),
(1224, 0, NULL, 1838),
(1225, 0, NULL, 1839),
(1226, 0, NULL, 1840),
(1227, 0, NULL, 1841),
(1228, 0, NULL, 1842),
(1229, 0, NULL, 1843),
(1230, 0, NULL, 1844),
(1231, 0, NULL, 1845),
(1232, 0, NULL, 1846),
(1233, 0, NULL, 1847),
(1234, 0, NULL, 1848),
(1235, 0, NULL, 1849),
(1236, 0, NULL, 1856),
(1237, 0, NULL, 1860),
(1238, 0, NULL, 1861),
(1239, 0, NULL, 1862),
(1240, 0, NULL, 1863),
(1241, 0, NULL, 1864),
(1242, 0, NULL, 1865),
(1243, 0, NULL, 1866),
(1244, 0, NULL, 1867),
(1245, 0, NULL, 1868),
(1246, 0, NULL, 1869),
(1247, 0, NULL, 1870),
(1248, 0, NULL, 1871),
(1249, 0, NULL, 1873),
(1250, 0, NULL, 1874),
(1251, 0, NULL, 1875),
(1252, 0, NULL, 1876),
(1253, 0, NULL, 1877),
(1254, 0, NULL, 1878),
(1255, 0, NULL, 1879),
(1256, 0, NULL, 1881),
(1257, 0, NULL, 1882),
(1258, 0, NULL, 1883),
(1259, 0, NULL, 1884),
(1260, 0, NULL, 1885),
(1261, 0, NULL, 1886),
(1262, 0, NULL, 1887),
(1263, 0, NULL, 1888),
(1264, 0, NULL, 1889),
(1265, 0, NULL, 1890),
(1266, 0, NULL, 1891),
(1267, 0, NULL, 1892),
(1268, 0, NULL, 1893),
(1269, 0, NULL, 1894),
(1270, 0, NULL, 1895),
(1271, 0, NULL, 1896),
(1272, 0, NULL, 1897),
(1273, 0, NULL, 1898),
(1274, 0, NULL, 1899),
(1275, 0, NULL, 1900),
(1276, 0, NULL, 1901),
(1277, 0, NULL, 1902),
(1278, 0, NULL, 1903),
(1279, 0, NULL, 1904),
(1280, 0, NULL, 1905),
(1281, 0, NULL, 1906),
(1282, 0, NULL, 1907),
(1283, 0, NULL, 1908),
(1284, 0, NULL, 1909),
(1285, 0, NULL, 1910),
(1286, 0, NULL, 1911),
(1287, 0, NULL, 1912),
(1288, 0, NULL, 1913),
(1289, 0, NULL, 1914),
(1290, 0, NULL, 1915),
(1291, 0, NULL, 1916),
(1292, 0, NULL, 1917),
(1293, 0, NULL, 1918),
(1294, 0, NULL, 1919),
(1295, 0, NULL, 1920),
(1296, 0, NULL, 1921),
(1297, 0, NULL, 1922),
(1298, 0, NULL, 1923),
(1299, 0, NULL, 1924),
(1300, 0, NULL, 1925),
(1301, 0, NULL, 1926),
(1302, 0, NULL, 1927),
(1303, 0, NULL, 1928),
(1304, 0, NULL, 1929),
(1305, 0, NULL, 1930),
(1306, 0, NULL, 1931),
(1307, 0, NULL, 1932),
(1308, 0, NULL, 1933),
(1309, 0, NULL, 1934),
(1310, 0, NULL, 1935),
(1311, 0, NULL, 1936),
(1312, 0, NULL, 1937),
(1313, 0, NULL, 1938),
(1314, 0, NULL, 1939),
(1315, 0, NULL, 1940),
(1316, 0, NULL, 1941),
(1317, 0, NULL, 1942),
(1318, 0, NULL, 1943),
(1319, 0, NULL, 1944),
(1320, 0, NULL, 1945),
(1321, 0, NULL, 1946),
(1322, 0, NULL, 1947),
(1323, 0, NULL, 1948),
(1324, 0, NULL, 1949),
(1325, 0, NULL, 1950),
(1326, 0, NULL, 1951),
(1327, 0, NULL, 1952),
(1328, 0, NULL, 1953),
(1329, 0, NULL, 1954),
(1330, 0, NULL, 1955),
(1331, 0, NULL, 1956),
(1332, 0, NULL, 1957),
(1333, 0, NULL, 1958),
(1334, 0, NULL, 1959),
(1335, 0, NULL, 1960),
(1336, 0, NULL, 1961),
(1337, 0, NULL, 1962),
(1338, 0, NULL, 1963),
(1339, 0, NULL, 1964),
(1340, 0, NULL, 1965),
(1341, 0, NULL, 1966),
(1342, 0, NULL, 1967),
(1343, 0, NULL, 1968),
(1344, 0, NULL, 1969),
(1345, 0, NULL, 1970),
(1346, 0, NULL, 1971),
(1347, 0, NULL, 1972),
(1348, 0, NULL, 1973),
(1349, 0, NULL, 1974),
(1350, 0, NULL, 1975),
(1351, 0, NULL, 1976),
(1352, 0, NULL, 1977),
(1353, 0, NULL, 1978),
(1354, 0, NULL, 1979),
(1355, 0, NULL, 1980),
(1356, 0, NULL, 1981),
(1357, 0, NULL, 1982),
(1358, 0, NULL, 1983),
(1359, 0, NULL, 1984),
(1360, 0, NULL, 1985),
(1361, 0, NULL, 1986),
(1362, 0, NULL, 1987),
(1363, 0, NULL, 1988),
(1364, 0, NULL, 1989),
(1365, 0, NULL, 1990),
(1366, 0, NULL, 1991),
(1367, 0, NULL, 1992),
(1368, 0, NULL, 1993),
(1369, 0, NULL, 1994),
(1370, 0, NULL, 1995),
(1371, 0, NULL, 1996),
(1372, 0, NULL, 1997),
(1373, 0, NULL, 1998),
(1374, 0, NULL, 1999),
(1375, 0, NULL, 2000),
(1376, 0, NULL, 2001),
(1377, 0, NULL, 2002),
(1378, 0, NULL, 2003),
(1379, 0, NULL, 2004),
(1380, 0, NULL, 2005),
(1381, 0, NULL, 2006),
(1382, 0, NULL, 2007),
(1383, 0, NULL, 2008),
(1384, 0, NULL, 2009),
(1385, 0, NULL, 2010),
(1386, 0, NULL, 2011),
(1387, 0, NULL, 2012),
(1388, 0, NULL, 2013),
(1389, 0, NULL, 2014),
(1390, 0, NULL, 2015),
(1391, 0, NULL, 2016),
(1392, 0, NULL, 2017),
(1393, 0, NULL, 2018),
(1394, 0, NULL, 2019),
(1395, 0, NULL, 2020),
(1396, 0, NULL, 2021),
(1397, 0, NULL, 2022),
(1398, 0, NULL, 2023),
(1399, 0, NULL, 2024),
(1400, 0, NULL, 2025),
(1401, 0, NULL, 2026),
(1402, 0, NULL, 2027),
(1403, 0, NULL, 2028),
(1404, 0, NULL, 2029),
(1405, 0, NULL, 2030),
(1406, 0, NULL, 2031),
(1407, 0, NULL, 2032),
(1408, 0, NULL, 2033),
(1409, 0, NULL, 2034),
(1410, 0, NULL, 2035),
(1411, 0, NULL, 2036),
(1412, 0, NULL, 2037),
(1413, 0, NULL, 2038),
(1414, 0, NULL, 2039),
(1415, 0, NULL, 2040),
(1416, 0, NULL, 2041),
(1417, 0, NULL, 2042),
(1418, 0, NULL, 2043),
(1419, 0, NULL, 2044),
(1420, 0, NULL, 2045),
(1421, 0, NULL, 2046),
(1422, 0, NULL, 2047),
(1423, 0, NULL, 2048),
(1424, 0, NULL, 2049),
(1425, 0, NULL, 2050),
(1426, 0, NULL, 2051),
(1427, 0, NULL, 2052),
(1428, 0, NULL, 2053),
(1429, 0, NULL, 2054),
(1430, 0, NULL, 2055),
(1431, 0, NULL, 2056),
(1432, 0, NULL, 2057),
(1433, 0, NULL, 2058),
(1434, 0, NULL, 2059),
(1435, 0, NULL, 2060),
(1436, 0, NULL, 2061),
(1437, 0, NULL, 2062),
(1438, 0, NULL, 2063),
(1439, 0, NULL, 2064),
(1440, 0, NULL, 2065),
(1441, 0, NULL, 2066),
(1442, 0, NULL, 2067),
(1443, 0, NULL, 2068),
(1444, 0, NULL, 2069),
(1445, 0, NULL, 2070),
(1446, 0, NULL, 2071),
(1447, 0, NULL, 2072),
(1448, 0, NULL, 2073),
(1449, 0, NULL, 2074),
(1450, 0, NULL, 2075),
(1451, 0, NULL, 2076),
(1452, 0, NULL, 2077),
(1453, 0, NULL, 2078),
(1454, 0, NULL, 2079),
(1455, 0, NULL, 2080),
(1456, 0, NULL, 2081),
(1457, 0, NULL, 2082),
(1458, 0, NULL, 2083),
(1459, 0, NULL, 2084),
(1460, 0, NULL, 2085),
(1461, 0, NULL, 2086),
(1462, 0, NULL, 2087),
(1463, 0, NULL, 2088),
(1464, 0, NULL, 2089),
(1465, 0, NULL, 2090),
(1466, 0, NULL, 2091),
(1467, 0, NULL, 2092),
(1468, 0, NULL, 2093),
(1469, 0, NULL, 2094),
(1470, 0, NULL, 2095),
(1471, 0, NULL, 2096),
(1472, 0, NULL, 2097),
(1473, 0, NULL, 2098),
(1474, 0, NULL, 2099),
(1475, 0, NULL, 2100),
(1476, 0, NULL, 2101),
(1477, 0, NULL, 2102),
(1478, 0, NULL, 2103),
(1479, 0, NULL, 2104),
(1480, 0, NULL, 2105),
(1481, 0, NULL, 2106),
(1482, 0, NULL, 2107),
(1483, 0, NULL, 2108),
(1484, 0, NULL, 2109),
(1485, 0, NULL, 2110),
(1486, 0, NULL, 2111),
(1487, 0, NULL, 2112),
(1488, 0, NULL, 2113),
(1489, 0, NULL, 2114),
(1490, 0, NULL, 2115),
(1491, 0, NULL, 2116),
(1492, 0, NULL, 2117),
(1493, 0, NULL, 2118),
(1494, 0, NULL, 2119),
(1495, 0, NULL, 2120),
(1496, 0, NULL, 2121),
(1497, 0, NULL, 2122),
(1498, 0, NULL, 2123),
(1499, 0, NULL, 2124),
(1500, 0, NULL, 2125),
(1501, 0, NULL, 2126),
(1502, 0, NULL, 2127),
(1503, 0, NULL, 2128),
(1504, 0, NULL, 2129),
(1505, 0, NULL, 2130),
(1506, 0, NULL, 2131),
(1507, 0, NULL, 2132),
(1508, 0, NULL, 2133),
(1509, 0, NULL, 2134),
(1510, 0, NULL, 2135),
(1511, 0, NULL, 2136),
(1512, 0, NULL, 2137),
(1513, 0, NULL, 2138),
(1514, 0, NULL, 2139),
(1515, 0, NULL, 2140),
(1516, 0, NULL, 2141),
(1517, 0, NULL, 2142),
(1518, 0, NULL, 2143),
(1519, 0, NULL, 2144),
(1520, 0, NULL, 2145),
(1521, 0, NULL, 2146),
(1522, 0, NULL, 2147),
(1523, 0, NULL, 2148),
(1524, 0, NULL, 2149),
(1525, 0, NULL, 2150),
(1526, 0, NULL, 2151),
(1527, 0, NULL, 2152),
(1528, 0, NULL, 2153),
(1529, 0, NULL, 2154),
(1530, 0, NULL, 2155),
(1531, 0, NULL, 2156),
(1532, 0, NULL, 2157),
(1533, 0, NULL, 2158),
(1534, 0, NULL, 2159),
(1535, 0, NULL, 2160),
(1536, 0, NULL, 2161),
(1537, 0, NULL, 2162),
(1538, 0, NULL, 2163),
(1539, 0, NULL, 2164),
(1540, 0, NULL, 2165),
(1541, 0, NULL, 2167),
(1542, 0, NULL, 2168),
(1543, 0, NULL, 2169),
(1544, 0, NULL, 2170),
(1545, 0, NULL, 2171),
(1546, 0, NULL, 2172),
(1547, 0, NULL, 2173),
(1548, 0, NULL, 2174),
(1549, 0, NULL, 2175),
(1550, 0, NULL, 2183),
(1551, 0, NULL, 2187),
(1552, 0, NULL, 2188),
(1553, 0, NULL, 2189),
(1554, 0, NULL, 2190),
(1555, 0, NULL, 2191),
(1556, 0, NULL, 2192),
(1557, 0, NULL, 2193),
(1558, 0, NULL, 2194),
(1559, 0, NULL, 2195),
(1560, 0, NULL, 2196),
(1561, 0, NULL, 2197),
(1562, 0, NULL, 2198),
(1563, 0, NULL, 2199),
(1564, 0, NULL, 2200),
(1565, 0, NULL, 2201),
(1566, 0, NULL, 2202),
(1567, 0, NULL, 2203),
(1568, 0, NULL, 2204),
(1569, 0, NULL, 2205),
(1570, 0, NULL, 2206),
(1571, 0, NULL, 2207),
(1572, 0, NULL, 2208),
(1573, 0, NULL, 2209),
(1574, 0, NULL, 2210),
(1575, 0, NULL, 2211),
(1576, 0, NULL, 2212),
(1577, 0, NULL, 2213),
(1578, 0, NULL, 2214),
(1579, 0, NULL, 2215),
(1580, 0, NULL, 2216),
(1581, 0, NULL, 2217),
(1582, 0, NULL, 2218),
(1583, 0, NULL, 2219),
(1584, 0, NULL, 2220),
(1585, 0, NULL, 2221),
(1586, 0, NULL, 2222),
(1587, 0, NULL, 2223),
(1588, 0, NULL, 2224),
(1589, 0, NULL, 2225),
(1590, 0, NULL, 2226),
(1591, 0, NULL, 2227),
(1592, 0, NULL, 2228),
(1593, 0, NULL, 2229),
(1594, 0, NULL, 2230),
(1595, 0, NULL, 2231),
(1596, 0, NULL, 2232),
(1597, 0, NULL, 2233),
(1598, 0, NULL, 2234),
(1599, 0, NULL, 2235),
(1600, 0, NULL, 2236),
(1601, 0, NULL, 2237),
(1602, 0, NULL, 2238),
(1603, 0, NULL, 2239),
(1604, 0, NULL, 2240),
(1605, 0, NULL, 2241),
(1606, 0, NULL, 2242),
(1607, 0, NULL, 2243),
(1608, 0, NULL, 2244),
(1609, 0, NULL, 2245),
(1610, 0, NULL, 2246),
(1611, 0, NULL, 2247),
(1612, 0, NULL, 2248),
(1613, 0, NULL, 2249),
(1614, 0, NULL, 2250),
(1615, 0, NULL, 2251),
(1616, 0, NULL, 2252),
(1617, 0, NULL, 2253),
(1618, 0, NULL, 2254),
(1619, 0, NULL, 2255),
(1620, 0, NULL, 2256),
(1621, 0, NULL, 2257),
(1622, 0, NULL, 2258),
(1623, 0, NULL, 2259),
(1624, 0, NULL, 2260),
(1625, 0, NULL, 2261),
(1626, 0, NULL, 2262),
(1627, 0, NULL, 2263),
(1628, 0, NULL, 2264),
(1629, 0, NULL, 2265),
(1630, 0, NULL, 2266),
(1631, 0, NULL, 2267),
(1632, 0, NULL, 2268),
(1633, 0, NULL, 2269),
(1634, 0, NULL, 2270),
(1635, 0, NULL, 2271),
(1636, 0, NULL, 2272),
(1637, 0, NULL, 2273),
(1638, 0, NULL, 2274),
(1639, 0, NULL, 2275),
(1640, 0, NULL, 2276),
(1641, 0, NULL, 2277),
(1642, 0, NULL, 2278),
(1643, 0, NULL, 2279),
(1644, 0, NULL, 2280),
(1645, 0, NULL, 2281),
(1646, 0, NULL, 2282),
(1647, 0, NULL, 2283),
(1648, 0, NULL, 2284),
(1649, 0, NULL, 2285),
(1650, 0, NULL, 2286),
(1651, 0, NULL, 2287),
(1652, 0, NULL, 2288),
(1653, 0, NULL, 2289),
(1654, 0, NULL, 2290),
(1655, 0, NULL, 2291),
(1656, 0, NULL, 2292),
(1657, 0, NULL, 2293),
(1658, 0, NULL, 2294),
(1659, 0, NULL, 2295),
(1660, 0, NULL, 2296),
(1661, 0, NULL, 2297),
(1662, 0, NULL, 2298),
(1663, 0, NULL, 2299),
(1664, 0, NULL, 2300),
(1665, 0, NULL, 2301),
(1666, 0, NULL, 2302),
(1667, 0, NULL, 2303),
(1668, 0, NULL, 2304),
(1669, 0, NULL, 2305),
(1670, 0, NULL, 2306),
(1671, 0, NULL, 2307),
(1672, 0, NULL, 2308),
(1673, 0, NULL, 2309),
(1674, 0, NULL, 2310),
(1675, 0, NULL, 2311),
(1676, 0, NULL, 2312),
(1677, 0, NULL, 2313),
(1678, 0, NULL, 2314),
(1679, 0, NULL, 2315),
(1680, 0, NULL, 2316),
(1681, 0, NULL, 2317),
(1682, 0, NULL, 2318),
(1683, 0, NULL, 2319),
(1684, 0, NULL, 2320),
(1685, 0, NULL, 2321),
(1686, 0, NULL, 2322),
(1687, 0, NULL, 2323),
(1688, 0, NULL, 2324),
(1689, 0, NULL, 2325),
(1690, 0, NULL, 2326),
(1691, 0, NULL, 2327),
(1692, 0, NULL, 2328),
(1693, 0, NULL, 2329),
(1694, 0, NULL, 2330),
(1695, 0, NULL, 2331),
(1696, 0, NULL, 2332),
(1697, 0, NULL, 2333),
(1698, 0, NULL, 2334),
(1699, 0, NULL, 2335),
(1700, 0, NULL, 2336),
(1701, 0, NULL, 2337),
(1702, 0, NULL, 2338),
(1703, 0, NULL, 2339),
(1704, 0, NULL, 2340),
(1705, 0, NULL, 2341),
(1706, 0, NULL, 2342),
(1707, 0, NULL, 2343),
(1708, 0, NULL, 2344),
(1709, 0, NULL, 2345),
(1710, 0, NULL, 2346),
(1711, 0, NULL, 2347),
(1712, 0, NULL, 2348),
(1713, 0, NULL, 2349),
(1714, 0, NULL, 2350),
(1715, 0, NULL, 2351),
(1716, 0, NULL, 2352),
(1717, 0, NULL, 2353),
(1718, 0, NULL, 2354),
(1719, 0, NULL, 2355),
(1720, 0, NULL, 2356),
(1721, 0, NULL, 2357),
(1722, 0, NULL, 2358),
(1723, 0, NULL, 2359),
(1724, 0, NULL, 2360),
(1725, 0, NULL, 2361),
(1726, 0, NULL, 2362),
(1727, 0, NULL, 2363),
(1728, 0, NULL, 2364),
(1729, 0, NULL, 2365),
(1730, 0, NULL, 2366),
(1731, 0, NULL, 2367),
(1732, 0, NULL, 2368),
(1733, 0, NULL, 2369),
(1734, 0, NULL, 2370),
(1735, 0, NULL, 2371),
(1736, 0, NULL, 2372),
(1737, 0, NULL, 2373),
(1738, 0, NULL, 2374),
(1739, 0, NULL, 2375),
(1740, 0, NULL, 2376),
(1741, 0, NULL, 2377),
(1742, 0, NULL, 2378),
(1743, 0, NULL, 2379),
(1744, 0, NULL, 2380),
(1745, 0, NULL, 2381),
(1746, 0, NULL, 2382),
(1747, 0, NULL, 2383),
(1748, 0, NULL, 2384),
(1749, 0, NULL, 2385),
(1750, 0, NULL, 2386),
(1751, 0, NULL, 2387),
(1752, 0, NULL, 2388),
(1753, 0, NULL, 2389),
(1754, 0, NULL, 2390),
(1755, 0, NULL, 2391),
(1756, 0, NULL, 2392),
(1757, 0, NULL, 2393),
(1758, 0, NULL, 2394),
(1759, 0, NULL, 2395),
(1760, 0, NULL, 2396),
(1761, 0, NULL, 2397),
(1762, 0, NULL, 2398),
(1763, 0, NULL, 2399),
(1764, 0, NULL, 2400),
(1765, 0, NULL, 2401),
(1766, 0, NULL, 2402),
(1767, 0, NULL, 2403),
(1768, 0, NULL, 2404),
(1769, 0, NULL, 2405),
(1770, 0, NULL, 2406),
(1771, 0, NULL, 2407),
(1772, 0, NULL, 2408),
(1773, 0, NULL, 2409),
(1774, 0, NULL, 2410),
(1775, 0, NULL, 2411),
(1776, 0, NULL, 2412),
(1777, 0, NULL, 2413),
(1778, 0, NULL, 2414),
(1779, 0, NULL, 2415),
(1780, 0, NULL, 2416),
(1781, 0, NULL, 2417),
(1782, 0, NULL, 2418),
(1783, 0, NULL, 2419),
(1784, 0, NULL, 2420),
(1785, 0, NULL, 2421),
(1786, 0, NULL, 2422),
(1787, 0, NULL, 2423),
(1788, 0, NULL, 2424),
(1789, 0, NULL, 2425),
(1790, 0, NULL, 2426),
(1791, 0, NULL, 2427),
(1792, 0, NULL, 2428),
(1793, 0, NULL, 2429),
(1794, 0, NULL, 2430),
(1795, 0, NULL, 2431),
(1796, 0, NULL, 2432),
(1797, 0, NULL, 2433),
(1798, 0, NULL, 2434),
(1799, 0, NULL, 2435),
(1800, 0, NULL, 2436),
(1801, 0, NULL, 2437),
(1802, 0, NULL, 2438),
(1803, 0, NULL, 2439),
(1804, 0, NULL, 2440),
(1805, 0, NULL, 2441),
(1806, 0, NULL, 2442),
(1807, 0, NULL, 2443),
(1808, 0, NULL, 2444),
(1809, 0, NULL, 2445),
(1810, 0, NULL, 2446),
(1811, 0, NULL, 2447),
(1812, 0, NULL, 2448),
(1813, 0, NULL, 2449),
(1814, 0, NULL, 2450),
(1815, 0, NULL, 2451),
(1816, 0, NULL, 2452),
(1817, 0, NULL, 2453),
(1818, 0, NULL, 2454),
(1819, 0, NULL, 2455),
(1820, 0, NULL, 2456),
(1821, 0, NULL, 2457),
(1822, 0, NULL, 2458),
(1823, 0, NULL, 2459),
(1824, 0, NULL, 2460),
(1825, 0, NULL, 2461),
(1826, 0, NULL, 2462),
(1827, 0, NULL, 2463),
(1828, 0, NULL, 2464),
(1829, 0, NULL, 2465),
(1830, 0, NULL, 2466),
(1831, 0, NULL, 2467),
(1832, 0, NULL, 2468),
(1833, 0, NULL, 2469),
(1834, 0, NULL, 2470),
(1835, 0, NULL, 2471),
(1836, 0, NULL, 2472),
(1837, 0, NULL, 2473),
(1838, 0, NULL, 2474),
(1839, 0, NULL, 2475),
(1840, 0, NULL, 2476),
(1841, 0, NULL, 2477),
(1842, 0, NULL, 2478),
(1843, 0, NULL, 2479),
(1844, 0, NULL, 2480),
(1845, 0, NULL, 2481),
(1846, 0, NULL, 2482),
(1847, 0, NULL, 2483),
(1848, 0, NULL, 2484),
(1849, 0, NULL, 2485),
(1850, 0, NULL, 2486),
(1851, 0, NULL, 2487),
(1852, 0, NULL, 2488),
(1853, 0, NULL, 2489);

--
-- Daten für Tabelle `experience`
--

INSERT INTO `experience` (`id`, `adventure_points`, `max_number_of_spells_or_liturgical_chants`, `maximum_attribute_total`, `maximum_attribute_value`, `maximum_combat_technique`, `maximum_skill_value`, `name`, `numer_from_other_traditions`) VALUES
(1, 900, 8, 95, 12, 8, 10, 'Unerfahren', 0),
(2, 1000, 10, 98, 13, 10, 10, 'Durchschnitt', 1),
(3, 1100, 12, 100, 14, 12, 10, 'Erfahren', 2),
(4, 1200, 14, 102, 15, 14, 13, 'Kompetent', 3),
(5, 1400, 16, 105, 16, 16, 16, 'Meisterlich', 4),
(6, 1700, 18, 109, 17, 18, 19, 'Brillant', 5),
(7, 2100, 20, 114, 18, 20, 20, 'Legendär', 6);

--
-- Daten für Tabelle `level_check`
--

INSERT INTO `level_check` (`type`, `id`) VALUES
('Fix', 1),
('Fix', 2),
('Fix', 3),
('Fix', 4),
('Fix', 5),
('Fix', 6),
('Fix', 7),
('Fix', 8),
('Fix', 9),
('Fix', 10),
('Fix', 11),
('Fix', 12),
('Fix', 13),
('Fix', 14),
('Fix', 15),
('Fix', 16),
('Fix', 17),
('Fix', 18),
('Fix', 19),
('Fix', 20),
('Fix', 21),
('Fix', 22),
('Fix', 23),
('Fix', 24),
('Fix', 25),
('Fix', 26),
('Fix', 27),
('Fix', 28),
('Fix', 29),
('Fix', 30),
('Fix', 31),
('Fix', 32),
('Fix', 33),
('Fix', 34),
('Fix', 35),
('Fix', 36),
('Fix', 37),
('Fix', 38),
('Fix', 39),
('Fix', 40),
('Fix', 41),
('Fix', 42),
('Fix', 43),
('Fix', 44),
('Fix', 45),
('Fix', 46),
('Fix', 47),
('Fix', 48),
('Fix', 49),
('Fix', 50),
('Fix', 51),
('Fix', 52),
('Fix', 53),
('Fix', 54),
('Fix', 55),
('Fix', 56),
('Fix', 57),
('Fix', 58),
('Fix', 59),
('Fix', 60),
('Fix', 61),
('Fix', 62),
('Fix', 63),
('Fix', 64),
('Fix', 65),
('Fix', 66),
('Fix', 67),
('Fix', 68),
('Fix', 69),
('Fix', 70),
('Fix', 71),
('Fix', 72),
('Fix', 73),
('Fix', 74),
('Fix', 75),
('Fix', 76),
('Fix', 77),
('Fix', 78),
('Fix', 79),
('Fix', 80),
('Fix', 81),
('Fix', 82),
('Fix', 83),
('Fix', 84),
('Fix', 85),
('Fix', 86),
('Fix', 87),
('Fix', 88),
('Fix', 89),
('Fix', 90),
('Fix', 91),
('Fix', 92),
('Fix', 93),
('Fix', 94),
('Fix', 95),
('Fix', 96),
('Fix', 97),
('Fix', 98),
('Fix', 99),
('Fix', 100),
('Fix', 101),
('Fix', 102),
('Fix', 103),
('Fix', 104),
('Fix', 105),
('Fix', 106),
('Fix', 107),
('Fix', 108),
('Fix', 109),
('Fix', 110),
('Fix', 111),
('Fix', 112),
('Fix', 113),
('Fix', 114),
('Fix', 115),
('Fix', 116),
('Fix', 117),
('Fix', 118),
('Fix', 119),
('Fix', 120),
('Fix', 121),
('Fix', 122),
('Fix', 123),
('Fix', 124),
('Fix', 125),
('Fix', 126),
('Fix', 127),
('Fix', 128),
('Fix', 129),
('Fix', 130),
('Fix', 131),
('Fix', 132),
('Fix', 133),
('Fix', 134),
('Fix', 135),
('Fix', 136),
('Fix', 137),
('Fix', 138),
('Fix', 139),
('Fix', 140),
('Fix', 141),
('Fix', 142),
('Fix', 143),
('Fix', 144),
('Fix', 145),
('Fix', 146),
('Fix', 147),
('Fix', 148),
('Fix', 149),
('Fix', 150),
('Fix', 151),
('Fix', 152),
('Fix', 153),
('Fix', 154),
('Fix', 155),
('Fix', 156),
('Fix', 157),
('Fix', 158),
('Fix', 159),
('Fix', 160),
('Fix', 161),
('Fix', 162),
('Fix', 163),
('Fix', 164),
('Fix', 165),
('Fix', 166),
('Fix', 167),
('Fix', 168),
('Fix', 169),
('Fix', 170),
('Fix', 171),
('Fix', 172),
('Fix', 173),
('Fix', 174),
('Fix', 175),
('Fix', 176),
('Fix', 177),
('Fix', 178),
('Fix', 179),
('Fix', 180),
('Fix', 181),
('Fix', 182),
('Fix', 183),
('Fix', 184),
('Fix', 185),
('Fix', 186),
('Fix', 187),
('Fix', 188),
('Fix', 189),
('Fix', 190),
('Fix', 191),
('Fix', 192),
('Fix', 193),
('Fix', 194),
('Fix', 195),
('Fix', 196),
('Fix', 197),
('Fix', 198),
('Fix', 199),
('Fix', 200),
('Fix', 201),
('Fix', 202),
('Fix', 203),
('Fix', 204),
('Fix', 205),
('Fix', 206),
('Fix', 207),
('Fix', 208),
('Fix', 209),
('Fix', 210),
('Fix', 211),
('Fix', 212),
('Fix', 213),
('Fix', 214),
('Fix', 215),
('Fix', 216),
('Fix', 217),
('Fix', 218),
('Fix', 219),
('Fix', 220),
('Fix', 221),
('Fix', 222),
('Fix', 223),
('Fix', 224),
('Fix', 225),
('Fix', 226),
('Fix', 227),
('Fix', 228),
('Fix', 229),
('Fix', 230),
('Fix', 231),
('Fix', 232),
('Fix', 233),
('Fix', 234),
('Fix', 235),
('Fix', 236),
('Fix', 237),
('Fix', 238),
('Fix', 239),
('Fix', 240),
('Fix', 241),
('Fix', 242),
('Fix', 243),
('Fix', 244),
('Fix', 245),
('Fix', 246),
('Fix', 247),
('Fix', 248),
('Fix', 249),
('Fix', 250),
('Fix', 251),
('Fix', 252),
('Fix', 253),
('Fix', 254),
('Fix', 255),
('Fix', 256),
('Fix', 257),
('Fix', 258),
('Fix', 259),
('Fix', 260),
('Fix', 261),
('Fix', 262),
('Fix', 263),
('Fix', 264),
('Fix', 265),
('Fix', 266),
('Fix', 267),
('Fix', 268),
('Fix', 269),
('Fix', 270),
('Fix', 271),
('Fix', 272),
('Fix', 273),
('Fix', 274),
('Fix', 275),
('Fix', 276),
('Fix', 277),
('Fix', 278),
('Fix', 279),
('Fix', 280),
('Fix', 281),
('Fix', 282),
('Fix', 283),
('Fix', 284),
('Fix', 285),
('Fix', 286),
('Fix', 287),
('Fix', 288),
('Fix', 289),
('Fix', 290),
('Fix', 291),
('Fix', 292),
('Fix', 293),
('Fix', 294),
('Fix', 295),
('Fix', 296),
('Fix', 297),
('Fix', 298),
('Fix', 299),
('Fix', 300),
('Fix', 301),
('Fix', 302),
('Fix', 303),
('Fix', 304),
('Fix', 305),
('Fix', 306),
('Fix', 307),
('Fix', 308),
('Fix', 309),
('Fix', 310),
('Fix', 311),
('Fix', 312),
('Fix', 313),
('Fix', 314),
('Fix', 315),
('Fix', 316),
('Fix', 317),
('Fix', 318),
('Fix', 319),
('Fix', 320),
('Fix', 321),
('Fix', 322),
('Fix', 323),
('Fix', 324),
('Fix', 325),
('Fix', 326),
('Fix', 327),
('Fix', 328),
('Fix', 329),
('Fix', 330),
('Fix', 331),
('Fix', 332),
('Fix', 333),
('Fix', 334),
('Fix', 335),
('Fix', 336),
('Fix', 337),
('Fix', 338),
('Fix', 339),
('Fix', 340),
('Fix', 341),
('Fix', 342);

--
-- Daten für Tabelle `level_check_fixed`
--

INSERT INTO `level_check_fixed` (`level`, `id`) VALUES
(13, 1),
(15, 2),
(12, 3),
(13, 4),
(13, 5),
(15, 6),
(14, 7),
(10, 8),
(8, 9),
(13, 10),
(13, 11),
(13, 12),
(15, 13),
(13, 14),
(13, 15),
(15, 16),
(15, 17),
(13, 18),
(12, 19),
(14, 20),
(12, 21),
(12, 22),
(8, 23),
(4, 24),
(4, 25),
(4, 26),
(4, 27),
(4, 28),
(4, 29),
(8, 30),
(4, 31),
(12, 32),
(8, 33),
(8, 34),
(8, 35),
(2, 36),
(4, 37),
(4, 38),
(4, 39),
(4, 40),
(4, 41),
(8, 42),
(8, 43),
(4, 44),
(4, 45),
(8, 46),
(8, 47),
(4, 48),
(4, 49),
(8, 50),
(8, 51),
(8, 52),
(4, 53),
(4, 54),
(8, 55),
(4, 56),
(2, 57),
(8, 58),
(4, 59),
(8, 60),
(4, 61),
(4, 62),
(8, 63),
(4, 64),
(4, 65),
(4, 66),
(8, 67),
(4, 68),
(8, 69),
(4, 70),
(4, 71),
(8, 72),
(4, 73),
(4, 74),
(8, 75),
(8, 76),
(4, 77),
(8, 78),
(8, 79),
(4, 80),
(4, 81),
(8, 82),
(8, 83),
(8, 84),
(8, 85),
(8, 86),
(8, 87),
(8, 88),
(4, 89),
(8, 90),
(4, 91),
(4, 92),
(4, 93),
(8, 94),
(8, 95),
(8, 96),
(8, 97),
(8, 98),
(4, 99),
(4, 100),
(8, 101),
(4, 102),
(4, 103),
(4, 104),
(4, 105),
(4, 106),
(4, 107),
(4, 108),
(4, 109),
(4, 110),
(4, 111),
(4, 112),
(8, 113),
(4, 114),
(4, 115),
(10, 116),
(4, 117),
(4, 118),
(8, 119),
(8, 120),
(8, 121),
(4, 122),
(4, 123),
(8, 124),
(8, 125),
(8, 126),
(8, 127),
(10, 128),
(12, 129),
(12, 130),
(15, 131),
(15, 132),
(13, 133),
(10, 134),
(13, 135),
(15, 136),
(13, 137),
(13, 138),
(15, 139),
(15, 140),
(15, 141),
(15, 142),
(15, 143),
(15, 144),
(15, 145),
(13, 146),
(13, 147),
(15, 148),
(13, 149),
(15, 150),
(13, 151),
(15, 152),
(13, 153),
(13, 154),
(13, 155),
(13, 156),
(15, 157),
(13, 158),
(15, 159),
(13, 160),
(15, 161),
(13, 162),
(15, 163),
(13, 164),
(15, 165),
(13, 166),
(15, 167),
(10, 168),
(10, 169),
(10, 170),
(15, 171),
(13, 172),
(15, 173),
(8, 174),
(17, 175),
(12, 176),
(15, 177),
(8, 178),
(17, 179),
(12, 180),
(15, 181),
(8, 182),
(17, 183),
(12, 184),
(8, 185),
(8, 186),
(13, 187),
(15, 188),
(17, 189),
(15, 190),
(17, 191),
(15, 192),
(17, 193),
(15, 194),
(15, 195),
(13, 196),
(13, 197),
(15, 198),
(17, 199),
(13, 200),
(15, 201),
(17, 202),
(13, 203),
(15, 204),
(17, 205),
(13, 206),
(15, 207),
(17, 208),
(13, 209),
(13, 210),
(15, 211),
(13, 212),
(13, 213),
(13, 214),
(15, 215),
(17, 216),
(13, 217),
(15, 218),
(17, 219),
(13, 220),
(15, 221),
(17, 222),
(13, 223),
(15, 224),
(17, 225),
(13, 226),
(13, 227),
(13, 228),
(13, 229),
(13, 230),
(15, 231),
(13, 232),
(13, 233),
(15, 234),
(17, 235),
(13, 236),
(15, 237),
(17, 238),
(13, 239),
(15, 240),
(17, 241),
(13, 242),
(15, 243),
(17, 244),
(13, 245),
(15, 246),
(17, 247),
(13, 248),
(15, 249),
(17, 250),
(13, 251),
(15, 252),
(17, 253),
(13, 254),
(15, 255),
(17, 256),
(15, 257),
(15, 258),
(17, 259),
(15, 260),
(17, 261),
(15, 262),
(17, 263),
(15, 264),
(17, 265),
(15, 266),
(17, 267),
(15, 268),
(17, 269),
(13, 270),
(13, 271),
(13, 272),
(13, 273),
(13, 274),
(15, 275),
(13, 276),
(15, 277),
(13, 278),
(15, 279),
(13, 280),
(15, 281),
(4, 282),
(8, 283),
(12, 284),
(4, 285),
(8, 286),
(12, 287),
(4, 288),
(8, 289),
(12, 290),
(4, 291),
(8, 292),
(12, 293),
(13, 294),
(13, 295),
(13, 296),
(15, 297),
(17, 298),
(13, 299),
(15, 300),
(17, 301),
(13, 302),
(15, 303),
(17, 304),
(13, 305),
(15, 306),
(17, 307),
(13, 308),
(13, 309),
(13, 310),
(13, 311),
(13, 312),
(13, 313),
(13, 314),
(13, 315),
(13, 316),
(13, 317),
(13, 318),
(13, 319),
(13, 320),
(13, 321),
(13, 322),
(13, 323),
(13, 324),
(13, 325),
(13, 326),
(13, 327),
(4, 328),
(4, 329),
(13, 330),
(13, 331),
(13, 332),
(13, 333),
(13, 334),
(15, 335),
(13, 336),
(13, 337),
(8, 338),
(13, 339),
(13, 340),
(15, 341),
(13, 342);

--
-- Daten für Tabelle `liturgical_chant`
--

INSERT INTO `liturgical_chant` (`improvement_chart`, `id`, `cast_time_id`, `check1_id`, `check2_id`, `check3_id`, `cost_id`, `duration_id`, `range_id`) VALUES
('A', 91, 1, 1, 2, 4, 1, 1, 1),
('B', 92, 2, 3, 4, 4, 2, 2, 2),
('B', 93, 3, 1, 2, 4, 3, 1, 1),
('A', 94, 1, 1, 2, 3, 4, 3, 3),
(NULL, 95, 1, 3, 4, 4, 2, 4, 3),
('B', 96, 3, 1, 3, 4, 2, 5, 3),
('A', 97, 4, 2, 2, 3, 4, 5, 1),
('B', 98, 3, 1, 3, 4, 2, 5, 2),
('A', 99, 1, 1, 3, 6, 2, 6, 1),
('B', 100, 1, 1, 3, 4, 2, 7, 1),
('B', 101, 3, 2, 3, 4, 5, 2, 2),
('A', 102, 3, 2, 3, 3, 2, 2, 1),
('A', 103, 3, 3, 3, 4, 4, 6, 4),
('B', 104, 5, 2, 3, 4, 6, 2, 2),
(NULL, 105, 1, 1, 3, 4, 2, 8, 5),
('B', 106, 1, 1, 1, 4, 7, 2, 3),
('B', 107, 2, 1, 3, 4, 8, 2, 6),
('B', 108, 5, 2, 3, 4, 9, 2, 2),
('B', 109, 3, 3, 3, 6, 1, 1, 1),
('C', 110, 3, 1, 3, 4, 10, 1, 1),
('A', 111, 2, 2, 3, 3, 4, 9, 3),
('A', 112, 3, 2, 2, 3, 11, 1, 1),
('B', 113, 1, 2, 3, 4, 2, 5, 1),
('C', 114, 3, 2, 3, 4, 12, 10, 1),
('B', 115, 3, 1, 3, 4, 13, 2, 3),
('B', 116, 6, 1, 3, 4, 13, 8, 6),
(NULL, 117, 2, 2, 3, 4, 2, 8, 2),
('B', 118, 3, 1, 3, 4, 4, 11, 2),
('A', 119, 4, 1, 2, 3, 4, 11, 4),
(NULL, 120, 3, 1, 2, 4, 14, 2, 6),
('A', 121, 5, 2, 3, 4, 2, 12, 2),
('A', 122, 5, 1, 2, 3, 2, 11, 7),
('B', 123, 2, 2, 3, 4, 2, 5, 3),
('B', 124, 2, 1, 2, 3, 2, 5, 4),
('A', 125, 4, 1, 2, 3, 2, 5, 4),
('C', 126, 1, 1, 3, 7, 2, 6, 1),
('B', 127, 1, 1, 3, 4, 2, 5, 6),
('A', 128, 2, 2, 3, 4, 2, 13, 3),
('C', 129, 4, 1, 2, 3, 13, 5, 2),
('B', 130, 2, 3, 3, 6, 2, 5, 1),
('B', 131, 2, 2, 2, 3, 2, 11, 1);

--
-- Daten für Tabelle `liturgical_chant_targets`
--

INSERT INTO `liturgical_chant_targets` (`liturgical_chant_id`, `targets_id`) VALUES
(91, 1),
(92, 2),
(93, 3),
(94, 1),
(95, 2),
(96, 2),
(97, 2),
(98, 2),
(98, 4),
(99, 2),
(100, 2),
(101, 1),
(102, 2),
(103, 3),
(104, 2),
(104, 4),
(105, 5),
(106, 6),
(107, 7),
(108, 1),
(109, 2),
(110, 2),
(111, 1),
(111, 8),
(112, 2),
(113, 2),
(114, 3),
(115, 1),
(116, 2),
(117, 2),
(118, 8),
(119, 3),
(120, 9),
(121, 10),
(122, 11),
(123, 2),
(124, 8),
(125, 12),
(126, 2),
(127, 2),
(128, 8),
(129, 2),
(130, 2),
(131, 1);

--
-- Daten für Tabelle `property`
--

INSERT INTO `property` (`type`, `id`, `name`, `wiki_url`, `subcategory_of_id`) VALUES
('Eigenschaft', 1, 'Mut', NULL, NULL),
('Eigenschaft', 2, 'Klugheit', NULL, NULL),
('Eigenschaft', 3, 'Intuition', NULL, NULL),
('Eigenschaft', 4, 'Charisma', NULL, NULL),
('Eigenschaft', 5, 'Fingerfertigkeit', NULL, NULL),
('Eigenschaft', 6, 'Gewandtheit', NULL, NULL),
('Eigenschaft', 7, 'Konstitution', NULL, NULL),
('Eigenschaft', 8, 'Körperkraft', NULL, NULL),
('Fertigkeit', 9, 'Fliegen', 'http://www.ulisses-regelwiki.de/index.php/Koerpertalente.html', NULL),
('Fertigkeit', 10, 'Gaukeleien', 'http://www.ulisses-regelwiki.de/index.php/Koerpertalente.html', NULL),
('Fertigkeit', 11, 'Klettern', 'http://www.ulisses-regelwiki.de/index.php/Koerpertalente.html', NULL),
('Fertigkeit', 12, 'Körperbeherrschung', 'http://www.ulisses-regelwiki.de/index.php/Koerpertalente.html', NULL),
('Fertigkeit', 13, 'Kraftakt', 'http://www.ulisses-regelwiki.de/index.php/Koerpertalente.html', NULL),
('Fertigkeit', 14, 'Reiten', 'http://www.ulisses-regelwiki.de/index.php/Koerpertalente.html', NULL),
('Fertigkeit', 15, 'Schwimmen', 'http://www.ulisses-regelwiki.de/index.php/Koerpertalente.html', NULL),
('Fertigkeit', 16, 'Selbstbeherrschung', 'http://www.ulisses-regelwiki.de/index.php/Koerpertalente.html', NULL),
('Fertigkeit', 17, 'Singen', 'http://www.ulisses-regelwiki.de/index.php/Koerpertalente.html', NULL),
('Fertigkeit', 18, 'Sinnesschärfe', 'http://www.ulisses-regelwiki.de/index.php/Koerpertalente.html', NULL),
('Fertigkeit', 19, 'Tanzen', 'http://www.ulisses-regelwiki.de/index.php/Koerpertalente.html', NULL),
('Fertigkeit', 20, 'Taschendiebstahl', 'http://www.ulisses-regelwiki.de/index.php/Koerpertalente.html', NULL),
('Fertigkeit', 21, 'Verbergen', 'http://www.ulisses-regelwiki.de/index.php/Koerpertalente.html', NULL),
('Fertigkeit', 22, 'Zechen', 'http://www.ulisses-regelwiki.de/index.php/Koerpertalente.html', NULL),
('Fertigkeit', 23, 'Bekehren & Überzeugen', 'http://www.ulisses-regelwiki.de/index.php/Gesellschaftstalente.html', NULL),
('Fertigkeit', 24, 'Betören', 'http://www.ulisses-regelwiki.de/index.php/Gesellschaftstalente.html', NULL),
('Fertigkeit', 25, 'Einschüchtern', 'http://www.ulisses-regelwiki.de/index.php/Gesellschaftstalente.html', NULL),
('Fertigkeit', 26, 'Etikette', 'http://www.ulisses-regelwiki.de/index.php/Gesellschaftstalente.html', NULL),
('Fertigkeit', 27, 'Gassenwissen', 'http://www.ulisses-regelwiki.de/index.php/Gesellschaftstalente.html', NULL),
('Fertigkeit', 28, 'Menschenkenntnis', 'http://www.ulisses-regelwiki.de/index.php/Gesellschaftstalente.html', NULL),
('Fertigkeit', 29, 'Überreden', 'http://www.ulisses-regelwiki.de/index.php/Gesellschaftstalente.html', NULL),
('Fertigkeit', 30, 'Verkleiden', 'http://www.ulisses-regelwiki.de/index.php/Gesellschaftstalente.html', NULL),
('Fertigkeit', 31, 'Willenskraft', 'http://www.ulisses-regelwiki.de/index.php/Gesellschaftstalente.html', NULL),
('Fertigkeit', 32, 'Fährtensuchen', 'http://www.ulisses-regelwiki.de/index.php/Naturtalente.html', NULL),
('Fertigkeit', 33, 'Fesseln', 'http://www.ulisses-regelwiki.de/index.php/Naturtalente.html', NULL),
('Fertigkeit', 34, 'Fischen & Angeln', 'http://www.ulisses-regelwiki.de/index.php/Naturtalente.html', NULL),
('Fertigkeit', 35, 'Orientierung', 'http://www.ulisses-regelwiki.de/index.php/Naturtalente.html', NULL),
('Fertigkeit', 36, 'Pflanzenkunde', 'http://www.ulisses-regelwiki.de/index.php/Naturtalente.html', NULL),
('Fertigkeit', 37, 'Tierkunde', 'http://www.ulisses-regelwiki.de/index.php/Naturtalente.html', NULL),
('Fertigkeit', 38, 'Wildnisleben', 'http://www.ulisses-regelwiki.de/index.php/Naturtalente.html', NULL),
('Fertigkeit', 39, 'Brett- & Glücksspiel', 'http://www.ulisses-regelwiki.de/index.php/Wissenstalente.html', NULL),
('Fertigkeit', 40, 'Geographie', 'http://www.ulisses-regelwiki.de/index.php/Wissenstalente.html', NULL),
('Fertigkeit', 41, 'Geschichtswissen', 'http://www.ulisses-regelwiki.de/index.php/Wissenstalente.html', NULL),
('Fertigkeit', 42, 'Götter & Kulte', 'http://www.ulisses-regelwiki.de/index.php/Wissenstalente.html', NULL),
('Fertigkeit', 43, 'Kriegskunst', 'http://www.ulisses-regelwiki.de/index.php/Wissenstalente.html', NULL),
('Fertigkeit', 44, 'Magiekunde', 'http://www.ulisses-regelwiki.de/index.php/Wissenstalente.html', NULL),
('Fertigkeit', 45, 'Mechanik', 'http://www.ulisses-regelwiki.de/index.php/Wissenstalente.html', NULL),
('Fertigkeit', 46, 'Rechnen', 'http://www.ulisses-regelwiki.de/index.php/Wissenstalente.html', NULL),
('Fertigkeit', 47, 'Rechtskunde', 'http://www.ulisses-regelwiki.de/index.php/Wissenstalente.html', NULL),
('Fertigkeit', 48, 'Sagen & Legenden', 'http://www.ulisses-regelwiki.de/index.php/Wissenstalente.html', NULL),
('Fertigkeit', 49, 'Sphärenkunde', 'http://www.ulisses-regelwiki.de/index.php/Wissenstalente.html', NULL),
('Fertigkeit', 50, 'Sternkunde', 'http://www.ulisses-regelwiki.de/index.php/Wissenstalente.html', NULL),
('Fertigkeit', 51, 'Alchimie', 'http://www.ulisses-regelwiki.de/index.php/Handwerkstalente.html', NULL),
('Fertigkeit', 52, 'Boote & Schiffe', 'http://www.ulisses-regelwiki.de/index.php/Handwerkstalente.html', NULL),
('Fertigkeit', 53, 'Fahrzeuge', 'http://www.ulisses-regelwiki.de/index.php/Handwerkstalente.html', NULL),
('Fertigkeit', 54, 'Handel', 'http://www.ulisses-regelwiki.de/index.php/Handwerkstalente.html', NULL),
('Fertigkeit', 55, 'Heilkunde Gift', 'http://www.ulisses-regelwiki.de/index.php/Handwerkstalente.html', NULL),
('Fertigkeit', 56, 'Heilkunde Krankheiten', 'http://www.ulisses-regelwiki.de/index.php/Handwerkstalente.html', NULL),
('Fertigkeit', 57, 'Heilkunde Seele', 'http://www.ulisses-regelwiki.de/index.php/Handwerkstalente.html', NULL),
('Fertigkeit', 58, 'Heilkunde Wunden', 'http://www.ulisses-regelwiki.de/index.php/Handwerkstalente.html', NULL),
('Fertigkeit', 59, 'Holzbearbeitung', 'http://www.ulisses-regelwiki.de/index.php/Handwerkstalente.html', NULL),
('Fertigkeit', 60, 'Lebensmittelbearbeitung', 'http://www.ulisses-regelwiki.de/index.php/Handwerkstalente.html', NULL),
('Fertigkeit', 61, 'Lederbearbeitung', 'http://www.ulisses-regelwiki.de/index.php/Handwerkstalente.html', NULL),
('Fertigkeit', 62, 'Malen & Zeichnen', 'http://www.ulisses-regelwiki.de/index.php/Handwerkstalente.html', NULL),
('Fertigkeit', 63, 'Metallbearbeitung', 'http://www.ulisses-regelwiki.de/index.php/Handwerkstalente.html', NULL),
('Fertigkeit', 64, 'Musizieren', 'http://www.ulisses-regelwiki.de/index.php/Handwerkstalente.html', NULL),
('Fertigkeit', 65, 'Schlösserknacken', 'http://www.ulisses-regelwiki.de/index.php/Handwerkstalente.html', NULL),
('Fertigkeit', 66, 'Steinbearbeitung', 'http://www.ulisses-regelwiki.de/index.php/Handwerkstalente.html', NULL),
('Fertigkeit', 67, 'Stoffbearbeitung', 'http://www.ulisses-regelwiki.de/index.php/Handwerkstalente.html', NULL),
('Spezies', 68, 'Mensch', 'http://www.ulisses-regelwiki.de/index.php/Spez_Menschen.html', NULL),
('Spezies', 69, 'Halbelf', 'http://www.ulisses-regelwiki.de/index.php/Spez_Halbelfen.html', NULL),
('Spezies', 70, 'Zwerg', 'http://www.ulisses-regelwiki.de/index.php/Spez_Zwerge.html', NULL),
('Spezies', 71, 'Elf', 'http://www.ulisses-regelwiki.de/index.php/Spez_Elfen.html', NULL),
('Kampftechnik', 72, 'Armbrüste', 'http://www.ulisses-regelwiki.de/index.php/KT_Armbrüste.html', NULL),
('Kampftechnik', 73, 'Blasrohre', 'http://www.ulisses-regelwiki.de/index.php/KT_Blasrohre.html', NULL),
('Kampftechnik', 74, 'Bögen', 'http://www.ulisses-regelwiki.de/index.php/kt_boegen.html', NULL),
('Kampftechnik', 75, 'Dikusse', 'http://www.ulisses-regelwiki.de/index.php/KT_Diskusse.html', NULL),
('Kampftechnik', 76, 'Feierspeien', 'http://www.ulisses-regelwiki.de/index.php/KT_Feuerspeien.html', NULL),
('Kampftechnik', 77, 'Schleudern', 'http://www.ulisses-regelwiki.de/index.php/KT_Schleudern.html', NULL),
('Kampftechnik', 78, 'Wurfwaffen', 'http://www.ulisses-regelwiki.de/index.php/KT_Wurfwaffen.html', NULL),
('Kampftechnik', 79, 'Dolche', 'http://www.ulisses-regelwiki.de/index.php/KT_Dolche.html', NULL),
('Kampftechnik', 80, 'Fechtwaffen', 'http://www.ulisses-regelwiki.de/index.php/KT_Fechtwaffen.html', NULL),
('Kampftechnik', 81, 'Hiebwaffen', 'http://www.ulisses-regelwiki.de/index.php/KT_Hiebwaffen.html', NULL),
('Kampftechnik', 82, 'Kettenwaffen', 'http://www.ulisses-regelwiki.de/index.php/KT_Kettenwaffen.html', NULL),
('Kampftechnik', 83, 'Lanzen', 'http://www.ulisses-regelwiki.de/index.php/KT_Lanzen.html', NULL),
('Kampftechnik', 84, 'Peitschen', 'http://www.ulisses-regelwiki.de/index.php/KT_Peitschen.html', NULL),
('Kampftechnik', 85, 'Raufen', 'http://www.ulisses-regelwiki.de/index.php/KT_Raufen.html', NULL),
('Kampftechnik', 86, 'Schilde', 'http://www.ulisses-regelwiki.de/index.php/KT_Schilde.html', NULL),
('Kampftechnik', 87, 'Schwerter', 'http://www.ulisses-regelwiki.de/index.php/kt_schwerter.html', NULL),
('Kampftechnik', 88, 'Stangenwaffen', 'http://www.ulisses-regelwiki.de/index.php/KT_Stangenwaffen.html', NULL),
('Kampftechnik', 89, 'Zweihandhiebwaffen', 'http://www.ulisses-regelwiki.de/index.php/KT_Zweihandhiebwaffen.html', NULL),
('Kampftechnik', 90, 'Zweihandschwerter', 'http://www.ulisses-regelwiki.de/index.php/KT_Zweihandschwerter.html', NULL),
('Liturgie', 91, 'Bann der Dunkelheit', 'http://www.ulisses-regelwiki.de/index.php/Lit_BannderDunkelheit.html', NULL),
('Liturgie', 92, 'Bann der Furcht', 'http://www.ulisses-regelwiki.de/index.php/Lit_BannderFurcht.html', NULL),
('Liturgie', 93, 'Bann des Lichts', 'http://www.ulisses-regelwiki.de/index.php/Lit_BanndesLichts.html', NULL),
('Liturgie', 94, 'Blendstrahl', 'http://www.ulisses-regelwiki.de/index.php/Lit_Blendstrahl.html', NULL),
('Liturgie', 95, 'Des Einen bezaubernder Sphärenklang', 'http://www.ulisses-regelwiki.de/index.php/Lit_DesEinenbezaubernderSphaerenklang.html', NULL),
('Liturgie', 96, 'Ehrenhaftigkeit', 'http://www.ulisses-regelwiki.de/index.php/Lit_Ehrenhaftigkeit.html', NULL),
('Liturgie', 97, 'Entzifferung', 'http://www.ulisses-regelwiki.de/index.php/Lit_Entzifferung.html', NULL),
('Liturgie', 98, 'Ermutigung', 'http://www.ulisses-regelwiki.de/index.php/Lit_Ermutigiung.html', NULL),
('Liturgie', 99, 'Fall ins Nichts', 'http://www.ulisses-regelwiki.de/index.php/Lit_FallinsNichts.html', NULL),
('Liturgie', 100, 'Friedvolle Aura', 'http://www.ulisses-regelwiki.de/index.php/Lit_FriedvolleAura.html', NULL),
('Liturgie', 101, 'Giftbann', 'http://www.ulisses-regelwiki.de/index.php/Lit_Giftbann.html', NULL),
('Liturgie', 102, 'Göttlicher Fingerzeig', 'http://www.ulisses-regelwiki.de/index.php/Lit_GöttlicherFingerzeig.html', NULL),
('Liturgie', 103, 'Göttliches Zeichen', 'http://www.ulisses-regelwiki.de/index.php/Lit_GöttlichesZeichen.html', NULL),
('Liturgie', 104, 'Heilsegen', 'http://www.ulisses-regelwiki.de/index.php/Lit_Heilsegen.html', NULL),
('Liturgie', 105, 'Herbeirufung der Heerscharen des Rattenkindes', 'http://www.ulisses-regelwiki.de/index.php/Lit_HerbeirufungHeerscharenRattenkindes.html', NULL),
('Liturgie', 106, 'Kleiner Bann wider Untote', 'http://www.ulisses-regelwiki.de/index.php/Lit_KleinerBannwiderUntote.html', NULL),
('Liturgie', 107, 'Kleiner Bannstrahl', 'http://www.ulisses-regelwiki.de/index.php/Lit_KleinerBannstrahl.html', NULL),
('Liturgie', 108, 'Krankheitsbann', 'http://www.ulisses-regelwiki.de/index.php/Lit_Krankheitsbann.html', NULL),
('Liturgie', 109, 'Lautlos', 'http://www.ulisses-regelwiki.de/index.php/Lit_Lautlos.html', NULL),
('Liturgie', 110, 'Magieschutz', 'http://www.ulisses-regelwiki.de/index.php/Lit_Magieschutz.html', NULL),
('Liturgie', 111, 'Magiesicht', 'http://www.ulisses-regelwiki.de/index.php/Lit_Magiesicht.html', NULL),
('Liturgie', 112, 'Mondsicht', 'http://www.ulisses-regelwiki.de/index.php/Lit_Mondsicht.html', NULL),
('Liturgie', 113, 'Mondsilberzunge', 'http://www.ulisses-regelwiki.de/index.php/Lit_Mondsilberzunge.html', NULL),
('Liturgie', 114, 'Namenlose Kälte', 'http://www.ulisses-regelwiki.de/index.php/Lit_NamenloseKaelte.html', NULL),
('Liturgie', 115, 'Namenlose Raserei', 'http://www.ulisses-regelwiki.de/index.php/Lit_NamenloseRaserei.html', NULL),
('Liturgie', 116, 'Namenlose Zweifel', 'http://www.ulisses-regelwiki.de/index.php/Lit_NamenloseZweifel.html', NULL),
('Liturgie', 117, 'Namenloses Vergessen', 'http://www.ulisses-regelwiki.de/index.php/Lit_NamenlosesVergessen.html', NULL),
('Liturgie', 118, 'Objektsegen', 'http://www.ulisses-regelwiki.de/index.php/Lit_Objektsegen.html', NULL),
('Liturgie', 119, 'Ort der Ruhe', 'http://www.ulisses-regelwiki.de/index.php/Lit_OrtderRuhe.html', NULL),
('Liturgie', 120, 'Pech-und-Schwefel-Strahl', 'http://www.ulisses-regelwiki.de/index.php/Lit_PechundSchwefelStrahl.html', NULL),
('Liturgie', 121, 'Pflanzenwuchs', 'http://www.ulisses-regelwiki.de/index.php/Lit_Pflanzenwuchs.html', NULL),
('Liturgie', 122, 'Rabenruf', 'http://www.ulisses-regelwiki.de/index.php/Lit_Rabenruf.html', NULL),
('Liturgie', 123, 'Schlaf', 'http://www.ulisses-regelwiki.de/index.php/Lit_Schlaf.html', NULL),
('Liturgie', 124, 'Schlangenstab', 'http://www.ulisses-regelwiki.de/index.php/Lit_Schlangenstab.html', NULL),
('Liturgie', 125, 'Schlangenzunge', 'http://www.ulisses-regelwiki.de/index.php/Lit_Schlangenzunge.html', NULL),
('Liturgie', 126, 'Schmerzresistenz', 'http://www.ulisses-regelwiki.de/index.php/Lit_Schmerzresistenz.html', NULL),
('Liturgie', 127, 'Schutz der Wehrlosen', 'http://www.ulisses-regelwiki.de/index.php/Lit_SchutzderWehrlosen.html', NULL),
('Liturgie', 128, 'Sternenglanz', 'http://www.ulisses-regelwiki.de/index.php/Lit_Sternenglanz.html', NULL),
('Liturgie', 129, 'Wahrheit', 'http://www.ulisses-regelwiki.de/index.php/Lit_Wahrheit.html', NULL),
('Liturgie', 130, 'Wieselflink', 'http://www.ulisses-regelwiki.de/index.php/Lit_Wieselflink.html', NULL),
('Liturgie', 131, 'Wundersame Verständigung', 'http://www.ulisses-regelwiki.de/index.php/Lit_WundersameVerständigung.html', NULL),
('Ritual', 132, 'Accuratum', 'http://www.ulisses-regelwiki.de/index.php/Rit_Accuratum.html', NULL),
('Ritual', 133, 'Arcanovi', 'http://www.ulisses-regelwiki.de/index.php/Rit_Arcanovi.html', NULL),
('Ritual', 134, 'Aufmerksamer Wächter', 'http://www.ulisses-regelwiki.de/index.php/Rit_AufmerksamerWaechter.html', NULL),
('Ritual', 135, 'Caldofrigo', 'http://www.ulisses-regelwiki.de/index.php/Rit_Caldofrigo.html', NULL),
('Ritual', 136, 'Dschinnenruf', 'http://www.ulisses-regelwiki.de/index.php/Rit_Dschinnenruf.html', NULL),
('Ritual', 137, 'Elementarer Diener', 'http://www.ulisses-regelwiki.de/index.php/Rit_Diener.html', NULL),
('Ritual', 138, 'Hagelschlag und Sturmgebrüll', 'http://www.ulisses-regelwiki.de/index.php/Rit_HagelschlagundSturmgebruell.html', NULL),
('Ritual', 139, 'Hartes schmelze', 'http://www.ulisses-regelwiki.de/index.php/Rit_Hartesschmelze.html', NULL),
('Ritual', 140, 'Invovatio maior', 'http://www.ulisses-regelwiki.de/index.php/Rit_Invomaior.html', NULL),
('Ritual', 141, 'Invocatio Minor', 'http://www.ulisses-regelwiki.de/index.php/Rit_Invominor.html', NULL),
('Ritual', 142, 'Leidensbund', 'http://www.ulisses-regelwiki.de/index.php/Rit_Leidensbund.html', NULL),
('Ritual', 143, 'Magischer Raub', 'http://www.ulisses-regelwiki.de/index.php/Rit_MagischerRaub.html', NULL),
('Ritual', 144, 'Memorabia Falsifir', 'http://www.ulisses-regelwiki.de/index.php/Rit_MemorabiaFalsifir.html', NULL),
('Ritual', 145, 'Movimento', 'http://www.ulisses-regelwiki.de/index.php/Rit_Movimento.html', NULL),
('Ritual', 146, 'Nihilogravo', 'http://www.ulisses-regelwiki.de/index.php/Rit_Nihilogravo.html', NULL),
('Ritual', 147, 'Orvai Kurims Kriegstrommel', 'http://www.ulisses-regelwiki.de/index.php/Rit_OrvaiKurimsKriegstrommel.html', NULL),
('Ritual', 148, 'Ruf des Bienenstocks', 'http://www.ulisses-regelwiki.de/index.php/Rit_RufdesBienenstocks.html', NULL),
('Ritual', 149, 'Ruhe Körper', 'http://www.ulisses-regelwiki.de/index.php/Rit_RuheKoerper.html', NULL),
('Ritual', 150, 'Traumgestalt', 'http://www.ulisses-regelwiki.de/index.php/Rit_Traumgestalt.html', NULL),
('Ritual', 151, 'Unberührt von Satinav', 'http://www.ulisses-regelwiki.de/index.php/Rit_UnberuehrtvonSatinav.html', NULL),
('Ritual', 152, 'Widerwille', 'http://www.ulisses-regelwiki.de/index.php/Rit_Widerwille.html', NULL),
('Ritual', 153, 'Wirbelform', 'http://www.ulisses-regelwiki.de/index.php/Rit_Wirbelform.html', NULL),
('Ritual', 154, 'Xenographus', 'http://www.ulisses-regelwiki.de/index.php/Rit_Xenographus.html', NULL),
('Ritual', 155, 'Zauberklinge Geisterspeer', 'http://www.ulisses-regelwiki.de/index.php/Rit_Zauberklinge.html', NULL),
('Sonderfertigkeit', 156, 'Diebesschreck', 'http://www.ulisses-regelwiki.de/index.php/diebesschreck.html', NULL),
('Sonderfertigkeit', 157, 'Feinstes Leder', 'http://www.ulisses-regelwiki.de/index.php/feinstesleder.html', NULL),
('Sonderfertigkeit', 158, 'Fischreichtum', 'http://www.ulisses-regelwiki.de/index.php/fischreichtum.html', NULL),
('Sonderfertigkeit', 159, 'Harter Kern', 'http://www.ulisses-regelwiki.de/index.php/harterkern.html', NULL),
('Sonderfertigkeit', 160, 'Leicht wie eine Feder', 'http://www.ulisses-regelwiki.de/index.php/leichtwieeine.html', NULL),
('Sonderfertigkeit', 161, 'Namensbogen', 'http://www.ulisses-regelwiki.de/index.php/namensbogen.html', NULL),
('Sonderfertigkeit', 162, 'Schutz wider Pfeilhagel', 'http://www.ulisses-regelwiki.de/index.php/schutzpfeil.html', NULL),
('Sonderfertigkeit', 163, 'Windfang', 'http://www.ulisses-regelwiki.de/index.php/windfang.html', NULL),
('Sonderfertigkeit', 164, 'Zeichen der Angst', 'http://www.ulisses-regelwiki.de/index.php/zeichenderangst.html', NULL),
('Sonderfertigkeit', 165, 'Aspektkenntnis', 'http://www.ulisses-regelwiki.de/index.php/KaP_Aspektkenntnis.html', NULL),
('Sonderfertigkeit', 166, 'Fokussierung', 'http://www.ulisses-regelwiki.de/index.php/KaP_Fokussierung.html', NULL),
('Sonderfertigkeit', 167, 'Stärke des Glaubens', 'http://www.ulisses-regelwiki.de/index.php/KaP_StärkedesGlaubens.html', NULL),
('Sonderfertigkeit', 168, 'Starke Segnungen', 'http://www.ulisses-regelwiki.de/index.php/KaP_StarkeSegnungen.html', NULL),
('Sonderfertigkeit', 169, 'Tradition (Boronkirche)', 'http://www.ulisses-regelwiki.de/index.php/Tra_Bor.html', NULL),
('Sonderfertigkeit', 170, 'Tradition (Hesindekirche)', 'http://www.ulisses-regelwiki.de/index.php/Tra_Hes.html', NULL),
('Sonderfertigkeit', 171, 'Tradition (Namenloser Kult)', 'http://www.ulisses-regelwiki.de/index.php/SF_TraditionNamenloserKult.html', NULL),
('Sonderfertigkeit', 172, 'Tradition (Perainekirche)', 'http://www.ulisses-regelwiki.de/index.php/Tra_Per.html', NULL),
('Sonderfertigkeit', 173, 'Tradition (Phexkirche)', 'http://www.ulisses-regelwiki.de/index.php/Tra_Phe.html', NULL),
('Sonderfertigkeit', 174, 'Tradition (Praioskirche)', 'http://www.ulisses-regelwiki.de/index.php/Tra_Pra.html', NULL),
('Sonderfertigkeit', 175, 'Tradition (Rondrakirche)', 'http://www.ulisses-regelwiki.de/index.php/Tra_Ron.html', NULL),
('Sonderfertigkeit', 176, 'Abgeschwächter Zauber', 'http://www.ulisses-regelwiki.de/index.php/abzauber.html', NULL),
('Sonderfertigkeit', 177, 'Adaption (Zauber)', 'http://www.ulisses-regelwiki.de/index.php/Adaption.html', NULL),
('Sonderfertigkeit', 178, 'Alchimieverstärkung', 'http://www.ulisses-regelwiki.de/index.php/Alchimieverstärkung.html', NULL),
('Sonderfertigkeit', 179, 'Astrale Meditation', 'http://www.ulisses-regelwiki.de/index.php/asmed.html', NULL),
('Sonderfertigkeit', 180, 'Aurapanzer', 'http://www.ulisses-regelwiki.de/index.php/Aurapanzer.html', NULL),
('Sonderfertigkeit', 181, 'Aura verbergen', 'http://www.ulisses-regelwiki.de/index.php/AsP_Auraverbergen.html', NULL),
('Sonderfertigkeit', 182, 'Druidenrache', 'http://www.ulisses-regelwiki.de/index.php/drache.html', NULL),
('Sonderfertigkeit', 183, 'Eisen- und Stahlverzauberung', 'http://www.ulisses-regelwiki.de/index.php/EisenundStahlverzauberung.html', NULL),
('Sonderfertigkeit', 184, 'Entschwörung (Dämonen)', 'http://www.ulisses-regelwiki.de/index.php/Entschwoerung_dae.html', NULL),
('Sonderfertigkeit', 185, 'Entschwörung (Elementare)', 'http://www.ulisses-regelwiki.de/index.php/Entschwoerung_E.html', NULL),
('Sonderfertigkeit', 186, 'Entschwörung (Geister)', 'http://www.ulisses-regelwiki.de/index.php/Entschwoerung_ge.html', NULL),
('Sonderfertigkeit', 187, 'Exorzist', 'http://www.ulisses-regelwiki.de/index.php/Exorzist.html', NULL),
('Sonderfertigkeit', 188, 'I', 'http://www.ulisses-regelwiki.de/index.php/Exorzist.html', 187),
('Sonderfertigkeit', 189, 'II', 'http://www.ulisses-regelwiki.de/index.php/Exorzist.html', 187),
('Sonderfertigkeit', 190, 'III', 'http://www.ulisses-regelwiki.de/index.php/Exorzist.html', 187),
('Sonderfertigkeit', 191, 'Extrem starke Zaubertricks', 'http://www.ulisses-regelwiki.de/index.php/ExtremstarkeZaubertricks.html', NULL),
('Sonderfertigkeit', 192, 'Fernzaubern', 'http://www.ulisses-regelwiki.de/index.php/fernzaubern.html', NULL),
('Sonderfertigkeit', 193, 'Flugsalbe', 'http://www.ulisses-regelwiki.de/index.php/dfgfdgfgdgfdg.html', NULL),
('Sonderfertigkeit', 194, 'Gedankenschutz', 'http://www.ulisses-regelwiki.de/index.php/Gedankenschutz.html', NULL),
('Sonderfertigkeit', 195, 'Improvisationszauberei (Formel)', 'http://www.ulisses-regelwiki.de/index.php/Improvisationszauberei_form.html', NULL),
('Sonderfertigkeit', 196, 'Improvisationszauberei (Gesten)', 'http://www.ulisses-regelwiki.de/index.php/Improvisationszauberei_ge.html', NULL),
('Sonderfertigkeit', 197, 'Improvisiertes Ritual', 'http://www.ulisses-regelwiki.de/index.php/impritual.html', NULL),
('Sonderfertigkeit', 198, 'Kleine Kraftkontrolle', 'http://www.ulisses-regelwiki.de/index.php/KleineKraftkontrolle.html', NULL),
('Sonderfertigkeit', 199, 'Konzentrationsstärke', 'http://www.ulisses-regelwiki.de/index.php/konzenst.html', NULL),
('Sonderfertigkeit', 200, 'Kraftkontrolle', 'http://www.ulisses-regelwiki.de/index.php/Kraftkontrolle.html', NULL),
('Sonderfertigkeit', 201, 'Lieblingszauber', 'http://www.ulisses-regelwiki.de/index.php/Lieblingszauber.html', NULL),
('Sonderfertigkeit', 202, 'Machtvolle Entschwörung (Dämonen)', 'http://www.ulisses-regelwiki.de/index.php/MachtvolleEntschw_dae.html', NULL),
('Sonderfertigkeit', 203, 'Machtvolle Entschwörung (Elementare)', 'http://www.ulisses-regelwiki.de/index.php/MachtvolleEntschw_EL.html', NULL),
('Sonderfertigkeit', 204, '', 'http://www.ulisses-regelwiki.de/index.php/Machtvolle_Entschw_ge.html', NULL),
('Sonderfertigkeit', 205, 'Magische Regeneration I', 'http://www.ulisses-regelwiki.de/index.php/MagischeRegeneration.html', NULL),
('Sonderfertigkeit', 206, 'Magischer Gedankenschutz', 'http://www.ulisses-regelwiki.de/index.php/MagischerGedankenschutz.html', NULL),
('Sonderfertigkeit', 207, 'Matrixkontrolle', 'http://www.ulisses-regelwiki.de/index.php/Matrixkontrolle.html', NULL),
('Sonderfertigkeit', 208, 'Meisterliche Regeneration', 'http://www.ulisses-regelwiki.de/index.php/MeisterlicheRegeneration.html', NULL),
('Sonderfertigkeit', 209, 'Meistertrick', 'http://www.ulisses-regelwiki.de/index.php/Meistertrick.html', NULL),
('Sonderfertigkeit', 210, 'I', 'http://www.ulisses-regelwiki.de/index.php/Meistertrick.html', 209),
('Sonderfertigkeit', 211, 'II', 'http://www.ulisses-regelwiki.de/index.php/Meistertrick.html', 209),
('Sonderfertigkeit', 212, 'III', 'http://www.ulisses-regelwiki.de/index.php/Meistertrick.html', 209),
('Sonderfertigkeit', 213, 'Merkmalskenntnis', 'http://www.ulisses-regelwiki.de/index.php/AsP_Merkmalskenntnis.html', NULL),
('Sonderfertigkeit', 214, 'Parallelzauberei', 'http://www.ulisses-regelwiki.de/index.php/Parallelzauberei.html', NULL),
('Sonderfertigkeit', 215, 'Routinierte Zauberwiederholung', 'http://www.ulisses-regelwiki.de/index.php/RoutinierteZauberwiederholung.html', NULL),
('Sonderfertigkeit', 216, 'Starke Zaubertricks', 'http://www.ulisses-regelwiki.de/index.php/AsP_StarkeZaubertricks.html', NULL),
('Sonderfertigkeit', 217, 'Steckenverzauberung', 'http://www.ulisses-regelwiki.de/index.php/Steckenverzauberung.html', NULL),
('Sonderfertigkeit', 218, 'Tradition (Druiden)', 'http://www.ulisses-regelwiki.de/index.php/druiden.html', NULL),
('Sonderfertigkeit', 219, 'Tradition (Elfen)', 'http://www.ulisses-regelwiki.de/index.php/Tra_Elfen.html', NULL),
('Sonderfertigkeit', 220, 'Tradition (Gildenmagier)', 'http://www.ulisses-regelwiki.de/index.php/Tra_Gilden.html', NULL),
('Sonderfertigkeit', 221, 'Tradition (Goblinzauberinnen)', 'http://www.ulisses-regelwiki.de/index.php/SF_TraditionGoblinzauberinnen.html', NULL),
('Sonderfertigkeit', 222, 'Tradition (Hexen)', 'http://www.ulisses-regelwiki.de/index.php/Tra_Hexen.html', NULL),
('Sonderfertigkeit', 223, 'Tradition (Nachtalben)', 'http://www.ulisses-regelwiki.de/index.php/SF_TraditionNachtalben.html', NULL),
('Sonderfertigkeit', 224, 'Tradition (Zibilja)', 'http://www.ulisses-regelwiki.de/index.php/SF_TraditionZibilja.html', NULL),
('Sonderfertigkeit', 225, 'Verbotene Pforten', 'http://www.ulisses-regelwiki.de/index.php/AsP_VerbotenePforten.html', NULL),
('Sonderfertigkeit', 226, 'Vertrautenbindung', 'http://www.ulisses-regelwiki.de/index.php/AsP_Vertrautenbindung.html', NULL),
('Sonderfertigkeit', 227, 'Vielfache Ladung', 'http://www.ulisses-regelwiki.de/index.php/VielfacheLadung.html', NULL),
('Sonderfertigkeit', 228, 'Zauber abbrechen', 'http://www.ulisses-regelwiki.de/index.php/Zauberabbrechen.html', NULL),
('Sonderfertigkeit', 229, 'Zauber bereithalten', 'http://www.ulisses-regelwiki.de/index.php/Zauberbereithalten.html', NULL),
('Sonderfertigkeit', 230, 'Zauber bündeln', 'http://www.ulisses-regelwiki.de/index.php/Zauberbuendeln.html', NULL),
('Sonderfertigkeit', 231, 'I', 'http://www.ulisses-regelwiki.de/index.php/Zauberbuendeln.html', 230),
('Sonderfertigkeit', 232, 'II', 'http://www.ulisses-regelwiki.de/index.php/Zauberbuendeln.html', 230),
('Sonderfertigkeit', 233, 'Zauberstil-Kombination', 'http://www.ulisses-regelwiki.de/index.php/ZauberstilKombination.html', NULL),
('Sonderfertigkeit', 234, 'Zauber unterbrechen', 'http://www.ulisses-regelwiki.de/index.php/zauber-unterbrechen.html', NULL),
('Sonderfertigkeit', 235, 'Zauberzeichen', 'http://www.ulisses-regelwiki.de/index.php/AsP_Zauberzeichen.html', NULL),
('Sonderfertigkeit', 236, 'Abrichter', 'http://www.ulisses-regelwiki.de/index.php/SF_Abrichter.html', NULL),
('Sonderfertigkeit', 237, 'Abrollen', 'http://www.ulisses-regelwiki.de/index.php/SF_Abrollen.html', NULL),
('Sonderfertigkeit', 238, 'Ackerbau', 'http://www.ulisses-regelwiki.de/index.php/SF_Ackerbau.html', NULL),
('Sonderfertigkeit', 239, 'Analytiker', 'http://www.ulisses-regelwiki.de/index.php/SF_Analytiker.html', NULL),
('Sonderfertigkeit', 240, 'Anführer', 'http://www.ulisses-regelwiki.de/index.php/SF_Anführer.html', NULL),
('Sonderfertigkeit', 241, 'Anpeitscher', 'http://www.ulisses-regelwiki.de/index.php/SF_Anpeitscher.html', NULL),
('Sonderfertigkeit', 242, 'Archivar', 'http://www.ulisses-regelwiki.de/index.php/SF_Archivar.html', NULL),
('Sonderfertigkeit', 243, 'Athlet', 'http://www.ulisses-regelwiki.de/index.php/SF_Athlet.html', NULL),
('Sonderfertigkeit', 244, 'Ätzes geben', 'http://www.ulisses-regelwiki.de/index.php/SF_Aetzesgeben.html', NULL),
('Sonderfertigkeit', 245, 'Bauchreden', 'http://www.ulisses-regelwiki.de/index.php/SF_Bauchreden.html', NULL),
('Sonderfertigkeit', 246, 'Bernstein erhitzen', 'http://www.ulisses-regelwiki.de/index.php/bernsteiner.html', NULL),
('Sonderfertigkeit', 247, 'Berufsgeheimnis', 'http://www.ulisses-regelwiki.de/index.php/SF_Berufsgeheimnisse.html', NULL),
('Sonderfertigkeit', 248, 'Bildhauerei', 'http://www.ulisses-regelwiki.de/index.php/SF_Bildhauerei.html', NULL),
('Sonderfertigkeit', 249, 'Bine Maschores', 'http://www.ulisses-regelwiki.de/index.php/SF_BineMaschores.html', NULL),
('Sonderfertigkeit', 250, 'Bootsbauer', 'http://www.ulisses-regelwiki.de/index.php/SF_Bootsbauer.html', NULL),
('Sonderfertigkeit', 251, 'Buchdrucker', 'http://www.ulisses-regelwiki.de/index.php/SF_Buchdrucker.html', NULL),
('Sonderfertigkeit', 252, 'Deichbauer', 'http://www.ulisses-regelwiki.de/index.php/SF_Deichbauer.html', NULL),
('Sonderfertigkeit', 253, 'Diener', 'http://www.ulisses-regelwiki.de/index.php/SF_Diener.html', NULL),
('Sonderfertigkeit', 254, 'Dokumentfälscher', 'http://www.ulisses-regelwiki.de/index.php/SF_Dokumentfälscher.html', NULL),
('Sonderfertigkeit', 255, 'Drohgebärden', 'http://www.ulisses-regelwiki.de/index.php/SF_Drohgebärden.html', NULL),
('Sonderfertigkeit', 256, 'Eiserner Wille', 'http://www.ulisses-regelwiki.de/index.php/SF_EisernerWille.html', NULL),
('Sonderfertigkeit', 257, 'I', 'http://www.ulisses-regelwiki.de/index.php/SF_EisernerWille.html', 256),
('Sonderfertigkeit', 258, 'II', 'http://www.ulisses-regelwiki.de/index.php/SF_EisernerWille.html', 256),
('Sonderfertigkeit', 259, 'Ermutigender Gesang', 'http://www.ulisses-regelwiki.de/index.php/SF_ErmutigenderGesang.html', NULL),
('Sonderfertigkeit', 260, 'Fächersprache', 'http://www.ulisses-regelwiki.de/index.php/SF_Fächersprache.html', NULL),
('Sonderfertigkeit', 261, 'Fallen entschärfen', 'http://www.ulisses-regelwiki.de/index.php/SF_Fallenentschärfen.html', NULL),
('Sonderfertigkeit', 262, 'Falschspielen', 'http://www.ulisses-regelwiki.de/index.php/SF_Falschspielen.html', NULL),
('Sonderfertigkeit', 263, 'Faszinierender Gesang', 'http://www.ulisses-regelwiki.de/index.php/SF_FaszinierenderGesang.html', NULL),
('Sonderfertigkeit', 264, 'Fertigkeitsspezialisierung (Talente) 1', 'http://www.ulisses-regelwiki.de/index.php/SF_FertigkeitsspezialisierungTalente.html', NULL),
('Sonderfertigkeit', 265, 'Fliegen', 'http://www.ulisses-regelwiki.de/index.php/SF_FertigkeitsspezialisierungTalente.html', 264),
('Sonderfertigkeit', 266, 'Gaukeleien', 'http://www.ulisses-regelwiki.de/index.php/SF_FertigkeitsspezialisierungTalente.html', 264),
('Sonderfertigkeit', 267, 'Klettern', 'http://www.ulisses-regelwiki.de/index.php/SF_FertigkeitsspezialisierungTalente.html', 264),
('Sonderfertigkeit', 268, 'Körperbeherrschung', 'http://www.ulisses-regelwiki.de/index.php/SF_FertigkeitsspezialisierungTalente.html', 264),
('Sonderfertigkeit', 269, 'Kraftakt', 'http://www.ulisses-regelwiki.de/index.php/SF_FertigkeitsspezialisierungTalente.html', 264),
('Sonderfertigkeit', 270, 'Reiten', 'http://www.ulisses-regelwiki.de/index.php/SF_FertigkeitsspezialisierungTalente.html', 264),
('Sonderfertigkeit', 271, 'Schwimmen', 'http://www.ulisses-regelwiki.de/index.php/SF_FertigkeitsspezialisierungTalente.html', 264),
('Sonderfertigkeit', 272, 'Selbstbeherrschung', 'http://www.ulisses-regelwiki.de/index.php/SF_FertigkeitsspezialisierungTalente.html', 264),
('Sonderfertigkeit', 273, 'Singen', 'http://www.ulisses-regelwiki.de/index.php/SF_FertigkeitsspezialisierungTalente.html', 264),
('Sonderfertigkeit', 274, 'Sinnesschärfe', 'http://www.ulisses-regelwiki.de/index.php/SF_FertigkeitsspezialisierungTalente.html', 264),
('Sonderfertigkeit', 275, 'Tanzen', 'http://www.ulisses-regelwiki.de/index.php/SF_FertigkeitsspezialisierungTalente.html', 264),
('Sonderfertigkeit', 276, 'Taschendiebstahl', 'http://www.ulisses-regelwiki.de/index.php/SF_FertigkeitsspezialisierungTalente.html', 264),
('Sonderfertigkeit', 277, 'Verbergen', 'http://www.ulisses-regelwiki.de/index.php/SF_FertigkeitsspezialisierungTalente.html', 264),
('Sonderfertigkeit', 278, 'Zechen', 'http://www.ulisses-regelwiki.de/index.php/SF_FertigkeitsspezialisierungTalente.html', 264),
('Sonderfertigkeit', 279, 'Bekehren & Überzeugen', 'http://www.ulisses-regelwiki.de/index.php/SF_FertigkeitsspezialisierungTalente.html', 264),
('Sonderfertigkeit', 280, 'Betören', 'http://www.ulisses-regelwiki.de/index.php/SF_FertigkeitsspezialisierungTalente.html', 264),
('Sonderfertigkeit', 281, 'Einschüchtern', 'http://www.ulisses-regelwiki.de/index.php/SF_FertigkeitsspezialisierungTalente.html', 264),
('Sonderfertigkeit', 282, 'Etikette', 'http://www.ulisses-regelwiki.de/index.php/SF_FertigkeitsspezialisierungTalente.html', 264),
('Sonderfertigkeit', 283, 'Gassenwissen', 'http://www.ulisses-regelwiki.de/index.php/SF_FertigkeitsspezialisierungTalente.html', 264),
('Sonderfertigkeit', 284, 'Menschenkenntnis', 'http://www.ulisses-regelwiki.de/index.php/SF_FertigkeitsspezialisierungTalente.html', 264),
('Sonderfertigkeit', 285, 'Überreden', 'http://www.ulisses-regelwiki.de/index.php/SF_FertigkeitsspezialisierungTalente.html', 264),
('Sonderfertigkeit', 286, 'Verkleiden', 'http://www.ulisses-regelwiki.de/index.php/SF_FertigkeitsspezialisierungTalente.html', 264),
('Sonderfertigkeit', 287, 'Willenskraft', 'http://www.ulisses-regelwiki.de/index.php/SF_FertigkeitsspezialisierungTalente.html', 264),
('Sonderfertigkeit', 288, 'Fährtensuchen', 'http://www.ulisses-regelwiki.de/index.php/SF_FertigkeitsspezialisierungTalente.html', 264),
('Sonderfertigkeit', 289, 'Fesseln', 'http://www.ulisses-regelwiki.de/index.php/SF_FertigkeitsspezialisierungTalente.html', 264),
('Sonderfertigkeit', 290, 'Fischen & Angeln', 'http://www.ulisses-regelwiki.de/index.php/SF_FertigkeitsspezialisierungTalente.html', 264),
('Sonderfertigkeit', 291, 'Orientierung', 'http://www.ulisses-regelwiki.de/index.php/SF_FertigkeitsspezialisierungTalente.html', 264),
('Sonderfertigkeit', 292, 'Pflanzenkunde', 'http://www.ulisses-regelwiki.de/index.php/SF_FertigkeitsspezialisierungTalente.html', 264),
('Sonderfertigkeit', 293, 'Tierkunde', 'http://www.ulisses-regelwiki.de/index.php/SF_FertigkeitsspezialisierungTalente.html', 264),
('Sonderfertigkeit', 294, 'Wildnisleben', 'http://www.ulisses-regelwiki.de/index.php/SF_FertigkeitsspezialisierungTalente.html', 264),
('Sonderfertigkeit', 295, 'Brett- & Glücksspiel', 'http://www.ulisses-regelwiki.de/index.php/SF_FertigkeitsspezialisierungTalente.html', 264),
('Sonderfertigkeit', 296, 'Geographie', 'http://www.ulisses-regelwiki.de/index.php/SF_FertigkeitsspezialisierungTalente.html', 264),
('Sonderfertigkeit', 297, 'Geschichtswissen', 'http://www.ulisses-regelwiki.de/index.php/SF_FertigkeitsspezialisierungTalente.html', 264),
('Sonderfertigkeit', 298, 'Götter & Kulte', 'http://www.ulisses-regelwiki.de/index.php/SF_FertigkeitsspezialisierungTalente.html', 264),
('Sonderfertigkeit', 299, 'Kriegskunst', 'http://www.ulisses-regelwiki.de/index.php/SF_FertigkeitsspezialisierungTalente.html', 264),
('Sonderfertigkeit', 300, 'Magiekunde', 'http://www.ulisses-regelwiki.de/index.php/SF_FertigkeitsspezialisierungTalente.html', 264),
('Sonderfertigkeit', 301, 'Mechanik', 'http://www.ulisses-regelwiki.de/index.php/SF_FertigkeitsspezialisierungTalente.html', 264),
('Sonderfertigkeit', 302, 'Rechnen', 'http://www.ulisses-regelwiki.de/index.php/SF_FertigkeitsspezialisierungTalente.html', 264),
('Sonderfertigkeit', 303, 'Rechtskunde', 'http://www.ulisses-regelwiki.de/index.php/SF_FertigkeitsspezialisierungTalente.html', 264),
('Sonderfertigkeit', 304, 'Sagen & Legenden', 'http://www.ulisses-regelwiki.de/index.php/SF_FertigkeitsspezialisierungTalente.html', 264),
('Sonderfertigkeit', 305, 'Sphärenkunde', 'http://www.ulisses-regelwiki.de/index.php/SF_FertigkeitsspezialisierungTalente.html', 264),
('Sonderfertigkeit', 306, 'Sternkunde', 'http://www.ulisses-regelwiki.de/index.php/SF_FertigkeitsspezialisierungTalente.html', 264),
('Sonderfertigkeit', 307, 'Alchimie', 'http://www.ulisses-regelwiki.de/index.php/SF_FertigkeitsspezialisierungTalente.html', 264),
('Sonderfertigkeit', 308, 'Boote & Schiffe', 'http://www.ulisses-regelwiki.de/index.php/SF_FertigkeitsspezialisierungTalente.html', 264),
('Sonderfertigkeit', 309, 'Fahrzeuge', 'http://www.ulisses-regelwiki.de/index.php/SF_FertigkeitsspezialisierungTalente.html', 264),
('Sonderfertigkeit', 310, 'Handel', 'http://www.ulisses-regelwiki.de/index.php/SF_FertigkeitsspezialisierungTalente.html', 264),
('Sonderfertigkeit', 311, 'Heilkunde Gift', 'http://www.ulisses-regelwiki.de/index.php/SF_FertigkeitsspezialisierungTalente.html', 264),
('Sonderfertigkeit', 312, 'Heilkunde Krankheiten', 'http://www.ulisses-regelwiki.de/index.php/SF_FertigkeitsspezialisierungTalente.html', 264),
('Sonderfertigkeit', 313, 'Heilkunde Seele', 'http://www.ulisses-regelwiki.de/index.php/SF_FertigkeitsspezialisierungTalente.html', 264),
('Sonderfertigkeit', 314, 'Heilkunde Wunden', 'http://www.ulisses-regelwiki.de/index.php/SF_FertigkeitsspezialisierungTalente.html', 264),
('Sonderfertigkeit', 315, 'Holzbearbeitung', 'http://www.ulisses-regelwiki.de/index.php/SF_FertigkeitsspezialisierungTalente.html', 264),
('Sonderfertigkeit', 316, 'Lebensmittelbearbeitung', 'http://www.ulisses-regelwiki.de/index.php/SF_FertigkeitsspezialisierungTalente.html', 264),
('Sonderfertigkeit', 317, 'Lederbearbeitung', 'http://www.ulisses-regelwiki.de/index.php/SF_FertigkeitsspezialisierungTalente.html', 264),
('Sonderfertigkeit', 318, 'Malen & Zeichnen', 'http://www.ulisses-regelwiki.de/index.php/SF_FertigkeitsspezialisierungTalente.html', 264),
('Sonderfertigkeit', 319, 'Metallbearbeitung', 'http://www.ulisses-regelwiki.de/index.php/SF_FertigkeitsspezialisierungTalente.html', 264),
('Sonderfertigkeit', 320, 'Musizieren', 'http://www.ulisses-regelwiki.de/index.php/SF_FertigkeitsspezialisierungTalente.html', 264),
('Sonderfertigkeit', 321, 'Schlösserknacken', 'http://www.ulisses-regelwiki.de/index.php/SF_FertigkeitsspezialisierungTalente.html', 264),
('Sonderfertigkeit', 322, 'Steinbearbeitung', 'http://www.ulisses-regelwiki.de/index.php/SF_FertigkeitsspezialisierungTalente.html', 264),
('Sonderfertigkeit', 323, 'Stoffbearbeitung', 'http://www.ulisses-regelwiki.de/index.php/SF_FertigkeitsspezialisierungTalente.html', 264),
('Sonderfertigkeit', 324, 'Fertigkeitsspezialisierung (Talente) 2', 'http://www.ulisses-regelwiki.de/index.php/SF_FertigkeitsspezialisierungTalente.html', NULL),
('Sonderfertigkeit', 325, 'Fliegen', 'http://www.ulisses-regelwiki.de/index.php/SF_FertigkeitsspezialisierungTalente.html', 324),
('Sonderfertigkeit', 326, 'Gaukeleien', 'http://www.ulisses-regelwiki.de/index.php/SF_FertigkeitsspezialisierungTalente.html', 324),
('Sonderfertigkeit', 327, 'Klettern', 'http://www.ulisses-regelwiki.de/index.php/SF_FertigkeitsspezialisierungTalente.html', 324),
('Sonderfertigkeit', 328, 'Körperbeherrschung', 'http://www.ulisses-regelwiki.de/index.php/SF_FertigkeitsspezialisierungTalente.html', 324),
('Sonderfertigkeit', 329, 'Kraftakt', 'http://www.ulisses-regelwiki.de/index.php/SF_FertigkeitsspezialisierungTalente.html', 324),
('Sonderfertigkeit', 330, 'Reiten', 'http://www.ulisses-regelwiki.de/index.php/SF_FertigkeitsspezialisierungTalente.html', 324),
('Sonderfertigkeit', 331, 'Schwimmen', 'http://www.ulisses-regelwiki.de/index.php/SF_FertigkeitsspezialisierungTalente.html', 324),
('Sonderfertigkeit', 332, 'Selbstbeherrschung', 'http://www.ulisses-regelwiki.de/index.php/SF_FertigkeitsspezialisierungTalente.html', 324),
('Sonderfertigkeit', 333, 'Singen', 'http://www.ulisses-regelwiki.de/index.php/SF_FertigkeitsspezialisierungTalente.html', 324),
('Sonderfertigkeit', 334, 'Sinnesschärfe', 'http://www.ulisses-regelwiki.de/index.php/SF_FertigkeitsspezialisierungTalente.html', 324),
('Sonderfertigkeit', 335, 'Tanzen', 'http://www.ulisses-regelwiki.de/index.php/SF_FertigkeitsspezialisierungTalente.html', 324),
('Sonderfertigkeit', 336, 'Taschendiebstahl', 'http://www.ulisses-regelwiki.de/index.php/SF_FertigkeitsspezialisierungTalente.html', 324),
('Sonderfertigkeit', 337, 'Verbergen', 'http://www.ulisses-regelwiki.de/index.php/SF_FertigkeitsspezialisierungTalente.html', 324),
('Sonderfertigkeit', 338, 'Zechen', 'http://www.ulisses-regelwiki.de/index.php/SF_FertigkeitsspezialisierungTalente.html', 324),
('Sonderfertigkeit', 339, 'Bekehren & Überzeugen', 'http://www.ulisses-regelwiki.de/index.php/SF_FertigkeitsspezialisierungTalente.html', 324),
('Sonderfertigkeit', 340, 'Betören', 'http://www.ulisses-regelwiki.de/index.php/SF_FertigkeitsspezialisierungTalente.html', 324),
('Sonderfertigkeit', 341, 'Einschüchtern', 'http://www.ulisses-regelwiki.de/index.php/SF_FertigkeitsspezialisierungTalente.html', 324),
('Sonderfertigkeit', 342, 'Etikette', 'http://www.ulisses-regelwiki.de/index.php/SF_FertigkeitsspezialisierungTalente.html', 324),
('Sonderfertigkeit', 343, 'Gassenwissen', 'http://www.ulisses-regelwiki.de/index.php/SF_FertigkeitsspezialisierungTalente.html', 324),
('Sonderfertigkeit', 344, 'Menschenkenntnis', 'http://www.ulisses-regelwiki.de/index.php/SF_FertigkeitsspezialisierungTalente.html', 324),
('Sonderfertigkeit', 345, 'Überreden', 'http://www.ulisses-regelwiki.de/index.php/SF_FertigkeitsspezialisierungTalente.html', 324),
('Sonderfertigkeit', 346, 'Verkleiden', 'http://www.ulisses-regelwiki.de/index.php/SF_FertigkeitsspezialisierungTalente.html', 324),
('Sonderfertigkeit', 347, 'Willenskraft', 'http://www.ulisses-regelwiki.de/index.php/SF_FertigkeitsspezialisierungTalente.html', 324),
('Sonderfertigkeit', 348, 'Fährtensuchen', 'http://www.ulisses-regelwiki.de/index.php/SF_FertigkeitsspezialisierungTalente.html', 324),
('Sonderfertigkeit', 349, 'Fesseln', 'http://www.ulisses-regelwiki.de/index.php/SF_FertigkeitsspezialisierungTalente.html', 324),
('Sonderfertigkeit', 350, 'Fischen & Angeln', 'http://www.ulisses-regelwiki.de/index.php/SF_FertigkeitsspezialisierungTalente.html', 324),
('Sonderfertigkeit', 351, 'Orientierung', 'http://www.ulisses-regelwiki.de/index.php/SF_FertigkeitsspezialisierungTalente.html', 324),
('Sonderfertigkeit', 352, 'Pflanzenkunde', 'http://www.ulisses-regelwiki.de/index.php/SF_FertigkeitsspezialisierungTalente.html', 324),
('Sonderfertigkeit', 353, 'Tierkunde', 'http://www.ulisses-regelwiki.de/index.php/SF_FertigkeitsspezialisierungTalente.html', 324),
('Sonderfertigkeit', 354, 'Wildnisleben', 'http://www.ulisses-regelwiki.de/index.php/SF_FertigkeitsspezialisierungTalente.html', 324),
('Sonderfertigkeit', 355, 'Brett- & Glücksspiel', 'http://www.ulisses-regelwiki.de/index.php/SF_FertigkeitsspezialisierungTalente.html', 324),
('Sonderfertigkeit', 356, 'Geographie', 'http://www.ulisses-regelwiki.de/index.php/SF_FertigkeitsspezialisierungTalente.html', 324),
('Sonderfertigkeit', 357, 'Geschichtswissen', 'http://www.ulisses-regelwiki.de/index.php/SF_FertigkeitsspezialisierungTalente.html', 324),
('Sonderfertigkeit', 358, 'Götter & Kulte', 'http://www.ulisses-regelwiki.de/index.php/SF_FertigkeitsspezialisierungTalente.html', 324),
('Sonderfertigkeit', 359, 'Kriegskunst', 'http://www.ulisses-regelwiki.de/index.php/SF_FertigkeitsspezialisierungTalente.html', 324),
('Sonderfertigkeit', 360, 'Magiekunde', 'http://www.ulisses-regelwiki.de/index.php/SF_FertigkeitsspezialisierungTalente.html', 324),
('Sonderfertigkeit', 361, 'Mechanik', 'http://www.ulisses-regelwiki.de/index.php/SF_FertigkeitsspezialisierungTalente.html', 324),
('Sonderfertigkeit', 362, 'Rechnen', 'http://www.ulisses-regelwiki.de/index.php/SF_FertigkeitsspezialisierungTalente.html', 324),
('Sonderfertigkeit', 363, 'Rechtskunde', 'http://www.ulisses-regelwiki.de/index.php/SF_FertigkeitsspezialisierungTalente.html', 324),
('Sonderfertigkeit', 364, 'Sagen & Legenden', 'http://www.ulisses-regelwiki.de/index.php/SF_FertigkeitsspezialisierungTalente.html', 324),
('Sonderfertigkeit', 365, 'Sphärenkunde', 'http://www.ulisses-regelwiki.de/index.php/SF_FertigkeitsspezialisierungTalente.html', 324),
('Sonderfertigkeit', 366, 'Sternkunde', 'http://www.ulisses-regelwiki.de/index.php/SF_FertigkeitsspezialisierungTalente.html', 324),
('Sonderfertigkeit', 367, 'Alchimie', 'http://www.ulisses-regelwiki.de/index.php/SF_FertigkeitsspezialisierungTalente.html', 324),
('Sonderfertigkeit', 368, 'Boote & Schiffe', 'http://www.ulisses-regelwiki.de/index.php/SF_FertigkeitsspezialisierungTalente.html', 324),
('Sonderfertigkeit', 369, 'Fahrzeuge', 'http://www.ulisses-regelwiki.de/index.php/SF_FertigkeitsspezialisierungTalente.html', 324),
('Sonderfertigkeit', 370, 'Handel', 'http://www.ulisses-regelwiki.de/index.php/SF_FertigkeitsspezialisierungTalente.html', 324),
('Sonderfertigkeit', 371, 'Heilkunde Gift', 'http://www.ulisses-regelwiki.de/index.php/SF_FertigkeitsspezialisierungTalente.html', 324),
('Sonderfertigkeit', 372, 'Heilkunde Krankheiten', 'http://www.ulisses-regelwiki.de/index.php/SF_FertigkeitsspezialisierungTalente.html', 324),
('Sonderfertigkeit', 373, 'Heilkunde Seele', 'http://www.ulisses-regelwiki.de/index.php/SF_FertigkeitsspezialisierungTalente.html', 324),
('Sonderfertigkeit', 374, 'Heilkunde Wunden', 'http://www.ulisses-regelwiki.de/index.php/SF_FertigkeitsspezialisierungTalente.html', 324),
('Sonderfertigkeit', 375, 'Holzbearbeitung', 'http://www.ulisses-regelwiki.de/index.php/SF_FertigkeitsspezialisierungTalente.html', 324),
('Sonderfertigkeit', 376, 'Lebensmittelbearbeitung', 'http://www.ulisses-regelwiki.de/index.php/SF_FertigkeitsspezialisierungTalente.html', 324),
('Sonderfertigkeit', 377, 'Lederbearbeitung', 'http://www.ulisses-regelwiki.de/index.php/SF_FertigkeitsspezialisierungTalente.html', 324),
('Sonderfertigkeit', 378, 'Malen & Zeichnen', 'http://www.ulisses-regelwiki.de/index.php/SF_FertigkeitsspezialisierungTalente.html', 324),
('Sonderfertigkeit', 379, 'Metallbearbeitung', 'http://www.ulisses-regelwiki.de/index.php/SF_FertigkeitsspezialisierungTalente.html', 324),
('Sonderfertigkeit', 380, 'Musizieren', 'http://www.ulisses-regelwiki.de/index.php/SF_FertigkeitsspezialisierungTalente.html', 324),
('Sonderfertigkeit', 381, 'Schlösserknacken', 'http://www.ulisses-regelwiki.de/index.php/SF_FertigkeitsspezialisierungTalente.html', 324),
('Sonderfertigkeit', 382, 'Steinbearbeitung', 'http://www.ulisses-regelwiki.de/index.php/SF_FertigkeitsspezialisierungTalente.html', 324),
('Sonderfertigkeit', 383, 'Stoffbearbeitung', 'http://www.ulisses-regelwiki.de/index.php/SF_FertigkeitsspezialisierungTalente.html', 324),
('Sonderfertigkeit', 384, 'Fertigkeitsspezialisierung (Talente) 3', 'http://www.ulisses-regelwiki.de/index.php/SF_FertigkeitsspezialisierungTalente.html', NULL),
('Sonderfertigkeit', 385, 'Fliegen', 'http://www.ulisses-regelwiki.de/index.php/SF_FertigkeitsspezialisierungTalente.html', 384),
('Sonderfertigkeit', 386, 'Gaukeleien', 'http://www.ulisses-regelwiki.de/index.php/SF_FertigkeitsspezialisierungTalente.html', 384),
('Sonderfertigkeit', 387, 'Klettern', 'http://www.ulisses-regelwiki.de/index.php/SF_FertigkeitsspezialisierungTalente.html', 384),
('Sonderfertigkeit', 388, 'Körperbeherrschung', 'http://www.ulisses-regelwiki.de/index.php/SF_FertigkeitsspezialisierungTalente.html', 384),
('Sonderfertigkeit', 389, 'Kraftakt', 'http://www.ulisses-regelwiki.de/index.php/SF_FertigkeitsspezialisierungTalente.html', 384),
('Sonderfertigkeit', 390, 'Reiten', 'http://www.ulisses-regelwiki.de/index.php/SF_FertigkeitsspezialisierungTalente.html', 384),
('Sonderfertigkeit', 391, 'Schwimmen', 'http://www.ulisses-regelwiki.de/index.php/SF_FertigkeitsspezialisierungTalente.html', 384),
('Sonderfertigkeit', 392, 'Selbstbeherrschung', 'http://www.ulisses-regelwiki.de/index.php/SF_FertigkeitsspezialisierungTalente.html', 384),
('Sonderfertigkeit', 393, 'Singen', 'http://www.ulisses-regelwiki.de/index.php/SF_FertigkeitsspezialisierungTalente.html', 384),
('Sonderfertigkeit', 394, 'Sinnesschärfe', 'http://www.ulisses-regelwiki.de/index.php/SF_FertigkeitsspezialisierungTalente.html', 384),
('Sonderfertigkeit', 395, 'Tanzen', 'http://www.ulisses-regelwiki.de/index.php/SF_FertigkeitsspezialisierungTalente.html', 384),
('Sonderfertigkeit', 396, 'Taschendiebstahl', 'http://www.ulisses-regelwiki.de/index.php/SF_FertigkeitsspezialisierungTalente.html', 384),
('Sonderfertigkeit', 397, 'Verbergen', 'http://www.ulisses-regelwiki.de/index.php/SF_FertigkeitsspezialisierungTalente.html', 384),
('Sonderfertigkeit', 398, 'Zechen', 'http://www.ulisses-regelwiki.de/index.php/SF_FertigkeitsspezialisierungTalente.html', 384),
('Sonderfertigkeit', 399, 'Bekehren & Überzeugen', 'http://www.ulisses-regelwiki.de/index.php/SF_FertigkeitsspezialisierungTalente.html', 384),
('Sonderfertigkeit', 400, 'Betören', 'http://www.ulisses-regelwiki.de/index.php/SF_FertigkeitsspezialisierungTalente.html', 384),
('Sonderfertigkeit', 401, 'Einschüchtern', 'http://www.ulisses-regelwiki.de/index.php/SF_FertigkeitsspezialisierungTalente.html', 384),
('Sonderfertigkeit', 402, 'Etikette', 'http://www.ulisses-regelwiki.de/index.php/SF_FertigkeitsspezialisierungTalente.html', 384),
('Sonderfertigkeit', 403, 'Gassenwissen', 'http://www.ulisses-regelwiki.de/index.php/SF_FertigkeitsspezialisierungTalente.html', 384),
('Sonderfertigkeit', 404, 'Menschenkenntnis', 'http://www.ulisses-regelwiki.de/index.php/SF_FertigkeitsspezialisierungTalente.html', 384),
('Sonderfertigkeit', 405, 'Überreden', 'http://www.ulisses-regelwiki.de/index.php/SF_FertigkeitsspezialisierungTalente.html', 384),
('Sonderfertigkeit', 406, 'Verkleiden', 'http://www.ulisses-regelwiki.de/index.php/SF_FertigkeitsspezialisierungTalente.html', 384),
('Sonderfertigkeit', 407, 'Willenskraft', 'http://www.ulisses-regelwiki.de/index.php/SF_FertigkeitsspezialisierungTalente.html', 384),
('Sonderfertigkeit', 408, 'Fährtensuchen', 'http://www.ulisses-regelwiki.de/index.php/SF_FertigkeitsspezialisierungTalente.html', 384),
('Sonderfertigkeit', 409, 'Fesseln', 'http://www.ulisses-regelwiki.de/index.php/SF_FertigkeitsspezialisierungTalente.html', 384),
('Sonderfertigkeit', 410, 'Fischen & Angeln', 'http://www.ulisses-regelwiki.de/index.php/SF_FertigkeitsspezialisierungTalente.html', 384),
('Sonderfertigkeit', 411, 'Orientierung', 'http://www.ulisses-regelwiki.de/index.php/SF_FertigkeitsspezialisierungTalente.html', 384),
('Sonderfertigkeit', 412, 'Pflanzenkunde', 'http://www.ulisses-regelwiki.de/index.php/SF_FertigkeitsspezialisierungTalente.html', 384),
('Sonderfertigkeit', 413, 'Tierkunde', 'http://www.ulisses-regelwiki.de/index.php/SF_FertigkeitsspezialisierungTalente.html', 384),
('Sonderfertigkeit', 414, 'Wildnisleben', 'http://www.ulisses-regelwiki.de/index.php/SF_FertigkeitsspezialisierungTalente.html', 384),
('Sonderfertigkeit', 415, 'Brett- & Glücksspiel', 'http://www.ulisses-regelwiki.de/index.php/SF_FertigkeitsspezialisierungTalente.html', 384),
('Sonderfertigkeit', 416, 'Geographie', 'http://www.ulisses-regelwiki.de/index.php/SF_FertigkeitsspezialisierungTalente.html', 384),
('Sonderfertigkeit', 417, 'Geschichtswissen', 'http://www.ulisses-regelwiki.de/index.php/SF_FertigkeitsspezialisierungTalente.html', 384),
('Sonderfertigkeit', 418, 'Götter & Kulte', 'http://www.ulisses-regelwiki.de/index.php/SF_FertigkeitsspezialisierungTalente.html', 384),
('Sonderfertigkeit', 419, 'Kriegskunst', 'http://www.ulisses-regelwiki.de/index.php/SF_FertigkeitsspezialisierungTalente.html', 384),
('Sonderfertigkeit', 420, 'Magiekunde', 'http://www.ulisses-regelwiki.de/index.php/SF_FertigkeitsspezialisierungTalente.html', 384),
('Sonderfertigkeit', 421, 'Mechanik', 'http://www.ulisses-regelwiki.de/index.php/SF_FertigkeitsspezialisierungTalente.html', 384);
INSERT INTO `property` (`type`, `id`, `name`, `wiki_url`, `subcategory_of_id`) VALUES
('Sonderfertigkeit', 422, 'Rechnen', 'http://www.ulisses-regelwiki.de/index.php/SF_FertigkeitsspezialisierungTalente.html', 384),
('Sonderfertigkeit', 423, 'Rechtskunde', 'http://www.ulisses-regelwiki.de/index.php/SF_FertigkeitsspezialisierungTalente.html', 384),
('Sonderfertigkeit', 424, 'Sagen & Legenden', 'http://www.ulisses-regelwiki.de/index.php/SF_FertigkeitsspezialisierungTalente.html', 384),
('Sonderfertigkeit', 425, 'Sphärenkunde', 'http://www.ulisses-regelwiki.de/index.php/SF_FertigkeitsspezialisierungTalente.html', 384),
('Sonderfertigkeit', 426, 'Sternkunde', 'http://www.ulisses-regelwiki.de/index.php/SF_FertigkeitsspezialisierungTalente.html', 384),
('Sonderfertigkeit', 427, 'Alchimie', 'http://www.ulisses-regelwiki.de/index.php/SF_FertigkeitsspezialisierungTalente.html', 384),
('Sonderfertigkeit', 428, 'Boote & Schiffe', 'http://www.ulisses-regelwiki.de/index.php/SF_FertigkeitsspezialisierungTalente.html', 384),
('Sonderfertigkeit', 429, 'Fahrzeuge', 'http://www.ulisses-regelwiki.de/index.php/SF_FertigkeitsspezialisierungTalente.html', 384),
('Sonderfertigkeit', 430, 'Handel', 'http://www.ulisses-regelwiki.de/index.php/SF_FertigkeitsspezialisierungTalente.html', 384),
('Sonderfertigkeit', 431, 'Heilkunde Gift', 'http://www.ulisses-regelwiki.de/index.php/SF_FertigkeitsspezialisierungTalente.html', 384),
('Sonderfertigkeit', 432, 'Heilkunde Krankheiten', 'http://www.ulisses-regelwiki.de/index.php/SF_FertigkeitsspezialisierungTalente.html', 384),
('Sonderfertigkeit', 433, 'Heilkunde Seele', 'http://www.ulisses-regelwiki.de/index.php/SF_FertigkeitsspezialisierungTalente.html', 384),
('Sonderfertigkeit', 434, 'Heilkunde Wunden', 'http://www.ulisses-regelwiki.de/index.php/SF_FertigkeitsspezialisierungTalente.html', 384),
('Sonderfertigkeit', 435, 'Holzbearbeitung', 'http://www.ulisses-regelwiki.de/index.php/SF_FertigkeitsspezialisierungTalente.html', 384),
('Sonderfertigkeit', 436, 'Lebensmittelbearbeitung', 'http://www.ulisses-regelwiki.de/index.php/SF_FertigkeitsspezialisierungTalente.html', 384),
('Sonderfertigkeit', 437, 'Lederbearbeitung', 'http://www.ulisses-regelwiki.de/index.php/SF_FertigkeitsspezialisierungTalente.html', 384),
('Sonderfertigkeit', 438, 'Malen & Zeichnen', 'http://www.ulisses-regelwiki.de/index.php/SF_FertigkeitsspezialisierungTalente.html', 384),
('Sonderfertigkeit', 439, 'Metallbearbeitung', 'http://www.ulisses-regelwiki.de/index.php/SF_FertigkeitsspezialisierungTalente.html', 384),
('Sonderfertigkeit', 440, 'Musizieren', 'http://www.ulisses-regelwiki.de/index.php/SF_FertigkeitsspezialisierungTalente.html', 384),
('Sonderfertigkeit', 441, 'Schlösserknacken', 'http://www.ulisses-regelwiki.de/index.php/SF_FertigkeitsspezialisierungTalente.html', 384),
('Sonderfertigkeit', 442, 'Steinbearbeitung', 'http://www.ulisses-regelwiki.de/index.php/SF_FertigkeitsspezialisierungTalente.html', 384),
('Sonderfertigkeit', 443, 'Stoffbearbeitung', 'http://www.ulisses-regelwiki.de/index.php/SF_FertigkeitsspezialisierungTalente.html', 384),
('Sonderfertigkeit', 444, 'Feuerschlucker', 'http://www.ulisses-regelwiki.de/index.php/SF_Feuerschlucker.html', NULL),
('Sonderfertigkeit', 445, 'Fischer', 'http://www.ulisses-regelwiki.de/index.php/SF_Fischer.html', NULL),
('Sonderfertigkeit', 446, 'Freiklettern', 'http://www.ulisses-regelwiki.de/index.php/SF_Freiklettern.html', NULL),
('Sonderfertigkeit', 447, 'Füchsisch', 'http://www.ulisses-regelwiki.de/index.php/SF_Füchsisch.html', NULL),
('Sonderfertigkeit', 448, 'Gestählter Wille', 'http://www.ulisses-regelwiki.de/index.php/SF_GestählterWille.html', NULL),
('Sonderfertigkeit', 449, 'Geländekunde', 'http://www.ulisses-regelwiki.de/index.php/SF_Geländekunde.html', NULL),
('Sonderfertigkeit', 450, 'Gildenrecht', 'http://www.ulisses-regelwiki.de/index.php/SF_Gildenrecht.html', NULL),
('Sonderfertigkeit', 451, 'Glasbläserei', 'http://www.ulisses-regelwiki.de/index.php/SF_Glasbläserei.html', NULL),
('Sonderfertigkeit', 452, 'Guter Gardist, böser Gardist', 'http://www.ulisses-regelwiki.de/index.php/SF_GuterGardist.html', NULL),
('Sonderfertigkeit', 453, 'Hauswirtschaft', 'http://www.ulisses-regelwiki.de/index.php/SF_Hauswirtschaft.html', NULL),
('Sonderfertigkeit', 454, 'Hehlerei', 'http://www.ulisses-regelwiki.de/index.php/SF_Hehlerei.html', NULL),
('Sonderfertigkeit', 455, 'Heraldik', 'http://www.ulisses-regelwiki.de/index.php/SF_Heraldik.html', NULL),
('Sonderfertigkeit', 456, 'Heraldikspezialist', 'http://www.ulisses-regelwiki.de/index.php/hspez.html', NULL),
('Sonderfertigkeit', 457, 'Iglubau', 'http://www.ulisses-regelwiki.de/index.php/SF_Iglubau.html', NULL),
('Sonderfertigkeit', 458, 'Instrumente bauen', 'http://www.ulisses-regelwiki.de/index.php/SF_Instrumentebauen.html', NULL),
('Sonderfertigkeit', 459, 'Jäger', 'http://www.ulisses-regelwiki.de/index.php/SF_Jäger.html', NULL),
('Sonderfertigkeit', 460, 'Kalligraphie', 'http://www.ulisses-regelwiki.de/index.php/SF_Kalligraphie.html', NULL),
('Sonderfertigkeit', 461, 'Kampftrinker', 'http://www.ulisses-regelwiki.de/index.php/PSF_Kampftrinker.html', NULL),
('Sonderfertigkeit', 462, 'I', 'http://www.ulisses-regelwiki.de/index.php/PSF_Kampftrinker.html', 461),
('Sonderfertigkeit', 463, 'II', 'http://www.ulisses-regelwiki.de/index.php/PSF_Kampftrinker.html', 461),
('Sonderfertigkeit', 464, 'III', 'http://www.ulisses-regelwiki.de/index.php/PSF_Kampftrinker.html', 461),
('Sonderfertigkeit', 465, 'IV', 'http://www.ulisses-regelwiki.de/index.php/PSF_Kampftrinker.html', 461),
('Sonderfertigkeit', 466, 'Kapellmeister', 'http://www.ulisses-regelwiki.de/index.php/SF_Kapellmeister.html', NULL),
('Sonderfertigkeit', 467, 'Kartographie', 'http://www.ulisses-regelwiki.de/index.php/SF_Kartographie.html', NULL),
('Sonderfertigkeit', 468, 'Kohlezeichnungen', 'http://www.ulisses-regelwiki.de/index.php/SF_Kohlezeichnungen.html', NULL),
('Sonderfertigkeit', 469, 'Konditor', 'http://www.ulisses-regelwiki.de/index.php/SF_Konditor.html', NULL),
('Sonderfertigkeit', 470, 'Kristallzucht', 'http://www.ulisses-regelwiki.de/index.php/SF_Kristallzucht.html', NULL),
('Sonderfertigkeit', 471, 'Kupferstich', 'http://www.ulisses-regelwiki.de/index.php/SF_Kupferstich.html', NULL),
('Sonderfertigkeit', 472, 'Kutschenbauer', 'http://www.ulisses-regelwiki.de/index.php/SF_Kutschenbauer.html', NULL),
('Sonderfertigkeit', 473, 'Leibdiener', 'http://www.ulisses-regelwiki.de/index.php/SF_Leibdiener.html', NULL),
('Sonderfertigkeit', 474, 'Leg-ga-leg', 'http://www.ulisses-regelwiki.de/index.php/SF_Leggaleg.html', NULL),
('Sonderfertigkeit', 475, 'Liebling der Massen', 'http://www.ulisses-regelwiki.de/index.php/SF_LieblingderMassen.html', NULL),
('Sonderfertigkeit', 476, 'Lippenlesen', 'http://www.ulisses-regelwiki.de/index.php/SF_Lippenlesen.html', NULL),
('Sonderfertigkeit', 477, 'Meister der Improvisation', 'http://www.ulisses-regelwiki.de/index.php/SF_MeisterderImprovisation.html', NULL),
('Sonderfertigkeit', 478, 'Möbel herstellen', 'http://www.ulisses-regelwiki.de/index.php/SF_Möbelherstellen.html', NULL),
('Sonderfertigkeit', 479, 'Namensschmeichler', 'http://www.ulisses-regelwiki.de/index.php/namenschme.html', NULL),
('Sonderfertigkeit', 480, 'Navigation', 'http://www.ulisses-regelwiki.de/index.php/SF_Navigation.html', NULL),
('Sonderfertigkeit', 481, 'Ölmalerei', 'http://www.ulisses-regelwiki.de/index.php/SF_Ölmalerei.html', NULL),
('Sonderfertigkeit', 482, 'Opernsänger', 'http://www.ulisses-regelwiki.de/index.php/SF_Opernsänger.html', NULL),
('Sonderfertigkeit', 483, 'Orientierung unter Tage', 'http://www.ulisses-regelwiki.de/index.php/SF_OrientierungunterTage.html', NULL),
('Sonderfertigkeit', 484, 'Ortskenntnis', 'http://www.ulisses-regelwiki.de/index.php/SF_Ortskenntnis.html', NULL),
('Sonderfertigkeit', 485, 'Provozieren', 'http://www.ulisses-regelwiki.de/index.php/SF_Provozieren.html', NULL),
('Sonderfertigkeit', 486, 'Prunkkleidung herstellen', 'http://www.ulisses-regelwiki.de/index.php/SF_Prunkkleidungherstellen.html', NULL),
('Sonderfertigkeit', 487, 'Pyromantiker', 'http://www.ulisses-regelwiki.de/index.php/SF_Pyromantiker.html', NULL),
('Sonderfertigkeit', 488, 'Rahjasutra-Kenntnisse', 'http://www.ulisses-regelwiki.de/index.php/SF_RahjasutraKenntnisse.html', NULL),
('Sonderfertigkeit', 489, 'Rosstäuscher', 'http://www.ulisses-regelwiki.de/index.php/SF_Rosstäuscher.html', NULL),
('Sonderfertigkeit', 490, 'Rüstungsbau', 'http://www.ulisses-regelwiki.de/index.php/SF_Rüstungsbau.html', NULL),
('Sonderfertigkeit', 491, 'Sammler', 'http://www.ulisses-regelwiki.de/index.php/SF_Sammler.html', NULL),
('Sonderfertigkeit', 492, 'Schiffsbauer', 'http://www.ulisses-regelwiki.de/index.php/SF_Schiffsbauer.html', NULL),
('Sonderfertigkeit', 493, 'Schmerzen unterdrücken', 'http://www.ulisses-regelwiki.de/index.php/SF_Schmerzenunterdrücken.html', NULL),
('Sonderfertigkeit', 494, 'Schmuck herstellen', 'http://www.ulisses-regelwiki.de/index.php/SF_Schmuckherstellen.html', NULL),
('Sonderfertigkeit', 495, 'Schnapsbrennerei', 'http://www.ulisses-regelwiki.de/index.php/SF_Schnapsbrennerei.html', NULL),
('Sonderfertigkeit', 496, 'Schnellschreiber', 'http://www.ulisses-regelwiki.de/index.php/SF_Schnellschreiber.html', NULL),
('Sonderfertigkeit', 497, 'Schrift', 'http://www.ulisses-regelwiki.de/index.php/SF_Schrift.html', NULL),
('Sonderfertigkeit', 498, 'Schriftstellerei', 'http://www.ulisses-regelwiki.de/index.php/SF_Schriftstellerei.html', NULL),
('Sonderfertigkeit', 499, 'Seile herstellen', 'http://www.ulisses-regelwiki.de/index.php/SF_Seileherstellen.html', NULL),
('Sonderfertigkeit', 500, 'Skifahren', 'http://www.ulisses-regelwiki.de/index.php/SF_Skifahren.html', NULL),
('Sonderfertigkeit', 501, 'Smutje', 'http://www.ulisses-regelwiki.de/index.php/SF_Smutje.html', NULL),
('Sonderfertigkeit', 502, 'Sprache', 'http://www.ulisses-regelwiki.de/index.php/SF_Sprache.html', NULL),
('Sonderfertigkeit', 503, 'I', 'http://www.ulisses-regelwiki.de/index.php/SF_Sprache.html', 502),
('Sonderfertigkeit', 504, 'II', 'http://www.ulisses-regelwiki.de/index.php/SF_Sprache.html', 502),
('Sonderfertigkeit', 505, 'III', 'http://www.ulisses-regelwiki.de/index.php/SF_Sprache.html', 502),
('Sonderfertigkeit', 506, 'Stellmacherei', 'http://www.ulisses-regelwiki.de/index.php/SF_Stellmacherei.html', NULL),
('Sonderfertigkeit', 507, 'Tätowierer', 'http://www.ulisses-regelwiki.de/index.php/SF_Tätowierer.html', NULL),
('Sonderfertigkeit', 508, 'Tierstimmen imitiere', 'http://www.ulisses-regelwiki.de/index.php/SF_Tierstimmenimitieren.html', NULL),
('Sonderfertigkeit', 509, 'Töpferei', 'http://www.ulisses-regelwiki.de/index.php/SF_Töpferei.html', NULL),
('Sonderfertigkeit', 510, 'Verführungskunst', 'http://www.ulisses-regelwiki.de/index.php/SF_Verführungskunst.html', NULL),
('Sonderfertigkeit', 511, 'Viehzucht', 'http://www.ulisses-regelwiki.de/index.php/SF_Viehzucht.html', NULL),
('Sonderfertigkeit', 512, 'Waffenbau', 'http://www.ulisses-regelwiki.de/index.php/SF_Waffenbau.html', NULL),
('Sonderfertigkeit', 513, 'Wandmalerei', 'http://www.ulisses-regelwiki.de/index.php/SF_Wandmalerei.html', NULL),
('Sonderfertigkeit', 514, 'Wettervorhersage', 'http://www.ulisses-regelwiki.de/index.php/SF_Wettervorhersage.html', NULL),
('Sonderfertigkeit', 515, 'Zahlenmystik', 'http://www.ulisses-regelwiki.de/index.php/SF_Zahlenmystik.html', NULL),
('Sonderfertigkeit', 516, 'Bann- und Schutzkreis gegen Dschinne', 'http://www.ulisses-regelwiki.de/index.php/dsfdsfdsfdf.html', NULL),
('Sonderfertigkeit', 517, 'Bann- und Schutzkreis gegen Elementargeister', 'http://www.ulisses-regelwiki.de/index.php/reegregre.html', NULL),
('Sonderfertigkeit', 518, 'Bann- und Schutzkreis gegen gehörnte Dämonen', 'http://www.ulisses-regelwiki.de/index.php/refregrefer.html', NULL),
('Sonderfertigkeit', 519, 'Bann- und Schutzkreis gegen niedere Dämonen', 'http://www.ulisses-regelwiki.de/index.php/fgregregreg.html', NULL),
('Sonderfertigkeit', 520, 'Befehl Flugangriff', 'http://www.ulisses-regelwiki.de/index.php/BF_Flugangriff.html', NULL),
('Sonderfertigkeit', 521, 'Befehl Klammerangriff', 'http://www.ulisses-regelwiki.de/index.php/Befehl_Klammerangriff.html', NULL),
('Sonderfertigkeit', 522, 'Befehl Mächtiger Schlag', 'http://www.ulisses-regelwiki.de/index.php/Befehl_Maechtiger_Schlag.html', NULL),
('Sonderfertigkeit', 523, 'Befehl Sichelangriff', 'http://www.ulisses-regelwiki.de/index.php/Befehl_Sichelangriff.html', NULL),
('Sonderfertigkeit', 524, 'Befehl Trampeln', 'http://www.ulisses-regelwiki.de/index.php/Befehl_Trampeln.html', NULL),
('Sonderfertigkeit', 525, 'Befehl Überrennen', 'http://www.ulisses-regelwiki.de/index.php/Befehl_Ueberrennen.html', NULL),
('Sonderfertigkeit', 526, 'Bindung des Dolches', 'http://www.ulisses-regelwiki.de/index.php/Bindungdolch.html', NULL),
('Sonderfertigkeit', 527, 'Dolch-Apport', 'http://www.ulisses-regelwiki.de/index.php/Dolch-Apport.html', NULL),
('Sonderfertigkeit', 528, 'Kraft der Erde', 'http://www.ulisses-regelwiki.de/index.php/Kraftdererde.html', NULL),
('Sonderfertigkeit', 529, 'Sicht im Dunkeln', 'http://www.ulisses-regelwiki.de/index.php/sichtdunke.html', NULL),
('Sonderfertigkeit', 530, 'Wegweiser', 'http://www.ulisses-regelwiki.de/index.php/wegsweiser.html', NULL),
('Sonderfertigkeit', 531, 'Aufspießen', 'http://www.ulisses-regelwiki.de/index.php/EKS_Aufspießen.html', NULL),
('Sonderfertigkeit', 532, 'Binden', 'http://www.ulisses-regelwiki.de/index.php/EKS_Binden.html', NULL),
('Sonderfertigkeit', 533, 'Breschenangriff', 'http://www.ulisses-regelwiki.de/index.php/EKS_Breschenangriff.html', NULL),
('Sonderfertigkeit', 534, 'Fahrender Schütze', 'http://www.ulisses-regelwiki.de/index.php/EKS_FahrenderSchütze.html', NULL),
('Sonderfertigkeit', 535, 'Frontalangriff', 'http://www.ulisses-regelwiki.de/index.php/EKS_Frontalangriff.html', NULL),
('Sonderfertigkeit', 536, 'Fußfeger', 'http://www.ulisses-regelwiki.de/index.php/ESK_Fußfeger.html', NULL),
('Sonderfertigkeit', 537, 'Haltegriff brechen', 'http://www.ulisses-regelwiki.de/index.php/ESF_Haltegriffbrechen.html', NULL),
('Sonderfertigkeit', 538, 'Handkantenschlag', 'http://www.ulisses-regelwiki.de/index.php/ESF_Handkantenschlag.html', NULL),
('Sonderfertigkeit', 539, 'Hohe Klinge', 'http://www.ulisses-regelwiki.de/index.php/ESK_HoheKlinge.html', NULL),
('Sonderfertigkeit', 540, 'Kopfstoß', 'http://www.ulisses-regelwiki.de/index.php/ESK_Kopfstoß.html', NULL),
('Sonderfertigkeit', 541, 'Mächtiger Lanzenangriff', 'http://www.ulisses-regelwiki.de/index.php/ESK_MächtigerLanzenangriff.html', NULL),
('Sonderfertigkeit', 542, 'Mächtiger Rundumschlag', 'http://www.ulisses-regelwiki.de/index.php/ESK_MächtgerRundumschlag.html', NULL),
('Sonderfertigkeit', 543, 'Meisterlicher Wurf', 'http://www.ulisses-regelwiki.de/index.php/ESF_MeisterlicherWurf.html', NULL),
('Sonderfertigkeit', 544, 'Schilddeckung', 'http://www.ulisses-regelwiki.de/index.php/ESK_Schilddeckung.html', NULL),
('Sonderfertigkeit', 545, 'Schildstoß', 'http://www.ulisses-regelwiki.de/index.php/ESK_Schildstoß.html', NULL),
('Sonderfertigkeit', 546, 'Schwinger', 'http://www.ulisses-regelwiki.de/index.php/ESK_Schwinger.html', NULL),
('Sonderfertigkeit', 547, 'Sprungangriff', 'http://www.ulisses-regelwiki.de/index.php/ESK_Sprungangriff.html', NULL),
('Sonderfertigkeit', 548, 'Sprungtritt', 'http://www.ulisses-regelwiki.de/index.php/ESK_Sprungtritt.html', NULL),
('Sonderfertigkeit', 549, 'Tiefschlag', 'http://www.ulisses-regelwiki.de/index.php/ESK_Tiefschlag.html', NULL),
('Sonderfertigkeit', 550, 'Tod von Links', 'http://www.ulisses-regelwiki.de/index.php/ESK_TodvonLinks.html', NULL),
('Sonderfertigkeit', 551, 'Verkürzte Waffenführung', 'http://www.ulisses-regelwiki.de/index.php/ESK_VerkürzteWaffenführung.html', NULL),
('Sonderfertigkeit', 552, 'Vorbeiziehen', 'http://www.ulisses-regelwiki.de/index.php/ESK_Vorbeiziehen.html', NULL),
('Sonderfertigkeit', 553, 'Waffenwurf', 'http://www.ulisses-regelwiki.de/index.php/ESK_Waffenwurf.html', NULL),
('Sonderfertigkeit', 554, 'Weiter Schwung', 'http://www.ulisses-regelwiki.de/index.php/ESK_WeiterSchwung.html', NULL),
('Sonderfertigkeit', 555, 'Windmühle', 'http://www.ulisses-regelwiki.de/index.php/ESK_Windmühle.html', NULL),
('Sonderfertigkeit', 556, 'Wuchtiger Wurf', 'http://www.ulisses-regelwiki.de/index.php/ESK_WuchtigerWurf.html', NULL),
('Sonderfertigkeit', 557, 'Würgegriff', 'http://www.ulisses-regelwiki.de/index.php/ESK_Würgegriff.html', NULL),
('Sonderfertigkeit', 558, 'Zertrümmern', 'http://www.ulisses-regelwiki.de/index.php/ESK_Zertrümmern.html', NULL),
('Sonderfertigkeit', 559, 'Erinnerungsmelodie', 'http://www.ulisses-regelwiki.de/index.php/ESF_Erinnerungsmelodie.html', NULL),
('Sonderfertigkeit', 560, 'Friedenslied', 'http://www.ulisses-regelwiki.de/index.php/ESF_Friedenslied.html', NULL),
('Sonderfertigkeit', 561, 'Freundschaftslied', 'http://www.ulisses-regelwiki.de/index.php/ESF_Freundschaftslied.html', NULL),
('Sonderfertigkeit', 562, 'Melodie der Kunstfertigkeit', 'http://www.ulisses-regelwiki.de/index.php/ESF_MelodiederKunstfertigkeit.html', NULL),
('Sonderfertigkeit', 563, 'Sorgenlied', 'http://www.ulisses-regelwiki.de/index.php/ESF_Sorgenlied.html', NULL),
('Sonderfertigkeit', 564, 'Zaubermelodie', 'http://www.ulisses-regelwiki.de/index.php/ESF_Zaubermelodie.html', NULL),
('Sonderfertigkeit', 565, 'Artefaktanalytiker', 'http://www.ulisses-regelwiki.de/index.php/Artefaktanalytiker.html', NULL),
('Sonderfertigkeit', 566, 'Aufladung', 'http://www.ulisses-regelwiki.de/index.php/Aufladung.html', NULL),
('Sonderfertigkeit', 567, 'Austreibung', 'http://www.ulisses-regelwiki.de/index.php/BewanderterHeilzauberer.html', NULL),
('Sonderfertigkeit', 568, 'Brillanter Telekinetiker', 'http://www.ulisses-regelwiki.de/index.php/BrillanterTelekinetiker.html', NULL),
('Sonderfertigkeit', 569, 'Destruktor', 'http://www.ulisses-regelwiki.de/index.php/Destruktor.html', NULL),
('Sonderfertigkeit', 570, 'Eiserne Konzentrationsstärke', 'http://www.ulisses-regelwiki.de/index.php/EiserneKonzentrationsstaerke.html', NULL),
('Sonderfertigkeit', 571, 'Elfenfreund', 'http://www.ulisses-regelwiki.de/index.php/Elfenfreund.html', NULL),
('Sonderfertigkeit', 572, 'Erfahrener Antimagier', 'http://www.ulisses-regelwiki.de/index.php/ErfahrenerAntimagier.html', NULL),
('Sonderfertigkeit', 573, 'Erweiterter Gedankenschutz', 'http://www.ulisses-regelwiki.de/index.php/ErweiterterGedankenschutz.html', NULL),
('Sonderfertigkeit', 574, 'Geistzauberer', 'http://www.ulisses-regelwiki.de/index.php/Geistzauberer.html', NULL),
('Sonderfertigkeit', 575, 'Harmoniezauberei', 'http://www.ulisses-regelwiki.de/index.php/Harmoniezauberei.html', NULL),
('Sonderfertigkeit', 576, 'Illusionäre Undurchschaubarkeit', 'http://www.ulisses-regelwiki.de/index.php/IllusionaereUndurchschaubarkeit.html', NULL),
('Sonderfertigkeit', 577, 'Kriegszauberer', 'http://www.ulisses-regelwiki.de/index.php/Kriegszauberer.html', NULL),
('Sonderfertigkeit', 578, 'Kundiger Sphärologe', 'http://www.ulisses-regelwiki.de/index.php/KundigerSphaerologe.html', NULL),
('Sonderfertigkeit', 579, 'Langanhaltende Illusion', 'http://www.ulisses-regelwiki.de/index.php/LanganhaltendeIllusion.html', NULL),
('Sonderfertigkeit', 580, 'Machtvolle Verbotene Pforten', 'http://www.ulisses-regelwiki.de/index.php/MachtvolleVerbotenePforten.html', NULL),
('Sonderfertigkeit', 581, 'Matrixzauberei', 'http://www.ulisses-regelwiki.de/index.php/Matrixzauberei.html', NULL),
('Sonderfertigkeit', 582, 'Meisterliches Auraverbergen', 'http://www.ulisses-regelwiki.de/index.php/MeisterlichesAuraverbergen.html', NULL),
('Sonderfertigkeit', 583, 'Mitverwandlung', 'http://www.ulisses-regelwiki.de/index.php/Mitverwandlung.html', NULL),
('Sonderfertigkeit', 584, 'Qabalya-Magie', 'http://www.ulisses-regelwiki.de/index.php/QabalyaMagie.html', NULL),
('Sonderfertigkeit', 585, 'Selbstkontrolle', 'http://www.ulisses-regelwiki.de/index.php/Selbstkontrolle.html', NULL),
('Sonderfertigkeit', 586, 'Selbstverzauberer', 'http://www.ulisses-regelwiki.de/index.php/Selbstverzauberer.html', NULL),
('Sonderfertigkeit', 587, 'Tierflüsterer', 'http://www.ulisses-regelwiki.de/index.php/Tierfluesterer.html', NULL),
('Sonderfertigkeit', 588, 'Überragender Dämonologe', 'http://www.ulisses-regelwiki.de/index.php/UeberragenderDaemonologe.html', NULL),
('Sonderfertigkeit', 589, 'Unübertroffener Verwandler', 'http://www.ulisses-regelwiki.de/index.php/UnuebertroffenerVerwandler.html', NULL),
('Sonderfertigkeit', 590, 'Urtulamidische Heilmagie', 'http://www.ulisses-regelwiki.de/index.php/UrtulamidischeHeilmagie.html', NULL),
('Sonderfertigkeit', 591, 'Verständigungszauberer', 'http://www.ulisses-regelwiki.de/index.php/Verstaendigungszauberer.html', NULL),
('Sonderfertigkeit', 592, 'Vollendeter Elementarist', 'http://www.ulisses-regelwiki.de/index.php/VollendeterElementarist.html', NULL),
('Sonderfertigkeit', 593, 'Vollkommener Beherrscher', 'http://www.ulisses-regelwiki.de/index.php/VollkommenerBeherrscher.html', NULL),
('Sonderfertigkeit', 594, 'Vortrefflicher Hellseher', 'http://www.ulisses-regelwiki.de/index.php/VortrefflicherHellseher.html', NULL),
('Sonderfertigkeit', 595, 'Tradition (intuitive Zauberer)', 'http://www.ulisses-regelwiki.de/index.php/SF_intuitiveZauberer.html', NULL),
('Sonderfertigkeit', 596, 'Tradition (Qabalyamagier)', 'http://www.ulisses-regelwiki.de/index.php/TRA_Qabalyamagier.html', NULL),
('Sonderfertigkeit', 597, 'Tradition (Scharlatane)', 'http://www.ulisses-regelwiki.de/index.php/TRA_Scharlatane.html', NULL),
('Sonderfertigkeit', 598, 'Tradition (Zauberbarden)', 'http://www.ulisses-regelwiki.de/index.php/TRA_Zauberbarden.html', NULL),
('Sonderfertigkeit', 599, 'Tradition (Zaubertänzer)', 'http://www.ulisses-regelwiki.de/index.php/TRA_Zaubertänzer.html', NULL),
('Sonderfertigkeit', 600, 'Ausbruch unterdrückter Gefühle', 'http://www.ulisses-regelwiki.de/index.php/Ausbruchunterdr.html', NULL),
('Sonderfertigkeit', 601, 'Figur der Schmerzen', 'http://www.ulisses-regelwiki.de/index.php/FigurderSchmerzen.html', NULL),
('Sonderfertigkeit', 602, 'Fluch der Pestilenz', 'http://www.ulisses-regelwiki.de/index.php/FluchderPestilenz.html', NULL),
('Sonderfertigkeit', 603, 'Fluch der Schlaflosigkeit', 'http://www.ulisses-regelwiki.de/index.php/FluchderSchlaflosigkeit.html', NULL),
('Sonderfertigkeit', 604, 'Macht über Schlafwandler', 'http://www.ulisses-regelwiki.de/index.php/MachtueberSchlafwandler.html', NULL),
('Sonderfertigkeit', 605, 'Beiß auf Granit!', 'http://www.ulisses-regelwiki.de/index.php/HSF_BeißaufGranit.html', NULL),
('Sonderfertigkeit', 606, 'Beute!', 'http://www.ulisses-regelwiki.de/index.php/HSF_Beute.html', NULL),
('Sonderfertigkeit', 607, 'Hagelschlag', 'http://www.ulisses-regelwiki.de/index.php/HSF_Hagelschlag.html', NULL),
('Sonderfertigkeit', 608, 'Hexenschuss', 'http://www.ulisses-regelwiki.de/index.php/HSF_Hexenschuss.html', NULL),
('Sonderfertigkeit', 609, 'Pech an den Hals wünschen', 'http://www.ulisses-regelwiki.de/index.php/HSF_PechandenHalswuenschen.html', NULL),
('Sonderfertigkeit', 610, 'Pestilenz', 'http://www.ulisses-regelwiki.de/index.php/HSF_Pestilenz.html', NULL),
('Sonderfertigkeit', 611, 'Schlaf rauben', 'http://www.ulisses-regelwiki.de/index.php/HSF_Schlafrauben.html', NULL),
('Sonderfertigkeit', 612, 'Unfruchtbarkeit', 'http://www.ulisses-regelwiki.de/index.php/1178.html', NULL),
('Sonderfertigkeit', 613, 'Warzen sprießen', 'http://www.ulisses-regelwiki.de/index.php/HSF_Warzensprießen.html', NULL),
('Sonderfertigkeit', 614, 'Zunge lähmen', 'http://www.ulisses-regelwiki.de/index.php/HSF_Zungelaehmen.html', NULL),
('Sonderfertigkeit', 615, 'Armbrust überdrehen', 'http://www.ulisses-regelwiki.de/index.php/KSF_Armbristüberdrehen.html', NULL),
('Sonderfertigkeit', 616, 'Auf Distanz halten', 'http://www.ulisses-regelwiki.de/index.php/KSF_AufDistanzhalten.html', NULL),
('Sonderfertigkeit', 617, 'I', 'http://www.ulisses-regelwiki.de/index.php/KSF_AufDistanzhalten.html', 616),
('Sonderfertigkeit', 618, 'II', 'http://www.ulisses-regelwiki.de/index.php/KSF_AufDistanzhalten.html', 616),
('Sonderfertigkeit', 619, 'Aufmerksamkeit', 'http://www.ulisses-regelwiki.de/index.php/KSF_Aufmerksamkeit.html', NULL),
('Sonderfertigkeit', 620, 'Ballistischer Schuss', 'http://www.ulisses-regelwiki.de/index.php/KSF_BallistischerSchuss.html', NULL),
('Sonderfertigkeit', 621, 'Belastungsgewöhnung', 'http://www.ulisses-regelwiki.de/index.php/KSF_Belastungsgewöhnung.html', NULL),
('Sonderfertigkeit', 622, 'I', 'http://www.ulisses-regelwiki.de/index.php/KSF_Belastungsgewöhnung.html', 621),
('Sonderfertigkeit', 623, 'II', 'http://www.ulisses-regelwiki.de/index.php/KSF_Belastungsgewöhnung.html', 621),
('Sonderfertigkeit', 624, 'Beidhändiger Kampf', 'http://www.ulisses-regelwiki.de/index.php/KSF_BeihändigerKampf.html', NULL),
('Sonderfertigkeit', 625, 'I', 'http://www.ulisses-regelwiki.de/index.php/KSF_BeihändigerKampf.html', 624),
('Sonderfertigkeit', 626, 'II', 'http://www.ulisses-regelwiki.de/index.php/KSF_BeihändigerKampf.html', 624),
('Sonderfertigkeit', 627, 'Berittener Flugkampf', 'http://www.ulisses-regelwiki.de/index.php/KSF_BerittenerFlugkampf.html', NULL),
('Sonderfertigkeit', 628, 'Berittener Kampf', 'http://www.ulisses-regelwiki.de/index.php/KSF_BerittenerKampf.html', NULL),
('Sonderfertigkeit', 629, 'Berittener Schütze', 'http://www.ulisses-regelwiki.de/index.php/KSF_BerittenerSchütze.html', NULL),
('Sonderfertigkeit', 630, 'Beschützer', 'http://www.ulisses-regelwiki.de/index.php/KSF_Beschützer.html', NULL),
('Sonderfertigkeit', 631, 'Betäubungsschlag', 'http://www.ulisses-regelwiki.de/index.php/KSF_Betäubungsschlag.html', NULL),
('Sonderfertigkeit', 632, 'Blindkampf', 'http://www.ulisses-regelwiki.de/index.php/KSF_Blindkampf.html', NULL),
('Sonderfertigkeit', 633, 'I', 'http://www.ulisses-regelwiki.de/index.php/KSF_Blindkampf.html', 632),
('Sonderfertigkeit', 634, 'II', 'http://www.ulisses-regelwiki.de/index.php/KSF_Blindkampf.html', 632),
('Sonderfertigkeit', 635, 'Drachenkampf-Taktik', 'http://www.ulisses-regelwiki.de/index.php/SF_DrachenkampfTaktik.html', NULL),
('Sonderfertigkeit', 636, 'Einhändiger Kampf', 'http://www.ulisses-regelwiki.de/index.php/KSF_EinhändigerKampf.html', NULL),
('Sonderfertigkeit', 637, 'Eisenhagel', 'http://www.ulisses-regelwiki.de/index.php/KSF_Eisenhagel.html', NULL),
('Sonderfertigkeit', 638, 'I', 'http://www.ulisses-regelwiki.de/index.php/KSF_Eisenhagel.html', 637),
('Sonderfertigkeit', 639, 'II', 'http://www.ulisses-regelwiki.de/index.php/KSF_Eisenhagel.html', 637),
('Sonderfertigkeit', 640, 'Entwaffnen', 'http://www.ulisses-regelwiki.de/index.php/KSDF_Entwaffnen.html', NULL),
('Sonderfertigkeit', 641, 'Feindgespür', 'http://www.ulisses-regelwiki.de/index.php/KSF_Feindgespür.html', NULL),
('Sonderfertigkeit', 642, 'Festnageln', 'http://www.ulisses-regelwiki.de/index.php/KSF_Festnageln.html', NULL),
('Sonderfertigkeit', 643, 'Finte', 'http://www.ulisses-regelwiki.de/index.php/KSF_Finte.html', NULL),
('Sonderfertigkeit', 644, 'I', 'http://www.ulisses-regelwiki.de/index.php/KSF_Finte.html', 643),
('Sonderfertigkeit', 645, 'II', 'http://www.ulisses-regelwiki.de/index.php/KSF_Finte.html', 643),
('Sonderfertigkeit', 646, 'III', 'http://www.ulisses-regelwiki.de/index.php/KSF_Finte.html', 643),
('Sonderfertigkeit', 647, 'Gezielter Angriff', 'http://www.ulisses-regelwiki.de/index.php/KSF_GezielterAngriff.html', NULL),
('Sonderfertigkeit', 648, 'Gezielter Schuss', 'http://www.ulisses-regelwiki.de/index.php/KSF_GezielterSchuss.html', NULL),
('Sonderfertigkeit', 649, 'Haltegriff', 'http://www.ulisses-regelwiki.de/index.php/KSF_Haltegriff.html', NULL),
('Sonderfertigkeit', 650, 'Hammerschlag', 'http://www.ulisses-regelwiki.de/index.php/KSF_Hammerschlag.html', NULL),
('Sonderfertigkeit', 651, 'Herunterstoßen', 'http://www.ulisses-regelwiki.de/index.php/KSF_Herunterstoßen.html', NULL),
('Sonderfertigkeit', 652, 'Kampf im Wasser', 'http://www.ulisses-regelwiki.de/index.php/KSF_KampfimwASSER.html', NULL),
('Sonderfertigkeit', 653, 'Kampfreflexe', 'http://www.ulisses-regelwiki.de/index.php/KSF_Kampfreflexe.html', NULL),
('Sonderfertigkeit', 654, 'I', 'http://www.ulisses-regelwiki.de/index.php/KSF_Kampfreflexe.html', 653),
('Sonderfertigkeit', 655, 'II', 'http://www.ulisses-regelwiki.de/index.php/KSF_Kampfreflexe.html', 653),
('Sonderfertigkeit', 656, 'III', 'http://www.ulisses-regelwiki.de/index.php/KSF_Kampfreflexe.html', 653),
('Sonderfertigkeit', 657, 'Kampfstil-Kombination', 'http://www.ulisses-regelwiki.de/index.php/KSF_kampfstilKombination.html', NULL),
('Sonderfertigkeit', 658, 'Klingenfänger', 'http://www.ulisses-regelwiki.de/index.php/KSF_Klingenfänger.html', NULL),
('Sonderfertigkeit', 659, 'Klingensturm', 'http://www.ulisses-regelwiki.de/index.php/KSF_Klingensturm.html', NULL),
('Sonderfertigkeit', 660, 'Kreuzblock', 'http://www.ulisses-regelwiki.de/index.php/KSF_Kreuzblock.html', NULL),
('Sonderfertigkeit', 661, 'Lanzenangriff', 'http://www.ulisses-regelwiki.de/index.php/KSF_Lanzenangriff.html', NULL),
('Sonderfertigkeit', 662, 'Meister der improvisierten Waffen', 'http://www.ulisses-regelwiki.de/index.php/KSF_MeisterderimprovisiertenWaffen.html', NULL),
('Sonderfertigkeit', 663, 'Meisterliches Ausweichen', 'http://www.ulisses-regelwiki.de/index.php/KSF_MeisterlichesAusweichen.html', NULL),
('Sonderfertigkeit', 664, 'Meisterparade', 'http://www.ulisses-regelwiki.de/index.php/KSF_Meisterparade.html', NULL),
('Sonderfertigkeit', 665, 'Pikenwall', 'http://www.ulisses-regelwiki.de/index.php/KSF_Pikenwall.html', NULL),
('Sonderfertigkeit', 666, 'Präziser Schuss/Wurf', 'http://www.ulisses-regelwiki.de/index.php/KSF_PräziserSchussWurf.html', NULL),
('Sonderfertigkeit', 667, 'I', 'http://www.ulisses-regelwiki.de/index.php/KSF_PräziserSchussWurf.html', 666),
('Sonderfertigkeit', 668, 'II', 'http://www.ulisses-regelwiki.de/index.php/KSF_PräziserSchussWurf.html', 666),
('Sonderfertigkeit', 669, 'III', 'http://www.ulisses-regelwiki.de/index.php/KSF_PräziserSchussWurf.html', 666),
('Sonderfertigkeit', 670, 'Präziser Stich', 'http://www.ulisses-regelwiki.de/index.php/KSF_PräszierStich.html', NULL),
('Sonderfertigkeit', 671, 'I', 'http://www.ulisses-regelwiki.de/index.php/KSF_PräszierStich.html', 670),
('Sonderfertigkeit', 672, 'II', 'http://www.ulisses-regelwiki.de/index.php/KSF_PräszierStich.html', 670),
('Sonderfertigkeit', 673, 'III', 'http://www.ulisses-regelwiki.de/index.php/KSF_PräszierStich.html', 670),
('Sonderfertigkeit', 674, 'Riposte', 'http://www.ulisses-regelwiki.de/index.php/KSF_Riposte.html', NULL),
('Sonderfertigkeit', 675, 'Rundumschlag', 'http://www.ulisses-regelwiki.de/index.php/KSF_Rundumschlag.html', NULL),
('Sonderfertigkeit', 676, 'I', 'http://www.ulisses-regelwiki.de/index.php/KSF_Rundumschlag.html', 675),
('Sonderfertigkeit', 677, 'II', 'http://www.ulisses-regelwiki.de/index.php/KSF_Rundumschlag.html', 675),
('Sonderfertigkeit', 678, 'Scharfschütze', 'http://www.ulisses-regelwiki.de/index.php/KSF_Scharfschütze.html', NULL),
('Sonderfertigkeit', 679, 'I', 'http://www.ulisses-regelwiki.de/index.php/KSF_Scharfschütze.html', 678),
('Sonderfertigkeit', 680, 'II', 'http://www.ulisses-regelwiki.de/index.php/KSF_Scharfschütze.html', 678),
('Sonderfertigkeit', 681, 'Schildspalter', 'http://www.ulisses-regelwiki.de/index.php/KSF_Schildspalter.html', NULL),
('Sonderfertigkeit', 682, 'Schnellladen (Kampftechnik)', 'http://www.ulisses-regelwiki.de/index.php/KSF_Schnellladen.html', NULL),
('Sonderfertigkeit', 683, 'Schnellziehen', 'http://www.ulisses-regelwiki.de/index.php/KSF_Schnellziehen.html', NULL),
('Sonderfertigkeit', 684, 'Schwitzkasten', 'http://www.ulisses-regelwiki.de/index.php/KSF_Schwitzkasten.html', NULL),
('Sonderfertigkeit', 685, 'Sturmangriff', 'http://www.ulisses-regelwiki.de/index.php/KSF_Sturmangriff.html', NULL),
('Sonderfertigkeit', 686, 'Todesstoß', 'http://www.ulisses-regelwiki.de/index.php/KSF_Todesstoß.html', NULL),
('Sonderfertigkeit', 687, 'Unterlaufen', 'http://www.ulisses-regelwiki.de/index.php/KSF_Unterlaufen.html', NULL),
('Sonderfertigkeit', 688, 'I', 'http://www.ulisses-regelwiki.de/index.php/KSF_Unterlaufen.html', 687),
('Sonderfertigkeit', 689, 'II', 'http://www.ulisses-regelwiki.de/index.php/KSF_Unterlaufen.html', 687),
('Sonderfertigkeit', 690, 'Verbessertes Ausweichen', 'http://www.ulisses-regelwiki.de/index.php/KSF_verbessertesAusweichen.html', NULL),
('Sonderfertigkeit', 691, 'I', 'http://www.ulisses-regelwiki.de/index.php/KSF_verbessertesAusweichen.html', 690),
('Sonderfertigkeit', 692, 'II', 'http://www.ulisses-regelwiki.de/index.php/KSF_verbessertesAusweichen.html', 690),
('Sonderfertigkeit', 693, 'III', 'http://www.ulisses-regelwiki.de/index.php/KSF_verbessertesAusweichen.html', 690),
('Sonderfertigkeit', 694, 'Verbessertes Unterlaufen', 'http://www.ulisses-regelwiki.de/index.php/KSF_VerbessertesUnterlaufen.html', NULL),
('Sonderfertigkeit', 695, 'Verteidigungshaltung', 'http://www.ulisses-regelwiki.de/index.php/KSF_Verteidigungshaltung.html', NULL),
('Sonderfertigkeit', 696, 'Verteilter Eisenhagel', 'http://www.ulisses-regelwiki.de/index.php/KSF_Verteilter_Eisenhagel.html', NULL),
('Sonderfertigkeit', 697, 'Vorstoß', 'http://www.ulisses-regelwiki.de/index.php/KSF_Vorstoß.html', NULL),
('Sonderfertigkeit', 698, 'Wuchtschlag', 'http://www.ulisses-regelwiki.de/index.php/KSF_Wuchtschlag.html', NULL),
('Sonderfertigkeit', 699, 'I', 'http://www.ulisses-regelwiki.de/index.php/KSF_Wuchtschlag.html', 698),
('Sonderfertigkeit', 700, 'II', 'http://www.ulisses-regelwiki.de/index.php/KSF_Wuchtschlag.html', 698),
('Sonderfertigkeit', 701, 'III', 'http://www.ulisses-regelwiki.de/index.php/KSF_Wuchtschlag.html', 698),
('Sonderfertigkeit', 702, 'Wurf', 'http://www.ulisses-regelwiki.de/index.php/KSF_Wurf.html', NULL),
('Sonderfertigkeit', 703, 'Zu Fall bringen', 'http://www.ulisses-regelwiki.de/index.php/KSF_ZuFallbringen.html', NULL),
('Sonderfertigkeit', 704, 'Zweihändiger Reiterkampf', 'http://www.ulisses-regelwiki.de/index.php/KSF_zweihändigerReiterkampf.html', NULL),
('Sonderfertigkeit', 705, 'Adersin-Stil', 'http://www.ulisses-regelwiki.de/index.php/KS_Adersin.html', NULL),
('Sonderfertigkeit', 706, 'Alter Adersin-Stil', 'http://www.ulisses-regelwiki.de/index.php/KSF_Alter_Adersin.html', NULL),
('Sonderfertigkeit', 707, 'Baburin-Stil', 'http://www.ulisses-regelwiki.de/index.php/KS_Baburin.html', NULL),
('Sonderfertigkeit', 708, 'Baliho-Stil', 'http://www.ulisses-regelwiki.de/index.php/KS_Baliho.html', NULL),
('Sonderfertigkeit', 709, 'Bornländisches Raufen', 'http://www.ulisses-regelwiki.de/index.php/KS_BornländischesRaufen.html', NULL),
('Sonderfertigkeit', 710, 'Cendrasch-Stil', 'http://www.ulisses-regelwiki.de/index.php/KS_Cendrasch.html', NULL),
('Sonderfertigkeit', 711, 'Dajin-Stil', 'http://www.ulisses-regelwiki.de/index.php/KS_Dajin.html', NULL),
('Sonderfertigkeit', 712, 'Elenvina-Stil', 'http://www.ulisses-regelwiki.de/index.php/KS_Elenvina.html', NULL),
('Sonderfertigkeit', 713, 'Fedorino-Stil', 'http://www.ulisses-regelwiki.de/index.php/KS_Fedorino.html', NULL),
('Sonderfertigkeit', 714, 'Gladiatoren-Stil', 'http://www.ulisses-regelwiki.de/index.php/KS_Gladiatoren.html', NULL),
('Sonderfertigkeit', 715, 'Hammerfaust-Stil', 'http://www.ulisses-regelwiki.de/index.php/KS_Hammerfaust.html', NULL),
('Sonderfertigkeit', 716, 'Hruruzat', 'http://www.ulisses-regelwiki.de/index.php/KS_Hruruzat.html', NULL),
('Sonderfertigkeit', 717, 'Hylailos-Stil', 'http://www.ulisses-regelwiki.de/index.php/KS_Hylailos.html', NULL),
('Sonderfertigkeit', 718, 'Marwan Sahib-Stil', 'http://www.ulisses-regelwiki.de/index.php/KS_MarwanSahib.html', NULL),
('Sonderfertigkeit', 719, 'Mengbilla-Stil', 'http://www.ulisses-regelwiki.de/index.php/KS_Mengbilla.html', NULL),
('Sonderfertigkeit', 720, 'Mercenario-Stil', 'http://www.ulisses-regelwiki.de/index.php/KS_Mercenario.html', NULL),
('Sonderfertigkeit', 721, 'Prem-Stil', 'http://www.ulisses-regelwiki.de/index.php/KS_Prem.html', NULL),
('Sonderfertigkeit', 722, 'Ritter des alten Wegs-Stil', 'http://www.ulisses-regelwiki.de/index.php/KS_RitterdesaltenWegs.html', NULL),
('Sonderfertigkeit', 723, 'Rondras Trutz-Stil', 'http://www.ulisses-regelwiki.de/index.php/KS_RondrasTrutz.html', NULL),
('Sonderfertigkeit', 724, 'Unauer Schule', 'http://www.ulisses-regelwiki.de/index.php/KS_UnauerSchule.html', NULL),
('Sonderfertigkeit', 725, 'Zyklopäisches Ringen', 'http://www.ulisses-regelwiki.de/index.php/KS_ZyklopäischesRingen.html', NULL),
('Sonderfertigkeit', 726, 'Backpfeifen-Sturm', 'http://www.ulisses-regelwiki.de/index.php/PSF_Backpfeifensturm.html', NULL),
('Sonderfertigkeit', 727, 'Durch die Wand', 'http://www.ulisses-regelwiki.de/index.php/PSF_DurchDieWand.html', NULL),
('Sonderfertigkeit', 728, 'Hose Herunterziehen/Hemd Hochziehen', 'http://www.ulisses-regelwiki.de/index.php/PSF_HoseHerunterziehen.html', NULL),
('Sonderfertigkeit', 729, 'Kneipen-Blutgrätsche', 'http://www.ulisses-regelwiki.de/index.php/PSF_KneipenBlutgraetsche.html', NULL),
('Sonderfertigkeit', 730, 'Kneipen-Geschossabwehr', 'http://www.ulisses-regelwiki.de/index.php/PSF_KneipenGeschossabwehr.html', NULL),
('Sonderfertigkeit', 731, 'Kneipen-Kopfstoß', 'http://www.ulisses-regelwiki.de/index.php/PSF_KneipenKopfstoss.html', NULL),
('Sonderfertigkeit', 732, 'Köpfe Aneinanderschlagen', 'http://www.ulisses-regelwiki.de/index.php/PSF_KöpfeAneinanderschlagen.html', NULL),
('Sonderfertigkeit', 733, 'Schlag auf den Kopf', 'http://www.ulisses-regelwiki.de/index.php/PSF_SchlagaufdenKopf.html', NULL),
('Sonderfertigkeit', 734, 'Tür gegen den Kopf Knallen', 'http://www.ulisses-regelwiki.de/index.php/PSF_TürgegendenKopfKnallen.html', NULL),
('Sonderfertigkeit', 735, 'Attacke verbessern', 'http://www.ulisses-regelwiki.de/index.php/SF_Attacke.html', NULL),
('Sonderfertigkeit', 736, 'Ausweichen verbessern', 'http://www.ulisses-regelwiki.de/index.php/SF_Ausweichen.html', NULL),
('Sonderfertigkeit', 737, 'Eigenschaft verbessern', 'http://www.ulisses-regelwiki.de/index.php/SF_Eigenschaft.html', NULL),
('Sonderfertigkeit', 738, 'Empathie', 'http://www.ulisses-regelwiki.de/index.php/SF_Empathie.html', NULL),
('Sonderfertigkeit', 739, 'Fernkampf verbessern', 'http://www.ulisses-regelwiki.de/index.php/SF_Fernkampf.html', NULL),
('Sonderfertigkeit', 740, 'Fleischwunde', 'http://www.ulisses-regelwiki.de/index.php/SF_Fleischwunde.html', NULL),
('Sonderfertigkeit', 741, 'Höhere Prophezeiung', 'http://www.ulisses-regelwiki.de/index.php/SF_HPro.html', NULL),
('Sonderfertigkeit', 742, 'Magiegespür', 'http://www.ulisses-regelwiki.de/index.php/SF_Magiegespür.html', NULL),
('Sonderfertigkeit', 743, 'Prophezeiung', 'http://www.ulisses-regelwiki.de/index.php/SF_Prophezeiung.html', NULL),
('Sonderfertigkeit', 744, 'Wachsamkeit', 'http://www.ulisses-regelwiki.de/index.php/SF_Wachsamkeit.html', NULL),
('Sonderfertigkeit', 745, 'Astraltransfer', 'http://www.ulisses-regelwiki.de/index.php/SSF_Astraltransfer.html', NULL),
('Sonderfertigkeit', 746, 'Astralentzug', 'http://www.ulisses-regelwiki.de/index.php/SSF_Astralentzug.html', NULL),
('Sonderfertigkeit', 747, 'Astralraub', 'http://www.ulisses-regelwiki.de/index.php/SSF_Astralraub.html', NULL),
('Sonderfertigkeit', 748, 'Bannstab des Adepten', 'http://www.ulisses-regelwiki.de/index.php/SSF_BannstabdesAdepten.html', NULL),
('Sonderfertigkeit', 749, 'Bannstab des Magus', 'http://www.ulisses-regelwiki.de/index.php/SSF_BannstabdesMagus.html', NULL),
('Sonderfertigkeit', 750, 'Bindung des Stabes', 'http://www.ulisses-regelwiki.de/index.php/SSF_BindungdesStabes.html', NULL),
('Sonderfertigkeit', 751, 'Doppeltes Maß', 'http://www.ulisses-regelwiki.de/index.php/SSF_DoppeltesMaß.html', NULL),
('Sonderfertigkeit', 752, 'Druckwelle', 'http://www.ulisses-regelwiki.de/index.php/SSF_Druckwelle.html', NULL),
('Sonderfertigkeit', 753, 'Energiestrahl', 'http://www.ulisses-regelwiki.de/index.php/SSF_Energiestrahl.html', NULL),
('Sonderfertigkeit', 754, 'Ewige Flamme', 'http://www.ulisses-regelwiki.de/index.php/SSF_EwigeFlamme.html', NULL),
('Sonderfertigkeit', 755, 'Flammenschwert', 'http://www.ulisses-regelwiki.de/index.php/SSF_Flammenschwert.html', NULL),
('Sonderfertigkeit', 756, 'Hammer des Adepten', 'http://www.ulisses-regelwiki.de/index.php/SSF_HammerdesAdepten.html', NULL),
('Sonderfertigkeit', 757, 'Halbes Maß', 'http://www.ulisses-regelwiki.de/index.php/SSF_HalbesMass.html', NULL),
('Sonderfertigkeit', 758, 'Hammer des Magus', 'http://www.ulisses-regelwiki.de/index.php/SSF_HammerdesMagus.html', NULL),
('Sonderfertigkeit', 759, 'Heilschlaf', 'http://www.ulisses-regelwiki.de/index.php/SSF_Heilschlaf.html', NULL),
('Sonderfertigkeit', 760, 'Kraftfokus', 'http://www.ulisses-regelwiki.de/index.php/SF_Kraftfokus.html', NULL),
('Sonderfertigkeit', 761, 'Machvolle Stabzauber', 'http://www.ulisses-regelwiki.de/index.php/SSF_MachvolleStabzauberI-IV.html', NULL),
('Sonderfertigkeit', 762, 'I', 'http://www.ulisses-regelwiki.de/index.php/SSF_MachvolleStabzauberI-IV.html', 761),
('Sonderfertigkeit', 763, 'II', 'http://www.ulisses-regelwiki.de/index.php/SSF_MachvolleStabzauberI-IV.html', 761),
('Sonderfertigkeit', 764, 'III', 'http://www.ulisses-regelwiki.de/index.php/SSF_MachvolleStabzauberI-IV.html', 761),
('Sonderfertigkeit', 765, 'IV', 'http://www.ulisses-regelwiki.de/index.php/SSF_MachvolleStabzauberI-IV.html', 761),
('Sonderfertigkeit', 766, 'Merkmalsfokus', 'http://www.ulisses-regelwiki.de/index.php/SSF_Merkmalsfokus.html', NULL),
('Sonderfertigkeit', 767, 'Modifikationsfokus', 'http://www.ulisses-regelwiki.de/index.php/SSF_Modifikationsfokus.html', NULL),
('Sonderfertigkeit', 768, 'Seil des Adepten', 'http://www.ulisses-regelwiki.de/index.php/SSF_SeildesAdepten.html', NULL),
('Sonderfertigkeit', 769, 'Seil des Magus', 'http://www.ulisses-regelwiki.de/index.php/SSF_SeildesMagus.html', NULL),
('Sonderfertigkeit', 770, 'Seilpeitsche', 'http://www.ulisses-regelwiki.de/index.php/SSF_Seilpeitsche.html', NULL),
('Sonderfertigkeit', 771, 'Seilschlange', 'http://www.ulisses-regelwiki.de/index.php/SSF_Seilschlange.html', NULL),
('Sonderfertigkeit', 772, 'Siegelbrecher', 'http://www.ulisses-regelwiki.de/index.php/SSF_Siegelbrecher.html', NULL),
('Sonderfertigkeit', 773, 'Stab-Apport', 'http://www.ulisses-regelwiki.de/index.php/SSF_Stab-Apport.html', NULL),
('Sonderfertigkeit', 774, 'Stabbohrer', 'http://www.ulisses-regelwiki.de/index.php/SSF_Stabbohrer.html', NULL),
('Sonderfertigkeit', 775, 'Stabexplosion', 'http://www.ulisses-regelwiki.de/index.php/SSF_Stabexplosion.html', NULL),
('Sonderfertigkeit', 776, 'Stabfixierung', 'http://www.ulisses-regelwiki.de/index.php/SSF_Stabfixierung.html', NULL),
('Sonderfertigkeit', 777, 'Telekineseschlag', 'http://www.ulisses-regelwiki.de/index.php/SSF_Telekineseschlag.html', NULL),
('Sonderfertigkeit', 778, 'Tierwandlung', 'http://www.ulisses-regelwiki.de/index.php/SSF_Tierwandlung.html', NULL),
('Sonderfertigkeit', 779, 'Volumenerweiterung des Zauberstabs', 'http://www.ulisses-regelwiki.de/index.php/SSF_VolumenerweiterungdesZauberstabsI-V.html', NULL),
('Sonderfertigkeit', 780, 'I', 'http://www.ulisses-regelwiki.de/index.php/SSF_VolumenerweiterungdesZauberstabsI-V.html', 779),
('Sonderfertigkeit', 781, 'II', 'http://www.ulisses-regelwiki.de/index.php/SSF_VolumenerweiterungdesZauberstabsI-V.html', 779),
('Sonderfertigkeit', 782, 'III', 'http://www.ulisses-regelwiki.de/index.php/SSF_VolumenerweiterungdesZauberstabsI-V.html', 779),
('Sonderfertigkeit', 783, 'IV', 'http://www.ulisses-regelwiki.de/index.php/SSF_VolumenerweiterungdesZauberstabsI-V.html', 779),
('Sonderfertigkeit', 784, 'V', 'http://www.ulisses-regelwiki.de/index.php/SSF_VolumenerweiterungdesZauberstabsI-V.html', 779),
('Sonderfertigkeit', 785, 'Zauberspeicher des Adepten', 'http://www.ulisses-regelwiki.de/index.php/SSF_ZauberspeicherdesAdepten.html', NULL),
('Sonderfertigkeit', 786, 'Angriff auf ungeschützte Stellen', 'http://www.ulisses-regelwiki.de/index.php/ffrefrefref.html', NULL),
('Sonderfertigkeit', 787, 'Anspringen', 'http://www.ulisses-regelwiki.de/index.php/frfrefrefe.html', NULL),
('Sonderfertigkeit', 788, 'Flugangriff', 'http://www.ulisses-regelwiki.de/index.php/errerefrere.html', NULL),
('Sonderfertigkeit', 789, 'Klammergriff', 'http://www.ulisses-regelwiki.de/index.php/regtrhzthztjhzt.html', NULL),
('Sonderfertigkeit', 790, 'Mächtiger Schlag', 'http://www.ulisses-regelwiki.de/index.php/regrtrhhg.html', NULL),
('Sonderfertigkeit', 791, 'Schwanz- oder Tentakelschwung', 'http://www.ulisses-regelwiki.de/index.php/bgbgreger.html', NULL),
('Sonderfertigkeit', 792, 'Trampeln', 'http://www.ulisses-regelwiki.de/index.php/fddfgdggr.html', NULL),
('Sonderfertigkeit', 793, 'Überrennen', 'http://www.ulisses-regelwiki.de/index.php/ghgfhfg.html', NULL),
('Sonderfertigkeit', 794, 'Verbeißen', 'http://www.ulisses-regelwiki.de/index.php/ghfghhghg.html', NULL),
('Sonderfertigkeit', 795, 'Dinge erspüren', 'http://www.ulisses-regelwiki.de/index.php/VSF_Dingeerspueren.html', NULL),
('Sonderfertigkeit', 796, 'Erster unter Gleichen', 'http://www.ulisses-regelwiki.de/index.php/VSF_ErsterunterGleichen.html', NULL),
('Sonderfertigkeit', 797, 'Fluchbote', 'http://www.ulisses-regelwiki.de/index.php/VSF_Fluchbote.html', NULL),
('Sonderfertigkeit', 798, 'Hexensinn', 'http://www.ulisses-regelwiki.de/index.php/VSF_Hexensinn.html', NULL),
('Sonderfertigkeit', 799, 'Kraftraub', 'http://www.ulisses-regelwiki.de/index.php/VSF_Kraftraub.html', NULL),
('Sonderfertigkeit', 800, 'Krötengift', 'http://www.ulisses-regelwiki.de/index.php/VSF_Kroetengift.html', NULL),
('Sonderfertigkeit', 801, 'Krötenschlag', 'http://www.ulisses-regelwiki.de/index.php/VSF_Kroetenschlag.html', NULL),
('Sonderfertigkeit', 802, 'Stimmungssinn', 'http://www.ulisses-regelwiki.de/index.php/VSF_Stimmungssinn.html', NULL),
('Sonderfertigkeit', 803, 'Tarnung', 'http://www.ulisses-regelwiki.de/index.php/VSF_Tarnung.html', NULL),
('Sonderfertigkeit', 804, 'Tiersinne', 'http://www.ulisses-regelwiki.de/index.php/VSF_Tiersinne.html', NULL),
('Sonderfertigkeit', 805, 'Ungesehener Beobachter', 'http://www.ulisses-regelwiki.de/index.php/VSF_UngesehenerBeobachter.html', NULL),
('Sonderfertigkeit', 806, 'Zwiegespräch', 'http://www.ulisses-regelwiki.de/index.php/VSF_Zwiegespraech.html', NULL),
('Sonderfertigkeit', 807, 'Kakophonie des Wahnsinns', 'http://www.ulisses-regelwiki.de/index.php/kako.html', NULL),
('Sonderfertigkeit', 808, 'Lied des Schmerzes', 'http://www.ulisses-regelwiki.de/index.php/lieddesschmerz.html', NULL),
('Sonderfertigkeit', 809, 'Schlachtlied', 'http://www.ulisses-regelwiki.de/index.php/Schlachtlied.html', NULL),
('Sonderfertigkeit', 810, 'Sklavenlied', 'http://www.ulisses-regelwiki.de/index.php/Sklavenlied.html', NULL),
('Sonderfertigkeit', 811, 'Sturmlied', 'http://www.ulisses-regelwiki.de/index.php/sturmlied.html', NULL),
('Sonderfertigkeit', 812, 'Scholar der Akademie der Geistigen Kraft zu Fasar', 'http://www.ulisses-regelwiki.de/index.php/ScholarFasar.html', NULL),
('Sonderfertigkeit', 813, 'Scholar der Akademie der Hohen Magie zu Punin', 'http://www.ulisses-regelwiki.de/index.php/ScholarPunin.html', NULL),
('Sonderfertigkeit', 814, 'Scholar der Akademie der Verformungen zu Lowangen', 'http://www.ulisses-regelwiki.de/index.php/ScholarLowangen.html', NULL),
('Sonderfertigkeit', 815, 'Scholar der Akademie Schwert und Stab zu Gareth', 'http://www.ulisses-regelwiki.de/index.php/ScholarGareth.html', NULL),
('Sonderfertigkeit', 816, 'Scholar der Halle der Antimagie zu Kuslik', 'http://www.ulisses-regelwiki.de/index.php/ScholarKuslik.html', NULL),
('Sonderfertigkeit', 817, 'Scholar der Halle der Erleuchtung zu Al’Anfa', 'http://www.ulisses-regelwiki.de/index.php/ScholarAlAnfa.html', NULL),
('Sonderfertigkeit', 818, 'Scholar der Khelbara ay Baburia', 'http://www.ulisses-regelwiki.de/index.php/ScholarBaburia.html', NULL),
('Sonderfertigkeit', 819, 'Scholar der Schule der Austreibung zu Perricum', 'http://www.ulisses-regelwiki.de/index.php/Scholar_Perricum.html', NULL),
('Sonderfertigkeit', 820, 'Scholar der Schule der Hellsicht zu Thorwal', 'http://www.ulisses-regelwiki.de/index.php/ScholarThorwal.html', NULL),
('Sonderfertigkeit', 821, 'Scholar der Schule des Direkten Weges zu Gerasim', 'http://www.ulisses-regelwiki.de/index.php/ScholarGerasim.html', NULL),
('Sonderfertigkeit', 822, 'Scholar der Schule des Seienden Scheins zu Zorgan', 'http://www.ulisses-regelwiki.de/index.php/ScholarZorgan.html', NULL),
('Sonderfertigkeit', 823, 'Scholar der Töchter Niobaras', 'http://www.ulisses-regelwiki.de/index.php/ScholarNiobaras.html', NULL),
('Sonderfertigkeit', 824, 'Scholar des Alrik Dagabor', 'http://www.ulisses-regelwiki.de/index.php/ScholarDagabor.html', NULL),
('Sonderfertigkeit', 825, 'Scholar des Demirion Ophenos', 'http://www.ulisses-regelwiki.de/index.php/ScholarOphenos.html', NULL),
('Sonderfertigkeit', 826, 'Scholar des Hesindius Lichtblick', 'http://www.ulisses-regelwiki.de/index.php/ScholarLichtblick.html', NULL),
('Sonderfertigkeit', 827, 'Scholar des Seminars der elfischen Verständigung und natürlichen Heilung zu Donnerbach', 'http://www.ulisses-regelwiki.de/index.php/ScholarDonnerbach.html', NULL),
('Sonderfertigkeit', 828, 'Scholar des Vadif sal Karim', 'http://www.ulisses-regelwiki.de/index.php/ScholarKarim.html', NULL),
('Segen', 829, 'Eidsegen', 'http://www.ulisses-regelwiki.de/index.php/Seg_Eidsegen.html', NULL),
('Segen', 830, 'Feuersegen', 'http://www.ulisses-regelwiki.de/index.php/Seg_Feuersegen.html', NULL),
('Segen', 831, 'Geburtssegen', 'http://www.ulisses-regelwiki.de/index.php/Seg_Geburtssegen.html', NULL),
('Segen', 832, 'Glückssegen', 'http://www.ulisses-regelwiki.de/index.php/Seg_Glückssegen.html', NULL),
('Segen', 833, 'Grabsegen', 'http://www.ulisses-regelwiki.de/index.php/Seg_Grabsegen.html', NULL),
('Segen', 834, 'Harmoniesegen', 'http://www.ulisses-regelwiki.de/index.php/Seg_Harmoniesegen.html', NULL),
('Segen', 835, 'Kleiner Heilsegen', 'http://www.ulisses-regelwiki.de/index.php/Seg_.html', NULL),
('Segen', 836, 'Kleiner Schutzsegen', 'http://www.ulisses-regelwiki.de/index.php/Seg_KleinerSchutzsegen.html', NULL),
('Segen', 837, 'Speisesegen', 'http://www.ulisses-regelwiki.de/index.php/Seg_Speisesegen.html', NULL),
('Segen', 838, 'Stärkungssegen', 'http://www.ulisses-regelwiki.de/index.php/Seg_Stärkungssegen.html', NULL),
('Segen', 839, 'Tranksegen', 'http://www.ulisses-regelwiki.de/index.php/Seg_Tranksegen.html', NULL),
('Segen', 840, 'Weisheitssegen', 'http://www.ulisses-regelwiki.de/index.php/SeG_Weisheitssegen.html', NULL),
('Zauber', 841, 'Ablativum', 'http://www.ulisses-regelwiki.de/index.php/ZS_Ablativum.html', NULL),
('Zauber', 842, 'Abvenenum', 'http://www.ulisses-regelwiki.de/index.php/ZS_Abvenenum.html', NULL),
('Zauber', 843, 'Adlerauge', 'http://www.ulisses-regelwiki.de/index.php/ZS_Adlerauge.html', NULL),
('Zauber', 844, 'Adlerschwinge', 'http://www.ulisses-regelwiki.de/index.php/ZS_Adlerschwinge.html', NULL);
INSERT INTO `property` (`type`, `id`, `name`, `wiki_url`, `subcategory_of_id`) VALUES
('Zauber', 845, 'Aeolito', 'http://www.ulisses-regelwiki.de/index.php/ZS_Aeolito.html', NULL),
('Zauber', 846, 'Alpgestalt', 'http://www.ulisses-regelwiki.de/index.php/ZS_Alpgestalt.html', NULL),
('Zauber', 847, 'Altisonus', 'http://www.ulisses-regelwiki.de/index.php/ZS_Altisonus.html', NULL),
('Zauber', 848, 'Analys Arkanstruktur', 'http://www.ulisses-regelwiki.de/index.php/ZS_Analys.html', NULL),
('Zauber', 849, 'Angst auslösen', 'http://www.ulisses-regelwiki.de/index.php/ZS_Angstausloesen.html', NULL),
('Zauber', 850, 'Ängste lindern', 'http://www.ulisses-regelwiki.de/index.php/ZS_Ängste_lindern.html', NULL),
('Zauber', 851, 'Archofaxius', 'http://www.ulisses-regelwiki.de/index.php/ZS_Archofaxius.html', NULL),
('Zauber', 852, 'Archosphaero', 'http://www.ulisses-regelwiki.de/index.php/ZS_Archosphaero.html', NULL),
('Zauber', 853, 'Aromatis Illusionis', 'http://www.ulisses-regelwiki.de/index.php/ZS_AromatisIllusionis.html', NULL),
('Zauber', 854, 'Armatrutz', 'http://www.ulisses-regelwiki.de/index.php/ZS_Armatrutz.html', NULL),
('Zauber', 855, 'Atemnot', 'http://www.ulisses-regelwiki.de/index.php/ZS_Atemnot.html', NULL),
('Zauber', 856, 'Attributo (Charisma)', 'http://www.ulisses-regelwiki.de/index.php/ZS_AttributoCharisma.html', NULL),
('Zauber', 857, 'Attributo (Fingerfertigkeit)', 'http://www.ulisses-regelwiki.de/index.php/ZS_AttributoFingerfertigkeit.html', NULL),
('Zauber', 858, 'Attributo (Klugheit)', 'http://www.ulisses-regelwiki.de/index.php/ZS_AttributoKlugheit.html', NULL),
('Zauber', 859, 'Attributo (Körperkraft)', 'http://www.ulisses-regelwiki.de/index.php/ZS_Attributo_Körperkraft.html', NULL),
('Zauber', 860, 'Aufwecken', 'http://www.ulisses-regelwiki.de/index.php/ZS_Aufwecken.html', NULL),
('Zauber', 861, 'Auge des Limbus', 'http://www.ulisses-regelwiki.de/index.php/ZS_AugedesLimbus.html', NULL),
('Zauber', 862, 'Aureolus', 'http://www.ulisses-regelwiki.de/index.php/ZS_Aureolus.html', NULL),
('Zauber', 863, 'Auris Illusionis', 'http://www.ulisses-regelwiki.de/index.php/ZS_AurisIllusionis.html', NULL),
('Zauber', 864, 'Axxeleratus', 'http://www.ulisses-regelwiki.de/index.php/ZS_Axxeleratus.html', NULL),
('Zauber', 865, 'Balsam Salabunde', 'http://www.ulisses-regelwiki.de/index.php/ZS_Balsam.html', NULL),
('Zauber', 866, 'Bannbaladin', 'http://www.ulisses-regelwiki.de/index.php/ZS_Bannbaladin.html', NULL),
('Zauber', 867, 'Band und Fessel', 'http://www.ulisses-regelwiki.de/index.php/ZS_BandundFessel.html', NULL),
('Zauber', 868, 'Blick aufs Wesen', 'http://www.ulisses-regelwiki.de/index.php/ZS_BlickaufsWesen.html', NULL),
('Zauber', 869, 'Blick in die Gedanken', 'http://www.ulisses-regelwiki.de/index.php/ZS_Blick_in_die_Gedanken.html', NULL),
('Zauber', 870, 'Blindheit', 'http://www.ulisses-regelwiki.de/index.php/ZS_Blindheit.html', NULL),
('Zauber', 871, 'Blitz dich find', 'http://www.ulisses-regelwiki.de/index.php/ZS_Blitz.html', NULL),
('Zauber', 872, 'Chamaelioni', 'http://www.ulisses-regelwiki.de/index.php/ZS_Chamaelioni.html', NULL),
('Zauber', 873, 'Claudibus', 'http://www.ulisses-regelwiki.de/index.php/ZS_Claudibus.html', NULL),
('Zauber', 874, 'Corpofesso', 'http://www.ulisses-regelwiki.de/index.php/ZS_Corpofesso.html', NULL),
('Zauber', 875, 'Corpofrigo', 'http://www.ulisses-regelwiki.de/index.php/ZS_Corpofrigo.html', NULL),
('Zauber', 876, 'Dämonenbann', 'http://www.ulisses-regelwiki.de/index.php/ZS_Daemonenbann.html', NULL),
('Zauber', 877, 'Dämonenschild', 'http://www.ulisses-regelwiki.de/index.php/ZS_Daemonenschild.html', NULL),
('Zauber', 878, 'Debilitatio', 'http://www.ulisses-regelwiki.de/index.php/ZS_Debilitatio.html', NULL),
('Zauber', 879, 'Desintegratus', 'http://www.ulisses-regelwiki.de/index.php/ZS_Desintegratus.html', NULL),
('Zauber', 880, 'Disruptivo', 'http://www.ulisses-regelwiki.de/index.php/ZS_Disruptivo.html', NULL),
('Zauber', 881, 'Dunkelheit', 'http://www.ulisses-regelwiki.de/index.php/ZS_Dunkelheit.html', NULL),
('Zauber', 882, 'Duplicatus', 'http://www.ulisses-regelwiki.de/index.php/ZS_Duplicatus.html', NULL),
('Zauber', 883, 'Ecliptifactus', 'http://www.ulisses-regelwiki.de/index.php/ZS_Ecliptifactus.html', NULL),
('Zauber', 884, 'Einflussbann', 'http://www.ulisses-regelwiki.de/index.php/ZS_Einflussbann.html', NULL),
('Zauber', 885, 'Eigne Ängste', 'http://www.ulisses-regelwiki.de/index.php/ZS_EigeneAengste.html', NULL),
('Zauber', 886, 'Eisenrost', 'http://www.ulisses-regelwiki.de/index.php/ZS_Eisenrost.html', NULL),
('Zauber', 887, 'Elementarbann', 'http://www.ulisses-regelwiki.de/index.php/ZS_Elementarbann.html', NULL),
('Zauber', 888, 'Elfenstimme', 'http://www.ulisses-regelwiki.de/index.php/ZS_Elfenstimme.html', NULL),
('Zauber', 889, 'Erinnerung verlasse dich', 'http://www.ulisses-regelwiki.de/index.php/ZS_Erinnerungverlassedich.html', NULL),
('Zauber', 890, 'Exposami', 'http://www.ulisses-regelwiki.de/index.php/ZS_Exposami.html', NULL),
('Zauber', 891, 'Falkenauge', 'http://www.ulisses-regelwiki.de/index.php/SZ_Falkenauge.html', NULL),
('Zauber', 892, 'Favilludo', 'http://www.ulisses-regelwiki.de/index.php/ZS_Favilludo.html', NULL),
('Zauber', 893, 'Firnlauf', 'http://www.ulisses-regelwiki.de/index.php/ZS_Firnlauf.html', NULL),
('Zauber', 894, 'Fischflosse', 'http://www.ulisses-regelwiki.de/index.php/ZS_Fischflosse.html', NULL),
('Zauber', 895, 'Flim Flam', 'http://www.ulisses-regelwiki.de/index.php/ZS_Flim_Flam.html', NULL),
('Zauber', 896, 'Foramen', 'http://www.ulisses-regelwiki.de/index.php/ZS_Foramen.html', NULL),
('Zauber', 897, 'Fortifex', 'http://www.ulisses-regelwiki.de/index.php/ZS_Fortifex.html', NULL),
('Zauber', 898, 'Fulminictus', 'http://www.ulisses-regelwiki.de/index.php/ZS_Fulminictus.html', NULL),
('Zauber', 899, 'Gardianum', 'http://www.ulisses-regelwiki.de/index.php/ZS_Gardianium.html', NULL),
('Zauber', 900, 'Gedankenbilder', 'http://www.ulisses-regelwiki.de/index.php/ZS_Gedankenbilder.html', NULL),
('Zauber', 901, 'Gefunden', 'http://www.ulisses-regelwiki.de/index.php/ZS_Gefunden.html', NULL),
('Zauber', 902, 'Gletscherform', 'http://www.ulisses-regelwiki.de/index.php/ZS_Gletscherform.html', NULL),
('Zauber', 903, 'Große Gier', 'http://www.ulisses-regelwiki.de/index.php/ZS_GrosseGier.html', NULL),
('Zauber', 904, 'Große Verwirrung', 'http://www.ulisses-regelwiki.de/index.php/ZS_GrosseVerwirrung.html', NULL),
('Zauber', 905, 'Harmlose Gestalt', 'http://www.ulisses-regelwiki.de/index.php/ZS_Harmlose_Gestalt.html', NULL),
('Zauber', 906, 'Haselbusch', 'http://www.ulisses-regelwiki.de/index.php/ZS_Haselbusch.html', NULL),
('Zauber', 907, 'Heilungsbann', 'http://www.ulisses-regelwiki.de/index.php/ZS_Heilungsbann.html', NULL),
('Zauber', 908, 'Hellsichtbann', 'http://www.ulisses-regelwiki.de/index.php/ZS_Hellsichtbann.html', NULL),
('Zauber', 909, 'Herr über das Tierreich', 'http://www.ulisses-regelwiki.de/index.php/ZS_Herr_über_das_Tierreich.html', NULL),
('Zauber', 910, 'Heptagramma', 'http://www.ulisses-regelwiki.de/index.php/ZS_Heptagramma.html', NULL),
('Zauber', 911, 'Herzschlag ruhe', 'http://www.ulisses-regelwiki.de/index.php/ZS_Herzschlagruhe.html', NULL),
('Zauber', 912, 'Hexagramma', 'http://www.ulisses-regelwiki.de/index.php/ZS_Hexagramma.html', NULL),
('Zauber', 913, 'Hexenholz', 'http://www.ulisses-regelwiki.de/index.php/ZS_Hexenholz.html', NULL),
('Zauber', 914, 'Hexengalle', 'http://www.ulisses-regelwiki.de/index.php/ZS_Hexengalle.html', NULL),
('Zauber', 915, 'Hexenknoten', 'http://www.ulisses-regelwiki.de/index.php/ZS_Hexenknoten.html', NULL),
('Zauber', 916, 'Hexenkrallen', 'http://www.ulisses-regelwiki.de/index.php/ZS_Hexenkrallen.html', NULL),
('Zauber', 917, 'Höllenpein', 'http://www.ulisses-regelwiki.de/index.php/ZS_Höllenpein.html', NULL),
('Zauber', 918, 'Horriphobus', 'http://www.ulisses-regelwiki.de/index.php/ZS_Horriphobus.html', NULL),
('Zauber', 919, 'Ignifaxius', 'http://www.ulisses-regelwiki.de/index.php/ZS_Ignifaxius.html', NULL),
('Zauber', 920, 'Ignisphaero', 'http://www.ulisses-regelwiki.de/index.php/ZS_Ignisphaero.html', NULL),
('Zauber', 921, 'Ignorantia', 'http://www.ulisses-regelwiki.de/index.php/ZS_Ignorantia.html', NULL),
('Zauber', 922, 'Illusionsbann', 'http://www.ulisses-regelwiki.de/index.php/ZS_Illusionsbann.html', NULL),
('Zauber', 923, 'Imperavi', 'http://www.ulisses-regelwiki.de/index.php/ZS_Imperavi.html', NULL),
('Zauber', 924, 'Impersona', 'http://www.ulisses-regelwiki.de/index.php/ZS_Impersona.html', NULL),
('Zauber', 925, 'Incendio', 'http://www.ulisses-regelwiki.de/index.php/ZS_Incendio.html', NULL),
('Zauber', 926, 'Invercano', 'http://www.ulisses-regelwiki.de/index.php/ZS_Invercano.html', NULL),
('Zauber', 927, 'Invocatio Minima', 'http://www.ulisses-regelwiki.de/index.php/ZS_Invominima.html', NULL),
('Zauber', 928, 'Karnifilo', 'http://www.ulisses-regelwiki.de/index.php/ZS_Karnifilo.html', NULL),
('Zauber', 929, 'Katzenaugen', 'http://www.ulisses-regelwiki.de/index.php/ZS_Katzenaugen.html', NULL),
('Zauber', 930, 'Klarum Purum', 'http://www.ulisses-regelwiki.de/index.php/ZS_Klarum_Purum.html', NULL),
('Zauber', 931, 'Krötensprung', 'http://www.ulisses-regelwiki.de/index.php/ZS_Krötensprung.html', NULL),
('Zauber', 932, 'Kusch', 'http://www.ulisses-regelwiki.de/index.php/ZS_Kusch.html', NULL),
('Zauber', 933, 'Last des Alters', 'http://www.ulisses-regelwiki.de/index.php/ZS_LastdesAlters.html', NULL),
('Zauber', 934, 'Lunge des Leviatan', 'http://www.ulisses-regelwiki.de/index.php/ZS_LungedesLeviatan.html', NULL),
('Zauber', 935, 'Manifesto', 'http://www.ulisses-regelwiki.de/index.php/ZS_Manifesto.html', NULL),
('Zauber', 936, 'Manus Illusionis', 'http://www.ulisses-regelwiki.de/index.php/ZS_ManusIllusionis.html', NULL),
('Zauber', 937, 'Manus Miracula', 'http://www.ulisses-regelwiki.de/index.php/ZS_Manus_Miracula.html', NULL),
('Zauber', 938, 'Memorans', 'http://www.ulisses-regelwiki.de/index.php/ZS_Memorans.html', NULL),
('Zauber', 939, 'Menetekel', 'http://www.ulisses-regelwiki.de/index.php/ZS_Menetekel.html', NULL),
('Zauber', 940, 'Motoricus', 'http://www.ulisses-regelwiki.de/index.php/ZS_Motoricus.html', NULL),
('Zauber', 941, 'Nebelwand', 'http://www.ulisses-regelwiki.de/index.php/ZS_Nebelwand.html', NULL),
('Zauber', 942, 'Nuntiovolo', 'http://www.ulisses-regelwiki.de/index.php/ZS_Nuntiovolo.html', NULL),
('Zauber', 943, 'Objectobscuro', 'http://www.ulisses-regelwiki.de/index.php/ZS_Objectobscuro.html', NULL),
('Zauber', 944, 'Objectofixo', 'http://www.ulisses-regelwiki.de/index.php/ZS_Objectofixo.html', NULL),
('Zauber', 945, 'Objektbann', 'http://www.ulisses-regelwiki.de/index.php/ZS_Objektbann.html', NULL),
('Zauber', 946, 'Oculus Astralis', 'http://www.ulisses-regelwiki.de/index.php/ZS_OculusAstralis.html', NULL),
('Zauber', 947, 'Oculus Illusionis', 'http://www.ulisses-regelwiki.de/index.php/ZS_Oculus_llusionis.html', NULL),
('Zauber', 948, 'Odem Arcanum', 'http://www.ulisses-regelwiki.de/index.php/ZS_Odem_Arcanum.html', NULL),
('Zauber', 949, 'Orcanofaxius', 'http://www.ulisses-regelwiki.de/index.php/ZS_Orcanofaxius.html', NULL),
('Zauber', 950, 'Orcanosphaero', 'http://www.ulisses-regelwiki.de/index.php/ZS_Orcanosphaero.html', NULL),
('Zauber', 951, 'Paralysis', 'http://www.ulisses-regelwiki.de/index.php/paral.html', NULL),
('Zauber', 952, 'Penetrizzel', 'http://www.ulisses-regelwiki.de/index.php/ZS_Penetrizzel.html', NULL),
('Zauber', 953, 'Pentagramma', 'http://www.ulisses-regelwiki.de/index.php/ZS_Pentagramma.html', NULL),
('Zauber', 954, 'Pestilenz erspüren', 'http://www.ulisses-regelwiki.de/index.php/ZS_Pestilenz_erspüren.html', NULL),
('Zauber', 955, 'Physiostabilis', 'http://www.ulisses-regelwiki.de/index.php/ZS_Physiostabilis.html', NULL),
('Zauber', 956, 'Plumbumbarum', 'http://www.ulisses-regelwiki.de/index.php/ZS_Plumbumbarum.html', NULL),
('Zauber', 957, 'Projectimago', 'http://www.ulisses-regelwiki.de/index.php/ZS_Projectimago.html', NULL),
('Zauber', 958, 'Psychostabilis', 'http://www.ulisses-regelwiki.de/index.php/ZS_Psychostabilis.html', NULL),
('Zauber', 959, 'Radau', 'http://www.ulisses-regelwiki.de/index.php/ZS_Radau.html', NULL),
('Zauber', 960, 'Reflectimago', 'http://www.ulisses-regelwiki.de/index.php/ZS_Reflectimago.html', NULL),
('Zauber', 961, 'Regeneratio', 'http://www.ulisses-regelwiki.de/index.php/ZS_Regeneratio.html', NULL),
('Zauber', 962, 'Respondami', 'http://www.ulisses-regelwiki.de/index.php/ZS_Respondami.html', NULL),
('Zauber', 963, 'Salander', 'http://www.ulisses-regelwiki.de/index.php/ZS_Salander.html', NULL),
('Zauber', 964, 'Sanftmut', 'http://www.ulisses-regelwiki.de/index.php/ZS_Sanftmut.html', NULL),
('Zauber', 965, 'Sapefacta', 'http://www.ulisses-regelwiki.de/index.php/ZS_Sapefacta.html', NULL),
('Zauber', 966, 'Satuarias Herrlichkeit', 'http://www.ulisses-regelwiki.de/index.php/ZS_Satuarias_Herrlichkeit.html', NULL),
('Zauber', 967, 'Schlangenruf', 'http://www.ulisses-regelwiki.de/index.php/ZS_Schlangenruf.html', NULL),
('Zauber', 968, 'Schmerzen lindern', 'http://www.ulisses-regelwiki.de/index.php/ZS_Schmerzenlindern.html', NULL),
('Zauber', 969, 'Schwarzer Schrecken', 'http://www.ulisses-regelwiki.de/index.php/ZS_SchwarzerSchrecken.html', NULL),
('Zauber', 970, 'Schwarz und Rot', 'http://www.ulisses-regelwiki.de/index.php/ZS_SchwarzundRot.html', NULL),
('Zauber', 971, 'Sensibar', 'http://www.ulisses-regelwiki.de/index.php/ZS_Sensibar.html', NULL),
('Zauber', 972, 'Silentium', 'http://www.ulisses-regelwiki.de/index.php/ZS_Silentium.html', NULL),
('Zauber', 973, 'Skelettarius', 'http://www.ulisses-regelwiki.de/index.php/ZS_Skelettarius.html', NULL),
('Zauber', 974, 'Zaubererweiterungen', 'http://www.ulisses-regelwiki.de/index.php/ZS_Solidirid.html', NULL),
('Zauber', 975, 'Somnigravis', 'http://www.ulisses-regelwiki.de/index.php/ZS_Somnigravis.html', NULL),
('Zauber', 976, 'Spinnenlauf', 'http://www.ulisses-regelwiki.de/index.php/ZS_Spinnenlauf.html', NULL),
('Zauber', 977, 'Spurlos', 'http://www.ulisses-regelwiki.de/index.php/ZS_Spurlos.html', NULL),
('Zauber', 978, 'Stillstand', 'http://www.ulisses-regelwiki.de/index.php/ZS_Stillstand.html', NULL),
('Zauber', 979, 'Sumus Elixiere', 'http://www.ulisses-regelwiki.de/index.php/ZS_Sumus_Elixiere.html', NULL),
('Zauber', 980, 'Taubheit', 'http://www.ulisses-regelwiki.de/index.php/ZS_Taubheit.html', NULL),
('Zauber', 981, 'Telekinesebann', 'http://www.ulisses-regelwiki.de/index.php/ZS_Telekinesebann.html', NULL),
('Zauber', 982, 'Tiergedanken', 'http://www.ulisses-regelwiki.de/index.php/ZS_Tiergedanken.html', NULL),
('Zauber', 983, 'Transversalis', 'http://www.ulisses-regelwiki.de/index.php/ZS_Transversalis.html', NULL),
('Zauber', 984, 'Verwandlungsbann', 'http://www.ulisses-regelwiki.de/index.php/ZS_Verwandlungsbann.html', NULL),
('Zauber', 985, 'Vipernblick', 'http://www.ulisses-regelwiki.de/index.php/ZS_Vipernblick.html', NULL),
('Zauber', 986, 'Visibili', 'http://www.ulisses-regelwiki.de/index.php/ZS_Visibili.html', NULL),
('Zauber', 987, 'Vogelzwitschern', 'http://www.ulisses-regelwiki.de/index.php/ZS_Vogelzwitschern.html', NULL),
('Zauber', 988, 'Wasseratem', 'http://www.ulisses-regelwiki.de/index.php/ZS_Wasseratem.html', NULL),
('Zauber', 989, 'Wolfstatze', 'http://www.ulisses-regelwiki.de/index.php/ZS_Wolfstatze.html', NULL),
('Zauber', 990, 'Zunge betäuben', 'http://www.ulisses-regelwiki.de/index.php/ZS_Zunge_betäuben.html', NULL),
('Zauber', 991, 'Zwingtanz', 'http://www.ulisses-regelwiki.de/index.php/ZS_Zwingtanz.html', NULL),
('Zaubertrick', 992, 'Abkühlung', 'http://www.ulisses-regelwiki.de/index.php/ZT_Abkühlung.html', NULL),
('Zaubertrick', 993, 'Aranische Rasur', 'http://www.ulisses-regelwiki.de/index.php/ZT_AranischeRasur.html', NULL),
('Zaubertrick', 994, 'Bartwuchs', 'http://www.ulisses-regelwiki.de/index.php/ZT_Bartwuchs.html', NULL),
('Zaubertrick', 995, 'Bauchreden', 'http://www.ulisses-regelwiki.de/index.php/ZT_Bauchreden.html', NULL),
('Zaubertrick', 996, 'Beeren & Nüsse', 'http://www.ulisses-regelwiki.de/index.php/ZT_BeerenundNüsse.html', NULL),
('Zaubertrick', 997, 'Beruhigung', 'http://www.ulisses-regelwiki.de/index.php/ZT_Beruhigung.html', NULL),
('Zaubertrick', 998, 'Blütenduft', 'http://www.ulisses-regelwiki.de/index.php/ZT_Blütenduft.html', NULL),
('Zaubertrick', 999, 'Duft', 'http://www.ulisses-regelwiki.de/index.php/ZT_Duft.html', NULL),
('Zaubertrick', 1000, 'Ehrfürchtiges Verhalten', 'http://www.ulisses-regelwiki.de/index.php/ZT_EhrfürchtigesVerhalten.html', NULL),
('Zaubertrick', 1001, 'Feenfüße', 'http://www.ulisses-regelwiki.de/index.php/ZT_Feenfuesse.html', NULL),
('Zaubertrick', 1002, 'Feuerfinger', 'http://www.ulisses-regelwiki.de/index.php/ZT_Feuerfinger.html', NULL),
('Zaubertrick', 1003, 'Glücksgriff', 'http://www.ulisses-regelwiki.de/index.php/ZT_Glücksgriff.html', NULL),
('Zaubertrick', 1004, 'Grußworte', 'http://www.ulisses-regelwiki.de/index.php/ZT_Grußworte.html', NULL),
('Zaubertrick', 1005, 'Guten Morgen', 'http://www.ulisses-regelwiki.de/index.php/ZT_GutenMorgen.html', NULL),
('Zaubertrick', 1006, 'Haarpracht', 'http://www.ulisses-regelwiki.de/index.php/ZT_Haarpracht.html', NULL),
('Zaubertrick', 1007, 'Handwärmer', 'http://www.ulisses-regelwiki.de/index.php/ZT_Handwärmer.html', NULL),
('Zaubertrick', 1008, 'Heller Stern', 'http://www.ulisses-regelwiki.de/index.php/ZT_HellerStern.html', NULL),
('Zaubertrick', 1009, 'Hexenblick', 'http://www.ulisses-regelwiki.de/index.php/ZT_Hexenblick.html', NULL),
('Zaubertrick', 1010, 'Hintergrundmusik', 'http://www.ulisses-regelwiki.de/index.php/ZT_Hintergrundmusik.html', NULL),
('Zaubertrick', 1011, 'Insektenbann', 'http://www.ulisses-regelwiki.de/index.php/ZT_Insektenbann.html', NULL),
('Zaubertrick', 1012, 'Kehrbesen', 'http://www.ulisses-regelwiki.de/index.php/ZT_Kehrbesen.html', NULL),
('Zaubertrick', 1013, 'Leselampe', 'http://www.ulisses-regelwiki.de/index.php/ZT_Leselampe.html', NULL),
('Zaubertrick', 1014, 'Luftstoß', 'http://www.ulisses-regelwiki.de/index.php/ZT_Luftstoß.html', NULL),
('Zaubertrick', 1015, 'Lockruf', 'http://www.ulisses-regelwiki.de/index.php/ZT_Lockruf.html', NULL),
('Zaubertrick', 1016, 'Nagellack', 'http://www.ulisses-regelwiki.de/index.php/ZT_Nagellack.html', NULL),
('Zaubertrick', 1017, 'Ordentlich', 'http://www.ulisses-regelwiki.de/index.php/SF_Ordentlich.html', NULL),
('Zaubertrick', 1018, 'Pflanzenempathie', 'http://www.ulisses-regelwiki.de/index.php/ZT_Pflanzenempathie.html', NULL),
('Zaubertrick', 1019, 'Regenbogenaugen', 'http://www.ulisses-regelwiki.de/index.php/ZT_Regenbogenaugen.html', NULL),
('Zaubertrick', 1020, 'Rohrstock', 'http://www.ulisses-regelwiki.de/index.php/ZT_Rohrstock.html', NULL),
('Zaubertrick', 1021, 'Sandfigur', 'http://www.ulisses-regelwiki.de/index.php/ZT_Sandfigur.html', NULL),
('Zaubertrick', 1022, 'Selbstarchivierung', 'http://www.ulisses-regelwiki.de/index.php/ZT_Selbstarchivierung.html', NULL),
('Zaubertrick', 1023, 'Schlangenhände', 'http://www.ulisses-regelwiki.de/index.php/ZT_Schlangenhände.html', NULL),
('Zaubertrick', 1024, 'Schminken', 'http://www.ulisses-regelwiki.de/index.php/ZT_Schminken.html', NULL),
('Zaubertrick', 1025, 'Schnipsen', 'http://www.ulisses-regelwiki.de/index.php/ZT_Schnipsen.html', NULL),
('Zaubertrick', 1026, 'Signatur', 'http://www.ulisses-regelwiki.de/index.php/ZT_Signatur.html', NULL),
('Zaubertrick', 1027, 'Tätowierung', 'http://www.ulisses-regelwiki.de/index.php/ZT_Tätowierung.html', NULL),
('Zaubertrick', 1028, 'Trocken', 'http://www.ulisses-regelwiki.de/index.php/ZT_Trocken.html', NULL),
('Zaubertrick', 1029, 'Unheimliches Lachen', 'http://www.ulisses-regelwiki.de/index.php/ZT_UnheimlichesLachen.html', NULL),
('Zaubertrick', 1030, 'Waffensäuberung', 'http://www.ulisses-regelwiki.de/index.php/ZT_Waffensäuberung.html', NULL),
('Zaubertrick', 1031, 'Wasserhöhe', 'http://www.ulisses-regelwiki.de/index.php/ZT_Wasserhoehe.html', NULL),
('Zaubertrick', 1032, 'Weisheit des Leytfadens', 'http://www.ulisses-regelwiki.de/index.php/ZT_WeisheitdesLeytfadens.html', NULL),
('Zaubertrick', 1033, 'Würze', 'http://www.ulisses-regelwiki.de/index.php/ZT_Würze.html', NULL),
('Zaubertrick', 1034, 'Zauberfeder', 'http://www.ulisses-regelwiki.de/index.php/ZT_Zauberfeder.html', NULL),
('Zeremonie', 1035, 'Ackersegen', 'http://www.ulisses-regelwiki.de/index.php/Lit_Ackersegen.html', NULL),
('Zeremonie', 1036, 'Empfängnis des Korsmals', 'http://www.ulisses-regelwiki.de/index.php/Zer_EmpfaengnisdesKorsmals.html', NULL),
('Zeremonie', 1037, 'Exorzismus', 'http://www.ulisses-regelwiki.de/index.php/Zer_Exorzismus.html', NULL),
('Zeremonie', 1038, 'Geweihter Panzer', 'http://www.ulisses-regelwiki.de/index.php/Lit_GeweihterPanzer.html', NULL),
('Zeremonie', 1039, 'Löwengestalt', 'http://www.ulisses-regelwiki.de/index.php/Zer_Löwengestalt.html', NULL),
('Zeremonie', 1040, 'Nebelleib', 'http://www.ulisses-regelwiki.de/index.php/Zer_Nebelleib.html', NULL),
('Zeremonie', 1041, 'Objektweihe', 'http://www.ulisses-regelwiki.de/index.php/Zer_Objektweihe.html', NULL),
('Vorteil', 1042, 'Adel', 'http://www.ulisses-regelwiki.de/index.php/V_Adel.html', NULL),
('Vorteil', 1043, 'I', 'http://www.ulisses-regelwiki.de/index.php/V_Adel.html', 1042),
('Vorteil', 1044, 'II', 'http://www.ulisses-regelwiki.de/index.php/V_Adel.html', 1042),
('Vorteil', 1045, 'III', 'http://www.ulisses-regelwiki.de/index.php/V_Adel.html', 1042),
('Vorteil', 1046, 'Affinität zu Dämonen', 'http://www.ulisses-regelwiki.de/index.php/V_AffinitaetzuDaemonen.html', NULL),
('Vorteil', 1047, 'Affinität zu Elementaren', 'http://www.ulisses-regelwiki.de/index.php/V_AffinitaetzuElementaren.html', NULL),
('Vorteil', 1048, 'Allerweltsname', 'http://www.ulisses-regelwiki.de/index.php/aller.html', NULL),
('Vorteil', 1049, 'Altersresistenz (*)', 'http://www.ulisses-regelwiki.de/index.php/V_Altersresistenz.html', NULL),
('Vorteil', 1050, 'Angenehmer Geruch', 'http://www.ulisses-regelwiki.de/index.php/V_AngenehmerGeruch.html', NULL),
('Vorteil', 1051, 'Basiliskentöter', 'http://www.ulisses-regelwiki.de/index.php/V_Basiliskentöter.html', NULL),
('Vorteil', 1052, 'Begabung', 'http://www.ulisses-regelwiki.de/index.php/V_Begabung.html', NULL),
('Vorteil', 1053, 'Fliegen', 'http://www.ulisses-regelwiki.de/index.php/V_Begabung.html', 1052),
('Vorteil', 1054, 'Gaukeleien', 'http://www.ulisses-regelwiki.de/index.php/V_Begabung.html', 1052),
('Vorteil', 1055, 'Klettern', 'http://www.ulisses-regelwiki.de/index.php/V_Begabung.html', 1052),
('Vorteil', 1056, 'Körperbeherrschung', 'http://www.ulisses-regelwiki.de/index.php/V_Begabung.html', 1052),
('Vorteil', 1057, 'Kraftakt', 'http://www.ulisses-regelwiki.de/index.php/V_Begabung.html', 1052),
('Vorteil', 1058, 'Reiten', 'http://www.ulisses-regelwiki.de/index.php/V_Begabung.html', 1052),
('Vorteil', 1059, 'Schwimmen', 'http://www.ulisses-regelwiki.de/index.php/V_Begabung.html', 1052),
('Vorteil', 1060, 'Selbstbeherrschung', 'http://www.ulisses-regelwiki.de/index.php/V_Begabung.html', 1052),
('Vorteil', 1061, 'Singen', 'http://www.ulisses-regelwiki.de/index.php/V_Begabung.html', 1052),
('Vorteil', 1062, 'Sinnesschärfe', 'http://www.ulisses-regelwiki.de/index.php/V_Begabung.html', 1052),
('Vorteil', 1063, 'Tanzen', 'http://www.ulisses-regelwiki.de/index.php/V_Begabung.html', 1052),
('Vorteil', 1064, 'Taschendiebstahl', 'http://www.ulisses-regelwiki.de/index.php/V_Begabung.html', 1052),
('Vorteil', 1065, 'Verbergen', 'http://www.ulisses-regelwiki.de/index.php/V_Begabung.html', 1052),
('Vorteil', 1066, 'Zechen', 'http://www.ulisses-regelwiki.de/index.php/V_Begabung.html', 1052),
('Vorteil', 1067, 'Bekehren & Überzeugen', 'http://www.ulisses-regelwiki.de/index.php/V_Begabung.html', 1052),
('Vorteil', 1068, 'Betören', 'http://www.ulisses-regelwiki.de/index.php/V_Begabung.html', 1052),
('Vorteil', 1069, 'Einschüchtern', 'http://www.ulisses-regelwiki.de/index.php/V_Begabung.html', 1052),
('Vorteil', 1070, 'Etikette', 'http://www.ulisses-regelwiki.de/index.php/V_Begabung.html', 1052),
('Vorteil', 1071, 'Gassenwissen', 'http://www.ulisses-regelwiki.de/index.php/V_Begabung.html', 1052),
('Vorteil', 1072, 'Menschenkenntnis', 'http://www.ulisses-regelwiki.de/index.php/V_Begabung.html', 1052),
('Vorteil', 1073, 'Überreden', 'http://www.ulisses-regelwiki.de/index.php/V_Begabung.html', 1052),
('Vorteil', 1074, 'Verkleiden', 'http://www.ulisses-regelwiki.de/index.php/V_Begabung.html', 1052),
('Vorteil', 1075, 'Willenskraft', 'http://www.ulisses-regelwiki.de/index.php/V_Begabung.html', 1052),
('Vorteil', 1076, 'Fährtensuchen', 'http://www.ulisses-regelwiki.de/index.php/V_Begabung.html', 1052),
('Vorteil', 1077, 'Fesseln', 'http://www.ulisses-regelwiki.de/index.php/V_Begabung.html', 1052),
('Vorteil', 1078, 'Fischen & Angeln', 'http://www.ulisses-regelwiki.de/index.php/V_Begabung.html', 1052),
('Vorteil', 1079, 'Orientierung', 'http://www.ulisses-regelwiki.de/index.php/V_Begabung.html', 1052),
('Vorteil', 1080, 'Pflanzenkunde', 'http://www.ulisses-regelwiki.de/index.php/V_Begabung.html', 1052),
('Vorteil', 1081, 'Tierkunde', 'http://www.ulisses-regelwiki.de/index.php/V_Begabung.html', 1052),
('Vorteil', 1082, 'Wildnisleben', 'http://www.ulisses-regelwiki.de/index.php/V_Begabung.html', 1052),
('Vorteil', 1083, 'Brett- & Glücksspiel', 'http://www.ulisses-regelwiki.de/index.php/V_Begabung.html', 1052),
('Vorteil', 1084, 'Geographie', 'http://www.ulisses-regelwiki.de/index.php/V_Begabung.html', 1052),
('Vorteil', 1085, 'Geschichtswissen', 'http://www.ulisses-regelwiki.de/index.php/V_Begabung.html', 1052),
('Vorteil', 1086, 'Götter & Kulte', 'http://www.ulisses-regelwiki.de/index.php/V_Begabung.html', 1052),
('Vorteil', 1087, 'Kriegskunst', 'http://www.ulisses-regelwiki.de/index.php/V_Begabung.html', 1052),
('Vorteil', 1088, 'Magiekunde', 'http://www.ulisses-regelwiki.de/index.php/V_Begabung.html', 1052),
('Vorteil', 1089, 'Mechanik', 'http://www.ulisses-regelwiki.de/index.php/V_Begabung.html', 1052),
('Vorteil', 1090, 'Rechnen', 'http://www.ulisses-regelwiki.de/index.php/V_Begabung.html', 1052),
('Vorteil', 1091, 'Rechtskunde', 'http://www.ulisses-regelwiki.de/index.php/V_Begabung.html', 1052),
('Vorteil', 1092, 'Sagen & Legenden', 'http://www.ulisses-regelwiki.de/index.php/V_Begabung.html', 1052),
('Vorteil', 1093, 'Sphärenkunde', 'http://www.ulisses-regelwiki.de/index.php/V_Begabung.html', 1052),
('Vorteil', 1094, 'Sternkunde', 'http://www.ulisses-regelwiki.de/index.php/V_Begabung.html', 1052),
('Vorteil', 1095, 'Alchimie', 'http://www.ulisses-regelwiki.de/index.php/V_Begabung.html', 1052),
('Vorteil', 1096, 'Boote & Schiffe', 'http://www.ulisses-regelwiki.de/index.php/V_Begabung.html', 1052),
('Vorteil', 1097, 'Fahrzeuge', 'http://www.ulisses-regelwiki.de/index.php/V_Begabung.html', 1052),
('Vorteil', 1098, 'Handel', 'http://www.ulisses-regelwiki.de/index.php/V_Begabung.html', 1052),
('Vorteil', 1099, 'Heilkunde Gift', 'http://www.ulisses-regelwiki.de/index.php/V_Begabung.html', 1052),
('Vorteil', 1100, 'Heilkunde Krankheiten', 'http://www.ulisses-regelwiki.de/index.php/V_Begabung.html', 1052),
('Vorteil', 1101, 'Heilkunde Seele', 'http://www.ulisses-regelwiki.de/index.php/V_Begabung.html', 1052),
('Vorteil', 1102, 'Heilkunde Wunden', 'http://www.ulisses-regelwiki.de/index.php/V_Begabung.html', 1052),
('Vorteil', 1103, 'Holzbearbeitung', 'http://www.ulisses-regelwiki.de/index.php/V_Begabung.html', 1052),
('Vorteil', 1104, 'Lebensmittelbearbeitung', 'http://www.ulisses-regelwiki.de/index.php/V_Begabung.html', 1052),
('Vorteil', 1105, 'Lederbearbeitung', 'http://www.ulisses-regelwiki.de/index.php/V_Begabung.html', 1052),
('Vorteil', 1106, 'Malen & Zeichnen', 'http://www.ulisses-regelwiki.de/index.php/V_Begabung.html', 1052),
('Vorteil', 1107, 'Metallbearbeitung', 'http://www.ulisses-regelwiki.de/index.php/V_Begabung.html', 1052),
('Vorteil', 1108, 'Musizieren', 'http://www.ulisses-regelwiki.de/index.php/V_Begabung.html', 1052),
('Vorteil', 1109, 'Schlösserknacken', 'http://www.ulisses-regelwiki.de/index.php/V_Begabung.html', 1052),
('Vorteil', 1110, 'Steinbearbeitung', 'http://www.ulisses-regelwiki.de/index.php/V_Begabung.html', 1052),
('Vorteil', 1111, 'Stoffbearbeitung', 'http://www.ulisses-regelwiki.de/index.php/V_Begabung.html', 1052),
('Vorteil', 1112, 'Bann der Dunkelheit', 'http://www.ulisses-regelwiki.de/index.php/V_Begabung.html', 1052),
('Vorteil', 1113, 'Bann der Furcht', 'http://www.ulisses-regelwiki.de/index.php/V_Begabung.html', 1052),
('Vorteil', 1114, 'Bann des Lichts', 'http://www.ulisses-regelwiki.de/index.php/V_Begabung.html', 1052),
('Vorteil', 1115, 'Blendstrahl', 'http://www.ulisses-regelwiki.de/index.php/V_Begabung.html', 1052),
('Vorteil', 1116, 'Des Einen bezaubernder Sphärenklang', 'http://www.ulisses-regelwiki.de/index.php/V_Begabung.html', 1052),
('Vorteil', 1117, 'Ehrenhaftigkeit', 'http://www.ulisses-regelwiki.de/index.php/V_Begabung.html', 1052),
('Vorteil', 1118, 'Entzifferung', 'http://www.ulisses-regelwiki.de/index.php/V_Begabung.html', 1052),
('Vorteil', 1119, 'Ermutigung', 'http://www.ulisses-regelwiki.de/index.php/V_Begabung.html', 1052),
('Vorteil', 1120, 'Fall ins Nichts', 'http://www.ulisses-regelwiki.de/index.php/V_Begabung.html', 1052),
('Vorteil', 1121, 'Friedvolle Aura', 'http://www.ulisses-regelwiki.de/index.php/V_Begabung.html', 1052),
('Vorteil', 1122, 'Giftbann', 'http://www.ulisses-regelwiki.de/index.php/V_Begabung.html', 1052),
('Vorteil', 1123, 'Göttlicher Fingerzeig', 'http://www.ulisses-regelwiki.de/index.php/V_Begabung.html', 1052),
('Vorteil', 1124, 'Göttliches Zeichen', 'http://www.ulisses-regelwiki.de/index.php/V_Begabung.html', 1052),
('Vorteil', 1125, 'Heilsegen', 'http://www.ulisses-regelwiki.de/index.php/V_Begabung.html', 1052),
('Vorteil', 1126, 'Herbeirufung der Heerscharen des Rattenkindes', 'http://www.ulisses-regelwiki.de/index.php/V_Begabung.html', 1052),
('Vorteil', 1127, 'Kleiner Bann wider Untote', 'http://www.ulisses-regelwiki.de/index.php/V_Begabung.html', 1052),
('Vorteil', 1128, 'Kleiner Bannstrahl', 'http://www.ulisses-regelwiki.de/index.php/V_Begabung.html', 1052),
('Vorteil', 1129, 'Krankheitsbann', 'http://www.ulisses-regelwiki.de/index.php/V_Begabung.html', 1052),
('Vorteil', 1130, 'Lautlos', 'http://www.ulisses-regelwiki.de/index.php/V_Begabung.html', 1052),
('Vorteil', 1131, 'Magieschutz', 'http://www.ulisses-regelwiki.de/index.php/V_Begabung.html', 1052),
('Vorteil', 1132, 'Magiesicht', 'http://www.ulisses-regelwiki.de/index.php/V_Begabung.html', 1052),
('Vorteil', 1133, 'Mondsicht', 'http://www.ulisses-regelwiki.de/index.php/V_Begabung.html', 1052),
('Vorteil', 1134, 'Mondsilberzunge', 'http://www.ulisses-regelwiki.de/index.php/V_Begabung.html', 1052),
('Vorteil', 1135, 'Namenlose Kälte', 'http://www.ulisses-regelwiki.de/index.php/V_Begabung.html', 1052),
('Vorteil', 1136, 'Namenlose Raserei', 'http://www.ulisses-regelwiki.de/index.php/V_Begabung.html', 1052),
('Vorteil', 1137, 'Namenlose Zweifel', 'http://www.ulisses-regelwiki.de/index.php/V_Begabung.html', 1052),
('Vorteil', 1138, 'Namenloses Vergessen', 'http://www.ulisses-regelwiki.de/index.php/V_Begabung.html', 1052),
('Vorteil', 1139, 'Objektsegen', 'http://www.ulisses-regelwiki.de/index.php/V_Begabung.html', 1052),
('Vorteil', 1140, 'Ort der Ruhe', 'http://www.ulisses-regelwiki.de/index.php/V_Begabung.html', 1052),
('Vorteil', 1141, 'Pech-und-Schwefel-Strahl', 'http://www.ulisses-regelwiki.de/index.php/V_Begabung.html', 1052),
('Vorteil', 1142, 'Pflanzenwuchs', 'http://www.ulisses-regelwiki.de/index.php/V_Begabung.html', 1052),
('Vorteil', 1143, 'Rabenruf', 'http://www.ulisses-regelwiki.de/index.php/V_Begabung.html', 1052),
('Vorteil', 1144, 'Schlaf', 'http://www.ulisses-regelwiki.de/index.php/V_Begabung.html', 1052),
('Vorteil', 1145, 'Schlangenstab', 'http://www.ulisses-regelwiki.de/index.php/V_Begabung.html', 1052),
('Vorteil', 1146, 'Schlangenzunge', 'http://www.ulisses-regelwiki.de/index.php/V_Begabung.html', 1052),
('Vorteil', 1147, 'Schmerzresistenz', 'http://www.ulisses-regelwiki.de/index.php/V_Begabung.html', 1052),
('Vorteil', 1148, 'Schutz der Wehrlosen', 'http://www.ulisses-regelwiki.de/index.php/V_Begabung.html', 1052),
('Vorteil', 1149, 'Sternenglanz', 'http://www.ulisses-regelwiki.de/index.php/V_Begabung.html', 1052),
('Vorteil', 1150, 'Wahrheit', 'http://www.ulisses-regelwiki.de/index.php/V_Begabung.html', 1052),
('Vorteil', 1151, 'Wieselflink', 'http://www.ulisses-regelwiki.de/index.php/V_Begabung.html', 1052),
('Vorteil', 1152, 'Wundersame Verständigung', 'http://www.ulisses-regelwiki.de/index.php/V_Begabung.html', 1052),
('Vorteil', 1153, 'Ablativum', 'http://www.ulisses-regelwiki.de/index.php/V_Begabung.html', 1052),
('Vorteil', 1154, 'Abvenenum', 'http://www.ulisses-regelwiki.de/index.php/V_Begabung.html', 1052),
('Vorteil', 1155, 'Adlerauge', 'http://www.ulisses-regelwiki.de/index.php/V_Begabung.html', 1052),
('Vorteil', 1156, 'Adlerschwinge', 'http://www.ulisses-regelwiki.de/index.php/V_Begabung.html', 1052),
('Vorteil', 1157, 'Aeolito', 'http://www.ulisses-regelwiki.de/index.php/V_Begabung.html', 1052),
('Vorteil', 1158, 'Alpgestalt', 'http://www.ulisses-regelwiki.de/index.php/V_Begabung.html', 1052),
('Vorteil', 1159, 'Altisonus', 'http://www.ulisses-regelwiki.de/index.php/V_Begabung.html', 1052),
('Vorteil', 1160, 'Analys Arkanstruktur', 'http://www.ulisses-regelwiki.de/index.php/V_Begabung.html', 1052),
('Vorteil', 1161, 'Angst auslösen', 'http://www.ulisses-regelwiki.de/index.php/V_Begabung.html', 1052),
('Vorteil', 1162, 'Ängste lindern', 'http://www.ulisses-regelwiki.de/index.php/V_Begabung.html', 1052),
('Vorteil', 1163, 'Archofaxius', 'http://www.ulisses-regelwiki.de/index.php/V_Begabung.html', 1052),
('Vorteil', 1164, 'Archosphaero', 'http://www.ulisses-regelwiki.de/index.php/V_Begabung.html', 1052),
('Vorteil', 1165, 'Aromatis Illusionis', 'http://www.ulisses-regelwiki.de/index.php/V_Begabung.html', 1052),
('Vorteil', 1166, 'Armatrutz', 'http://www.ulisses-regelwiki.de/index.php/V_Begabung.html', 1052),
('Vorteil', 1167, 'Atemnot', 'http://www.ulisses-regelwiki.de/index.php/V_Begabung.html', 1052),
('Vorteil', 1168, 'Attributo (Charisma)', 'http://www.ulisses-regelwiki.de/index.php/V_Begabung.html', 1052),
('Vorteil', 1169, 'Attributo (Fingerfertigkeit)', 'http://www.ulisses-regelwiki.de/index.php/V_Begabung.html', 1052),
('Vorteil', 1170, 'Attributo (Klugheit)', 'http://www.ulisses-regelwiki.de/index.php/V_Begabung.html', 1052),
('Vorteil', 1171, 'Attributo (Körperkraft)', 'http://www.ulisses-regelwiki.de/index.php/V_Begabung.html', 1052),
('Vorteil', 1172, 'Aufwecken', 'http://www.ulisses-regelwiki.de/index.php/V_Begabung.html', 1052),
('Vorteil', 1173, 'Auge des Limbus', 'http://www.ulisses-regelwiki.de/index.php/V_Begabung.html', 1052),
('Vorteil', 1174, 'Aureolus', 'http://www.ulisses-regelwiki.de/index.php/V_Begabung.html', 1052),
('Vorteil', 1175, 'Auris Illusionis', 'http://www.ulisses-regelwiki.de/index.php/V_Begabung.html', 1052),
('Vorteil', 1176, 'Axxeleratus', 'http://www.ulisses-regelwiki.de/index.php/V_Begabung.html', 1052),
('Vorteil', 1177, 'Balsam Salabunde', 'http://www.ulisses-regelwiki.de/index.php/V_Begabung.html', 1052),
('Vorteil', 1178, 'Bannbaladin', 'http://www.ulisses-regelwiki.de/index.php/V_Begabung.html', 1052),
('Vorteil', 1179, 'Band und Fessel', 'http://www.ulisses-regelwiki.de/index.php/V_Begabung.html', 1052),
('Vorteil', 1180, 'Blick aufs Wesen', 'http://www.ulisses-regelwiki.de/index.php/V_Begabung.html', 1052),
('Vorteil', 1181, 'Blick in die Gedanken', 'http://www.ulisses-regelwiki.de/index.php/V_Begabung.html', 1052),
('Vorteil', 1182, 'Blindheit', 'http://www.ulisses-regelwiki.de/index.php/V_Begabung.html', 1052),
('Vorteil', 1183, 'Blitz dich find', 'http://www.ulisses-regelwiki.de/index.php/V_Begabung.html', 1052),
('Vorteil', 1184, 'Chamaelioni', 'http://www.ulisses-regelwiki.de/index.php/V_Begabung.html', 1052),
('Vorteil', 1185, 'Claudibus', 'http://www.ulisses-regelwiki.de/index.php/V_Begabung.html', 1052),
('Vorteil', 1186, 'Corpofesso', 'http://www.ulisses-regelwiki.de/index.php/V_Begabung.html', 1052),
('Vorteil', 1187, 'Corpofrigo', 'http://www.ulisses-regelwiki.de/index.php/V_Begabung.html', 1052),
('Vorteil', 1188, 'Dämonenbann', 'http://www.ulisses-regelwiki.de/index.php/V_Begabung.html', 1052),
('Vorteil', 1189, 'Dämonenschild', 'http://www.ulisses-regelwiki.de/index.php/V_Begabung.html', 1052),
('Vorteil', 1190, 'Debilitatio', 'http://www.ulisses-regelwiki.de/index.php/V_Begabung.html', 1052),
('Vorteil', 1191, 'Desintegratus', 'http://www.ulisses-regelwiki.de/index.php/V_Begabung.html', 1052),
('Vorteil', 1192, 'Disruptivo', 'http://www.ulisses-regelwiki.de/index.php/V_Begabung.html', 1052),
('Vorteil', 1193, 'Dunkelheit', 'http://www.ulisses-regelwiki.de/index.php/V_Begabung.html', 1052),
('Vorteil', 1194, 'Duplicatus', 'http://www.ulisses-regelwiki.de/index.php/V_Begabung.html', 1052),
('Vorteil', 1195, 'Ecliptifactus', 'http://www.ulisses-regelwiki.de/index.php/V_Begabung.html', 1052),
('Vorteil', 1196, 'Einflussbann', 'http://www.ulisses-regelwiki.de/index.php/V_Begabung.html', 1052),
('Vorteil', 1197, 'Eigne Ängste', 'http://www.ulisses-regelwiki.de/index.php/V_Begabung.html', 1052),
('Vorteil', 1198, 'Eisenrost', 'http://www.ulisses-regelwiki.de/index.php/V_Begabung.html', 1052),
('Vorteil', 1199, 'Elementarbann', 'http://www.ulisses-regelwiki.de/index.php/V_Begabung.html', 1052),
('Vorteil', 1200, 'Elfenstimme', 'http://www.ulisses-regelwiki.de/index.php/V_Begabung.html', 1052),
('Vorteil', 1201, 'Erinnerung verlasse dich', 'http://www.ulisses-regelwiki.de/index.php/V_Begabung.html', 1052),
('Vorteil', 1202, 'Exposami', 'http://www.ulisses-regelwiki.de/index.php/V_Begabung.html', 1052),
('Vorteil', 1203, 'Falkenauge', 'http://www.ulisses-regelwiki.de/index.php/V_Begabung.html', 1052),
('Vorteil', 1204, 'Favilludo', 'http://www.ulisses-regelwiki.de/index.php/V_Begabung.html', 1052),
('Vorteil', 1205, 'Firnlauf', 'http://www.ulisses-regelwiki.de/index.php/V_Begabung.html', 1052),
('Vorteil', 1206, 'Fischflosse', 'http://www.ulisses-regelwiki.de/index.php/V_Begabung.html', 1052),
('Vorteil', 1207, 'Flim Flam', 'http://www.ulisses-regelwiki.de/index.php/V_Begabung.html', 1052),
('Vorteil', 1208, 'Foramen', 'http://www.ulisses-regelwiki.de/index.php/V_Begabung.html', 1052),
('Vorteil', 1209, 'Fortifex', 'http://www.ulisses-regelwiki.de/index.php/V_Begabung.html', 1052),
('Vorteil', 1210, 'Fulminictus', 'http://www.ulisses-regelwiki.de/index.php/V_Begabung.html', 1052),
('Vorteil', 1211, 'Gardianum', 'http://www.ulisses-regelwiki.de/index.php/V_Begabung.html', 1052),
('Vorteil', 1212, 'Gedankenbilder', 'http://www.ulisses-regelwiki.de/index.php/V_Begabung.html', 1052),
('Vorteil', 1213, 'Gefunden', 'http://www.ulisses-regelwiki.de/index.php/V_Begabung.html', 1052),
('Vorteil', 1214, 'Gletscherform', 'http://www.ulisses-regelwiki.de/index.php/V_Begabung.html', 1052),
('Vorteil', 1215, 'Große Gier', 'http://www.ulisses-regelwiki.de/index.php/V_Begabung.html', 1052),
('Vorteil', 1216, 'Große Verwirrung', 'http://www.ulisses-regelwiki.de/index.php/V_Begabung.html', 1052),
('Vorteil', 1217, 'Harmlose Gestalt', 'http://www.ulisses-regelwiki.de/index.php/V_Begabung.html', 1052),
('Vorteil', 1218, 'Haselbusch', 'http://www.ulisses-regelwiki.de/index.php/V_Begabung.html', 1052),
('Vorteil', 1219, 'Heilungsbann', 'http://www.ulisses-regelwiki.de/index.php/V_Begabung.html', 1052),
('Vorteil', 1220, 'Hellsichtbann', 'http://www.ulisses-regelwiki.de/index.php/V_Begabung.html', 1052),
('Vorteil', 1221, 'Herr über das Tierreich', 'http://www.ulisses-regelwiki.de/index.php/V_Begabung.html', 1052),
('Vorteil', 1222, 'Heptagramma', 'http://www.ulisses-regelwiki.de/index.php/V_Begabung.html', 1052),
('Vorteil', 1223, 'Herzschlag ruhe', 'http://www.ulisses-regelwiki.de/index.php/V_Begabung.html', 1052),
('Vorteil', 1224, 'Hexagramma', 'http://www.ulisses-regelwiki.de/index.php/V_Begabung.html', 1052),
('Vorteil', 1225, 'Hexenholz', 'http://www.ulisses-regelwiki.de/index.php/V_Begabung.html', 1052),
('Vorteil', 1226, 'Hexengalle', 'http://www.ulisses-regelwiki.de/index.php/V_Begabung.html', 1052),
('Vorteil', 1227, 'Hexenknoten', 'http://www.ulisses-regelwiki.de/index.php/V_Begabung.html', 1052),
('Vorteil', 1228, 'Hexenkrallen', 'http://www.ulisses-regelwiki.de/index.php/V_Begabung.html', 1052),
('Vorteil', 1229, 'Höllenpein', 'http://www.ulisses-regelwiki.de/index.php/V_Begabung.html', 1052),
('Vorteil', 1230, 'Horriphobus', 'http://www.ulisses-regelwiki.de/index.php/V_Begabung.html', 1052),
('Vorteil', 1231, 'Ignifaxius', 'http://www.ulisses-regelwiki.de/index.php/V_Begabung.html', 1052),
('Vorteil', 1232, 'Ignisphaero', 'http://www.ulisses-regelwiki.de/index.php/V_Begabung.html', 1052),
('Vorteil', 1233, 'Ignorantia', 'http://www.ulisses-regelwiki.de/index.php/V_Begabung.html', 1052),
('Vorteil', 1234, 'Illusionsbann', 'http://www.ulisses-regelwiki.de/index.php/V_Begabung.html', 1052),
('Vorteil', 1235, 'Imperavi', 'http://www.ulisses-regelwiki.de/index.php/V_Begabung.html', 1052),
('Vorteil', 1236, 'Impersona', 'http://www.ulisses-regelwiki.de/index.php/V_Begabung.html', 1052),
('Vorteil', 1237, 'Incendio', 'http://www.ulisses-regelwiki.de/index.php/V_Begabung.html', 1052),
('Vorteil', 1238, 'Invercano', 'http://www.ulisses-regelwiki.de/index.php/V_Begabung.html', 1052),
('Vorteil', 1239, 'Invocatio Minima', 'http://www.ulisses-regelwiki.de/index.php/V_Begabung.html', 1052),
('Vorteil', 1240, 'Karnifilo', 'http://www.ulisses-regelwiki.de/index.php/V_Begabung.html', 1052),
('Vorteil', 1241, 'Katzenaugen', 'http://www.ulisses-regelwiki.de/index.php/V_Begabung.html', 1052),
('Vorteil', 1242, 'Klarum Purum', 'http://www.ulisses-regelwiki.de/index.php/V_Begabung.html', 1052),
('Vorteil', 1243, 'Krötensprung', 'http://www.ulisses-regelwiki.de/index.php/V_Begabung.html', 1052),
('Vorteil', 1244, 'Kusch', 'http://www.ulisses-regelwiki.de/index.php/V_Begabung.html', 1052),
('Vorteil', 1245, 'Last des Alters', 'http://www.ulisses-regelwiki.de/index.php/V_Begabung.html', 1052),
('Vorteil', 1246, 'Lunge des Leviatan', 'http://www.ulisses-regelwiki.de/index.php/V_Begabung.html', 1052),
('Vorteil', 1247, 'Manifesto', 'http://www.ulisses-regelwiki.de/index.php/V_Begabung.html', 1052),
('Vorteil', 1248, 'Manus Illusionis', 'http://www.ulisses-regelwiki.de/index.php/V_Begabung.html', 1052),
('Vorteil', 1249, 'Manus Miracula', 'http://www.ulisses-regelwiki.de/index.php/V_Begabung.html', 1052),
('Vorteil', 1250, 'Memorans', 'http://www.ulisses-regelwiki.de/index.php/V_Begabung.html', 1052),
('Vorteil', 1251, 'Menetekel', 'http://www.ulisses-regelwiki.de/index.php/V_Begabung.html', 1052),
('Vorteil', 1252, 'Motoricus', 'http://www.ulisses-regelwiki.de/index.php/V_Begabung.html', 1052),
('Vorteil', 1253, 'Nebelwand', 'http://www.ulisses-regelwiki.de/index.php/V_Begabung.html', 1052),
('Vorteil', 1254, 'Nuntiovolo', 'http://www.ulisses-regelwiki.de/index.php/V_Begabung.html', 1052),
('Vorteil', 1255, 'Objectobscuro', 'http://www.ulisses-regelwiki.de/index.php/V_Begabung.html', 1052),
('Vorteil', 1256, 'Objectofixo', 'http://www.ulisses-regelwiki.de/index.php/V_Begabung.html', 1052),
('Vorteil', 1257, 'Objektbann', 'http://www.ulisses-regelwiki.de/index.php/V_Begabung.html', 1052),
('Vorteil', 1258, 'Oculus Astralis', 'http://www.ulisses-regelwiki.de/index.php/V_Begabung.html', 1052),
('Vorteil', 1259, 'Oculus Illusionis', 'http://www.ulisses-regelwiki.de/index.php/V_Begabung.html', 1052),
('Vorteil', 1260, 'Odem Arcanum', 'http://www.ulisses-regelwiki.de/index.php/V_Begabung.html', 1052),
('Vorteil', 1261, 'Orcanofaxius', 'http://www.ulisses-regelwiki.de/index.php/V_Begabung.html', 1052),
('Vorteil', 1262, 'Orcanosphaero', 'http://www.ulisses-regelwiki.de/index.php/V_Begabung.html', 1052),
('Vorteil', 1263, 'Paralysis', 'http://www.ulisses-regelwiki.de/index.php/V_Begabung.html', 1052),
('Vorteil', 1264, 'Penetrizzel', 'http://www.ulisses-regelwiki.de/index.php/V_Begabung.html', 1052),
('Vorteil', 1265, 'Pentagramma', 'http://www.ulisses-regelwiki.de/index.php/V_Begabung.html', 1052),
('Vorteil', 1266, 'Pestilenz erspüren', 'http://www.ulisses-regelwiki.de/index.php/V_Begabung.html', 1052),
('Vorteil', 1267, 'Physiostabilis', 'http://www.ulisses-regelwiki.de/index.php/V_Begabung.html', 1052),
('Vorteil', 1268, 'Plumbumbarum', 'http://www.ulisses-regelwiki.de/index.php/V_Begabung.html', 1052),
('Vorteil', 1269, 'Projectimago', 'http://www.ulisses-regelwiki.de/index.php/V_Begabung.html', 1052),
('Vorteil', 1270, 'Psychostabilis', 'http://www.ulisses-regelwiki.de/index.php/V_Begabung.html', 1052),
('Vorteil', 1271, 'Radau', 'http://www.ulisses-regelwiki.de/index.php/V_Begabung.html', 1052),
('Vorteil', 1272, 'Reflectimago', 'http://www.ulisses-regelwiki.de/index.php/V_Begabung.html', 1052),
('Vorteil', 1273, 'Regeneratio', 'http://www.ulisses-regelwiki.de/index.php/V_Begabung.html', 1052),
('Vorteil', 1274, 'Respondami', 'http://www.ulisses-regelwiki.de/index.php/V_Begabung.html', 1052),
('Vorteil', 1275, 'Salander', 'http://www.ulisses-regelwiki.de/index.php/V_Begabung.html', 1052),
('Vorteil', 1276, 'Sanftmut', 'http://www.ulisses-regelwiki.de/index.php/V_Begabung.html', 1052),
('Vorteil', 1277, 'Sapefacta', 'http://www.ulisses-regelwiki.de/index.php/V_Begabung.html', 1052),
('Vorteil', 1278, 'Satuarias Herrlichkeit', 'http://www.ulisses-regelwiki.de/index.php/V_Begabung.html', 1052),
('Vorteil', 1279, 'Schlangenruf', 'http://www.ulisses-regelwiki.de/index.php/V_Begabung.html', 1052),
('Vorteil', 1280, 'Schmerzen lindern', 'http://www.ulisses-regelwiki.de/index.php/V_Begabung.html', 1052),
('Vorteil', 1281, 'Schwarzer Schrecken', 'http://www.ulisses-regelwiki.de/index.php/V_Begabung.html', 1052),
('Vorteil', 1282, 'Schwarz und Rot', 'http://www.ulisses-regelwiki.de/index.php/V_Begabung.html', 1052),
('Vorteil', 1283, 'Sensibar', 'http://www.ulisses-regelwiki.de/index.php/V_Begabung.html', 1052),
('Vorteil', 1284, 'Silentium', 'http://www.ulisses-regelwiki.de/index.php/V_Begabung.html', 1052),
('Vorteil', 1285, 'Skelettarius', 'http://www.ulisses-regelwiki.de/index.php/V_Begabung.html', 1052),
('Vorteil', 1286, 'Zaubererweiterungen', 'http://www.ulisses-regelwiki.de/index.php/V_Begabung.html', 1052),
('Vorteil', 1287, 'Somnigravis', 'http://www.ulisses-regelwiki.de/index.php/V_Begabung.html', 1052),
('Vorteil', 1288, 'Spinnenlauf', 'http://www.ulisses-regelwiki.de/index.php/V_Begabung.html', 1052),
('Vorteil', 1289, 'Spurlos', 'http://www.ulisses-regelwiki.de/index.php/V_Begabung.html', 1052),
('Vorteil', 1290, 'Stillstand', 'http://www.ulisses-regelwiki.de/index.php/V_Begabung.html', 1052),
('Vorteil', 1291, 'Sumus Elixiere', 'http://www.ulisses-regelwiki.de/index.php/V_Begabung.html', 1052),
('Vorteil', 1292, 'Taubheit', 'http://www.ulisses-regelwiki.de/index.php/V_Begabung.html', 1052),
('Vorteil', 1293, 'Telekinesebann', 'http://www.ulisses-regelwiki.de/index.php/V_Begabung.html', 1052),
('Vorteil', 1294, 'Tiergedanken', 'http://www.ulisses-regelwiki.de/index.php/V_Begabung.html', 1052),
('Vorteil', 1295, 'Transversalis', 'http://www.ulisses-regelwiki.de/index.php/V_Begabung.html', 1052),
('Vorteil', 1296, 'Verwandlungsbann', 'http://www.ulisses-regelwiki.de/index.php/V_Begabung.html', 1052),
('Vorteil', 1297, 'Vipernblick', 'http://www.ulisses-regelwiki.de/index.php/V_Begabung.html', 1052),
('Vorteil', 1298, 'Visibili', 'http://www.ulisses-regelwiki.de/index.php/V_Begabung.html', 1052),
('Vorteil', 1299, 'Vogelzwitschern', 'http://www.ulisses-regelwiki.de/index.php/V_Begabung.html', 1052),
('Vorteil', 1300, 'Wasseratem', 'http://www.ulisses-regelwiki.de/index.php/V_Begabung.html', 1052),
('Vorteil', 1301, 'Wolfstatze', 'http://www.ulisses-regelwiki.de/index.php/V_Begabung.html', 1052),
('Vorteil', 1302, 'Zunge betäuben', 'http://www.ulisses-regelwiki.de/index.php/V_Begabung.html', 1052),
('Vorteil', 1303, 'Zwingtanz', 'http://www.ulisses-regelwiki.de/index.php/V_Begabung.html', 1052),
('Vorteil', 1304, 'Accuratum', 'http://www.ulisses-regelwiki.de/index.php/V_Begabung.html', 1052),
('Vorteil', 1305, 'Arcanovi', 'http://www.ulisses-regelwiki.de/index.php/V_Begabung.html', 1052),
('Vorteil', 1306, 'Aufmerksamer Wächter', 'http://www.ulisses-regelwiki.de/index.php/V_Begabung.html', 1052),
('Vorteil', 1307, 'Caldofrigo', 'http://www.ulisses-regelwiki.de/index.php/V_Begabung.html', 1052),
('Vorteil', 1308, 'Dschinnenruf', 'http://www.ulisses-regelwiki.de/index.php/V_Begabung.html', 1052),
('Vorteil', 1309, 'Elementarer Diener', 'http://www.ulisses-regelwiki.de/index.php/V_Begabung.html', 1052),
('Vorteil', 1310, 'Hagelschlag und Sturmgebrüll', 'http://www.ulisses-regelwiki.de/index.php/V_Begabung.html', 1052),
('Vorteil', 1311, 'Hartes schmelze', 'http://www.ulisses-regelwiki.de/index.php/V_Begabung.html', 1052),
('Vorteil', 1312, 'Invovatio maior', 'http://www.ulisses-regelwiki.de/index.php/V_Begabung.html', 1052),
('Vorteil', 1313, 'Invocatio Minor', 'http://www.ulisses-regelwiki.de/index.php/V_Begabung.html', 1052),
('Vorteil', 1314, 'Leidensbund', 'http://www.ulisses-regelwiki.de/index.php/V_Begabung.html', 1052),
('Vorteil', 1315, 'Magischer Raub', 'http://www.ulisses-regelwiki.de/index.php/V_Begabung.html', 1052),
('Vorteil', 1316, 'Memorabia Falsifir', 'http://www.ulisses-regelwiki.de/index.php/V_Begabung.html', 1052),
('Vorteil', 1317, 'Movimento', 'http://www.ulisses-regelwiki.de/index.php/V_Begabung.html', 1052),
('Vorteil', 1318, 'Nihilogravo', 'http://www.ulisses-regelwiki.de/index.php/V_Begabung.html', 1052),
('Vorteil', 1319, 'Orvai Kurims Kriegstrommel', 'http://www.ulisses-regelwiki.de/index.php/V_Begabung.html', 1052),
('Vorteil', 1320, 'Ruf des Bienenstocks', 'http://www.ulisses-regelwiki.de/index.php/V_Begabung.html', 1052),
('Vorteil', 1321, 'Ruhe Körper', 'http://www.ulisses-regelwiki.de/index.php/V_Begabung.html', 1052),
('Vorteil', 1322, 'Traumgestalt', 'http://www.ulisses-regelwiki.de/index.php/V_Begabung.html', 1052),
('Vorteil', 1323, 'Unberührt von Satinav', 'http://www.ulisses-regelwiki.de/index.php/V_Begabung.html', 1052),
('Vorteil', 1324, 'Widerwille', 'http://www.ulisses-regelwiki.de/index.php/V_Begabung.html', 1052),
('Vorteil', 1325, 'Wirbelform', 'http://www.ulisses-regelwiki.de/index.php/V_Begabung.html', 1052),
('Vorteil', 1326, 'Xenographus', 'http://www.ulisses-regelwiki.de/index.php/V_Begabung.html', 1052),
('Vorteil', 1327, 'Zauberklinge Geisterspeer', 'http://www.ulisses-regelwiki.de/index.php/V_Begabung.html', 1052),
('Vorteil', 1328, 'Ackersegen', 'http://www.ulisses-regelwiki.de/index.php/V_Begabung.html', 1052),
('Vorteil', 1329, 'Empfängnis des Korsmals', 'http://www.ulisses-regelwiki.de/index.php/V_Begabung.html', 1052),
('Vorteil', 1330, 'Exorzismus', 'http://www.ulisses-regelwiki.de/index.php/V_Begabung.html', 1052),
('Vorteil', 1331, 'Geweihter Panzer', 'http://www.ulisses-regelwiki.de/index.php/V_Begabung.html', 1052),
('Vorteil', 1332, 'Löwengestalt', 'http://www.ulisses-regelwiki.de/index.php/V_Begabung.html', 1052);
INSERT INTO `property` (`type`, `id`, `name`, `wiki_url`, `subcategory_of_id`) VALUES
('Vorteil', 1333, 'Nebelleib', 'http://www.ulisses-regelwiki.de/index.php/V_Begabung.html', 1052),
('Vorteil', 1334, 'Objektweihe', 'http://www.ulisses-regelwiki.de/index.php/V_Begabung.html', 1052),
('Vorteil', 1335, 'Beidhändig', 'http://www.ulisses-regelwiki.de/index.php/V_Beidhändig.html', NULL),
('Vorteil', 1336, 'Drachentöter', 'http://www.ulisses-regelwiki.de/index.php/V_Drachentöter.html', NULL),
('Vorteil', 1337, 'Dunkelsicht', 'http://www.ulisses-regelwiki.de/index.php/V_Dunkelsicht.html', NULL),
('Vorteil', 1338, 'I', 'http://www.ulisses-regelwiki.de/index.php/V_Dunkelsicht.html', 1337),
('Vorteil', 1339, 'II', 'http://www.ulisses-regelwiki.de/index.php/V_Dunkelsicht.html', 1337),
('Vorteil', 1340, 'Eisenaffine Aura', 'http://www.ulisses-regelwiki.de/index.php/V_EisenaffineAura.html', NULL),
('Vorteil', 1341, 'Eisern', 'http://www.ulisses-regelwiki.de/index.php/Eisern.html', NULL),
('Vorteil', 1342, 'Entfernungssinn', 'http://www.ulisses-regelwiki.de/index.php/V_Entfernungssinn.html', NULL),
('Vorteil', 1343, 'Feenfreund', 'http://www.ulisses-regelwiki.de/index.php/V_Feenfreund.html', NULL),
('Vorteil', 1344, 'Flink', 'http://www.ulisses-regelwiki.de/index.php/V_Flink.html', NULL),
('Vorteil', 1345, 'Fuchssinn', 'http://www.ulisses-regelwiki.de/index.php/V_Fuchssinn.html', NULL),
('Vorteil', 1346, 'Geborener Redner', 'http://www.ulisses-regelwiki.de/index.php/V_GeborenerRedner.html', NULL),
('Vorteil', 1347, 'Geweihter', 'http://www.ulisses-regelwiki.de/index.php/V_Geweihter.html', NULL),
('Vorteil', 1348, 'Giftresistenz', 'http://www.ulisses-regelwiki.de/index.php/V_Giftresistenz.html', NULL),
('Vorteil', 1349, 'I', 'http://www.ulisses-regelwiki.de/index.php/V_Giftresistenz.html', 1348),
('Vorteil', 1350, 'II', 'http://www.ulisses-regelwiki.de/index.php/V_Giftresistenz.html', 1348),
('Vorteil', 1351, 'Glück', 'http://www.ulisses-regelwiki.de/index.php/V_Glück.html', NULL),
('Vorteil', 1352, 'I', 'http://www.ulisses-regelwiki.de/index.php/V_Glück.html', 1351),
('Vorteil', 1353, 'II', 'http://www.ulisses-regelwiki.de/index.php/V_Glück.html', 1351),
('Vorteil', 1354, 'III', 'http://www.ulisses-regelwiki.de/index.php/V_Glück.html', 1351),
('Vorteil', 1355, 'Große Zauberauswahl', 'http://www.ulisses-regelwiki.de/index.php/V_GroßeZauberauswahlI-II.html', NULL),
('Vorteil', 1356, 'I', 'http://www.ulisses-regelwiki.de/index.php/V_GroßeZauberauswahlI-II.html', 1355),
('Vorteil', 1357, 'II', 'http://www.ulisses-regelwiki.de/index.php/V_GroßeZauberauswahlI-II.html', 1355),
('Vorteil', 1358, 'Gutaussehend', 'http://www.ulisses-regelwiki.de/index.php/V_Gutaussehend.html', NULL),
('Vorteil', 1359, 'I', 'http://www.ulisses-regelwiki.de/index.php/V_Gutaussehend.html', 1358),
('Vorteil', 1360, 'II', 'http://www.ulisses-regelwiki.de/index.php/V_Gutaussehend.html', 1358),
('Vorteil', 1361, 'Gutes Namensgedächtnis', 'http://www.ulisses-regelwiki.de/index.php/gutesbame.html', NULL),
('Vorteil', 1362, 'Hart im Nehmen', 'http://www.ulisses-regelwiki.de/index.php/Hartim.html', NULL),
('Vorteil', 1363, 'Hass auf', 'http://www.ulisses-regelwiki.de/index.php/V_Hass_auf.html', NULL),
('Vorteil', 1364, 'Heldenhafter Name', 'http://www.ulisses-regelwiki.de/index.php/heldenname.html', NULL),
('Vorteil', 1365, 'Herausragende Fertigkeit', 'http://www.ulisses-regelwiki.de/index.php/V_Fertigkeit.html', NULL),
('Vorteil', 1366, 'Fliegen', 'http://www.ulisses-regelwiki.de/index.php/V_Fertigkeit.html', 1365),
('Vorteil', 1367, 'Gaukeleien', 'http://www.ulisses-regelwiki.de/index.php/V_Fertigkeit.html', 1365),
('Vorteil', 1368, 'Klettern', 'http://www.ulisses-regelwiki.de/index.php/V_Fertigkeit.html', 1365),
('Vorteil', 1369, 'Körperbeherrschung', 'http://www.ulisses-regelwiki.de/index.php/V_Fertigkeit.html', 1365),
('Vorteil', 1370, 'Kraftakt', 'http://www.ulisses-regelwiki.de/index.php/V_Fertigkeit.html', 1365),
('Vorteil', 1371, 'Reiten', 'http://www.ulisses-regelwiki.de/index.php/V_Fertigkeit.html', 1365),
('Vorteil', 1372, 'Schwimmen', 'http://www.ulisses-regelwiki.de/index.php/V_Fertigkeit.html', 1365),
('Vorteil', 1373, 'Selbstbeherrschung', 'http://www.ulisses-regelwiki.de/index.php/V_Fertigkeit.html', 1365),
('Vorteil', 1374, 'Singen', 'http://www.ulisses-regelwiki.de/index.php/V_Fertigkeit.html', 1365),
('Vorteil', 1375, 'Sinnesschärfe', 'http://www.ulisses-regelwiki.de/index.php/V_Fertigkeit.html', 1365),
('Vorteil', 1376, 'Tanzen', 'http://www.ulisses-regelwiki.de/index.php/V_Fertigkeit.html', 1365),
('Vorteil', 1377, 'Taschendiebstahl', 'http://www.ulisses-regelwiki.de/index.php/V_Fertigkeit.html', 1365),
('Vorteil', 1378, 'Verbergen', 'http://www.ulisses-regelwiki.de/index.php/V_Fertigkeit.html', 1365),
('Vorteil', 1379, 'Zechen', 'http://www.ulisses-regelwiki.de/index.php/V_Fertigkeit.html', 1365),
('Vorteil', 1380, 'Bekehren & Überzeugen', 'http://www.ulisses-regelwiki.de/index.php/V_Fertigkeit.html', 1365),
('Vorteil', 1381, 'Betören', 'http://www.ulisses-regelwiki.de/index.php/V_Fertigkeit.html', 1365),
('Vorteil', 1382, 'Einschüchtern', 'http://www.ulisses-regelwiki.de/index.php/V_Fertigkeit.html', 1365),
('Vorteil', 1383, 'Etikette', 'http://www.ulisses-regelwiki.de/index.php/V_Fertigkeit.html', 1365),
('Vorteil', 1384, 'Gassenwissen', 'http://www.ulisses-regelwiki.de/index.php/V_Fertigkeit.html', 1365),
('Vorteil', 1385, 'Menschenkenntnis', 'http://www.ulisses-regelwiki.de/index.php/V_Fertigkeit.html', 1365),
('Vorteil', 1386, 'Überreden', 'http://www.ulisses-regelwiki.de/index.php/V_Fertigkeit.html', 1365),
('Vorteil', 1387, 'Verkleiden', 'http://www.ulisses-regelwiki.de/index.php/V_Fertigkeit.html', 1365),
('Vorteil', 1388, 'Willenskraft', 'http://www.ulisses-regelwiki.de/index.php/V_Fertigkeit.html', 1365),
('Vorteil', 1389, 'Fährtensuchen', 'http://www.ulisses-regelwiki.de/index.php/V_Fertigkeit.html', 1365),
('Vorteil', 1390, 'Fesseln', 'http://www.ulisses-regelwiki.de/index.php/V_Fertigkeit.html', 1365),
('Vorteil', 1391, 'Fischen & Angeln', 'http://www.ulisses-regelwiki.de/index.php/V_Fertigkeit.html', 1365),
('Vorteil', 1392, 'Orientierung', 'http://www.ulisses-regelwiki.de/index.php/V_Fertigkeit.html', 1365),
('Vorteil', 1393, 'Pflanzenkunde', 'http://www.ulisses-regelwiki.de/index.php/V_Fertigkeit.html', 1365),
('Vorteil', 1394, 'Tierkunde', 'http://www.ulisses-regelwiki.de/index.php/V_Fertigkeit.html', 1365),
('Vorteil', 1395, 'Wildnisleben', 'http://www.ulisses-regelwiki.de/index.php/V_Fertigkeit.html', 1365),
('Vorteil', 1396, 'Brett- & Glücksspiel', 'http://www.ulisses-regelwiki.de/index.php/V_Fertigkeit.html', 1365),
('Vorteil', 1397, 'Geographie', 'http://www.ulisses-regelwiki.de/index.php/V_Fertigkeit.html', 1365),
('Vorteil', 1398, 'Geschichtswissen', 'http://www.ulisses-regelwiki.de/index.php/V_Fertigkeit.html', 1365),
('Vorteil', 1399, 'Götter & Kulte', 'http://www.ulisses-regelwiki.de/index.php/V_Fertigkeit.html', 1365),
('Vorteil', 1400, 'Kriegskunst', 'http://www.ulisses-regelwiki.de/index.php/V_Fertigkeit.html', 1365),
('Vorteil', 1401, 'Magiekunde', 'http://www.ulisses-regelwiki.de/index.php/V_Fertigkeit.html', 1365),
('Vorteil', 1402, 'Mechanik', 'http://www.ulisses-regelwiki.de/index.php/V_Fertigkeit.html', 1365),
('Vorteil', 1403, 'Rechnen', 'http://www.ulisses-regelwiki.de/index.php/V_Fertigkeit.html', 1365),
('Vorteil', 1404, 'Rechtskunde', 'http://www.ulisses-regelwiki.de/index.php/V_Fertigkeit.html', 1365),
('Vorteil', 1405, 'Sagen & Legenden', 'http://www.ulisses-regelwiki.de/index.php/V_Fertigkeit.html', 1365),
('Vorteil', 1406, 'Sphärenkunde', 'http://www.ulisses-regelwiki.de/index.php/V_Fertigkeit.html', 1365),
('Vorteil', 1407, 'Sternkunde', 'http://www.ulisses-regelwiki.de/index.php/V_Fertigkeit.html', 1365),
('Vorteil', 1408, 'Alchimie', 'http://www.ulisses-regelwiki.de/index.php/V_Fertigkeit.html', 1365),
('Vorteil', 1409, 'Boote & Schiffe', 'http://www.ulisses-regelwiki.de/index.php/V_Fertigkeit.html', 1365),
('Vorteil', 1410, 'Fahrzeuge', 'http://www.ulisses-regelwiki.de/index.php/V_Fertigkeit.html', 1365),
('Vorteil', 1411, 'Handel', 'http://www.ulisses-regelwiki.de/index.php/V_Fertigkeit.html', 1365),
('Vorteil', 1412, 'Heilkunde Gift', 'http://www.ulisses-regelwiki.de/index.php/V_Fertigkeit.html', 1365),
('Vorteil', 1413, 'Heilkunde Krankheiten', 'http://www.ulisses-regelwiki.de/index.php/V_Fertigkeit.html', 1365),
('Vorteil', 1414, 'Heilkunde Seele', 'http://www.ulisses-regelwiki.de/index.php/V_Fertigkeit.html', 1365),
('Vorteil', 1415, 'Heilkunde Wunden', 'http://www.ulisses-regelwiki.de/index.php/V_Fertigkeit.html', 1365),
('Vorteil', 1416, 'Holzbearbeitung', 'http://www.ulisses-regelwiki.de/index.php/V_Fertigkeit.html', 1365),
('Vorteil', 1417, 'Lebensmittelbearbeitung', 'http://www.ulisses-regelwiki.de/index.php/V_Fertigkeit.html', 1365),
('Vorteil', 1418, 'Lederbearbeitung', 'http://www.ulisses-regelwiki.de/index.php/V_Fertigkeit.html', 1365),
('Vorteil', 1419, 'Malen & Zeichnen', 'http://www.ulisses-regelwiki.de/index.php/V_Fertigkeit.html', 1365),
('Vorteil', 1420, 'Metallbearbeitung', 'http://www.ulisses-regelwiki.de/index.php/V_Fertigkeit.html', 1365),
('Vorteil', 1421, 'Musizieren', 'http://www.ulisses-regelwiki.de/index.php/V_Fertigkeit.html', 1365),
('Vorteil', 1422, 'Schlösserknacken', 'http://www.ulisses-regelwiki.de/index.php/V_Fertigkeit.html', 1365),
('Vorteil', 1423, 'Steinbearbeitung', 'http://www.ulisses-regelwiki.de/index.php/V_Fertigkeit.html', 1365),
('Vorteil', 1424, 'Stoffbearbeitung', 'http://www.ulisses-regelwiki.de/index.php/V_Fertigkeit.html', 1365),
('Vorteil', 1425, 'Bann der Dunkelheit', 'http://www.ulisses-regelwiki.de/index.php/V_Fertigkeit.html', 1365),
('Vorteil', 1426, 'Bann der Furcht', 'http://www.ulisses-regelwiki.de/index.php/V_Fertigkeit.html', 1365),
('Vorteil', 1427, 'Bann des Lichts', 'http://www.ulisses-regelwiki.de/index.php/V_Fertigkeit.html', 1365),
('Vorteil', 1428, 'Blendstrahl', 'http://www.ulisses-regelwiki.de/index.php/V_Fertigkeit.html', 1365),
('Vorteil', 1429, 'Des Einen bezaubernder Sphärenklang', 'http://www.ulisses-regelwiki.de/index.php/V_Fertigkeit.html', 1365),
('Vorteil', 1430, 'Ehrenhaftigkeit', 'http://www.ulisses-regelwiki.de/index.php/V_Fertigkeit.html', 1365),
('Vorteil', 1431, 'Entzifferung', 'http://www.ulisses-regelwiki.de/index.php/V_Fertigkeit.html', 1365),
('Vorteil', 1432, 'Ermutigung', 'http://www.ulisses-regelwiki.de/index.php/V_Fertigkeit.html', 1365),
('Vorteil', 1433, 'Fall ins Nichts', 'http://www.ulisses-regelwiki.de/index.php/V_Fertigkeit.html', 1365),
('Vorteil', 1434, 'Friedvolle Aura', 'http://www.ulisses-regelwiki.de/index.php/V_Fertigkeit.html', 1365),
('Vorteil', 1435, 'Giftbann', 'http://www.ulisses-regelwiki.de/index.php/V_Fertigkeit.html', 1365),
('Vorteil', 1436, 'Göttlicher Fingerzeig', 'http://www.ulisses-regelwiki.de/index.php/V_Fertigkeit.html', 1365),
('Vorteil', 1437, 'Göttliches Zeichen', 'http://www.ulisses-regelwiki.de/index.php/V_Fertigkeit.html', 1365),
('Vorteil', 1438, 'Heilsegen', 'http://www.ulisses-regelwiki.de/index.php/V_Fertigkeit.html', 1365),
('Vorteil', 1439, 'Herbeirufung der Heerscharen des Rattenkindes', 'http://www.ulisses-regelwiki.de/index.php/V_Fertigkeit.html', 1365),
('Vorteil', 1440, 'Kleiner Bann wider Untote', 'http://www.ulisses-regelwiki.de/index.php/V_Fertigkeit.html', 1365),
('Vorteil', 1441, 'Kleiner Bannstrahl', 'http://www.ulisses-regelwiki.de/index.php/V_Fertigkeit.html', 1365),
('Vorteil', 1442, 'Krankheitsbann', 'http://www.ulisses-regelwiki.de/index.php/V_Fertigkeit.html', 1365),
('Vorteil', 1443, 'Lautlos', 'http://www.ulisses-regelwiki.de/index.php/V_Fertigkeit.html', 1365),
('Vorteil', 1444, 'Magieschutz', 'http://www.ulisses-regelwiki.de/index.php/V_Fertigkeit.html', 1365),
('Vorteil', 1445, 'Magiesicht', 'http://www.ulisses-regelwiki.de/index.php/V_Fertigkeit.html', 1365),
('Vorteil', 1446, 'Mondsicht', 'http://www.ulisses-regelwiki.de/index.php/V_Fertigkeit.html', 1365),
('Vorteil', 1447, 'Mondsilberzunge', 'http://www.ulisses-regelwiki.de/index.php/V_Fertigkeit.html', 1365),
('Vorteil', 1448, 'Namenlose Kälte', 'http://www.ulisses-regelwiki.de/index.php/V_Fertigkeit.html', 1365),
('Vorteil', 1449, 'Namenlose Raserei', 'http://www.ulisses-regelwiki.de/index.php/V_Fertigkeit.html', 1365),
('Vorteil', 1450, 'Namenlose Zweifel', 'http://www.ulisses-regelwiki.de/index.php/V_Fertigkeit.html', 1365),
('Vorteil', 1451, 'Namenloses Vergessen', 'http://www.ulisses-regelwiki.de/index.php/V_Fertigkeit.html', 1365),
('Vorteil', 1452, 'Objektsegen', 'http://www.ulisses-regelwiki.de/index.php/V_Fertigkeit.html', 1365),
('Vorteil', 1453, 'Ort der Ruhe', 'http://www.ulisses-regelwiki.de/index.php/V_Fertigkeit.html', 1365),
('Vorteil', 1454, 'Pech-und-Schwefel-Strahl', 'http://www.ulisses-regelwiki.de/index.php/V_Fertigkeit.html', 1365),
('Vorteil', 1455, 'Pflanzenwuchs', 'http://www.ulisses-regelwiki.de/index.php/V_Fertigkeit.html', 1365),
('Vorteil', 1456, 'Rabenruf', 'http://www.ulisses-regelwiki.de/index.php/V_Fertigkeit.html', 1365),
('Vorteil', 1457, 'Schlaf', 'http://www.ulisses-regelwiki.de/index.php/V_Fertigkeit.html', 1365),
('Vorteil', 1458, 'Schlangenstab', 'http://www.ulisses-regelwiki.de/index.php/V_Fertigkeit.html', 1365),
('Vorteil', 1459, 'Schlangenzunge', 'http://www.ulisses-regelwiki.de/index.php/V_Fertigkeit.html', 1365),
('Vorteil', 1460, 'Schmerzresistenz', 'http://www.ulisses-regelwiki.de/index.php/V_Fertigkeit.html', 1365),
('Vorteil', 1461, 'Schutz der Wehrlosen', 'http://www.ulisses-regelwiki.de/index.php/V_Fertigkeit.html', 1365),
('Vorteil', 1462, 'Sternenglanz', 'http://www.ulisses-regelwiki.de/index.php/V_Fertigkeit.html', 1365),
('Vorteil', 1463, 'Wahrheit', 'http://www.ulisses-regelwiki.de/index.php/V_Fertigkeit.html', 1365),
('Vorteil', 1464, 'Wieselflink', 'http://www.ulisses-regelwiki.de/index.php/V_Fertigkeit.html', 1365),
('Vorteil', 1465, 'Wundersame Verständigung', 'http://www.ulisses-regelwiki.de/index.php/V_Fertigkeit.html', 1365),
('Vorteil', 1466, 'Ablativum', 'http://www.ulisses-regelwiki.de/index.php/V_Fertigkeit.html', 1365),
('Vorteil', 1467, 'Abvenenum', 'http://www.ulisses-regelwiki.de/index.php/V_Fertigkeit.html', 1365),
('Vorteil', 1468, 'Adlerauge', 'http://www.ulisses-regelwiki.de/index.php/V_Fertigkeit.html', 1365),
('Vorteil', 1469, 'Adlerschwinge', 'http://www.ulisses-regelwiki.de/index.php/V_Fertigkeit.html', 1365),
('Vorteil', 1470, 'Aeolito', 'http://www.ulisses-regelwiki.de/index.php/V_Fertigkeit.html', 1365),
('Vorteil', 1471, 'Alpgestalt', 'http://www.ulisses-regelwiki.de/index.php/V_Fertigkeit.html', 1365),
('Vorteil', 1472, 'Altisonus', 'http://www.ulisses-regelwiki.de/index.php/V_Fertigkeit.html', 1365),
('Vorteil', 1473, 'Analys Arkanstruktur', 'http://www.ulisses-regelwiki.de/index.php/V_Fertigkeit.html', 1365),
('Vorteil', 1474, 'Angst auslösen', 'http://www.ulisses-regelwiki.de/index.php/V_Fertigkeit.html', 1365),
('Vorteil', 1475, 'Ängste lindern', 'http://www.ulisses-regelwiki.de/index.php/V_Fertigkeit.html', 1365),
('Vorteil', 1476, 'Archofaxius', 'http://www.ulisses-regelwiki.de/index.php/V_Fertigkeit.html', 1365),
('Vorteil', 1477, 'Archosphaero', 'http://www.ulisses-regelwiki.de/index.php/V_Fertigkeit.html', 1365),
('Vorteil', 1478, 'Aromatis Illusionis', 'http://www.ulisses-regelwiki.de/index.php/V_Fertigkeit.html', 1365),
('Vorteil', 1479, 'Armatrutz', 'http://www.ulisses-regelwiki.de/index.php/V_Fertigkeit.html', 1365),
('Vorteil', 1480, 'Atemnot', 'http://www.ulisses-regelwiki.de/index.php/V_Fertigkeit.html', 1365),
('Vorteil', 1481, 'Attributo (Charisma)', 'http://www.ulisses-regelwiki.de/index.php/V_Fertigkeit.html', 1365),
('Vorteil', 1482, 'Attributo (Fingerfertigkeit)', 'http://www.ulisses-regelwiki.de/index.php/V_Fertigkeit.html', 1365),
('Vorteil', 1483, 'Attributo (Klugheit)', 'http://www.ulisses-regelwiki.de/index.php/V_Fertigkeit.html', 1365),
('Vorteil', 1484, 'Attributo (Körperkraft)', 'http://www.ulisses-regelwiki.de/index.php/V_Fertigkeit.html', 1365),
('Vorteil', 1485, 'Aufwecken', 'http://www.ulisses-regelwiki.de/index.php/V_Fertigkeit.html', 1365),
('Vorteil', 1486, 'Auge des Limbus', 'http://www.ulisses-regelwiki.de/index.php/V_Fertigkeit.html', 1365),
('Vorteil', 1487, 'Aureolus', 'http://www.ulisses-regelwiki.de/index.php/V_Fertigkeit.html', 1365),
('Vorteil', 1488, 'Auris Illusionis', 'http://www.ulisses-regelwiki.de/index.php/V_Fertigkeit.html', 1365),
('Vorteil', 1489, 'Axxeleratus', 'http://www.ulisses-regelwiki.de/index.php/V_Fertigkeit.html', 1365),
('Vorteil', 1490, 'Balsam Salabunde', 'http://www.ulisses-regelwiki.de/index.php/V_Fertigkeit.html', 1365),
('Vorteil', 1491, 'Bannbaladin', 'http://www.ulisses-regelwiki.de/index.php/V_Fertigkeit.html', 1365),
('Vorteil', 1492, 'Band und Fessel', 'http://www.ulisses-regelwiki.de/index.php/V_Fertigkeit.html', 1365),
('Vorteil', 1493, 'Blick aufs Wesen', 'http://www.ulisses-regelwiki.de/index.php/V_Fertigkeit.html', 1365),
('Vorteil', 1494, 'Blick in die Gedanken', 'http://www.ulisses-regelwiki.de/index.php/V_Fertigkeit.html', 1365),
('Vorteil', 1495, 'Blindheit', 'http://www.ulisses-regelwiki.de/index.php/V_Fertigkeit.html', 1365),
('Vorteil', 1496, 'Blitz dich find', 'http://www.ulisses-regelwiki.de/index.php/V_Fertigkeit.html', 1365),
('Vorteil', 1497, 'Chamaelioni', 'http://www.ulisses-regelwiki.de/index.php/V_Fertigkeit.html', 1365),
('Vorteil', 1498, 'Claudibus', 'http://www.ulisses-regelwiki.de/index.php/V_Fertigkeit.html', 1365),
('Vorteil', 1499, 'Corpofesso', 'http://www.ulisses-regelwiki.de/index.php/V_Fertigkeit.html', 1365),
('Vorteil', 1500, 'Corpofrigo', 'http://www.ulisses-regelwiki.de/index.php/V_Fertigkeit.html', 1365),
('Vorteil', 1501, 'Dämonenbann', 'http://www.ulisses-regelwiki.de/index.php/V_Fertigkeit.html', 1365),
('Vorteil', 1502, 'Dämonenschild', 'http://www.ulisses-regelwiki.de/index.php/V_Fertigkeit.html', 1365),
('Vorteil', 1503, 'Debilitatio', 'http://www.ulisses-regelwiki.de/index.php/V_Fertigkeit.html', 1365),
('Vorteil', 1504, 'Desintegratus', 'http://www.ulisses-regelwiki.de/index.php/V_Fertigkeit.html', 1365),
('Vorteil', 1505, 'Disruptivo', 'http://www.ulisses-regelwiki.de/index.php/V_Fertigkeit.html', 1365),
('Vorteil', 1506, 'Dunkelheit', 'http://www.ulisses-regelwiki.de/index.php/V_Fertigkeit.html', 1365),
('Vorteil', 1507, 'Duplicatus', 'http://www.ulisses-regelwiki.de/index.php/V_Fertigkeit.html', 1365),
('Vorteil', 1508, 'Ecliptifactus', 'http://www.ulisses-regelwiki.de/index.php/V_Fertigkeit.html', 1365),
('Vorteil', 1509, 'Einflussbann', 'http://www.ulisses-regelwiki.de/index.php/V_Fertigkeit.html', 1365),
('Vorteil', 1510, 'Eigne Ängste', 'http://www.ulisses-regelwiki.de/index.php/V_Fertigkeit.html', 1365),
('Vorteil', 1511, 'Eisenrost', 'http://www.ulisses-regelwiki.de/index.php/V_Fertigkeit.html', 1365),
('Vorteil', 1512, 'Elementarbann', 'http://www.ulisses-regelwiki.de/index.php/V_Fertigkeit.html', 1365),
('Vorteil', 1513, 'Elfenstimme', 'http://www.ulisses-regelwiki.de/index.php/V_Fertigkeit.html', 1365),
('Vorteil', 1514, 'Erinnerung verlasse dich', 'http://www.ulisses-regelwiki.de/index.php/V_Fertigkeit.html', 1365),
('Vorteil', 1515, 'Exposami', 'http://www.ulisses-regelwiki.de/index.php/V_Fertigkeit.html', 1365),
('Vorteil', 1516, 'Falkenauge', 'http://www.ulisses-regelwiki.de/index.php/V_Fertigkeit.html', 1365),
('Vorteil', 1517, 'Favilludo', 'http://www.ulisses-regelwiki.de/index.php/V_Fertigkeit.html', 1365),
('Vorteil', 1518, 'Firnlauf', 'http://www.ulisses-regelwiki.de/index.php/V_Fertigkeit.html', 1365),
('Vorteil', 1519, 'Fischflosse', 'http://www.ulisses-regelwiki.de/index.php/V_Fertigkeit.html', 1365),
('Vorteil', 1520, 'Flim Flam', 'http://www.ulisses-regelwiki.de/index.php/V_Fertigkeit.html', 1365),
('Vorteil', 1521, 'Foramen', 'http://www.ulisses-regelwiki.de/index.php/V_Fertigkeit.html', 1365),
('Vorteil', 1522, 'Fortifex', 'http://www.ulisses-regelwiki.de/index.php/V_Fertigkeit.html', 1365),
('Vorteil', 1523, 'Fulminictus', 'http://www.ulisses-regelwiki.de/index.php/V_Fertigkeit.html', 1365),
('Vorteil', 1524, 'Gardianum', 'http://www.ulisses-regelwiki.de/index.php/V_Fertigkeit.html', 1365),
('Vorteil', 1525, 'Gedankenbilder', 'http://www.ulisses-regelwiki.de/index.php/V_Fertigkeit.html', 1365),
('Vorteil', 1526, 'Gefunden', 'http://www.ulisses-regelwiki.de/index.php/V_Fertigkeit.html', 1365),
('Vorteil', 1527, 'Gletscherform', 'http://www.ulisses-regelwiki.de/index.php/V_Fertigkeit.html', 1365),
('Vorteil', 1528, 'Große Gier', 'http://www.ulisses-regelwiki.de/index.php/V_Fertigkeit.html', 1365),
('Vorteil', 1529, 'Große Verwirrung', 'http://www.ulisses-regelwiki.de/index.php/V_Fertigkeit.html', 1365),
('Vorteil', 1530, 'Harmlose Gestalt', 'http://www.ulisses-regelwiki.de/index.php/V_Fertigkeit.html', 1365),
('Vorteil', 1531, 'Haselbusch', 'http://www.ulisses-regelwiki.de/index.php/V_Fertigkeit.html', 1365),
('Vorteil', 1532, 'Heilungsbann', 'http://www.ulisses-regelwiki.de/index.php/V_Fertigkeit.html', 1365),
('Vorteil', 1533, 'Hellsichtbann', 'http://www.ulisses-regelwiki.de/index.php/V_Fertigkeit.html', 1365),
('Vorteil', 1534, 'Herr über das Tierreich', 'http://www.ulisses-regelwiki.de/index.php/V_Fertigkeit.html', 1365),
('Vorteil', 1535, 'Heptagramma', 'http://www.ulisses-regelwiki.de/index.php/V_Fertigkeit.html', 1365),
('Vorteil', 1536, 'Herzschlag ruhe', 'http://www.ulisses-regelwiki.de/index.php/V_Fertigkeit.html', 1365),
('Vorteil', 1537, 'Hexagramma', 'http://www.ulisses-regelwiki.de/index.php/V_Fertigkeit.html', 1365),
('Vorteil', 1538, 'Hexenholz', 'http://www.ulisses-regelwiki.de/index.php/V_Fertigkeit.html', 1365),
('Vorteil', 1539, 'Hexengalle', 'http://www.ulisses-regelwiki.de/index.php/V_Fertigkeit.html', 1365),
('Vorteil', 1540, 'Hexenknoten', 'http://www.ulisses-regelwiki.de/index.php/V_Fertigkeit.html', 1365),
('Vorteil', 1541, 'Hexenkrallen', 'http://www.ulisses-regelwiki.de/index.php/V_Fertigkeit.html', 1365),
('Vorteil', 1542, 'Höllenpein', 'http://www.ulisses-regelwiki.de/index.php/V_Fertigkeit.html', 1365),
('Vorteil', 1543, 'Horriphobus', 'http://www.ulisses-regelwiki.de/index.php/V_Fertigkeit.html', 1365),
('Vorteil', 1544, 'Ignifaxius', 'http://www.ulisses-regelwiki.de/index.php/V_Fertigkeit.html', 1365),
('Vorteil', 1545, 'Ignisphaero', 'http://www.ulisses-regelwiki.de/index.php/V_Fertigkeit.html', 1365),
('Vorteil', 1546, 'Ignorantia', 'http://www.ulisses-regelwiki.de/index.php/V_Fertigkeit.html', 1365),
('Vorteil', 1547, 'Illusionsbann', 'http://www.ulisses-regelwiki.de/index.php/V_Fertigkeit.html', 1365),
('Vorteil', 1548, 'Imperavi', 'http://www.ulisses-regelwiki.de/index.php/V_Fertigkeit.html', 1365),
('Vorteil', 1549, 'Impersona', 'http://www.ulisses-regelwiki.de/index.php/V_Fertigkeit.html', 1365),
('Vorteil', 1550, 'Incendio', 'http://www.ulisses-regelwiki.de/index.php/V_Fertigkeit.html', 1365),
('Vorteil', 1551, 'Invercano', 'http://www.ulisses-regelwiki.de/index.php/V_Fertigkeit.html', 1365),
('Vorteil', 1552, 'Invocatio Minima', 'http://www.ulisses-regelwiki.de/index.php/V_Fertigkeit.html', 1365),
('Vorteil', 1553, 'Karnifilo', 'http://www.ulisses-regelwiki.de/index.php/V_Fertigkeit.html', 1365),
('Vorteil', 1554, 'Katzenaugen', 'http://www.ulisses-regelwiki.de/index.php/V_Fertigkeit.html', 1365),
('Vorteil', 1555, 'Klarum Purum', 'http://www.ulisses-regelwiki.de/index.php/V_Fertigkeit.html', 1365),
('Vorteil', 1556, 'Krötensprung', 'http://www.ulisses-regelwiki.de/index.php/V_Fertigkeit.html', 1365),
('Vorteil', 1557, 'Kusch', 'http://www.ulisses-regelwiki.de/index.php/V_Fertigkeit.html', 1365),
('Vorteil', 1558, 'Last des Alters', 'http://www.ulisses-regelwiki.de/index.php/V_Fertigkeit.html', 1365),
('Vorteil', 1559, 'Lunge des Leviatan', 'http://www.ulisses-regelwiki.de/index.php/V_Fertigkeit.html', 1365),
('Vorteil', 1560, 'Manifesto', 'http://www.ulisses-regelwiki.de/index.php/V_Fertigkeit.html', 1365),
('Vorteil', 1561, 'Manus Illusionis', 'http://www.ulisses-regelwiki.de/index.php/V_Fertigkeit.html', 1365),
('Vorteil', 1562, 'Manus Miracula', 'http://www.ulisses-regelwiki.de/index.php/V_Fertigkeit.html', 1365),
('Vorteil', 1563, 'Memorans', 'http://www.ulisses-regelwiki.de/index.php/V_Fertigkeit.html', 1365),
('Vorteil', 1564, 'Menetekel', 'http://www.ulisses-regelwiki.de/index.php/V_Fertigkeit.html', 1365),
('Vorteil', 1565, 'Motoricus', 'http://www.ulisses-regelwiki.de/index.php/V_Fertigkeit.html', 1365),
('Vorteil', 1566, 'Nebelwand', 'http://www.ulisses-regelwiki.de/index.php/V_Fertigkeit.html', 1365),
('Vorteil', 1567, 'Nuntiovolo', 'http://www.ulisses-regelwiki.de/index.php/V_Fertigkeit.html', 1365),
('Vorteil', 1568, 'Objectobscuro', 'http://www.ulisses-regelwiki.de/index.php/V_Fertigkeit.html', 1365),
('Vorteil', 1569, 'Objectofixo', 'http://www.ulisses-regelwiki.de/index.php/V_Fertigkeit.html', 1365),
('Vorteil', 1570, 'Objektbann', 'http://www.ulisses-regelwiki.de/index.php/V_Fertigkeit.html', 1365),
('Vorteil', 1571, 'Oculus Astralis', 'http://www.ulisses-regelwiki.de/index.php/V_Fertigkeit.html', 1365),
('Vorteil', 1572, 'Oculus Illusionis', 'http://www.ulisses-regelwiki.de/index.php/V_Fertigkeit.html', 1365),
('Vorteil', 1573, 'Odem Arcanum', 'http://www.ulisses-regelwiki.de/index.php/V_Fertigkeit.html', 1365),
('Vorteil', 1574, 'Orcanofaxius', 'http://www.ulisses-regelwiki.de/index.php/V_Fertigkeit.html', 1365),
('Vorteil', 1575, 'Orcanosphaero', 'http://www.ulisses-regelwiki.de/index.php/V_Fertigkeit.html', 1365),
('Vorteil', 1576, 'Paralysis', 'http://www.ulisses-regelwiki.de/index.php/V_Fertigkeit.html', 1365),
('Vorteil', 1577, 'Penetrizzel', 'http://www.ulisses-regelwiki.de/index.php/V_Fertigkeit.html', 1365),
('Vorteil', 1578, 'Pentagramma', 'http://www.ulisses-regelwiki.de/index.php/V_Fertigkeit.html', 1365),
('Vorteil', 1579, 'Pestilenz erspüren', 'http://www.ulisses-regelwiki.de/index.php/V_Fertigkeit.html', 1365),
('Vorteil', 1580, 'Physiostabilis', 'http://www.ulisses-regelwiki.de/index.php/V_Fertigkeit.html', 1365),
('Vorteil', 1581, 'Plumbumbarum', 'http://www.ulisses-regelwiki.de/index.php/V_Fertigkeit.html', 1365),
('Vorteil', 1582, 'Projectimago', 'http://www.ulisses-regelwiki.de/index.php/V_Fertigkeit.html', 1365),
('Vorteil', 1583, 'Psychostabilis', 'http://www.ulisses-regelwiki.de/index.php/V_Fertigkeit.html', 1365),
('Vorteil', 1584, 'Radau', 'http://www.ulisses-regelwiki.de/index.php/V_Fertigkeit.html', 1365),
('Vorteil', 1585, 'Reflectimago', 'http://www.ulisses-regelwiki.de/index.php/V_Fertigkeit.html', 1365),
('Vorteil', 1586, 'Regeneratio', 'http://www.ulisses-regelwiki.de/index.php/V_Fertigkeit.html', 1365),
('Vorteil', 1587, 'Respondami', 'http://www.ulisses-regelwiki.de/index.php/V_Fertigkeit.html', 1365),
('Vorteil', 1588, 'Salander', 'http://www.ulisses-regelwiki.de/index.php/V_Fertigkeit.html', 1365),
('Vorteil', 1589, 'Sanftmut', 'http://www.ulisses-regelwiki.de/index.php/V_Fertigkeit.html', 1365),
('Vorteil', 1590, 'Sapefacta', 'http://www.ulisses-regelwiki.de/index.php/V_Fertigkeit.html', 1365),
('Vorteil', 1591, 'Satuarias Herrlichkeit', 'http://www.ulisses-regelwiki.de/index.php/V_Fertigkeit.html', 1365),
('Vorteil', 1592, 'Schlangenruf', 'http://www.ulisses-regelwiki.de/index.php/V_Fertigkeit.html', 1365),
('Vorteil', 1593, 'Schmerzen lindern', 'http://www.ulisses-regelwiki.de/index.php/V_Fertigkeit.html', 1365),
('Vorteil', 1594, 'Schwarzer Schrecken', 'http://www.ulisses-regelwiki.de/index.php/V_Fertigkeit.html', 1365),
('Vorteil', 1595, 'Schwarz und Rot', 'http://www.ulisses-regelwiki.de/index.php/V_Fertigkeit.html', 1365),
('Vorteil', 1596, 'Sensibar', 'http://www.ulisses-regelwiki.de/index.php/V_Fertigkeit.html', 1365),
('Vorteil', 1597, 'Silentium', 'http://www.ulisses-regelwiki.de/index.php/V_Fertigkeit.html', 1365),
('Vorteil', 1598, 'Skelettarius', 'http://www.ulisses-regelwiki.de/index.php/V_Fertigkeit.html', 1365),
('Vorteil', 1599, 'Zaubererweiterungen', 'http://www.ulisses-regelwiki.de/index.php/V_Fertigkeit.html', 1365),
('Vorteil', 1600, 'Somnigravis', 'http://www.ulisses-regelwiki.de/index.php/V_Fertigkeit.html', 1365),
('Vorteil', 1601, 'Spinnenlauf', 'http://www.ulisses-regelwiki.de/index.php/V_Fertigkeit.html', 1365),
('Vorteil', 1602, 'Spurlos', 'http://www.ulisses-regelwiki.de/index.php/V_Fertigkeit.html', 1365),
('Vorteil', 1603, 'Stillstand', 'http://www.ulisses-regelwiki.de/index.php/V_Fertigkeit.html', 1365),
('Vorteil', 1604, 'Sumus Elixiere', 'http://www.ulisses-regelwiki.de/index.php/V_Fertigkeit.html', 1365),
('Vorteil', 1605, 'Taubheit', 'http://www.ulisses-regelwiki.de/index.php/V_Fertigkeit.html', 1365),
('Vorteil', 1606, 'Telekinesebann', 'http://www.ulisses-regelwiki.de/index.php/V_Fertigkeit.html', 1365),
('Vorteil', 1607, 'Tiergedanken', 'http://www.ulisses-regelwiki.de/index.php/V_Fertigkeit.html', 1365),
('Vorteil', 1608, 'Transversalis', 'http://www.ulisses-regelwiki.de/index.php/V_Fertigkeit.html', 1365),
('Vorteil', 1609, 'Verwandlungsbann', 'http://www.ulisses-regelwiki.de/index.php/V_Fertigkeit.html', 1365),
('Vorteil', 1610, 'Vipernblick', 'http://www.ulisses-regelwiki.de/index.php/V_Fertigkeit.html', 1365),
('Vorteil', 1611, 'Visibili', 'http://www.ulisses-regelwiki.de/index.php/V_Fertigkeit.html', 1365),
('Vorteil', 1612, 'Vogelzwitschern', 'http://www.ulisses-regelwiki.de/index.php/V_Fertigkeit.html', 1365),
('Vorteil', 1613, 'Wasseratem', 'http://www.ulisses-regelwiki.de/index.php/V_Fertigkeit.html', 1365),
('Vorteil', 1614, 'Wolfstatze', 'http://www.ulisses-regelwiki.de/index.php/V_Fertigkeit.html', 1365),
('Vorteil', 1615, 'Zunge betäuben', 'http://www.ulisses-regelwiki.de/index.php/V_Fertigkeit.html', 1365),
('Vorteil', 1616, 'Zwingtanz', 'http://www.ulisses-regelwiki.de/index.php/V_Fertigkeit.html', 1365),
('Vorteil', 1617, 'Accuratum', 'http://www.ulisses-regelwiki.de/index.php/V_Fertigkeit.html', 1365),
('Vorteil', 1618, 'Arcanovi', 'http://www.ulisses-regelwiki.de/index.php/V_Fertigkeit.html', 1365),
('Vorteil', 1619, 'Aufmerksamer Wächter', 'http://www.ulisses-regelwiki.de/index.php/V_Fertigkeit.html', 1365),
('Vorteil', 1620, 'Caldofrigo', 'http://www.ulisses-regelwiki.de/index.php/V_Fertigkeit.html', 1365),
('Vorteil', 1621, 'Dschinnenruf', 'http://www.ulisses-regelwiki.de/index.php/V_Fertigkeit.html', 1365),
('Vorteil', 1622, 'Elementarer Diener', 'http://www.ulisses-regelwiki.de/index.php/V_Fertigkeit.html', 1365),
('Vorteil', 1623, 'Hagelschlag und Sturmgebrüll', 'http://www.ulisses-regelwiki.de/index.php/V_Fertigkeit.html', 1365),
('Vorteil', 1624, 'Hartes schmelze', 'http://www.ulisses-regelwiki.de/index.php/V_Fertigkeit.html', 1365),
('Vorteil', 1625, 'Invovatio maior', 'http://www.ulisses-regelwiki.de/index.php/V_Fertigkeit.html', 1365),
('Vorteil', 1626, 'Invocatio Minor', 'http://www.ulisses-regelwiki.de/index.php/V_Fertigkeit.html', 1365),
('Vorteil', 1627, 'Leidensbund', 'http://www.ulisses-regelwiki.de/index.php/V_Fertigkeit.html', 1365),
('Vorteil', 1628, 'Magischer Raub', 'http://www.ulisses-regelwiki.de/index.php/V_Fertigkeit.html', 1365),
('Vorteil', 1629, 'Memorabia Falsifir', 'http://www.ulisses-regelwiki.de/index.php/V_Fertigkeit.html', 1365),
('Vorteil', 1630, 'Movimento', 'http://www.ulisses-regelwiki.de/index.php/V_Fertigkeit.html', 1365),
('Vorteil', 1631, 'Nihilogravo', 'http://www.ulisses-regelwiki.de/index.php/V_Fertigkeit.html', 1365),
('Vorteil', 1632, 'Orvai Kurims Kriegstrommel', 'http://www.ulisses-regelwiki.de/index.php/V_Fertigkeit.html', 1365),
('Vorteil', 1633, 'Ruf des Bienenstocks', 'http://www.ulisses-regelwiki.de/index.php/V_Fertigkeit.html', 1365),
('Vorteil', 1634, 'Ruhe Körper', 'http://www.ulisses-regelwiki.de/index.php/V_Fertigkeit.html', 1365),
('Vorteil', 1635, 'Traumgestalt', 'http://www.ulisses-regelwiki.de/index.php/V_Fertigkeit.html', 1365),
('Vorteil', 1636, 'Unberührt von Satinav', 'http://www.ulisses-regelwiki.de/index.php/V_Fertigkeit.html', 1365),
('Vorteil', 1637, 'Widerwille', 'http://www.ulisses-regelwiki.de/index.php/V_Fertigkeit.html', 1365),
('Vorteil', 1638, 'Wirbelform', 'http://www.ulisses-regelwiki.de/index.php/V_Fertigkeit.html', 1365),
('Vorteil', 1639, 'Xenographus', 'http://www.ulisses-regelwiki.de/index.php/V_Fertigkeit.html', 1365),
('Vorteil', 1640, 'Zauberklinge Geisterspeer', 'http://www.ulisses-regelwiki.de/index.php/V_Fertigkeit.html', 1365),
('Vorteil', 1641, 'Ackersegen', 'http://www.ulisses-regelwiki.de/index.php/V_Fertigkeit.html', 1365),
('Vorteil', 1642, 'Empfängnis des Korsmals', 'http://www.ulisses-regelwiki.de/index.php/V_Fertigkeit.html', 1365),
('Vorteil', 1643, 'Exorzismus', 'http://www.ulisses-regelwiki.de/index.php/V_Fertigkeit.html', 1365),
('Vorteil', 1644, 'Geweihter Panzer', 'http://www.ulisses-regelwiki.de/index.php/V_Fertigkeit.html', 1365),
('Vorteil', 1645, 'Löwengestalt', 'http://www.ulisses-regelwiki.de/index.php/V_Fertigkeit.html', 1365),
('Vorteil', 1646, 'Nebelleib', 'http://www.ulisses-regelwiki.de/index.php/V_Fertigkeit.html', 1365),
('Vorteil', 1647, 'Objektweihe', 'http://www.ulisses-regelwiki.de/index.php/V_Fertigkeit.html', 1365),
('Vorteil', 1648, 'Herausragende Kampftechnik', 'http://www.ulisses-regelwiki.de/index.php/V_Kampftechnik.html', NULL),
('Vorteil', 1649, 'Armbrüste', 'http://www.ulisses-regelwiki.de/index.php/V_Kampftechnik.html', 1648),
('Vorteil', 1650, 'Blasrohre', 'http://www.ulisses-regelwiki.de/index.php/V_Kampftechnik.html', 1648),
('Vorteil', 1651, 'Bögen', 'http://www.ulisses-regelwiki.de/index.php/V_Kampftechnik.html', 1648),
('Vorteil', 1652, 'Dikusse', 'http://www.ulisses-regelwiki.de/index.php/V_Kampftechnik.html', 1648),
('Vorteil', 1653, 'Feierspeien', 'http://www.ulisses-regelwiki.de/index.php/V_Kampftechnik.html', 1648),
('Vorteil', 1654, 'Schleudern', 'http://www.ulisses-regelwiki.de/index.php/V_Kampftechnik.html', 1648),
('Vorteil', 1655, 'Wurfwaffen', 'http://www.ulisses-regelwiki.de/index.php/V_Kampftechnik.html', 1648),
('Vorteil', 1656, 'Dolche', 'http://www.ulisses-regelwiki.de/index.php/V_Kampftechnik.html', 1648),
('Vorteil', 1657, 'Fechtwaffen', 'http://www.ulisses-regelwiki.de/index.php/V_Kampftechnik.html', 1648),
('Vorteil', 1658, 'Hiebwaffen', 'http://www.ulisses-regelwiki.de/index.php/V_Kampftechnik.html', 1648),
('Vorteil', 1659, 'Kettenwaffen', 'http://www.ulisses-regelwiki.de/index.php/V_Kampftechnik.html', 1648),
('Vorteil', 1660, 'Lanzen', 'http://www.ulisses-regelwiki.de/index.php/V_Kampftechnik.html', 1648),
('Vorteil', 1661, 'Peitschen', 'http://www.ulisses-regelwiki.de/index.php/V_Kampftechnik.html', 1648),
('Vorteil', 1662, 'Raufen', 'http://www.ulisses-regelwiki.de/index.php/V_Kampftechnik.html', 1648),
('Vorteil', 1663, 'Schilde', 'http://www.ulisses-regelwiki.de/index.php/V_Kampftechnik.html', 1648),
('Vorteil', 1664, 'Schwerter', 'http://www.ulisses-regelwiki.de/index.php/V_Kampftechnik.html', 1648),
('Vorteil', 1665, 'Stangenwaffen', 'http://www.ulisses-regelwiki.de/index.php/V_Kampftechnik.html', 1648),
('Vorteil', 1666, 'Zweihandhiebwaffen', 'http://www.ulisses-regelwiki.de/index.php/V_Kampftechnik.html', 1648),
('Vorteil', 1667, 'Zweihandschwerter', 'http://www.ulisses-regelwiki.de/index.php/V_Kampftechnik.html', 1648),
('Vorteil', 1668, 'Herausragender Sinn', 'http://www.ulisses-regelwiki.de/index.php/V_Sinn.html', NULL),
('Vorteil', 1669, 'Hitzeresistenz', 'http://www.ulisses-regelwiki.de/index.php/V_Hitzeresistenz.html', NULL),
('Vorteil', 1670, 'Hohe Astralkraft', 'http://www.ulisses-regelwiki.de/index.php/V_HoheAstralkraft.html', NULL),
('Vorteil', 1671, 'I', 'http://www.ulisses-regelwiki.de/index.php/V_HoheAstralkraft.html', 1670),
('Vorteil', 1672, 'II', 'http://www.ulisses-regelwiki.de/index.php/V_HoheAstralkraft.html', 1670),
('Vorteil', 1673, 'III', 'http://www.ulisses-regelwiki.de/index.php/V_HoheAstralkraft.html', 1670),
('Vorteil', 1674, 'IV', 'http://www.ulisses-regelwiki.de/index.php/V_HoheAstralkraft.html', 1670),
('Vorteil', 1675, 'V', 'http://www.ulisses-regelwiki.de/index.php/V_HoheAstralkraft.html', 1670),
('Vorteil', 1676, 'VI', 'http://www.ulisses-regelwiki.de/index.php/V_HoheAstralkraft.html', 1670),
('Vorteil', 1677, 'VII', 'http://www.ulisses-regelwiki.de/index.php/V_HoheAstralkraft.html', 1670),
('Vorteil', 1678, 'Hohe Karmalkraft', 'http://www.ulisses-regelwiki.de/index.php/V_HoheKarmalkraft.html', NULL),
('Vorteil', 1679, 'I', 'http://www.ulisses-regelwiki.de/index.php/V_HoheKarmalkraft.html', 1678),
('Vorteil', 1680, 'II', 'http://www.ulisses-regelwiki.de/index.php/V_HoheKarmalkraft.html', 1678),
('Vorteil', 1681, 'III', 'http://www.ulisses-regelwiki.de/index.php/V_HoheKarmalkraft.html', 1678),
('Vorteil', 1682, 'IV', 'http://www.ulisses-regelwiki.de/index.php/V_HoheKarmalkraft.html', 1678),
('Vorteil', 1683, 'V', 'http://www.ulisses-regelwiki.de/index.php/V_HoheKarmalkraft.html', 1678),
('Vorteil', 1684, 'VI', 'http://www.ulisses-regelwiki.de/index.php/V_HoheKarmalkraft.html', 1678),
('Vorteil', 1685, 'VII', 'http://www.ulisses-regelwiki.de/index.php/V_HoheKarmalkraft.html', 1678),
('Vorteil', 1686, 'Hohe Lebenskraft', 'http://www.ulisses-regelwiki.de/index.php/V_HoheLebenskraft.html', NULL),
('Vorteil', 1687, 'I', 'http://www.ulisses-regelwiki.de/index.php/V_HoheLebenskraft.html', 1686),
('Vorteil', 1688, 'II', 'http://www.ulisses-regelwiki.de/index.php/V_HoheLebenskraft.html', 1686),
('Vorteil', 1689, 'III', 'http://www.ulisses-regelwiki.de/index.php/V_HoheLebenskraft.html', 1686),
('Vorteil', 1690, 'IV', 'http://www.ulisses-regelwiki.de/index.php/V_HoheLebenskraft.html', 1686),
('Vorteil', 1691, 'V', 'http://www.ulisses-regelwiki.de/index.php/V_HoheLebenskraft.html', 1686),
('Vorteil', 1692, 'VI', 'http://www.ulisses-regelwiki.de/index.php/V_HoheLebenskraft.html', 1686),
('Vorteil', 1693, 'VII', 'http://www.ulisses-regelwiki.de/index.php/V_HoheLebenskraft.html', 1686),
('Vorteil', 1694, 'Hohe Seelenkraft', 'http://www.ulisses-regelwiki.de/index.php/V_HoheSeelenkraft.html', NULL),
('Vorteil', 1695, 'Hohe Zähigkeit', 'http://www.ulisses-regelwiki.de/index.php/V_HoheZähugkeit.html', NULL),
('Vorteil', 1696, 'Immunität gegen (Gift)', 'http://www.ulisses-regelwiki.de/index.php/V_ImmunitätGift.html', NULL),
('Vorteil', 1697, 'Immunität gegen (Krankheit)', 'http://www.ulisses-regelwiki.de/index.php/V_ImmunitätKrankheit.html', NULL),
('Vorteil', 1698, 'Kälteresistenz', 'http://www.ulisses-regelwiki.de/index.php/V_Kälteresistenz.html', NULL),
('Vorteil', 1699, 'Kein Bann des Eisens', 'http://www.ulisses-regelwiki.de/index.php/V_KeinBanndesEisens.html', NULL),
('Vorteil', 1700, 'Krankheitsresistenz', 'http://www.ulisses-regelwiki.de/index.php/V_Krankheitsresistenz.html', NULL),
('Vorteil', 1701, 'I', 'http://www.ulisses-regelwiki.de/index.php/V_Krankheitsresistenz.html', 1700),
('Vorteil', 1702, 'II', 'http://www.ulisses-regelwiki.de/index.php/V_Krankheitsresistenz.html', 1700),
('Vorteil', 1703, 'Machtvolle Zaubermelodien', 'http://www.ulisses-regelwiki.de/index.php/V_MachtvolleZaubermelodien.html', NULL),
('Vorteil', 1704, 'Magische Einstimmung', 'http://www.ulisses-regelwiki.de/index.php/V_MagischeEinstimmung.html', NULL),
('Vorteil', 1705, 'Mystiker', 'http://www.ulisses-regelwiki.de/index.php/V_Mystiker.html', NULL),
('Vorteil', 1706, 'Nichtschläfer (*)', 'http://www.ulisses-regelwiki.de/index.php/V_Nichtschläfer.html', NULL),
('Vorteil', 1707, 'Pragmatiker', 'http://www.ulisses-regelwiki.de/index.php/V_Pragmatiker.html', NULL),
('Vorteil', 1708, 'Reich', 'http://www.ulisses-regelwiki.de/index.php/V_Reich.html', NULL),
('Vorteil', 1709, 'I', 'http://www.ulisses-regelwiki.de/index.php/V_Reich.html', 1708),
('Vorteil', 1710, 'II', 'http://www.ulisses-regelwiki.de/index.php/V_Reich.html', 1708),
('Vorteil', 1711, 'III', 'http://www.ulisses-regelwiki.de/index.php/V_Reich.html', 1708),
('Vorteil', 1712, 'IV', 'http://www.ulisses-regelwiki.de/index.php/V_Reich.html', 1708),
('Vorteil', 1713, 'V', 'http://www.ulisses-regelwiki.de/index.php/V_Reich.html', 1708),
('Vorteil', 1714, 'VI', 'http://www.ulisses-regelwiki.de/index.php/V_Reich.html', 1708),
('Vorteil', 1715, 'VII', 'http://www.ulisses-regelwiki.de/index.php/V_Reich.html', 1708),
('Vorteil', 1716, 'VIII', 'http://www.ulisses-regelwiki.de/index.php/V_Reich.html', 1708),
('Vorteil', 1717, 'IX', 'http://www.ulisses-regelwiki.de/index.php/V_Reich.html', 1708),
('Vorteil', 1718, 'X', 'http://www.ulisses-regelwiki.de/index.php/V_Reich.html', 1708),
('Vorteil', 1719, 'Richtungssinn', 'http://www.ulisses-regelwiki.de/index.php/V_Richtungssinn.html', NULL),
('Vorteil', 1720, 'Saumagen', 'http://www.ulisses-regelwiki.de/index.php/V_Saumagen.html', NULL),
('Vorteil', 1721, 'I', 'http://www.ulisses-regelwiki.de/index.php/V_Saumagen.html', 1720),
('Vorteil', 1722, 'II', 'http://www.ulisses-regelwiki.de/index.php/V_Saumagen.html', 1720),
('Vorteil', 1723, 'Schlangenmensch', 'http://www.ulisses-regelwiki.de/index.php/V_Schlangenmensch.html', NULL),
('Vorteil', 1724, '', 'http://www.ulisses-regelwiki.de/index.php/SF_SchnellwiederaufdenBeinen.html', NULL),
('Vorteil', 1725, 'Schutzgeist', 'http://www.ulisses-regelwiki.de/index.php/V_Schutzgeist.html', NULL),
('Vorteil', 1726, 'Schwer zu verzaubern (*)', 'http://www.ulisses-regelwiki.de/index.php/V_Schwerzuverzaubern.html', NULL),
('Vorteil', 1727, 'Soziale Anpassungsfähigkeit', 'http://www.ulisses-regelwiki.de/index.php/V_SozialeAnpassungsfähigkeit.html', NULL),
('Vorteil', 1728, 'Tierfreund', 'http://www.ulisses-regelwiki.de/index.php/V_Tierfreund.html', NULL),
('Vorteil', 1729, 'Unscheinbar', 'http://www.ulisses-regelwiki.de/index.php/V_Unscheinbar.html', NULL),
('Vorteil', 1730, 'Verbesserte Regeneration (Astralenergie)', 'http://www.ulisses-regelwiki.de/index.php/V_verbRegAsP.html', NULL),
('Vorteil', 1731, 'I', 'http://www.ulisses-regelwiki.de/index.php/V_verbRegAsP.html', 1730),
('Vorteil', 1732, 'II', 'http://www.ulisses-regelwiki.de/index.php/V_verbRegAsP.html', 1730),
('Vorteil', 1733, 'III', 'http://www.ulisses-regelwiki.de/index.php/V_verbRegAsP.html', 1730),
('Vorteil', 1734, 'Verbesserte Regeneration (Karmaenergie)', 'http://www.ulisses-regelwiki.de/index.php/V_VerbRegKaP.html', NULL),
('Vorteil', 1735, 'I', 'http://www.ulisses-regelwiki.de/index.php/V_VerbRegKaP.html', 1734),
('Vorteil', 1736, 'II', 'http://www.ulisses-regelwiki.de/index.php/V_VerbRegKaP.html', 1734),
('Vorteil', 1737, 'III', 'http://www.ulisses-regelwiki.de/index.php/V_VerbRegKaP.html', 1734),
('Vorteil', 1738, 'Verbesserte Regeneration (Lebensenergie)', 'http://www.ulisses-regelwiki.de/index.php/V_VerbRegLeP.html', NULL),
('Vorteil', 1739, 'I', 'http://www.ulisses-regelwiki.de/index.php/V_VerbRegLeP.html', 1738),
('Vorteil', 1740, 'II', 'http://www.ulisses-regelwiki.de/index.php/V_VerbRegLeP.html', 1738),
('Vorteil', 1741, 'III', 'http://www.ulisses-regelwiki.de/index.php/V_VerbRegLeP.html', 1738),
('Vorteil', 1742, 'Verhüllte Aura', 'http://www.ulisses-regelwiki.de/index.php/V_VerhüllteAura.html', NULL),
('Vorteil', 1743, 'Vertrauenerweckend', 'http://www.ulisses-regelwiki.de/index.php/V_Vertrauenerweckend.html', NULL),
('Vorteil', 1744, 'Waffenbegabung', 'http://www.ulisses-regelwiki.de/index.php/V_Waffenbegabung.html', NULL),
('Vorteil', 1745, 'Armbrüste', 'http://www.ulisses-regelwiki.de/index.php/V_Waffenbegabung.html', 1744),
('Vorteil', 1746, 'Blasrohre', 'http://www.ulisses-regelwiki.de/index.php/V_Waffenbegabung.html', 1744),
('Vorteil', 1747, 'Bögen', 'http://www.ulisses-regelwiki.de/index.php/V_Waffenbegabung.html', 1744),
('Vorteil', 1748, 'Dikusse', 'http://www.ulisses-regelwiki.de/index.php/V_Waffenbegabung.html', 1744),
('Vorteil', 1749, 'Feierspeien', 'http://www.ulisses-regelwiki.de/index.php/V_Waffenbegabung.html', 1744),
('Vorteil', 1750, 'Schleudern', 'http://www.ulisses-regelwiki.de/index.php/V_Waffenbegabung.html', 1744),
('Vorteil', 1751, 'Wurfwaffen', 'http://www.ulisses-regelwiki.de/index.php/V_Waffenbegabung.html', 1744),
('Vorteil', 1752, 'Dolche', 'http://www.ulisses-regelwiki.de/index.php/V_Waffenbegabung.html', 1744),
('Vorteil', 1753, 'Fechtwaffen', 'http://www.ulisses-regelwiki.de/index.php/V_Waffenbegabung.html', 1744),
('Vorteil', 1754, 'Hiebwaffen', 'http://www.ulisses-regelwiki.de/index.php/V_Waffenbegabung.html', 1744),
('Vorteil', 1755, 'Kettenwaffen', 'http://www.ulisses-regelwiki.de/index.php/V_Waffenbegabung.html', 1744),
('Vorteil', 1756, 'Lanzen', 'http://www.ulisses-regelwiki.de/index.php/V_Waffenbegabung.html', 1744),
('Vorteil', 1757, 'Peitschen', 'http://www.ulisses-regelwiki.de/index.php/V_Waffenbegabung.html', 1744),
('Vorteil', 1758, 'Raufen', 'http://www.ulisses-regelwiki.de/index.php/V_Waffenbegabung.html', 1744),
('Vorteil', 1759, 'Schilde', 'http://www.ulisses-regelwiki.de/index.php/V_Waffenbegabung.html', 1744),
('Vorteil', 1760, 'Schwerter', 'http://www.ulisses-regelwiki.de/index.php/V_Waffenbegabung.html', 1744),
('Vorteil', 1761, 'Stangenwaffen', 'http://www.ulisses-regelwiki.de/index.php/V_Waffenbegabung.html', 1744),
('Vorteil', 1762, 'Zweihandhiebwaffen', 'http://www.ulisses-regelwiki.de/index.php/V_Waffenbegabung.html', 1744),
('Vorteil', 1763, 'Zweihandschwerter', 'http://www.ulisses-regelwiki.de/index.php/V_Waffenbegabung.html', 1744),
('Vorteil', 1764, 'Wasserlebewesen (*)', 'http://www.ulisses-regelwiki.de/index.php/V_Wasserlebewesen.html', NULL),
('Vorteil', 1765, 'Weitreichende Zaubermelodien', 'http://www.ulisses-regelwiki.de/index.php/V_WeitreichendeZaubermelodienI-III.html', NULL),
('Vorteil', 1766, 'I', 'http://www.ulisses-regelwiki.de/index.php/V_WeitreichendeZaubermelodienI-III.html', 1765),
('Vorteil', 1767, 'II', 'http://www.ulisses-regelwiki.de/index.php/V_WeitreichendeZaubermelodienI-III.html', 1765),
('Vorteil', 1768, 'III', 'http://www.ulisses-regelwiki.de/index.php/V_WeitreichendeZaubermelodienI-III.html', 1765),
('Vorteil', 1769, 'Wohlklang', 'http://www.ulisses-regelwiki.de/index.php/V_Wohlklang.html', NULL),
('Vorteil', 1770, 'Zäher Hund', 'http://www.ulisses-regelwiki.de/index.php/V_ZäherHund.html', NULL),
('Vorteil', 1771, 'Zauberer', 'http://www.ulisses-regelwiki.de/index.php/V_Zauberer.html', NULL),
('Vorteil', 1772, 'Zeitgefühl', 'http://www.ulisses-regelwiki.de/index.php/V_Zeitgefühl.html', NULL),
('Vorteil', 1773, 'Zweistimmiger Gesang (*)', 'http://www.ulisses-regelwiki.de/index.php/V_ZweistimmigerGesang.html', NULL),
('Vorteil', 1774, 'Zwergennase', 'http://www.ulisses-regelwiki.de/index.php/V_Zwergennase.html', NULL),
('Vorteil', 1775, 'Angst vor …', 'http://www.ulisses-regelwiki.de/index.php/N_Angst.html', NULL),
('Vorteil', 1776, 'I', 'http://www.ulisses-regelwiki.de/index.php/N_Angst.html', 1775),
('Vorteil', 1777, 'II', 'http://www.ulisses-regelwiki.de/index.php/N_Angst.html', 1775),
('Vorteil', 1778, 'III', 'http://www.ulisses-regelwiki.de/index.php/N_Angst.html', 1775),
('Vorteil', 1779, 'Arm', 'http://www.ulisses-regelwiki.de/index.php/N_Arm.html', NULL),
('Vorteil', 1780, 'I', 'http://www.ulisses-regelwiki.de/index.php/N_Arm.html', 1779),
('Vorteil', 1781, 'II', 'http://www.ulisses-regelwiki.de/index.php/N_Arm.html', 1779),
('Vorteil', 1782, 'III', 'http://www.ulisses-regelwiki.de/index.php/N_Arm.html', 1779),
('Vorteil', 1783, 'Artefaktgebunden', 'http://www.ulisses-regelwiki.de/index.php/N_Artefaktgebunden.html', NULL),
('Vorteil', 1784, 'Behäbig', 'http://www.ulisses-regelwiki.de/index.php/N_Behäbig.html', NULL),
('Vorteil', 1785, 'Blind', 'http://www.ulisses-regelwiki.de/index.php/N_Blind.html', NULL),
('Vorteil', 1786, 'Blutrausch', 'http://www.ulisses-regelwiki.de/index.php/N_Blutrausch.html', NULL),
('Vorteil', 1787, 'Böser Namensvetter', 'http://www.ulisses-regelwiki.de/index.php/namensvetter.html', NULL),
('Vorteil', 1788, 'Eingeschränkter Sinn', 'http://www.ulisses-regelwiki.de/index.php/N_EingeschränkterSinn.html', NULL),
('Vorteil', 1789, 'Empfindlichkeit (unedle Metalle)', 'http://www.ulisses-regelwiki.de/index.php/N_EmpfindlichkeitunedleMetalle.html', NULL),
('Vorteil', 1790, 'Farbenblind', 'http://www.ulisses-regelwiki.de/index.php/N_Farbenblind.html', NULL),
('Vorteil', 1791, 'Fettleibig', 'http://www.ulisses-regelwiki.de/index.php/N_Fettleibig.html', NULL),
('Vorteil', 1792, 'Giftanfällig', 'http://www.ulisses-regelwiki.de/index.php/N_Giftanfällig.html', NULL),
('Vorteil', 1793, 'I', 'http://www.ulisses-regelwiki.de/index.php/N_Giftanfällig.html', 1792),
('Vorteil', 1794, 'II', 'http://www.ulisses-regelwiki.de/index.php/N_Giftanfällig.html', 1792),
('Vorteil', 1795, 'Gläsern', 'http://www.ulisses-regelwiki.de/index.php/Glaesern.html', NULL),
('Vorteil', 1796, 'Hässlich', 'http://www.ulisses-regelwiki.de/index.php/N_Hässlich.html', NULL),
('Vorteil', 1797, 'I', 'http://www.ulisses-regelwiki.de/index.php/N_Hässlich.html', 1796),
('Vorteil', 1798, 'II', 'http://www.ulisses-regelwiki.de/index.php/N_Hässlich.html', 1796),
('Vorteil', 1799, 'Hitzeempfindlich', 'http://www.ulisses-regelwiki.de/index.php/N_Hitzeempfindlich.html', NULL),
('Vorteil', 1800, 'Hitzeempfindlich II*', 'http://www.ulisses-regelwiki.de/index.php/N_HitzeempfindlichII.html', NULL),
('Vorteil', 1801, 'Instabiler Zauberer', 'http://www.ulisses-regelwiki.de/index.php/N_InstabilerZauberer.html', NULL),
('Vorteil', 1802, 'Jagdwildgeruch', 'http://www.ulisses-regelwiki.de/index.php/N_Jagdwildgeruch.html', NULL),
('Vorteil', 1803, 'Kälteempfindlich', 'http://www.ulisses-regelwiki.de/index.php/N_Kälteempfindlich.html', NULL),
('Vorteil', 1804, 'Keine Flugsalbe (*)', 'http://www.ulisses-regelwiki.de/index.php/N_KeineFlugsalbe.html', NULL),
('Vorteil', 1805, 'Kein Vertrauter (*)', 'http://www.ulisses-regelwiki.de/index.php/N_KeinVertrauter.html', NULL),
('Vorteil', 1806, 'Kleine Zauberauswahl', 'http://www.ulisses-regelwiki.de/index.php/N_KleineZauberauswahlI-II.html', NULL),
('Vorteil', 1807, 'I', 'http://www.ulisses-regelwiki.de/index.php/N_KleineZauberauswahlI-II.html', 1806),
('Vorteil', 1808, 'II', 'http://www.ulisses-regelwiki.de/index.php/N_KleineZauberauswahlI-II.html', 1806),
('Vorteil', 1809, 'Körpergebundene Kraft', 'http://www.ulisses-regelwiki.de/index.php/N_KörpergebundeneKraft.html', NULL),
('Vorteil', 1810, 'Körperliche Auffälligkeit', 'http://www.ulisses-regelwiki.de/index.php/N_KörperlicheAuffälligkeit.html', NULL),
('Vorteil', 1811, 'Krankheitsanfällig', 'http://www.ulisses-regelwiki.de/index.php/N_Krankheitsanfällig.html', NULL),
('Vorteil', 1812, 'I', 'http://www.ulisses-regelwiki.de/index.php/N_Krankheitsanfällig.html', 1811),
('Vorteil', 1813, 'II', 'http://www.ulisses-regelwiki.de/index.php/N_Krankheitsanfällig.html', 1811),
('Vorteil', 1814, 'Lächerlicher Name', 'http://www.ulisses-regelwiki.de/index.php/laechname.html', NULL),
('Vorteil', 1815, 'Lästige Mindergeister', 'http://www.ulisses-regelwiki.de/index.php/N_LästigeMindergeister.html', NULL),
('Vorteil', 1816, 'Lichtempfindlich', 'http://www.ulisses-regelwiki.de/index.php/N_Lichtempfindlich.html', NULL),
('Vorteil', 1817, 'Lichtempfindlich II', 'http://www.ulisses-regelwiki.de/index.php/N_LichtempfindlichII.html', NULL),
('Vorteil', 1818, 'Magische Einschränkung', 'http://www.ulisses-regelwiki.de/index.php/N_MagischeEimschränkung.html', NULL);
INSERT INTO `property` (`type`, `id`, `name`, `wiki_url`, `subcategory_of_id`) VALUES
('Vorteil', 1819, 'Nachtblind', 'http://www.ulisses-regelwiki.de/index.php/N_Nachtblind.html', NULL),
('Vorteil', 1820, 'Niedrige Astralkraft', 'http://www.ulisses-regelwiki.de/index.php/N_NiedrigeAstralkraft.html', NULL),
('Vorteil', 1821, 'I', 'http://www.ulisses-regelwiki.de/index.php/N_NiedrigeAstralkraft.html', 1820),
('Vorteil', 1822, 'II', 'http://www.ulisses-regelwiki.de/index.php/N_NiedrigeAstralkraft.html', 1820),
('Vorteil', 1823, 'III', 'http://www.ulisses-regelwiki.de/index.php/N_NiedrigeAstralkraft.html', 1820),
('Vorteil', 1824, 'IV', 'http://www.ulisses-regelwiki.de/index.php/N_NiedrigeAstralkraft.html', 1820),
('Vorteil', 1825, 'V', 'http://www.ulisses-regelwiki.de/index.php/N_NiedrigeAstralkraft.html', 1820),
('Vorteil', 1826, 'VI', 'http://www.ulisses-regelwiki.de/index.php/N_NiedrigeAstralkraft.html', 1820),
('Vorteil', 1827, 'VII', 'http://www.ulisses-regelwiki.de/index.php/N_NiedrigeAstralkraft.html', 1820),
('Vorteil', 1828, 'Niedrige Karmalkraft', 'http://www.ulisses-regelwiki.de/index.php/N_NiedrigeKarmalkraft.html', NULL),
('Vorteil', 1829, 'I', 'http://www.ulisses-regelwiki.de/index.php/N_NiedrigeKarmalkraft.html', 1828),
('Vorteil', 1830, 'II', 'http://www.ulisses-regelwiki.de/index.php/N_NiedrigeKarmalkraft.html', 1828),
('Vorteil', 1831, 'III', 'http://www.ulisses-regelwiki.de/index.php/N_NiedrigeKarmalkraft.html', 1828),
('Vorteil', 1832, 'IV', 'http://www.ulisses-regelwiki.de/index.php/N_NiedrigeKarmalkraft.html', 1828),
('Vorteil', 1833, 'V', 'http://www.ulisses-regelwiki.de/index.php/N_NiedrigeKarmalkraft.html', 1828),
('Vorteil', 1834, 'VI', 'http://www.ulisses-regelwiki.de/index.php/N_NiedrigeKarmalkraft.html', 1828),
('Vorteil', 1835, 'VII', 'http://www.ulisses-regelwiki.de/index.php/N_NiedrigeKarmalkraft.html', 1828),
('Vorteil', 1836, 'Niedrige Lebenskraft', 'http://www.ulisses-regelwiki.de/index.php/N_NiedrigeLebenskraft.html', NULL),
('Vorteil', 1837, 'I', 'http://www.ulisses-regelwiki.de/index.php/N_NiedrigeLebenskraft.html', 1836),
('Vorteil', 1838, 'II', 'http://www.ulisses-regelwiki.de/index.php/N_NiedrigeLebenskraft.html', 1836),
('Vorteil', 1839, 'III', 'http://www.ulisses-regelwiki.de/index.php/N_NiedrigeLebenskraft.html', 1836),
('Vorteil', 1840, 'IV', 'http://www.ulisses-regelwiki.de/index.php/N_NiedrigeLebenskraft.html', 1836),
('Vorteil', 1841, 'V', 'http://www.ulisses-regelwiki.de/index.php/N_NiedrigeLebenskraft.html', 1836),
('Vorteil', 1842, 'VI', 'http://www.ulisses-regelwiki.de/index.php/N_NiedrigeLebenskraft.html', 1836),
('Vorteil', 1843, 'VII', 'http://www.ulisses-regelwiki.de/index.php/N_NiedrigeLebenskraft.html', 1836),
('Vorteil', 1844, 'Niedrige Seelenkraft', 'http://www.ulisses-regelwiki.de/index.php/N_NiedrigeSeelenkraft.html', NULL),
('Vorteil', 1845, 'Niedrige Zähigkeit', 'http://www.ulisses-regelwiki.de/index.php/N_NiedrigeZähigkeit.html', NULL),
('Vorteil', 1846, 'Pech', 'http://www.ulisses-regelwiki.de/index.php/N_Pech.html', NULL),
('Vorteil', 1847, 'I', 'http://www.ulisses-regelwiki.de/index.php/N_Pech.html', 1846),
('Vorteil', 1848, 'II', 'http://www.ulisses-regelwiki.de/index.php/N_Pech.html', 1846),
('Vorteil', 1849, 'III', 'http://www.ulisses-regelwiki.de/index.php/N_Pech.html', 1846),
('Vorteil', 1850, 'Pechmagnet', 'http://www.ulisses-regelwiki.de/index.php/N_Pechmagnet.html', NULL),
('Vorteil', 1851, 'Persönlichkeitsschwäche', 'http://www.ulisses-regelwiki.de/index.php/N_Persönlichkeitsschwäche.html', NULL),
('Vorteil', 1852, 'Prinzipientreue', 'http://www.ulisses-regelwiki.de/index.php/N_Prinzipientreue.html', NULL),
('Vorteil', 1853, 'I', 'http://www.ulisses-regelwiki.de/index.php/N_Prinzipientreue.html', 1852),
('Vorteil', 1854, 'II', 'http://www.ulisses-regelwiki.de/index.php/N_Prinzipientreue.html', 1852),
('Vorteil', 1855, 'III', 'http://www.ulisses-regelwiki.de/index.php/N_Prinzipientreue.html', 1852),
('Vorteil', 1856, 'Raubtiergeruch', 'http://www.ulisses-regelwiki.de/index.php/N_Raubtiergeruch.html', NULL),
('Vorteil', 1857, 'Schlafwandler', 'http://www.ulisses-regelwiki.de/index.php/N_Schlafwandler.html', NULL),
('Vorteil', 1858, 'Schlechte Angewohnheit', 'http://www.ulisses-regelwiki.de/index.php/N_Schlechteangewohnheit.html', NULL),
('Vorteil', 1859, 'Schlechte Eigenschaft', 'http://www.ulisses-regelwiki.de/index.php/N_SchlechteEigenschaft.html', NULL),
('Vorteil', 1860, 'Schlechte Regeneration (Astralenergie)', 'http://www.ulisses-regelwiki.de/index.php/N_SchRegAsP.html', NULL),
('Vorteil', 1861, 'I', 'http://www.ulisses-regelwiki.de/index.php/N_SchRegAsP.html', 1860),
('Vorteil', 1862, 'II', 'http://www.ulisses-regelwiki.de/index.php/N_SchRegAsP.html', 1860),
('Vorteil', 1863, 'III', 'http://www.ulisses-regelwiki.de/index.php/N_SchRegAsP.html', 1860),
('Vorteil', 1864, 'Schlechte Regeneration (Karmaenergie)', 'http://www.ulisses-regelwiki.de/index.php/SchRegKaP.html', NULL),
('Vorteil', 1865, 'I', 'http://www.ulisses-regelwiki.de/index.php/SchRegKaP.html', 1864),
('Vorteil', 1866, 'II', 'http://www.ulisses-regelwiki.de/index.php/SchRegKaP.html', 1864),
('Vorteil', 1867, 'III', 'http://www.ulisses-regelwiki.de/index.php/SchRegKaP.html', 1864),
('Vorteil', 1868, 'Schlechte Regeneration (Lebensenergie)', 'http://www.ulisses-regelwiki.de/index.php/SchRegLeP.html', NULL),
('Vorteil', 1869, 'I', 'http://www.ulisses-regelwiki.de/index.php/SchRegLeP.html', 1868),
('Vorteil', 1870, 'II', 'http://www.ulisses-regelwiki.de/index.php/SchRegLeP.html', 1868),
('Vorteil', 1871, 'III', 'http://www.ulisses-regelwiki.de/index.php/SchRegLeP.html', 1868),
('Vorteil', 1872, 'Schlechtes Namensgedächtnis', 'http://www.ulisses-regelwiki.de/index.php/schlechtnamens.html', NULL),
('Vorteil', 1873, 'Schurkenname', 'http://www.ulisses-regelwiki.de/index.php/schurkenname.html', NULL),
('Vorteil', 1874, 'Schwacher Astralkörper', 'http://www.ulisses-regelwiki.de/index.php/N_SchwacherAstralkörper.html', NULL),
('Vorteil', 1875, 'Schwacher Karmalkörper', 'http://www.ulisses-regelwiki.de/index.php/N_SchwacherKarmalkörper.html', NULL),
('Vorteil', 1876, 'Schwache Zaubermelodien', 'http://www.ulisses-regelwiki.de/index.php/N_SchwacheZaubermelodien.html', NULL),
('Vorteil', 1877, 'Schwache Zaubertänze', 'http://www.ulisses-regelwiki.de/index.php/N_SchwacheZaubertaenze.html', NULL),
('Vorteil', 1878, 'Sensibler Geruchssinn (*)', 'http://www.ulisses-regelwiki.de/index.php/N_SensiblerGeruchssinn.html', NULL),
('Vorteil', 1879, 'Sprachfehler', 'http://www.ulisses-regelwiki.de/index.php/N_Sprachfehler.html', NULL),
('Vorteil', 1880, 'Stigma', 'http://www.ulisses-regelwiki.de/index.php/N_Stigma.html', NULL),
('Vorteil', 1881, 'Stumm', 'http://www.ulisses-regelwiki.de/index.php/N_Stumm.html', NULL),
('Vorteil', 1882, 'Taub', 'http://www.ulisses-regelwiki.de/index.php/N_Taub.html', NULL),
('Vorteil', 1883, 'Unfähig', 'http://www.ulisses-regelwiki.de/index.php/N_Unfähig.html', NULL),
('Vorteil', 1884, 'Fliegen', 'http://www.ulisses-regelwiki.de/index.php/N_Unfähig.html', 1883),
('Vorteil', 1885, 'Gaukeleien', 'http://www.ulisses-regelwiki.de/index.php/N_Unfähig.html', 1883),
('Vorteil', 1886, 'Klettern', 'http://www.ulisses-regelwiki.de/index.php/N_Unfähig.html', 1883),
('Vorteil', 1887, 'Körperbeherrschung', 'http://www.ulisses-regelwiki.de/index.php/N_Unfähig.html', 1883),
('Vorteil', 1888, 'Kraftakt', 'http://www.ulisses-regelwiki.de/index.php/N_Unfähig.html', 1883),
('Vorteil', 1889, 'Reiten', 'http://www.ulisses-regelwiki.de/index.php/N_Unfähig.html', 1883),
('Vorteil', 1890, 'Schwimmen', 'http://www.ulisses-regelwiki.de/index.php/N_Unfähig.html', 1883),
('Vorteil', 1891, 'Selbstbeherrschung', 'http://www.ulisses-regelwiki.de/index.php/N_Unfähig.html', 1883),
('Vorteil', 1892, 'Singen', 'http://www.ulisses-regelwiki.de/index.php/N_Unfähig.html', 1883),
('Vorteil', 1893, 'Sinnesschärfe', 'http://www.ulisses-regelwiki.de/index.php/N_Unfähig.html', 1883),
('Vorteil', 1894, 'Tanzen', 'http://www.ulisses-regelwiki.de/index.php/N_Unfähig.html', 1883),
('Vorteil', 1895, 'Taschendiebstahl', 'http://www.ulisses-regelwiki.de/index.php/N_Unfähig.html', 1883),
('Vorteil', 1896, 'Verbergen', 'http://www.ulisses-regelwiki.de/index.php/N_Unfähig.html', 1883),
('Vorteil', 1897, 'Zechen', 'http://www.ulisses-regelwiki.de/index.php/N_Unfähig.html', 1883),
('Vorteil', 1898, 'Bekehren & Überzeugen', 'http://www.ulisses-regelwiki.de/index.php/N_Unfähig.html', 1883),
('Vorteil', 1899, 'Betören', 'http://www.ulisses-regelwiki.de/index.php/N_Unfähig.html', 1883),
('Vorteil', 1900, 'Einschüchtern', 'http://www.ulisses-regelwiki.de/index.php/N_Unfähig.html', 1883),
('Vorteil', 1901, 'Etikette', 'http://www.ulisses-regelwiki.de/index.php/N_Unfähig.html', 1883),
('Vorteil', 1902, 'Gassenwissen', 'http://www.ulisses-regelwiki.de/index.php/N_Unfähig.html', 1883),
('Vorteil', 1903, 'Menschenkenntnis', 'http://www.ulisses-regelwiki.de/index.php/N_Unfähig.html', 1883),
('Vorteil', 1904, 'Überreden', 'http://www.ulisses-regelwiki.de/index.php/N_Unfähig.html', 1883),
('Vorteil', 1905, 'Verkleiden', 'http://www.ulisses-regelwiki.de/index.php/N_Unfähig.html', 1883),
('Vorteil', 1906, 'Willenskraft', 'http://www.ulisses-regelwiki.de/index.php/N_Unfähig.html', 1883),
('Vorteil', 1907, 'Fährtensuchen', 'http://www.ulisses-regelwiki.de/index.php/N_Unfähig.html', 1883),
('Vorteil', 1908, 'Fesseln', 'http://www.ulisses-regelwiki.de/index.php/N_Unfähig.html', 1883),
('Vorteil', 1909, 'Fischen & Angeln', 'http://www.ulisses-regelwiki.de/index.php/N_Unfähig.html', 1883),
('Vorteil', 1910, 'Orientierung', 'http://www.ulisses-regelwiki.de/index.php/N_Unfähig.html', 1883),
('Vorteil', 1911, 'Pflanzenkunde', 'http://www.ulisses-regelwiki.de/index.php/N_Unfähig.html', 1883),
('Vorteil', 1912, 'Tierkunde', 'http://www.ulisses-regelwiki.de/index.php/N_Unfähig.html', 1883),
('Vorteil', 1913, 'Wildnisleben', 'http://www.ulisses-regelwiki.de/index.php/N_Unfähig.html', 1883),
('Vorteil', 1914, 'Brett- & Glücksspiel', 'http://www.ulisses-regelwiki.de/index.php/N_Unfähig.html', 1883),
('Vorteil', 1915, 'Geographie', 'http://www.ulisses-regelwiki.de/index.php/N_Unfähig.html', 1883),
('Vorteil', 1916, 'Geschichtswissen', 'http://www.ulisses-regelwiki.de/index.php/N_Unfähig.html', 1883),
('Vorteil', 1917, 'Götter & Kulte', 'http://www.ulisses-regelwiki.de/index.php/N_Unfähig.html', 1883),
('Vorteil', 1918, 'Kriegskunst', 'http://www.ulisses-regelwiki.de/index.php/N_Unfähig.html', 1883),
('Vorteil', 1919, 'Magiekunde', 'http://www.ulisses-regelwiki.de/index.php/N_Unfähig.html', 1883),
('Vorteil', 1920, 'Mechanik', 'http://www.ulisses-regelwiki.de/index.php/N_Unfähig.html', 1883),
('Vorteil', 1921, 'Rechnen', 'http://www.ulisses-regelwiki.de/index.php/N_Unfähig.html', 1883),
('Vorteil', 1922, 'Rechtskunde', 'http://www.ulisses-regelwiki.de/index.php/N_Unfähig.html', 1883),
('Vorteil', 1923, 'Sagen & Legenden', 'http://www.ulisses-regelwiki.de/index.php/N_Unfähig.html', 1883),
('Vorteil', 1924, 'Sphärenkunde', 'http://www.ulisses-regelwiki.de/index.php/N_Unfähig.html', 1883),
('Vorteil', 1925, 'Sternkunde', 'http://www.ulisses-regelwiki.de/index.php/N_Unfähig.html', 1883),
('Vorteil', 1926, 'Alchimie', 'http://www.ulisses-regelwiki.de/index.php/N_Unfähig.html', 1883),
('Vorteil', 1927, 'Boote & Schiffe', 'http://www.ulisses-regelwiki.de/index.php/N_Unfähig.html', 1883),
('Vorteil', 1928, 'Fahrzeuge', 'http://www.ulisses-regelwiki.de/index.php/N_Unfähig.html', 1883),
('Vorteil', 1929, 'Handel', 'http://www.ulisses-regelwiki.de/index.php/N_Unfähig.html', 1883),
('Vorteil', 1930, 'Heilkunde Gift', 'http://www.ulisses-regelwiki.de/index.php/N_Unfähig.html', 1883),
('Vorteil', 1931, 'Heilkunde Krankheiten', 'http://www.ulisses-regelwiki.de/index.php/N_Unfähig.html', 1883),
('Vorteil', 1932, 'Heilkunde Seele', 'http://www.ulisses-regelwiki.de/index.php/N_Unfähig.html', 1883),
('Vorteil', 1933, 'Heilkunde Wunden', 'http://www.ulisses-regelwiki.de/index.php/N_Unfähig.html', 1883),
('Vorteil', 1934, 'Holzbearbeitung', 'http://www.ulisses-regelwiki.de/index.php/N_Unfähig.html', 1883),
('Vorteil', 1935, 'Lebensmittelbearbeitung', 'http://www.ulisses-regelwiki.de/index.php/N_Unfähig.html', 1883),
('Vorteil', 1936, 'Lederbearbeitung', 'http://www.ulisses-regelwiki.de/index.php/N_Unfähig.html', 1883),
('Vorteil', 1937, 'Malen & Zeichnen', 'http://www.ulisses-regelwiki.de/index.php/N_Unfähig.html', 1883),
('Vorteil', 1938, 'Metallbearbeitung', 'http://www.ulisses-regelwiki.de/index.php/N_Unfähig.html', 1883),
('Vorteil', 1939, 'Musizieren', 'http://www.ulisses-regelwiki.de/index.php/N_Unfähig.html', 1883),
('Vorteil', 1940, 'Schlösserknacken', 'http://www.ulisses-regelwiki.de/index.php/N_Unfähig.html', 1883),
('Vorteil', 1941, 'Steinbearbeitung', 'http://www.ulisses-regelwiki.de/index.php/N_Unfähig.html', 1883),
('Vorteil', 1942, 'Stoffbearbeitung', 'http://www.ulisses-regelwiki.de/index.php/N_Unfähig.html', 1883),
('Vorteil', 1943, 'Bann der Dunkelheit', 'http://www.ulisses-regelwiki.de/index.php/N_Unfähig.html', 1883),
('Vorteil', 1944, 'Bann der Furcht', 'http://www.ulisses-regelwiki.de/index.php/N_Unfähig.html', 1883),
('Vorteil', 1945, 'Bann des Lichts', 'http://www.ulisses-regelwiki.de/index.php/N_Unfähig.html', 1883),
('Vorteil', 1946, 'Blendstrahl', 'http://www.ulisses-regelwiki.de/index.php/N_Unfähig.html', 1883),
('Vorteil', 1947, 'Des Einen bezaubernder Sphärenklang', 'http://www.ulisses-regelwiki.de/index.php/N_Unfähig.html', 1883),
('Vorteil', 1948, 'Ehrenhaftigkeit', 'http://www.ulisses-regelwiki.de/index.php/N_Unfähig.html', 1883),
('Vorteil', 1949, 'Entzifferung', 'http://www.ulisses-regelwiki.de/index.php/N_Unfähig.html', 1883),
('Vorteil', 1950, 'Ermutigung', 'http://www.ulisses-regelwiki.de/index.php/N_Unfähig.html', 1883),
('Vorteil', 1951, 'Fall ins Nichts', 'http://www.ulisses-regelwiki.de/index.php/N_Unfähig.html', 1883),
('Vorteil', 1952, 'Friedvolle Aura', 'http://www.ulisses-regelwiki.de/index.php/N_Unfähig.html', 1883),
('Vorteil', 1953, 'Giftbann', 'http://www.ulisses-regelwiki.de/index.php/N_Unfähig.html', 1883),
('Vorteil', 1954, 'Göttlicher Fingerzeig', 'http://www.ulisses-regelwiki.de/index.php/N_Unfähig.html', 1883),
('Vorteil', 1955, 'Göttliches Zeichen', 'http://www.ulisses-regelwiki.de/index.php/N_Unfähig.html', 1883),
('Vorteil', 1956, 'Heilsegen', 'http://www.ulisses-regelwiki.de/index.php/N_Unfähig.html', 1883),
('Vorteil', 1957, 'Herbeirufung der Heerscharen des Rattenkindes', 'http://www.ulisses-regelwiki.de/index.php/N_Unfähig.html', 1883),
('Vorteil', 1958, 'Kleiner Bann wider Untote', 'http://www.ulisses-regelwiki.de/index.php/N_Unfähig.html', 1883),
('Vorteil', 1959, 'Kleiner Bannstrahl', 'http://www.ulisses-regelwiki.de/index.php/N_Unfähig.html', 1883),
('Vorteil', 1960, 'Krankheitsbann', 'http://www.ulisses-regelwiki.de/index.php/N_Unfähig.html', 1883),
('Vorteil', 1961, 'Lautlos', 'http://www.ulisses-regelwiki.de/index.php/N_Unfähig.html', 1883),
('Vorteil', 1962, 'Magieschutz', 'http://www.ulisses-regelwiki.de/index.php/N_Unfähig.html', 1883),
('Vorteil', 1963, 'Magiesicht', 'http://www.ulisses-regelwiki.de/index.php/N_Unfähig.html', 1883),
('Vorteil', 1964, 'Mondsicht', 'http://www.ulisses-regelwiki.de/index.php/N_Unfähig.html', 1883),
('Vorteil', 1965, 'Mondsilberzunge', 'http://www.ulisses-regelwiki.de/index.php/N_Unfähig.html', 1883),
('Vorteil', 1966, 'Namenlose Kälte', 'http://www.ulisses-regelwiki.de/index.php/N_Unfähig.html', 1883),
('Vorteil', 1967, 'Namenlose Raserei', 'http://www.ulisses-regelwiki.de/index.php/N_Unfähig.html', 1883),
('Vorteil', 1968, 'Namenlose Zweifel', 'http://www.ulisses-regelwiki.de/index.php/N_Unfähig.html', 1883),
('Vorteil', 1969, 'Namenloses Vergessen', 'http://www.ulisses-regelwiki.de/index.php/N_Unfähig.html', 1883),
('Vorteil', 1970, 'Objektsegen', 'http://www.ulisses-regelwiki.de/index.php/N_Unfähig.html', 1883),
('Vorteil', 1971, 'Ort der Ruhe', 'http://www.ulisses-regelwiki.de/index.php/N_Unfähig.html', 1883),
('Vorteil', 1972, 'Pech-und-Schwefel-Strahl', 'http://www.ulisses-regelwiki.de/index.php/N_Unfähig.html', 1883),
('Vorteil', 1973, 'Pflanzenwuchs', 'http://www.ulisses-regelwiki.de/index.php/N_Unfähig.html', 1883),
('Vorteil', 1974, 'Rabenruf', 'http://www.ulisses-regelwiki.de/index.php/N_Unfähig.html', 1883),
('Vorteil', 1975, 'Schlaf', 'http://www.ulisses-regelwiki.de/index.php/N_Unfähig.html', 1883),
('Vorteil', 1976, 'Schlangenstab', 'http://www.ulisses-regelwiki.de/index.php/N_Unfähig.html', 1883),
('Vorteil', 1977, 'Schlangenzunge', 'http://www.ulisses-regelwiki.de/index.php/N_Unfähig.html', 1883),
('Vorteil', 1978, 'Schmerzresistenz', 'http://www.ulisses-regelwiki.de/index.php/N_Unfähig.html', 1883),
('Vorteil', 1979, 'Schutz der Wehrlosen', 'http://www.ulisses-regelwiki.de/index.php/N_Unfähig.html', 1883),
('Vorteil', 1980, 'Sternenglanz', 'http://www.ulisses-regelwiki.de/index.php/N_Unfähig.html', 1883),
('Vorteil', 1981, 'Wahrheit', 'http://www.ulisses-regelwiki.de/index.php/N_Unfähig.html', 1883),
('Vorteil', 1982, 'Wieselflink', 'http://www.ulisses-regelwiki.de/index.php/N_Unfähig.html', 1883),
('Vorteil', 1983, 'Wundersame Verständigung', 'http://www.ulisses-regelwiki.de/index.php/N_Unfähig.html', 1883),
('Vorteil', 1984, 'Ablativum', 'http://www.ulisses-regelwiki.de/index.php/N_Unfähig.html', 1883),
('Vorteil', 1985, 'Abvenenum', 'http://www.ulisses-regelwiki.de/index.php/N_Unfähig.html', 1883),
('Vorteil', 1986, 'Adlerauge', 'http://www.ulisses-regelwiki.de/index.php/N_Unfähig.html', 1883),
('Vorteil', 1987, 'Adlerschwinge', 'http://www.ulisses-regelwiki.de/index.php/N_Unfähig.html', 1883),
('Vorteil', 1988, 'Aeolito', 'http://www.ulisses-regelwiki.de/index.php/N_Unfähig.html', 1883),
('Vorteil', 1989, 'Alpgestalt', 'http://www.ulisses-regelwiki.de/index.php/N_Unfähig.html', 1883),
('Vorteil', 1990, 'Altisonus', 'http://www.ulisses-regelwiki.de/index.php/N_Unfähig.html', 1883),
('Vorteil', 1991, 'Analys Arkanstruktur', 'http://www.ulisses-regelwiki.de/index.php/N_Unfähig.html', 1883),
('Vorteil', 1992, 'Angst auslösen', 'http://www.ulisses-regelwiki.de/index.php/N_Unfähig.html', 1883),
('Vorteil', 1993, 'Ängste lindern', 'http://www.ulisses-regelwiki.de/index.php/N_Unfähig.html', 1883),
('Vorteil', 1994, 'Archofaxius', 'http://www.ulisses-regelwiki.de/index.php/N_Unfähig.html', 1883),
('Vorteil', 1995, 'Archosphaero', 'http://www.ulisses-regelwiki.de/index.php/N_Unfähig.html', 1883),
('Vorteil', 1996, 'Aromatis Illusionis', 'http://www.ulisses-regelwiki.de/index.php/N_Unfähig.html', 1883),
('Vorteil', 1997, 'Armatrutz', 'http://www.ulisses-regelwiki.de/index.php/N_Unfähig.html', 1883),
('Vorteil', 1998, 'Atemnot', 'http://www.ulisses-regelwiki.de/index.php/N_Unfähig.html', 1883),
('Vorteil', 1999, 'Attributo (Charisma)', 'http://www.ulisses-regelwiki.de/index.php/N_Unfähig.html', 1883),
('Vorteil', 2000, 'Attributo (Fingerfertigkeit)', 'http://www.ulisses-regelwiki.de/index.php/N_Unfähig.html', 1883),
('Vorteil', 2001, 'Attributo (Klugheit)', 'http://www.ulisses-regelwiki.de/index.php/N_Unfähig.html', 1883),
('Vorteil', 2002, 'Attributo (Körperkraft)', 'http://www.ulisses-regelwiki.de/index.php/N_Unfähig.html', 1883),
('Vorteil', 2003, 'Aufwecken', 'http://www.ulisses-regelwiki.de/index.php/N_Unfähig.html', 1883),
('Vorteil', 2004, 'Auge des Limbus', 'http://www.ulisses-regelwiki.de/index.php/N_Unfähig.html', 1883),
('Vorteil', 2005, 'Aureolus', 'http://www.ulisses-regelwiki.de/index.php/N_Unfähig.html', 1883),
('Vorteil', 2006, 'Auris Illusionis', 'http://www.ulisses-regelwiki.de/index.php/N_Unfähig.html', 1883),
('Vorteil', 2007, 'Axxeleratus', 'http://www.ulisses-regelwiki.de/index.php/N_Unfähig.html', 1883),
('Vorteil', 2008, 'Balsam Salabunde', 'http://www.ulisses-regelwiki.de/index.php/N_Unfähig.html', 1883),
('Vorteil', 2009, 'Bannbaladin', 'http://www.ulisses-regelwiki.de/index.php/N_Unfähig.html', 1883),
('Vorteil', 2010, 'Band und Fessel', 'http://www.ulisses-regelwiki.de/index.php/N_Unfähig.html', 1883),
('Vorteil', 2011, 'Blick aufs Wesen', 'http://www.ulisses-regelwiki.de/index.php/N_Unfähig.html', 1883),
('Vorteil', 2012, 'Blick in die Gedanken', 'http://www.ulisses-regelwiki.de/index.php/N_Unfähig.html', 1883),
('Vorteil', 2013, 'Blindheit', 'http://www.ulisses-regelwiki.de/index.php/N_Unfähig.html', 1883),
('Vorteil', 2014, 'Blitz dich find', 'http://www.ulisses-regelwiki.de/index.php/N_Unfähig.html', 1883),
('Vorteil', 2015, 'Chamaelioni', 'http://www.ulisses-regelwiki.de/index.php/N_Unfähig.html', 1883),
('Vorteil', 2016, 'Claudibus', 'http://www.ulisses-regelwiki.de/index.php/N_Unfähig.html', 1883),
('Vorteil', 2017, 'Corpofesso', 'http://www.ulisses-regelwiki.de/index.php/N_Unfähig.html', 1883),
('Vorteil', 2018, 'Corpofrigo', 'http://www.ulisses-regelwiki.de/index.php/N_Unfähig.html', 1883),
('Vorteil', 2019, 'Dämonenbann', 'http://www.ulisses-regelwiki.de/index.php/N_Unfähig.html', 1883),
('Vorteil', 2020, 'Dämonenschild', 'http://www.ulisses-regelwiki.de/index.php/N_Unfähig.html', 1883),
('Vorteil', 2021, 'Debilitatio', 'http://www.ulisses-regelwiki.de/index.php/N_Unfähig.html', 1883),
('Vorteil', 2022, 'Desintegratus', 'http://www.ulisses-regelwiki.de/index.php/N_Unfähig.html', 1883),
('Vorteil', 2023, 'Disruptivo', 'http://www.ulisses-regelwiki.de/index.php/N_Unfähig.html', 1883),
('Vorteil', 2024, 'Dunkelheit', 'http://www.ulisses-regelwiki.de/index.php/N_Unfähig.html', 1883),
('Vorteil', 2025, 'Duplicatus', 'http://www.ulisses-regelwiki.de/index.php/N_Unfähig.html', 1883),
('Vorteil', 2026, 'Ecliptifactus', 'http://www.ulisses-regelwiki.de/index.php/N_Unfähig.html', 1883),
('Vorteil', 2027, 'Einflussbann', 'http://www.ulisses-regelwiki.de/index.php/N_Unfähig.html', 1883),
('Vorteil', 2028, 'Eigne Ängste', 'http://www.ulisses-regelwiki.de/index.php/N_Unfähig.html', 1883),
('Vorteil', 2029, 'Eisenrost', 'http://www.ulisses-regelwiki.de/index.php/N_Unfähig.html', 1883),
('Vorteil', 2030, 'Elementarbann', 'http://www.ulisses-regelwiki.de/index.php/N_Unfähig.html', 1883),
('Vorteil', 2031, 'Elfenstimme', 'http://www.ulisses-regelwiki.de/index.php/N_Unfähig.html', 1883),
('Vorteil', 2032, 'Erinnerung verlasse dich', 'http://www.ulisses-regelwiki.de/index.php/N_Unfähig.html', 1883),
('Vorteil', 2033, 'Exposami', 'http://www.ulisses-regelwiki.de/index.php/N_Unfähig.html', 1883),
('Vorteil', 2034, 'Falkenauge', 'http://www.ulisses-regelwiki.de/index.php/N_Unfähig.html', 1883),
('Vorteil', 2035, 'Favilludo', 'http://www.ulisses-regelwiki.de/index.php/N_Unfähig.html', 1883),
('Vorteil', 2036, 'Firnlauf', 'http://www.ulisses-regelwiki.de/index.php/N_Unfähig.html', 1883),
('Vorteil', 2037, 'Fischflosse', 'http://www.ulisses-regelwiki.de/index.php/N_Unfähig.html', 1883),
('Vorteil', 2038, 'Flim Flam', 'http://www.ulisses-regelwiki.de/index.php/N_Unfähig.html', 1883),
('Vorteil', 2039, 'Foramen', 'http://www.ulisses-regelwiki.de/index.php/N_Unfähig.html', 1883),
('Vorteil', 2040, 'Fortifex', 'http://www.ulisses-regelwiki.de/index.php/N_Unfähig.html', 1883),
('Vorteil', 2041, 'Fulminictus', 'http://www.ulisses-regelwiki.de/index.php/N_Unfähig.html', 1883),
('Vorteil', 2042, 'Gardianum', 'http://www.ulisses-regelwiki.de/index.php/N_Unfähig.html', 1883),
('Vorteil', 2043, 'Gedankenbilder', 'http://www.ulisses-regelwiki.de/index.php/N_Unfähig.html', 1883),
('Vorteil', 2044, 'Gefunden', 'http://www.ulisses-regelwiki.de/index.php/N_Unfähig.html', 1883),
('Vorteil', 2045, 'Gletscherform', 'http://www.ulisses-regelwiki.de/index.php/N_Unfähig.html', 1883),
('Vorteil', 2046, 'Große Gier', 'http://www.ulisses-regelwiki.de/index.php/N_Unfähig.html', 1883),
('Vorteil', 2047, 'Große Verwirrung', 'http://www.ulisses-regelwiki.de/index.php/N_Unfähig.html', 1883),
('Vorteil', 2048, 'Harmlose Gestalt', 'http://www.ulisses-regelwiki.de/index.php/N_Unfähig.html', 1883),
('Vorteil', 2049, 'Haselbusch', 'http://www.ulisses-regelwiki.de/index.php/N_Unfähig.html', 1883),
('Vorteil', 2050, 'Heilungsbann', 'http://www.ulisses-regelwiki.de/index.php/N_Unfähig.html', 1883),
('Vorteil', 2051, 'Hellsichtbann', 'http://www.ulisses-regelwiki.de/index.php/N_Unfähig.html', 1883),
('Vorteil', 2052, 'Herr über das Tierreich', 'http://www.ulisses-regelwiki.de/index.php/N_Unfähig.html', 1883),
('Vorteil', 2053, 'Heptagramma', 'http://www.ulisses-regelwiki.de/index.php/N_Unfähig.html', 1883),
('Vorteil', 2054, 'Herzschlag ruhe', 'http://www.ulisses-regelwiki.de/index.php/N_Unfähig.html', 1883),
('Vorteil', 2055, 'Hexagramma', 'http://www.ulisses-regelwiki.de/index.php/N_Unfähig.html', 1883),
('Vorteil', 2056, 'Hexenholz', 'http://www.ulisses-regelwiki.de/index.php/N_Unfähig.html', 1883),
('Vorteil', 2057, 'Hexengalle', 'http://www.ulisses-regelwiki.de/index.php/N_Unfähig.html', 1883),
('Vorteil', 2058, 'Hexenknoten', 'http://www.ulisses-regelwiki.de/index.php/N_Unfähig.html', 1883),
('Vorteil', 2059, 'Hexenkrallen', 'http://www.ulisses-regelwiki.de/index.php/N_Unfähig.html', 1883),
('Vorteil', 2060, 'Höllenpein', 'http://www.ulisses-regelwiki.de/index.php/N_Unfähig.html', 1883),
('Vorteil', 2061, 'Horriphobus', 'http://www.ulisses-regelwiki.de/index.php/N_Unfähig.html', 1883),
('Vorteil', 2062, 'Ignifaxius', 'http://www.ulisses-regelwiki.de/index.php/N_Unfähig.html', 1883),
('Vorteil', 2063, 'Ignisphaero', 'http://www.ulisses-regelwiki.de/index.php/N_Unfähig.html', 1883),
('Vorteil', 2064, 'Ignorantia', 'http://www.ulisses-regelwiki.de/index.php/N_Unfähig.html', 1883),
('Vorteil', 2065, 'Illusionsbann', 'http://www.ulisses-regelwiki.de/index.php/N_Unfähig.html', 1883),
('Vorteil', 2066, 'Imperavi', 'http://www.ulisses-regelwiki.de/index.php/N_Unfähig.html', 1883),
('Vorteil', 2067, 'Impersona', 'http://www.ulisses-regelwiki.de/index.php/N_Unfähig.html', 1883),
('Vorteil', 2068, 'Incendio', 'http://www.ulisses-regelwiki.de/index.php/N_Unfähig.html', 1883),
('Vorteil', 2069, 'Invercano', 'http://www.ulisses-regelwiki.de/index.php/N_Unfähig.html', 1883),
('Vorteil', 2070, 'Invocatio Minima', 'http://www.ulisses-regelwiki.de/index.php/N_Unfähig.html', 1883),
('Vorteil', 2071, 'Karnifilo', 'http://www.ulisses-regelwiki.de/index.php/N_Unfähig.html', 1883),
('Vorteil', 2072, 'Katzenaugen', 'http://www.ulisses-regelwiki.de/index.php/N_Unfähig.html', 1883),
('Vorteil', 2073, 'Klarum Purum', 'http://www.ulisses-regelwiki.de/index.php/N_Unfähig.html', 1883),
('Vorteil', 2074, 'Krötensprung', 'http://www.ulisses-regelwiki.de/index.php/N_Unfähig.html', 1883),
('Vorteil', 2075, 'Kusch', 'http://www.ulisses-regelwiki.de/index.php/N_Unfähig.html', 1883),
('Vorteil', 2076, 'Last des Alters', 'http://www.ulisses-regelwiki.de/index.php/N_Unfähig.html', 1883),
('Vorteil', 2077, 'Lunge des Leviatan', 'http://www.ulisses-regelwiki.de/index.php/N_Unfähig.html', 1883),
('Vorteil', 2078, 'Manifesto', 'http://www.ulisses-regelwiki.de/index.php/N_Unfähig.html', 1883),
('Vorteil', 2079, 'Manus Illusionis', 'http://www.ulisses-regelwiki.de/index.php/N_Unfähig.html', 1883),
('Vorteil', 2080, 'Manus Miracula', 'http://www.ulisses-regelwiki.de/index.php/N_Unfähig.html', 1883),
('Vorteil', 2081, 'Memorans', 'http://www.ulisses-regelwiki.de/index.php/N_Unfähig.html', 1883),
('Vorteil', 2082, 'Menetekel', 'http://www.ulisses-regelwiki.de/index.php/N_Unfähig.html', 1883),
('Vorteil', 2083, 'Motoricus', 'http://www.ulisses-regelwiki.de/index.php/N_Unfähig.html', 1883),
('Vorteil', 2084, 'Nebelwand', 'http://www.ulisses-regelwiki.de/index.php/N_Unfähig.html', 1883),
('Vorteil', 2085, 'Nuntiovolo', 'http://www.ulisses-regelwiki.de/index.php/N_Unfähig.html', 1883),
('Vorteil', 2086, 'Objectobscuro', 'http://www.ulisses-regelwiki.de/index.php/N_Unfähig.html', 1883),
('Vorteil', 2087, 'Objectofixo', 'http://www.ulisses-regelwiki.de/index.php/N_Unfähig.html', 1883),
('Vorteil', 2088, 'Objektbann', 'http://www.ulisses-regelwiki.de/index.php/N_Unfähig.html', 1883),
('Vorteil', 2089, 'Oculus Astralis', 'http://www.ulisses-regelwiki.de/index.php/N_Unfähig.html', 1883),
('Vorteil', 2090, 'Oculus Illusionis', 'http://www.ulisses-regelwiki.de/index.php/N_Unfähig.html', 1883),
('Vorteil', 2091, 'Odem Arcanum', 'http://www.ulisses-regelwiki.de/index.php/N_Unfähig.html', 1883),
('Vorteil', 2092, 'Orcanofaxius', 'http://www.ulisses-regelwiki.de/index.php/N_Unfähig.html', 1883),
('Vorteil', 2093, 'Orcanosphaero', 'http://www.ulisses-regelwiki.de/index.php/N_Unfähig.html', 1883),
('Vorteil', 2094, 'Paralysis', 'http://www.ulisses-regelwiki.de/index.php/N_Unfähig.html', 1883),
('Vorteil', 2095, 'Penetrizzel', 'http://www.ulisses-regelwiki.de/index.php/N_Unfähig.html', 1883),
('Vorteil', 2096, 'Pentagramma', 'http://www.ulisses-regelwiki.de/index.php/N_Unfähig.html', 1883),
('Vorteil', 2097, 'Pestilenz erspüren', 'http://www.ulisses-regelwiki.de/index.php/N_Unfähig.html', 1883),
('Vorteil', 2098, 'Physiostabilis', 'http://www.ulisses-regelwiki.de/index.php/N_Unfähig.html', 1883),
('Vorteil', 2099, 'Plumbumbarum', 'http://www.ulisses-regelwiki.de/index.php/N_Unfähig.html', 1883),
('Vorteil', 2100, 'Projectimago', 'http://www.ulisses-regelwiki.de/index.php/N_Unfähig.html', 1883),
('Vorteil', 2101, 'Psychostabilis', 'http://www.ulisses-regelwiki.de/index.php/N_Unfähig.html', 1883),
('Vorteil', 2102, 'Radau', 'http://www.ulisses-regelwiki.de/index.php/N_Unfähig.html', 1883),
('Vorteil', 2103, 'Reflectimago', 'http://www.ulisses-regelwiki.de/index.php/N_Unfähig.html', 1883),
('Vorteil', 2104, 'Regeneratio', 'http://www.ulisses-regelwiki.de/index.php/N_Unfähig.html', 1883),
('Vorteil', 2105, 'Respondami', 'http://www.ulisses-regelwiki.de/index.php/N_Unfähig.html', 1883),
('Vorteil', 2106, 'Salander', 'http://www.ulisses-regelwiki.de/index.php/N_Unfähig.html', 1883),
('Vorteil', 2107, 'Sanftmut', 'http://www.ulisses-regelwiki.de/index.php/N_Unfähig.html', 1883),
('Vorteil', 2108, 'Sapefacta', 'http://www.ulisses-regelwiki.de/index.php/N_Unfähig.html', 1883),
('Vorteil', 2109, 'Satuarias Herrlichkeit', 'http://www.ulisses-regelwiki.de/index.php/N_Unfähig.html', 1883),
('Vorteil', 2110, 'Schlangenruf', 'http://www.ulisses-regelwiki.de/index.php/N_Unfähig.html', 1883),
('Vorteil', 2111, 'Schmerzen lindern', 'http://www.ulisses-regelwiki.de/index.php/N_Unfähig.html', 1883),
('Vorteil', 2112, 'Schwarzer Schrecken', 'http://www.ulisses-regelwiki.de/index.php/N_Unfähig.html', 1883),
('Vorteil', 2113, 'Schwarz und Rot', 'http://www.ulisses-regelwiki.de/index.php/N_Unfähig.html', 1883),
('Vorteil', 2114, 'Sensibar', 'http://www.ulisses-regelwiki.de/index.php/N_Unfähig.html', 1883),
('Vorteil', 2115, 'Silentium', 'http://www.ulisses-regelwiki.de/index.php/N_Unfähig.html', 1883),
('Vorteil', 2116, 'Skelettarius', 'http://www.ulisses-regelwiki.de/index.php/N_Unfähig.html', 1883),
('Vorteil', 2117, 'Zaubererweiterungen', 'http://www.ulisses-regelwiki.de/index.php/N_Unfähig.html', 1883),
('Vorteil', 2118, 'Somnigravis', 'http://www.ulisses-regelwiki.de/index.php/N_Unfähig.html', 1883),
('Vorteil', 2119, 'Spinnenlauf', 'http://www.ulisses-regelwiki.de/index.php/N_Unfähig.html', 1883),
('Vorteil', 2120, 'Spurlos', 'http://www.ulisses-regelwiki.de/index.php/N_Unfähig.html', 1883),
('Vorteil', 2121, 'Stillstand', 'http://www.ulisses-regelwiki.de/index.php/N_Unfähig.html', 1883),
('Vorteil', 2122, 'Sumus Elixiere', 'http://www.ulisses-regelwiki.de/index.php/N_Unfähig.html', 1883),
('Vorteil', 2123, 'Taubheit', 'http://www.ulisses-regelwiki.de/index.php/N_Unfähig.html', 1883),
('Vorteil', 2124, 'Telekinesebann', 'http://www.ulisses-regelwiki.de/index.php/N_Unfähig.html', 1883),
('Vorteil', 2125, 'Tiergedanken', 'http://www.ulisses-regelwiki.de/index.php/N_Unfähig.html', 1883),
('Vorteil', 2126, 'Transversalis', 'http://www.ulisses-regelwiki.de/index.php/N_Unfähig.html', 1883),
('Vorteil', 2127, 'Verwandlungsbann', 'http://www.ulisses-regelwiki.de/index.php/N_Unfähig.html', 1883),
('Vorteil', 2128, 'Vipernblick', 'http://www.ulisses-regelwiki.de/index.php/N_Unfähig.html', 1883),
('Vorteil', 2129, 'Visibili', 'http://www.ulisses-regelwiki.de/index.php/N_Unfähig.html', 1883),
('Vorteil', 2130, 'Vogelzwitschern', 'http://www.ulisses-regelwiki.de/index.php/N_Unfähig.html', 1883),
('Vorteil', 2131, 'Wasseratem', 'http://www.ulisses-regelwiki.de/index.php/N_Unfähig.html', 1883),
('Vorteil', 2132, 'Wolfstatze', 'http://www.ulisses-regelwiki.de/index.php/N_Unfähig.html', 1883),
('Vorteil', 2133, 'Zunge betäuben', 'http://www.ulisses-regelwiki.de/index.php/N_Unfähig.html', 1883),
('Vorteil', 2134, 'Zwingtanz', 'http://www.ulisses-regelwiki.de/index.php/N_Unfähig.html', 1883),
('Vorteil', 2135, 'Accuratum', 'http://www.ulisses-regelwiki.de/index.php/N_Unfähig.html', 1883),
('Vorteil', 2136, 'Arcanovi', 'http://www.ulisses-regelwiki.de/index.php/N_Unfähig.html', 1883),
('Vorteil', 2137, 'Aufmerksamer Wächter', 'http://www.ulisses-regelwiki.de/index.php/N_Unfähig.html', 1883),
('Vorteil', 2138, 'Caldofrigo', 'http://www.ulisses-regelwiki.de/index.php/N_Unfähig.html', 1883),
('Vorteil', 2139, 'Dschinnenruf', 'http://www.ulisses-regelwiki.de/index.php/N_Unfähig.html', 1883),
('Vorteil', 2140, 'Elementarer Diener', 'http://www.ulisses-regelwiki.de/index.php/N_Unfähig.html', 1883),
('Vorteil', 2141, 'Hagelschlag und Sturmgebrüll', 'http://www.ulisses-regelwiki.de/index.php/N_Unfähig.html', 1883),
('Vorteil', 2142, 'Hartes schmelze', 'http://www.ulisses-regelwiki.de/index.php/N_Unfähig.html', 1883),
('Vorteil', 2143, 'Invovatio maior', 'http://www.ulisses-regelwiki.de/index.php/N_Unfähig.html', 1883),
('Vorteil', 2144, 'Invocatio Minor', 'http://www.ulisses-regelwiki.de/index.php/N_Unfähig.html', 1883),
('Vorteil', 2145, 'Leidensbund', 'http://www.ulisses-regelwiki.de/index.php/N_Unfähig.html', 1883),
('Vorteil', 2146, 'Magischer Raub', 'http://www.ulisses-regelwiki.de/index.php/N_Unfähig.html', 1883),
('Vorteil', 2147, 'Memorabia Falsifir', 'http://www.ulisses-regelwiki.de/index.php/N_Unfähig.html', 1883),
('Vorteil', 2148, 'Movimento', 'http://www.ulisses-regelwiki.de/index.php/N_Unfähig.html', 1883),
('Vorteil', 2149, 'Nihilogravo', 'http://www.ulisses-regelwiki.de/index.php/N_Unfähig.html', 1883),
('Vorteil', 2150, 'Orvai Kurims Kriegstrommel', 'http://www.ulisses-regelwiki.de/index.php/N_Unfähig.html', 1883),
('Vorteil', 2151, 'Ruf des Bienenstocks', 'http://www.ulisses-regelwiki.de/index.php/N_Unfähig.html', 1883),
('Vorteil', 2152, 'Ruhe Körper', 'http://www.ulisses-regelwiki.de/index.php/N_Unfähig.html', 1883),
('Vorteil', 2153, 'Traumgestalt', 'http://www.ulisses-regelwiki.de/index.php/N_Unfähig.html', 1883),
('Vorteil', 2154, 'Unberührt von Satinav', 'http://www.ulisses-regelwiki.de/index.php/N_Unfähig.html', 1883),
('Vorteil', 2155, 'Widerwille', 'http://www.ulisses-regelwiki.de/index.php/N_Unfähig.html', 1883),
('Vorteil', 2156, 'Wirbelform', 'http://www.ulisses-regelwiki.de/index.php/N_Unfähig.html', 1883),
('Vorteil', 2157, 'Xenographus', 'http://www.ulisses-regelwiki.de/index.php/N_Unfähig.html', 1883),
('Vorteil', 2158, 'Zauberklinge Geisterspeer', 'http://www.ulisses-regelwiki.de/index.php/N_Unfähig.html', 1883),
('Vorteil', 2159, 'Ackersegen', 'http://www.ulisses-regelwiki.de/index.php/N_Unfähig.html', 1883),
('Vorteil', 2160, 'Empfängnis des Korsmals', 'http://www.ulisses-regelwiki.de/index.php/N_Unfähig.html', 1883),
('Vorteil', 2161, 'Exorzismus', 'http://www.ulisses-regelwiki.de/index.php/N_Unfähig.html', 1883),
('Vorteil', 2162, 'Geweihter Panzer', 'http://www.ulisses-regelwiki.de/index.php/N_Unfähig.html', 1883),
('Vorteil', 2163, 'Löwengestalt', 'http://www.ulisses-regelwiki.de/index.php/N_Unfähig.html', 1883),
('Vorteil', 2164, 'Nebelleib', 'http://www.ulisses-regelwiki.de/index.php/N_Unfähig.html', 1883),
('Vorteil', 2165, 'Objektweihe', 'http://www.ulisses-regelwiki.de/index.php/N_Unfähig.html', 1883),
('Vorteil', 2166, 'Unfrei', 'http://www.ulisses-regelwiki.de/index.php/N_Unfrei.html', NULL),
('Vorteil', 2167, 'Unpassender Name', 'http://www.ulisses-regelwiki.de/index.php/unpass.html', NULL),
('Vorteil', 2168, 'Verminderte Zaubermelodien', 'http://www.ulisses-regelwiki.de/index.php/N_VerminderteZaubermelodienI-III.html', NULL),
('Vorteil', 2169, 'I', 'http://www.ulisses-regelwiki.de/index.php/N_VerminderteZaubermelodienI-III.html', 2168),
('Vorteil', 2170, 'II', 'http://www.ulisses-regelwiki.de/index.php/N_VerminderteZaubermelodienI-III.html', 2168),
('Vorteil', 2171, 'III', 'http://www.ulisses-regelwiki.de/index.php/N_VerminderteZaubermelodienI-III.html', 2168),
('Vorteil', 2172, 'Verminderte Zaubertänze', 'http://www.ulisses-regelwiki.de/index.php/N_VerminderteZaubertaenzeI-III.html', NULL),
('Vorteil', 2173, 'I', 'http://www.ulisses-regelwiki.de/index.php/N_VerminderteZaubertaenzeI-III.html', 2172),
('Vorteil', 2174, 'II', 'http://www.ulisses-regelwiki.de/index.php/N_VerminderteZaubertaenzeI-III.html', 2172),
('Vorteil', 2175, 'III', 'http://www.ulisses-regelwiki.de/index.php/N_VerminderteZaubertaenzeI-III.html', 2172),
('Vorteil', 2176, 'Verpflichtungen', 'http://www.ulisses-regelwiki.de/index.php/N_Verpflichtungen.html', NULL),
('Vorteil', 2177, 'I', 'http://www.ulisses-regelwiki.de/index.php/N_Verpflichtungen.html', 2176),
('Vorteil', 2178, 'II', 'http://www.ulisses-regelwiki.de/index.php/N_Verpflichtungen.html', 2176),
('Vorteil', 2179, 'III', 'http://www.ulisses-regelwiki.de/index.php/N_Verpflichtungen.html', 2176),
('Vorteil', 2180, 'Verstümmelt', 'http://www.ulisses-regelwiki.de/index.php/N_Verstümmelt.html', NULL),
('Vorteil', 2181, 'Verweichlicht', 'http://www.ulisses-regelwiki.de/index.php/Verweich.html', NULL),
('Vorteil', 2182, 'Wahrer Name', 'http://www.ulisses-regelwiki.de/index.php/N_WahrerName.html', NULL),
('Vorteil', 2183, 'Wilde Magie', 'http://www.ulisses-regelwiki.de/index.php/N_WildeMagie.html', NULL),
('Vorteil', 2184, 'Zauberanfällig', 'http://www.ulisses-regelwiki.de/index.php/N_Zauberanfällig.html', NULL),
('Vorteil', 2185, 'I', 'http://www.ulisses-regelwiki.de/index.php/N_Zauberanfällig.html', 2184),
('Vorteil', 2186, 'II', 'http://www.ulisses-regelwiki.de/index.php/N_Zauberanfällig.html', 2184),
('Vorteil', 2187, 'Zerbrechlich', 'http://www.ulisses-regelwiki.de/index.php/N_Zerbrechlich.html', NULL),
('Sonderfertigkeit', 2188, 'Ablativum', 'http://www.ulisses-regelwiki.de/index.php/Adaption.html', 177),
('Sonderfertigkeit', 2189, 'Abvenenum', 'http://www.ulisses-regelwiki.de/index.php/Adaption.html', 177),
('Sonderfertigkeit', 2190, 'Adlerauge', 'http://www.ulisses-regelwiki.de/index.php/Adaption.html', 177),
('Sonderfertigkeit', 2191, 'Adlerschwinge', 'http://www.ulisses-regelwiki.de/index.php/Adaption.html', 177),
('Sonderfertigkeit', 2192, 'Aeolito', 'http://www.ulisses-regelwiki.de/index.php/Adaption.html', 177),
('Sonderfertigkeit', 2193, 'Alpgestalt', 'http://www.ulisses-regelwiki.de/index.php/Adaption.html', 177),
('Sonderfertigkeit', 2194, 'Altisonus', 'http://www.ulisses-regelwiki.de/index.php/Adaption.html', 177),
('Sonderfertigkeit', 2195, 'Analys Arkanstruktur', 'http://www.ulisses-regelwiki.de/index.php/Adaption.html', 177),
('Sonderfertigkeit', 2196, 'Angst auslösen', 'http://www.ulisses-regelwiki.de/index.php/Adaption.html', 177),
('Sonderfertigkeit', 2197, 'Ängste lindern', 'http://www.ulisses-regelwiki.de/index.php/Adaption.html', 177),
('Sonderfertigkeit', 2198, 'Archofaxius', 'http://www.ulisses-regelwiki.de/index.php/Adaption.html', 177),
('Sonderfertigkeit', 2199, 'Archosphaero', 'http://www.ulisses-regelwiki.de/index.php/Adaption.html', 177),
('Sonderfertigkeit', 2200, 'Aromatis Illusionis', 'http://www.ulisses-regelwiki.de/index.php/Adaption.html', 177),
('Sonderfertigkeit', 2201, 'Armatrutz', 'http://www.ulisses-regelwiki.de/index.php/Adaption.html', 177),
('Sonderfertigkeit', 2202, 'Atemnot', 'http://www.ulisses-regelwiki.de/index.php/Adaption.html', 177),
('Sonderfertigkeit', 2203, 'Attributo (Charisma)', 'http://www.ulisses-regelwiki.de/index.php/Adaption.html', 177),
('Sonderfertigkeit', 2204, 'Attributo (Fingerfertigkeit)', 'http://www.ulisses-regelwiki.de/index.php/Adaption.html', 177),
('Sonderfertigkeit', 2205, 'Attributo (Klugheit)', 'http://www.ulisses-regelwiki.de/index.php/Adaption.html', 177),
('Sonderfertigkeit', 2206, 'Attributo (Körperkraft)', 'http://www.ulisses-regelwiki.de/index.php/Adaption.html', 177),
('Sonderfertigkeit', 2207, 'Aufwecken', 'http://www.ulisses-regelwiki.de/index.php/Adaption.html', 177),
('Sonderfertigkeit', 2208, 'Auge des Limbus', 'http://www.ulisses-regelwiki.de/index.php/Adaption.html', 177),
('Sonderfertigkeit', 2209, 'Aureolus', 'http://www.ulisses-regelwiki.de/index.php/Adaption.html', 177),
('Sonderfertigkeit', 2210, 'Auris Illusionis', 'http://www.ulisses-regelwiki.de/index.php/Adaption.html', 177),
('Sonderfertigkeit', 2211, 'Axxeleratus', 'http://www.ulisses-regelwiki.de/index.php/Adaption.html', 177),
('Sonderfertigkeit', 2212, 'Balsam Salabunde', 'http://www.ulisses-regelwiki.de/index.php/Adaption.html', 177),
('Sonderfertigkeit', 2213, 'Bannbaladin', 'http://www.ulisses-regelwiki.de/index.php/Adaption.html', 177),
('Sonderfertigkeit', 2214, 'Band und Fessel', 'http://www.ulisses-regelwiki.de/index.php/Adaption.html', 177),
('Sonderfertigkeit', 2215, 'Blick aufs Wesen', 'http://www.ulisses-regelwiki.de/index.php/Adaption.html', 177),
('Sonderfertigkeit', 2216, 'Blick in die Gedanken', 'http://www.ulisses-regelwiki.de/index.php/Adaption.html', 177),
('Sonderfertigkeit', 2217, 'Blindheit', 'http://www.ulisses-regelwiki.de/index.php/Adaption.html', 177),
('Sonderfertigkeit', 2218, 'Blitz dich find', 'http://www.ulisses-regelwiki.de/index.php/Adaption.html', 177),
('Sonderfertigkeit', 2219, 'Chamaelioni', 'http://www.ulisses-regelwiki.de/index.php/Adaption.html', 177),
('Sonderfertigkeit', 2220, 'Claudibus', 'http://www.ulisses-regelwiki.de/index.php/Adaption.html', 177),
('Sonderfertigkeit', 2221, 'Corpofesso', 'http://www.ulisses-regelwiki.de/index.php/Adaption.html', 177),
('Sonderfertigkeit', 2222, 'Corpofrigo', 'http://www.ulisses-regelwiki.de/index.php/Adaption.html', 177),
('Sonderfertigkeit', 2223, 'Dämonenbann', 'http://www.ulisses-regelwiki.de/index.php/Adaption.html', 177),
('Sonderfertigkeit', 2224, 'Dämonenschild', 'http://www.ulisses-regelwiki.de/index.php/Adaption.html', 177),
('Sonderfertigkeit', 2225, 'Debilitatio', 'http://www.ulisses-regelwiki.de/index.php/Adaption.html', 177),
('Sonderfertigkeit', 2226, 'Desintegratus', 'http://www.ulisses-regelwiki.de/index.php/Adaption.html', 177),
('Sonderfertigkeit', 2227, 'Disruptivo', 'http://www.ulisses-regelwiki.de/index.php/Adaption.html', 177),
('Sonderfertigkeit', 2228, 'Dunkelheit', 'http://www.ulisses-regelwiki.de/index.php/Adaption.html', 177),
('Sonderfertigkeit', 2229, 'Duplicatus', 'http://www.ulisses-regelwiki.de/index.php/Adaption.html', 177),
('Sonderfertigkeit', 2230, 'Ecliptifactus', 'http://www.ulisses-regelwiki.de/index.php/Adaption.html', 177),
('Sonderfertigkeit', 2231, 'Einflussbann', 'http://www.ulisses-regelwiki.de/index.php/Adaption.html', 177),
('Sonderfertigkeit', 2232, 'Eigne Ängste', 'http://www.ulisses-regelwiki.de/index.php/Adaption.html', 177),
('Sonderfertigkeit', 2233, 'Eisenrost', 'http://www.ulisses-regelwiki.de/index.php/Adaption.html', 177),
('Sonderfertigkeit', 2234, 'Elementarbann', 'http://www.ulisses-regelwiki.de/index.php/Adaption.html', 177),
('Sonderfertigkeit', 2235, 'Elfenstimme', 'http://www.ulisses-regelwiki.de/index.php/Adaption.html', 177),
('Sonderfertigkeit', 2236, 'Erinnerung verlasse dich', 'http://www.ulisses-regelwiki.de/index.php/Adaption.html', 177),
('Sonderfertigkeit', 2237, 'Exposami', 'http://www.ulisses-regelwiki.de/index.php/Adaption.html', 177),
('Sonderfertigkeit', 2238, 'Falkenauge', 'http://www.ulisses-regelwiki.de/index.php/Adaption.html', 177),
('Sonderfertigkeit', 2239, 'Favilludo', 'http://www.ulisses-regelwiki.de/index.php/Adaption.html', 177),
('Sonderfertigkeit', 2240, 'Firnlauf', 'http://www.ulisses-regelwiki.de/index.php/Adaption.html', 177),
('Sonderfertigkeit', 2241, 'Fischflosse', 'http://www.ulisses-regelwiki.de/index.php/Adaption.html', 177),
('Sonderfertigkeit', 2242, 'Flim Flam', 'http://www.ulisses-regelwiki.de/index.php/Adaption.html', 177),
('Sonderfertigkeit', 2243, 'Foramen', 'http://www.ulisses-regelwiki.de/index.php/Adaption.html', 177),
('Sonderfertigkeit', 2244, 'Fortifex', 'http://www.ulisses-regelwiki.de/index.php/Adaption.html', 177),
('Sonderfertigkeit', 2245, 'Fulminictus', 'http://www.ulisses-regelwiki.de/index.php/Adaption.html', 177),
('Sonderfertigkeit', 2246, 'Gardianum', 'http://www.ulisses-regelwiki.de/index.php/Adaption.html', 177),
('Sonderfertigkeit', 2247, 'Gedankenbilder', 'http://www.ulisses-regelwiki.de/index.php/Adaption.html', 177),
('Sonderfertigkeit', 2248, 'Gefunden', 'http://www.ulisses-regelwiki.de/index.php/Adaption.html', 177),
('Sonderfertigkeit', 2249, 'Gletscherform', 'http://www.ulisses-regelwiki.de/index.php/Adaption.html', 177),
('Sonderfertigkeit', 2250, 'Große Gier', 'http://www.ulisses-regelwiki.de/index.php/Adaption.html', 177),
('Sonderfertigkeit', 2251, 'Große Verwirrung', 'http://www.ulisses-regelwiki.de/index.php/Adaption.html', 177),
('Sonderfertigkeit', 2252, 'Harmlose Gestalt', 'http://www.ulisses-regelwiki.de/index.php/Adaption.html', 177),
('Sonderfertigkeit', 2253, 'Haselbusch', 'http://www.ulisses-regelwiki.de/index.php/Adaption.html', 177),
('Sonderfertigkeit', 2254, 'Heilungsbann', 'http://www.ulisses-regelwiki.de/index.php/Adaption.html', 177),
('Sonderfertigkeit', 2255, 'Hellsichtbann', 'http://www.ulisses-regelwiki.de/index.php/Adaption.html', 177),
('Sonderfertigkeit', 2256, 'Herr über das Tierreich', 'http://www.ulisses-regelwiki.de/index.php/Adaption.html', 177),
('Sonderfertigkeit', 2257, 'Heptagramma', 'http://www.ulisses-regelwiki.de/index.php/Adaption.html', 177),
('Sonderfertigkeit', 2258, 'Herzschlag ruhe', 'http://www.ulisses-regelwiki.de/index.php/Adaption.html', 177),
('Sonderfertigkeit', 2259, 'Hexagramma', 'http://www.ulisses-regelwiki.de/index.php/Adaption.html', 177),
('Sonderfertigkeit', 2260, 'Hexenholz', 'http://www.ulisses-regelwiki.de/index.php/Adaption.html', 177),
('Sonderfertigkeit', 2261, 'Hexengalle', 'http://www.ulisses-regelwiki.de/index.php/Adaption.html', 177),
('Sonderfertigkeit', 2262, 'Hexenknoten', 'http://www.ulisses-regelwiki.de/index.php/Adaption.html', 177),
('Sonderfertigkeit', 2263, 'Hexenkrallen', 'http://www.ulisses-regelwiki.de/index.php/Adaption.html', 177),
('Sonderfertigkeit', 2264, 'Höllenpein', 'http://www.ulisses-regelwiki.de/index.php/Adaption.html', 177),
('Sonderfertigkeit', 2265, 'Horriphobus', 'http://www.ulisses-regelwiki.de/index.php/Adaption.html', 177),
('Sonderfertigkeit', 2266, 'Ignifaxius', 'http://www.ulisses-regelwiki.de/index.php/Adaption.html', 177),
('Sonderfertigkeit', 2267, 'Ignisphaero', 'http://www.ulisses-regelwiki.de/index.php/Adaption.html', 177),
('Sonderfertigkeit', 2268, 'Ignorantia', 'http://www.ulisses-regelwiki.de/index.php/Adaption.html', 177),
('Sonderfertigkeit', 2269, 'Illusionsbann', 'http://www.ulisses-regelwiki.de/index.php/Adaption.html', 177),
('Sonderfertigkeit', 2270, 'Imperavi', 'http://www.ulisses-regelwiki.de/index.php/Adaption.html', 177),
('Sonderfertigkeit', 2271, 'Impersona', 'http://www.ulisses-regelwiki.de/index.php/Adaption.html', 177),
('Sonderfertigkeit', 2272, 'Incendio', 'http://www.ulisses-regelwiki.de/index.php/Adaption.html', 177),
('Sonderfertigkeit', 2273, 'Invercano', 'http://www.ulisses-regelwiki.de/index.php/Adaption.html', 177),
('Sonderfertigkeit', 2274, 'Invocatio Minima', 'http://www.ulisses-regelwiki.de/index.php/Adaption.html', 177),
('Sonderfertigkeit', 2275, 'Karnifilo', 'http://www.ulisses-regelwiki.de/index.php/Adaption.html', 177),
('Sonderfertigkeit', 2276, 'Katzenaugen', 'http://www.ulisses-regelwiki.de/index.php/Adaption.html', 177),
('Sonderfertigkeit', 2277, 'Klarum Purum', 'http://www.ulisses-regelwiki.de/index.php/Adaption.html', 177),
('Sonderfertigkeit', 2278, 'Krötensprung', 'http://www.ulisses-regelwiki.de/index.php/Adaption.html', 177),
('Sonderfertigkeit', 2279, 'Kusch', 'http://www.ulisses-regelwiki.de/index.php/Adaption.html', 177),
('Sonderfertigkeit', 2280, 'Last des Alters', 'http://www.ulisses-regelwiki.de/index.php/Adaption.html', 177),
('Sonderfertigkeit', 2281, 'Lunge des Leviatan', 'http://www.ulisses-regelwiki.de/index.php/Adaption.html', 177),
('Sonderfertigkeit', 2282, 'Manifesto', 'http://www.ulisses-regelwiki.de/index.php/Adaption.html', 177),
('Sonderfertigkeit', 2283, 'Manus Illusionis', 'http://www.ulisses-regelwiki.de/index.php/Adaption.html', 177),
('Sonderfertigkeit', 2284, 'Manus Miracula', 'http://www.ulisses-regelwiki.de/index.php/Adaption.html', 177),
('Sonderfertigkeit', 2285, 'Memorans', 'http://www.ulisses-regelwiki.de/index.php/Adaption.html', 177),
('Sonderfertigkeit', 2286, 'Menetekel', 'http://www.ulisses-regelwiki.de/index.php/Adaption.html', 177),
('Sonderfertigkeit', 2287, 'Motoricus', 'http://www.ulisses-regelwiki.de/index.php/Adaption.html', 177),
('Sonderfertigkeit', 2288, 'Nebelwand', 'http://www.ulisses-regelwiki.de/index.php/Adaption.html', 177),
('Sonderfertigkeit', 2289, 'Nuntiovolo', 'http://www.ulisses-regelwiki.de/index.php/Adaption.html', 177),
('Sonderfertigkeit', 2290, 'Objectobscuro', 'http://www.ulisses-regelwiki.de/index.php/Adaption.html', 177),
('Sonderfertigkeit', 2291, 'Objectofixo', 'http://www.ulisses-regelwiki.de/index.php/Adaption.html', 177),
('Sonderfertigkeit', 2292, 'Objektbann', 'http://www.ulisses-regelwiki.de/index.php/Adaption.html', 177),
('Sonderfertigkeit', 2293, 'Oculus Astralis', 'http://www.ulisses-regelwiki.de/index.php/Adaption.html', 177),
('Sonderfertigkeit', 2294, 'Oculus Illusionis', 'http://www.ulisses-regelwiki.de/index.php/Adaption.html', 177),
('Sonderfertigkeit', 2295, 'Odem Arcanum', 'http://www.ulisses-regelwiki.de/index.php/Adaption.html', 177),
('Sonderfertigkeit', 2296, 'Orcanofaxius', 'http://www.ulisses-regelwiki.de/index.php/Adaption.html', 177),
('Sonderfertigkeit', 2297, 'Orcanosphaero', 'http://www.ulisses-regelwiki.de/index.php/Adaption.html', 177),
('Sonderfertigkeit', 2298, 'Paralysis', 'http://www.ulisses-regelwiki.de/index.php/Adaption.html', 177),
('Sonderfertigkeit', 2299, 'Penetrizzel', 'http://www.ulisses-regelwiki.de/index.php/Adaption.html', 177),
('Sonderfertigkeit', 2300, 'Pentagramma', 'http://www.ulisses-regelwiki.de/index.php/Adaption.html', 177),
('Sonderfertigkeit', 2301, 'Pestilenz erspüren', 'http://www.ulisses-regelwiki.de/index.php/Adaption.html', 177),
('Sonderfertigkeit', 2302, 'Physiostabilis', 'http://www.ulisses-regelwiki.de/index.php/Adaption.html', 177),
('Sonderfertigkeit', 2303, 'Plumbumbarum', 'http://www.ulisses-regelwiki.de/index.php/Adaption.html', 177),
('Sonderfertigkeit', 2304, 'Projectimago', 'http://www.ulisses-regelwiki.de/index.php/Adaption.html', 177),
('Sonderfertigkeit', 2305, 'Psychostabilis', 'http://www.ulisses-regelwiki.de/index.php/Adaption.html', 177),
('Sonderfertigkeit', 2306, 'Radau', 'http://www.ulisses-regelwiki.de/index.php/Adaption.html', 177);
INSERT INTO `property` (`type`, `id`, `name`, `wiki_url`, `subcategory_of_id`) VALUES
('Sonderfertigkeit', 2307, 'Reflectimago', 'http://www.ulisses-regelwiki.de/index.php/Adaption.html', 177),
('Sonderfertigkeit', 2308, 'Regeneratio', 'http://www.ulisses-regelwiki.de/index.php/Adaption.html', 177),
('Sonderfertigkeit', 2309, 'Respondami', 'http://www.ulisses-regelwiki.de/index.php/Adaption.html', 177),
('Sonderfertigkeit', 2310, 'Salander', 'http://www.ulisses-regelwiki.de/index.php/Adaption.html', 177),
('Sonderfertigkeit', 2311, 'Sanftmut', 'http://www.ulisses-regelwiki.de/index.php/Adaption.html', 177),
('Sonderfertigkeit', 2312, 'Sapefacta', 'http://www.ulisses-regelwiki.de/index.php/Adaption.html', 177),
('Sonderfertigkeit', 2313, 'Satuarias Herrlichkeit', 'http://www.ulisses-regelwiki.de/index.php/Adaption.html', 177),
('Sonderfertigkeit', 2314, 'Schlangenruf', 'http://www.ulisses-regelwiki.de/index.php/Adaption.html', 177),
('Sonderfertigkeit', 2315, 'Schmerzen lindern', 'http://www.ulisses-regelwiki.de/index.php/Adaption.html', 177),
('Sonderfertigkeit', 2316, 'Schwarzer Schrecken', 'http://www.ulisses-regelwiki.de/index.php/Adaption.html', 177),
('Sonderfertigkeit', 2317, 'Schwarz und Rot', 'http://www.ulisses-regelwiki.de/index.php/Adaption.html', 177),
('Sonderfertigkeit', 2318, 'Sensibar', 'http://www.ulisses-regelwiki.de/index.php/Adaption.html', 177),
('Sonderfertigkeit', 2319, 'Silentium', 'http://www.ulisses-regelwiki.de/index.php/Adaption.html', 177),
('Sonderfertigkeit', 2320, 'Skelettarius', 'http://www.ulisses-regelwiki.de/index.php/Adaption.html', 177),
('Sonderfertigkeit', 2321, 'Zaubererweiterungen', 'http://www.ulisses-regelwiki.de/index.php/Adaption.html', 177),
('Sonderfertigkeit', 2322, 'Somnigravis', 'http://www.ulisses-regelwiki.de/index.php/Adaption.html', 177),
('Sonderfertigkeit', 2323, 'Spinnenlauf', 'http://www.ulisses-regelwiki.de/index.php/Adaption.html', 177),
('Sonderfertigkeit', 2324, 'Spurlos', 'http://www.ulisses-regelwiki.de/index.php/Adaption.html', 177),
('Sonderfertigkeit', 2325, 'Stillstand', 'http://www.ulisses-regelwiki.de/index.php/Adaption.html', 177),
('Sonderfertigkeit', 2326, 'Sumus Elixiere', 'http://www.ulisses-regelwiki.de/index.php/Adaption.html', 177),
('Sonderfertigkeit', 2327, 'Taubheit', 'http://www.ulisses-regelwiki.de/index.php/Adaption.html', 177),
('Sonderfertigkeit', 2328, 'Telekinesebann', 'http://www.ulisses-regelwiki.de/index.php/Adaption.html', 177),
('Sonderfertigkeit', 2329, 'Tiergedanken', 'http://www.ulisses-regelwiki.de/index.php/Adaption.html', 177),
('Sonderfertigkeit', 2330, 'Transversalis', 'http://www.ulisses-regelwiki.de/index.php/Adaption.html', 177),
('Sonderfertigkeit', 2331, 'Verwandlungsbann', 'http://www.ulisses-regelwiki.de/index.php/Adaption.html', 177),
('Sonderfertigkeit', 2332, 'Vipernblick', 'http://www.ulisses-regelwiki.de/index.php/Adaption.html', 177),
('Sonderfertigkeit', 2333, 'Visibili', 'http://www.ulisses-regelwiki.de/index.php/Adaption.html', 177),
('Sonderfertigkeit', 2334, 'Vogelzwitschern', 'http://www.ulisses-regelwiki.de/index.php/Adaption.html', 177),
('Sonderfertigkeit', 2335, 'Wasseratem', 'http://www.ulisses-regelwiki.de/index.php/Adaption.html', 177),
('Sonderfertigkeit', 2336, 'Wolfstatze', 'http://www.ulisses-regelwiki.de/index.php/Adaption.html', 177),
('Sonderfertigkeit', 2337, 'Zunge betäuben', 'http://www.ulisses-regelwiki.de/index.php/Adaption.html', 177),
('Sonderfertigkeit', 2338, 'Zwingtanz', 'http://www.ulisses-regelwiki.de/index.php/Adaption.html', 177),
('Sonderfertigkeit', 2339, 'Ablativum', 'http://www.ulisses-regelwiki.de/index.php/Lieblingszauber.html', 201),
('Sonderfertigkeit', 2340, 'Abvenenum', 'http://www.ulisses-regelwiki.de/index.php/Lieblingszauber.html', 201),
('Sonderfertigkeit', 2341, 'Adlerauge', 'http://www.ulisses-regelwiki.de/index.php/Lieblingszauber.html', 201),
('Sonderfertigkeit', 2342, 'Adlerschwinge', 'http://www.ulisses-regelwiki.de/index.php/Lieblingszauber.html', 201),
('Sonderfertigkeit', 2343, 'Aeolito', 'http://www.ulisses-regelwiki.de/index.php/Lieblingszauber.html', 201),
('Sonderfertigkeit', 2344, 'Alpgestalt', 'http://www.ulisses-regelwiki.de/index.php/Lieblingszauber.html', 201),
('Sonderfertigkeit', 2345, 'Altisonus', 'http://www.ulisses-regelwiki.de/index.php/Lieblingszauber.html', 201),
('Sonderfertigkeit', 2346, 'Analys Arkanstruktur', 'http://www.ulisses-regelwiki.de/index.php/Lieblingszauber.html', 201),
('Sonderfertigkeit', 2347, 'Angst auslösen', 'http://www.ulisses-regelwiki.de/index.php/Lieblingszauber.html', 201),
('Sonderfertigkeit', 2348, 'Ängste lindern', 'http://www.ulisses-regelwiki.de/index.php/Lieblingszauber.html', 201),
('Sonderfertigkeit', 2349, 'Archofaxius', 'http://www.ulisses-regelwiki.de/index.php/Lieblingszauber.html', 201),
('Sonderfertigkeit', 2350, 'Archosphaero', 'http://www.ulisses-regelwiki.de/index.php/Lieblingszauber.html', 201),
('Sonderfertigkeit', 2351, 'Aromatis Illusionis', 'http://www.ulisses-regelwiki.de/index.php/Lieblingszauber.html', 201),
('Sonderfertigkeit', 2352, 'Armatrutz', 'http://www.ulisses-regelwiki.de/index.php/Lieblingszauber.html', 201),
('Sonderfertigkeit', 2353, 'Atemnot', 'http://www.ulisses-regelwiki.de/index.php/Lieblingszauber.html', 201),
('Sonderfertigkeit', 2354, 'Attributo (Charisma)', 'http://www.ulisses-regelwiki.de/index.php/Lieblingszauber.html', 201),
('Sonderfertigkeit', 2355, 'Attributo (Fingerfertigkeit)', 'http://www.ulisses-regelwiki.de/index.php/Lieblingszauber.html', 201),
('Sonderfertigkeit', 2356, 'Attributo (Klugheit)', 'http://www.ulisses-regelwiki.de/index.php/Lieblingszauber.html', 201),
('Sonderfertigkeit', 2357, 'Attributo (Körperkraft)', 'http://www.ulisses-regelwiki.de/index.php/Lieblingszauber.html', 201),
('Sonderfertigkeit', 2358, 'Aufwecken', 'http://www.ulisses-regelwiki.de/index.php/Lieblingszauber.html', 201),
('Sonderfertigkeit', 2359, 'Auge des Limbus', 'http://www.ulisses-regelwiki.de/index.php/Lieblingszauber.html', 201),
('Sonderfertigkeit', 2360, 'Aureolus', 'http://www.ulisses-regelwiki.de/index.php/Lieblingszauber.html', 201),
('Sonderfertigkeit', 2361, 'Auris Illusionis', 'http://www.ulisses-regelwiki.de/index.php/Lieblingszauber.html', 201),
('Sonderfertigkeit', 2362, 'Axxeleratus', 'http://www.ulisses-regelwiki.de/index.php/Lieblingszauber.html', 201),
('Sonderfertigkeit', 2363, 'Balsam Salabunde', 'http://www.ulisses-regelwiki.de/index.php/Lieblingszauber.html', 201),
('Sonderfertigkeit', 2364, 'Bannbaladin', 'http://www.ulisses-regelwiki.de/index.php/Lieblingszauber.html', 201),
('Sonderfertigkeit', 2365, 'Band und Fessel', 'http://www.ulisses-regelwiki.de/index.php/Lieblingszauber.html', 201),
('Sonderfertigkeit', 2366, 'Blick aufs Wesen', 'http://www.ulisses-regelwiki.de/index.php/Lieblingszauber.html', 201),
('Sonderfertigkeit', 2367, 'Blick in die Gedanken', 'http://www.ulisses-regelwiki.de/index.php/Lieblingszauber.html', 201),
('Sonderfertigkeit', 2368, 'Blindheit', 'http://www.ulisses-regelwiki.de/index.php/Lieblingszauber.html', 201),
('Sonderfertigkeit', 2369, 'Blitz dich find', 'http://www.ulisses-regelwiki.de/index.php/Lieblingszauber.html', 201),
('Sonderfertigkeit', 2370, 'Chamaelioni', 'http://www.ulisses-regelwiki.de/index.php/Lieblingszauber.html', 201),
('Sonderfertigkeit', 2371, 'Claudibus', 'http://www.ulisses-regelwiki.de/index.php/Lieblingszauber.html', 201),
('Sonderfertigkeit', 2372, 'Corpofesso', 'http://www.ulisses-regelwiki.de/index.php/Lieblingszauber.html', 201),
('Sonderfertigkeit', 2373, 'Corpofrigo', 'http://www.ulisses-regelwiki.de/index.php/Lieblingszauber.html', 201),
('Sonderfertigkeit', 2374, 'Dämonenbann', 'http://www.ulisses-regelwiki.de/index.php/Lieblingszauber.html', 201),
('Sonderfertigkeit', 2375, 'Dämonenschild', 'http://www.ulisses-regelwiki.de/index.php/Lieblingszauber.html', 201),
('Sonderfertigkeit', 2376, 'Debilitatio', 'http://www.ulisses-regelwiki.de/index.php/Lieblingszauber.html', 201),
('Sonderfertigkeit', 2377, 'Desintegratus', 'http://www.ulisses-regelwiki.de/index.php/Lieblingszauber.html', 201),
('Sonderfertigkeit', 2378, 'Disruptivo', 'http://www.ulisses-regelwiki.de/index.php/Lieblingszauber.html', 201),
('Sonderfertigkeit', 2379, 'Dunkelheit', 'http://www.ulisses-regelwiki.de/index.php/Lieblingszauber.html', 201),
('Sonderfertigkeit', 2380, 'Duplicatus', 'http://www.ulisses-regelwiki.de/index.php/Lieblingszauber.html', 201),
('Sonderfertigkeit', 2381, 'Ecliptifactus', 'http://www.ulisses-regelwiki.de/index.php/Lieblingszauber.html', 201),
('Sonderfertigkeit', 2382, 'Einflussbann', 'http://www.ulisses-regelwiki.de/index.php/Lieblingszauber.html', 201),
('Sonderfertigkeit', 2383, 'Eigne Ängste', 'http://www.ulisses-regelwiki.de/index.php/Lieblingszauber.html', 201),
('Sonderfertigkeit', 2384, 'Eisenrost', 'http://www.ulisses-regelwiki.de/index.php/Lieblingszauber.html', 201),
('Sonderfertigkeit', 2385, 'Elementarbann', 'http://www.ulisses-regelwiki.de/index.php/Lieblingszauber.html', 201),
('Sonderfertigkeit', 2386, 'Elfenstimme', 'http://www.ulisses-regelwiki.de/index.php/Lieblingszauber.html', 201),
('Sonderfertigkeit', 2387, 'Erinnerung verlasse dich', 'http://www.ulisses-regelwiki.de/index.php/Lieblingszauber.html', 201),
('Sonderfertigkeit', 2388, 'Exposami', 'http://www.ulisses-regelwiki.de/index.php/Lieblingszauber.html', 201),
('Sonderfertigkeit', 2389, 'Falkenauge', 'http://www.ulisses-regelwiki.de/index.php/Lieblingszauber.html', 201),
('Sonderfertigkeit', 2390, 'Favilludo', 'http://www.ulisses-regelwiki.de/index.php/Lieblingszauber.html', 201),
('Sonderfertigkeit', 2391, 'Firnlauf', 'http://www.ulisses-regelwiki.de/index.php/Lieblingszauber.html', 201),
('Sonderfertigkeit', 2392, 'Fischflosse', 'http://www.ulisses-regelwiki.de/index.php/Lieblingszauber.html', 201),
('Sonderfertigkeit', 2393, 'Flim Flam', 'http://www.ulisses-regelwiki.de/index.php/Lieblingszauber.html', 201),
('Sonderfertigkeit', 2394, 'Foramen', 'http://www.ulisses-regelwiki.de/index.php/Lieblingszauber.html', 201),
('Sonderfertigkeit', 2395, 'Fortifex', 'http://www.ulisses-regelwiki.de/index.php/Lieblingszauber.html', 201),
('Sonderfertigkeit', 2396, 'Fulminictus', 'http://www.ulisses-regelwiki.de/index.php/Lieblingszauber.html', 201),
('Sonderfertigkeit', 2397, 'Gardianum', 'http://www.ulisses-regelwiki.de/index.php/Lieblingszauber.html', 201),
('Sonderfertigkeit', 2398, 'Gedankenbilder', 'http://www.ulisses-regelwiki.de/index.php/Lieblingszauber.html', 201),
('Sonderfertigkeit', 2399, 'Gefunden', 'http://www.ulisses-regelwiki.de/index.php/Lieblingszauber.html', 201),
('Sonderfertigkeit', 2400, 'Gletscherform', 'http://www.ulisses-regelwiki.de/index.php/Lieblingszauber.html', 201),
('Sonderfertigkeit', 2401, 'Große Gier', 'http://www.ulisses-regelwiki.de/index.php/Lieblingszauber.html', 201),
('Sonderfertigkeit', 2402, 'Große Verwirrung', 'http://www.ulisses-regelwiki.de/index.php/Lieblingszauber.html', 201),
('Sonderfertigkeit', 2403, 'Harmlose Gestalt', 'http://www.ulisses-regelwiki.de/index.php/Lieblingszauber.html', 201),
('Sonderfertigkeit', 2404, 'Haselbusch', 'http://www.ulisses-regelwiki.de/index.php/Lieblingszauber.html', 201),
('Sonderfertigkeit', 2405, 'Heilungsbann', 'http://www.ulisses-regelwiki.de/index.php/Lieblingszauber.html', 201),
('Sonderfertigkeit', 2406, 'Hellsichtbann', 'http://www.ulisses-regelwiki.de/index.php/Lieblingszauber.html', 201),
('Sonderfertigkeit', 2407, 'Herr über das Tierreich', 'http://www.ulisses-regelwiki.de/index.php/Lieblingszauber.html', 201),
('Sonderfertigkeit', 2408, 'Heptagramma', 'http://www.ulisses-regelwiki.de/index.php/Lieblingszauber.html', 201),
('Sonderfertigkeit', 2409, 'Herzschlag ruhe', 'http://www.ulisses-regelwiki.de/index.php/Lieblingszauber.html', 201),
('Sonderfertigkeit', 2410, 'Hexagramma', 'http://www.ulisses-regelwiki.de/index.php/Lieblingszauber.html', 201),
('Sonderfertigkeit', 2411, 'Hexenholz', 'http://www.ulisses-regelwiki.de/index.php/Lieblingszauber.html', 201),
('Sonderfertigkeit', 2412, 'Hexengalle', 'http://www.ulisses-regelwiki.de/index.php/Lieblingszauber.html', 201),
('Sonderfertigkeit', 2413, 'Hexenknoten', 'http://www.ulisses-regelwiki.de/index.php/Lieblingszauber.html', 201),
('Sonderfertigkeit', 2414, 'Hexenkrallen', 'http://www.ulisses-regelwiki.de/index.php/Lieblingszauber.html', 201),
('Sonderfertigkeit', 2415, 'Höllenpein', 'http://www.ulisses-regelwiki.de/index.php/Lieblingszauber.html', 201),
('Sonderfertigkeit', 2416, 'Horriphobus', 'http://www.ulisses-regelwiki.de/index.php/Lieblingszauber.html', 201),
('Sonderfertigkeit', 2417, 'Ignifaxius', 'http://www.ulisses-regelwiki.de/index.php/Lieblingszauber.html', 201),
('Sonderfertigkeit', 2418, 'Ignisphaero', 'http://www.ulisses-regelwiki.de/index.php/Lieblingszauber.html', 201),
('Sonderfertigkeit', 2419, 'Ignorantia', 'http://www.ulisses-regelwiki.de/index.php/Lieblingszauber.html', 201),
('Sonderfertigkeit', 2420, 'Illusionsbann', 'http://www.ulisses-regelwiki.de/index.php/Lieblingszauber.html', 201),
('Sonderfertigkeit', 2421, 'Imperavi', 'http://www.ulisses-regelwiki.de/index.php/Lieblingszauber.html', 201),
('Sonderfertigkeit', 2422, 'Impersona', 'http://www.ulisses-regelwiki.de/index.php/Lieblingszauber.html', 201),
('Sonderfertigkeit', 2423, 'Incendio', 'http://www.ulisses-regelwiki.de/index.php/Lieblingszauber.html', 201),
('Sonderfertigkeit', 2424, 'Invercano', 'http://www.ulisses-regelwiki.de/index.php/Lieblingszauber.html', 201),
('Sonderfertigkeit', 2425, 'Invocatio Minima', 'http://www.ulisses-regelwiki.de/index.php/Lieblingszauber.html', 201),
('Sonderfertigkeit', 2426, 'Karnifilo', 'http://www.ulisses-regelwiki.de/index.php/Lieblingszauber.html', 201),
('Sonderfertigkeit', 2427, 'Katzenaugen', 'http://www.ulisses-regelwiki.de/index.php/Lieblingszauber.html', 201),
('Sonderfertigkeit', 2428, 'Klarum Purum', 'http://www.ulisses-regelwiki.de/index.php/Lieblingszauber.html', 201),
('Sonderfertigkeit', 2429, 'Krötensprung', 'http://www.ulisses-regelwiki.de/index.php/Lieblingszauber.html', 201),
('Sonderfertigkeit', 2430, 'Kusch', 'http://www.ulisses-regelwiki.de/index.php/Lieblingszauber.html', 201),
('Sonderfertigkeit', 2431, 'Last des Alters', 'http://www.ulisses-regelwiki.de/index.php/Lieblingszauber.html', 201),
('Sonderfertigkeit', 2432, 'Lunge des Leviatan', 'http://www.ulisses-regelwiki.de/index.php/Lieblingszauber.html', 201),
('Sonderfertigkeit', 2433, 'Manifesto', 'http://www.ulisses-regelwiki.de/index.php/Lieblingszauber.html', 201),
('Sonderfertigkeit', 2434, 'Manus Illusionis', 'http://www.ulisses-regelwiki.de/index.php/Lieblingszauber.html', 201),
('Sonderfertigkeit', 2435, 'Manus Miracula', 'http://www.ulisses-regelwiki.de/index.php/Lieblingszauber.html', 201),
('Sonderfertigkeit', 2436, 'Memorans', 'http://www.ulisses-regelwiki.de/index.php/Lieblingszauber.html', 201),
('Sonderfertigkeit', 2437, 'Menetekel', 'http://www.ulisses-regelwiki.de/index.php/Lieblingszauber.html', 201),
('Sonderfertigkeit', 2438, 'Motoricus', 'http://www.ulisses-regelwiki.de/index.php/Lieblingszauber.html', 201),
('Sonderfertigkeit', 2439, 'Nebelwand', 'http://www.ulisses-regelwiki.de/index.php/Lieblingszauber.html', 201),
('Sonderfertigkeit', 2440, 'Nuntiovolo', 'http://www.ulisses-regelwiki.de/index.php/Lieblingszauber.html', 201),
('Sonderfertigkeit', 2441, 'Objectobscuro', 'http://www.ulisses-regelwiki.de/index.php/Lieblingszauber.html', 201),
('Sonderfertigkeit', 2442, 'Objectofixo', 'http://www.ulisses-regelwiki.de/index.php/Lieblingszauber.html', 201),
('Sonderfertigkeit', 2443, 'Objektbann', 'http://www.ulisses-regelwiki.de/index.php/Lieblingszauber.html', 201),
('Sonderfertigkeit', 2444, 'Oculus Astralis', 'http://www.ulisses-regelwiki.de/index.php/Lieblingszauber.html', 201),
('Sonderfertigkeit', 2445, 'Oculus Illusionis', 'http://www.ulisses-regelwiki.de/index.php/Lieblingszauber.html', 201),
('Sonderfertigkeit', 2446, 'Odem Arcanum', 'http://www.ulisses-regelwiki.de/index.php/Lieblingszauber.html', 201),
('Sonderfertigkeit', 2447, 'Orcanofaxius', 'http://www.ulisses-regelwiki.de/index.php/Lieblingszauber.html', 201),
('Sonderfertigkeit', 2448, 'Orcanosphaero', 'http://www.ulisses-regelwiki.de/index.php/Lieblingszauber.html', 201),
('Sonderfertigkeit', 2449, 'Paralysis', 'http://www.ulisses-regelwiki.de/index.php/Lieblingszauber.html', 201),
('Sonderfertigkeit', 2450, 'Penetrizzel', 'http://www.ulisses-regelwiki.de/index.php/Lieblingszauber.html', 201),
('Sonderfertigkeit', 2451, 'Pentagramma', 'http://www.ulisses-regelwiki.de/index.php/Lieblingszauber.html', 201),
('Sonderfertigkeit', 2452, 'Pestilenz erspüren', 'http://www.ulisses-regelwiki.de/index.php/Lieblingszauber.html', 201),
('Sonderfertigkeit', 2453, 'Physiostabilis', 'http://www.ulisses-regelwiki.de/index.php/Lieblingszauber.html', 201),
('Sonderfertigkeit', 2454, 'Plumbumbarum', 'http://www.ulisses-regelwiki.de/index.php/Lieblingszauber.html', 201),
('Sonderfertigkeit', 2455, 'Projectimago', 'http://www.ulisses-regelwiki.de/index.php/Lieblingszauber.html', 201),
('Sonderfertigkeit', 2456, 'Psychostabilis', 'http://www.ulisses-regelwiki.de/index.php/Lieblingszauber.html', 201),
('Sonderfertigkeit', 2457, 'Radau', 'http://www.ulisses-regelwiki.de/index.php/Lieblingszauber.html', 201),
('Sonderfertigkeit', 2458, 'Reflectimago', 'http://www.ulisses-regelwiki.de/index.php/Lieblingszauber.html', 201),
('Sonderfertigkeit', 2459, 'Regeneratio', 'http://www.ulisses-regelwiki.de/index.php/Lieblingszauber.html', 201),
('Sonderfertigkeit', 2460, 'Respondami', 'http://www.ulisses-regelwiki.de/index.php/Lieblingszauber.html', 201),
('Sonderfertigkeit', 2461, 'Salander', 'http://www.ulisses-regelwiki.de/index.php/Lieblingszauber.html', 201),
('Sonderfertigkeit', 2462, 'Sanftmut', 'http://www.ulisses-regelwiki.de/index.php/Lieblingszauber.html', 201),
('Sonderfertigkeit', 2463, 'Sapefacta', 'http://www.ulisses-regelwiki.de/index.php/Lieblingszauber.html', 201),
('Sonderfertigkeit', 2464, 'Satuarias Herrlichkeit', 'http://www.ulisses-regelwiki.de/index.php/Lieblingszauber.html', 201),
('Sonderfertigkeit', 2465, 'Schlangenruf', 'http://www.ulisses-regelwiki.de/index.php/Lieblingszauber.html', 201),
('Sonderfertigkeit', 2466, 'Schmerzen lindern', 'http://www.ulisses-regelwiki.de/index.php/Lieblingszauber.html', 201),
('Sonderfertigkeit', 2467, 'Schwarzer Schrecken', 'http://www.ulisses-regelwiki.de/index.php/Lieblingszauber.html', 201),
('Sonderfertigkeit', 2468, 'Schwarz und Rot', 'http://www.ulisses-regelwiki.de/index.php/Lieblingszauber.html', 201),
('Sonderfertigkeit', 2469, 'Sensibar', 'http://www.ulisses-regelwiki.de/index.php/Lieblingszauber.html', 201),
('Sonderfertigkeit', 2470, 'Silentium', 'http://www.ulisses-regelwiki.de/index.php/Lieblingszauber.html', 201),
('Sonderfertigkeit', 2471, 'Skelettarius', 'http://www.ulisses-regelwiki.de/index.php/Lieblingszauber.html', 201),
('Sonderfertigkeit', 2472, 'Zaubererweiterungen', 'http://www.ulisses-regelwiki.de/index.php/Lieblingszauber.html', 201),
('Sonderfertigkeit', 2473, 'Somnigravis', 'http://www.ulisses-regelwiki.de/index.php/Lieblingszauber.html', 201),
('Sonderfertigkeit', 2474, 'Spinnenlauf', 'http://www.ulisses-regelwiki.de/index.php/Lieblingszauber.html', 201),
('Sonderfertigkeit', 2475, 'Spurlos', 'http://www.ulisses-regelwiki.de/index.php/Lieblingszauber.html', 201),
('Sonderfertigkeit', 2476, 'Stillstand', 'http://www.ulisses-regelwiki.de/index.php/Lieblingszauber.html', 201),
('Sonderfertigkeit', 2477, 'Sumus Elixiere', 'http://www.ulisses-regelwiki.de/index.php/Lieblingszauber.html', 201),
('Sonderfertigkeit', 2478, 'Taubheit', 'http://www.ulisses-regelwiki.de/index.php/Lieblingszauber.html', 201),
('Sonderfertigkeit', 2479, 'Telekinesebann', 'http://www.ulisses-regelwiki.de/index.php/Lieblingszauber.html', 201),
('Sonderfertigkeit', 2480, 'Tiergedanken', 'http://www.ulisses-regelwiki.de/index.php/Lieblingszauber.html', 201),
('Sonderfertigkeit', 2481, 'Transversalis', 'http://www.ulisses-regelwiki.de/index.php/Lieblingszauber.html', 201),
('Sonderfertigkeit', 2482, 'Verwandlungsbann', 'http://www.ulisses-regelwiki.de/index.php/Lieblingszauber.html', 201),
('Sonderfertigkeit', 2483, 'Vipernblick', 'http://www.ulisses-regelwiki.de/index.php/Lieblingszauber.html', 201),
('Sonderfertigkeit', 2484, 'Visibili', 'http://www.ulisses-regelwiki.de/index.php/Lieblingszauber.html', 201),
('Sonderfertigkeit', 2485, 'Vogelzwitschern', 'http://www.ulisses-regelwiki.de/index.php/Lieblingszauber.html', 201),
('Sonderfertigkeit', 2486, 'Wasseratem', 'http://www.ulisses-regelwiki.de/index.php/Lieblingszauber.html', 201),
('Sonderfertigkeit', 2487, 'Wolfstatze', 'http://www.ulisses-regelwiki.de/index.php/Lieblingszauber.html', 201),
('Sonderfertigkeit', 2488, 'Zunge betäuben', 'http://www.ulisses-regelwiki.de/index.php/Lieblingszauber.html', 201),
('Sonderfertigkeit', 2489, 'Zwingtanz', 'http://www.ulisses-regelwiki.de/index.php/Lieblingszauber.html', 201);

--
-- Daten für Tabelle `property_publication`
--

INSERT INTO `property_publication` (`property_id`, `publication_id`) VALUES
(72, 1),
(73, 2),
(74, 1),
(75, 3),
(76, 4),
(77, 5),
(77, 3),
(78, 1),
(79, 6),
(80, 6),
(81, 6),
(82, 6),
(83, 6),
(84, 5),
(84, 3),
(85, 6),
(86, 7),
(87, 7),
(88, 7),
(89, 7),
(90, 7),
(91, 8),
(92, 8),
(93, 8),
(94, 8),
(95, 9),
(96, 10),
(97, 10),
(98, 10),
(99, 10),
(100, 10),
(101, 10),
(102, 11),
(103, 11),
(104, 11),
(105, 9),
(106, 12),
(107, 12),
(108, 12),
(109, 12),
(110, 13),
(111, 13),
(112, 13),
(113, 13),
(114, 14),
(115, 15),
(116, 16),
(116, 14),
(117, 9),
(117, 14),
(118, 13),
(119, 17),
(120, 18),
(120, 14),
(121, 17),
(122, 17),
(123, 17),
(124, 17),
(125, 19),
(126, 19),
(127, 19),
(128, 19),
(129, 20),
(130, 20),
(131, 19),
(133, 21),
(134, 22),
(135, 23),
(136, 21),
(137, 21),
(140, 21),
(141, 21),
(146, 23),
(147, 24),
(148, 25),
(150, 26),
(155, 27),
(156, 28),
(157, 28),
(158, 28),
(159, 28),
(160, 28),
(161, 28),
(162, 28),
(163, 28),
(164, 28),
(165, 29),
(166, 29),
(167, 29),
(168, 29),
(169, 30),
(170, 31),
(171, 32),
(172, 33),
(173, 33),
(174, 34),
(175, 34),
(176, 35),
(179, 35),
(181, 36),
(182, 37),
(192, 37),
(197, 37),
(199, 37),
(205, 37),
(206, 38),
(213, 39),
(215, 38),
(216, 39),
(218, 37),
(219, 40),
(220, 41),
(221, 42),
(222, 43),
(223, 44),
(224, 45),
(225, 39),
(226, 46),
(228, 38),
(235, 39),
(236, 47),
(237, 47),
(238, 47),
(239, 48),
(240, 49),
(241, 50),
(242, 50),
(243, 50),
(244, 51),
(245, 52),
(246, 53),
(247, 49),
(248, 52),
(249, 54),
(250, 52),
(251, 52),
(252, 35),
(252, 55),
(253, 52),
(254, 56),
(255, 4),
(256, 56),
(259, 4),
(260, 56),
(261, 56),
(262, 56),
(263, 4),
(264, 56),
(324, 56),
(384, 56),
(444, 4),
(445, 57),
(446, 4),
(447, 57),
(448, 4),
(449, 57),
(450, 57),
(451, 57),
(452, 4),
(453, 58),
(454, 57),
(455, 57),
(456, 59),
(457, 58),
(458, 60),
(459, 60),
(460, 58),
(461, 61),
(466, 58),
(467, 60),
(468, 58),
(469, 58),
(470, 58),
(471, 62),
(472, 62),
(473, 62),
(474, 63),
(475, 62),
(476, 60),
(477, 60),
(478, 62),
(479, 59),
(480, 64),
(481, 64),
(482, 64),
(483, 64),
(484, 60),
(485, 64),
(486, 65),
(487, 65),
(488, 65),
(489, 60),
(490, 65),
(491, 66),
(492, 65),
(493, 66),
(494, 67),
(495, 66),
(496, 67),
(497, 66),
(498, 66),
(499, 67),
(500, 67),
(501, 67),
(502, 66),
(506, 67),
(507, 67),
(508, 68),
(509, 68),
(510, 69),
(511, 69),
(512, 69),
(513, 69),
(514, 68),
(515, 68),
(516, 70),
(517, 70),
(518, 70),
(519, 70),
(520, 71),
(521, 71),
(522, 72),
(523, 72),
(524, 72),
(525, 72),
(526, 38),
(527, 73),
(528, 73),
(529, 73),
(530, 73),
(531, 74),
(532, 75),
(533, 75),
(534, 75),
(535, 75),
(536, 76),
(537, 76),
(538, 76),
(539, 76),
(540, 76),
(541, 76),
(542, 76),
(543, 77),
(544, 77),
(545, 77),
(546, 77),
(547, 78),
(548, 78),
(549, 78),
(550, 78),
(551, 78),
(552, 78),
(553, 79),
(554, 79),
(555, 79),
(556, 71),
(557, 71),
(558, 71),
(559, 40),
(560, 40),
(561, 36),
(562, 36),
(563, 36),
(564, 36),
(600, 80),
(601, 80),
(602, 80),
(603, 80),
(604, 80),
(605, 81),
(606, 81),
(607, 81),
(608, 81),
(609, 81),
(610, 81),
(611, 81),
(612, 81),
(613, 81),
(614, 81),
(615, 82),
(616, 82),
(619, 83),
(620, 82),
(621, 83),
(624, 83),
(627, 82),
(628, 84),
(629, 84),
(630, 82),
(631, 85),
(632, 85),
(635, 86),
(636, 84),
(637, 85),
(640, 84),
(641, 84),
(642, 85),
(643, 84),
(647, 85),
(648, 87),
(649, 88),
(650, 88),
(651, 87),
(652, 87),
(653, 88),
(657, 87),
(658, 88),
(659, 89),
(660, 88),
(661, 88),
(662, 89),
(663, 89),
(664, 89),
(665, 89),
(666, 88),
(670, 88),
(674, 90),
(675, 90),
(678, 91),
(681, 90),
(682, 90),
(682, 91),
(683, 90),
(684, 91),
(685, 90),
(686, 92),
(687, 91),
(690, 92),
(694, 93),
(695, 92),
(696, 93),
(697, 92),
(698, 92),
(702, 92),
(703, 92),
(704, 93),
(705, 93),
(706, 94),
(707, 93),
(708, 93),
(709, 95),
(710, 95),
(711, 95),
(712, 95),
(713, 96),
(714, 96),
(715, 96),
(716, 96),
(717, 97),
(718, 97),
(719, 97),
(720, 97),
(721, 97),
(722, 74),
(723, 74),
(724, 74),
(725, 74),
(726, 98),
(727, 98),
(728, 98),
(729, 99),
(730, 99),
(731, 99),
(732, 99),
(733, 99),
(734, 99),
(735, 100),
(736, 100),
(737, 100),
(738, 101),
(739, 100),
(740, 101),
(741, 101),
(742, 101),
(743, 102),
(744, 100),
(745, 103),
(746, 104),
(747, 104),
(750, 105),
(751, 105),
(754, 106),
(755, 106),
(760, 106),
(766, 106),
(768, 106),
(773, 43),
(786, 107),
(787, 107),
(788, 107),
(789, 107),
(790, 107),
(791, 108),
(792, 108),
(793, 108),
(794, 108),
(795, 46),
(796, 46),
(797, 46),
(798, 46),
(799, 109),
(800, 109),
(801, 109),
(802, 109),
(803, 109),
(804, 109),
(805, 109),
(806, 109),
(807, 44),
(808, 110),
(809, 44),
(810, 110),
(811, 110),
(829, 111),
(830, 111),
(831, 111),
(832, 112),
(833, 112),
(834, 112),
(835, 112),
(836, 112),
(837, 112),
(838, 112),
(839, 112),
(840, 112),
(843, 113),
(848, 113),
(850, 114),
(854, 115),
(855, 114),
(859, 116),
(859, 117),
(864, 115),
(865, 115),
(866, 115),
(869, 118),
(871, 118),
(872, 117),
(873, 116),
(874, 118),
(875, 116),
(875, 117),
(880, 118),
(881, 116),
(882, 119),
(883, 116),
(885, 120),
(890, 121),
(890, 120),
(891, 122),
(893, 120),
(895, 122),
(896, 121),
(897, 123),
(898, 122),
(899, 122),
(902, 124),
(903, 122),
(904, 123),
(905, 125),
(909, 123),
(913, 126),
(914, 125),
(915, 126),
(916, 125),
(917, 126),
(917, 124),
(918, 127),
(919, 127),
(920, 126),
(927, 127),
(928, 124),
(929, 128),
(930, 129),
(931, 128),
(935, 128),
(937, 128),
(938, 129),
(940, 128),
(941, 130),
(947, 130),
(948, 130),
(951, 131),
(952, 131),
(954, 129),
(958, 131),
(959, 131),
(962, 132),
(963, 132),
(964, 132),
(966, 132),
(967, 129),
(969, 15),
(971, 133),
(972, 134),
(975, 134),
(976, 134),
(977, 135),
(978, 15),
(979, 133),
(983, 135),
(985, 133),
(986, 135),
(988, 21),
(990, 23),
(991, 23),
(992, 136),
(994, 73),
(995, 136),
(996, 73),
(999, 136),
(1002, 136),
(1003, 136),
(1007, 136),
(1009, 137),
(1012, 137),
(1013, 137),
(1015, 113),
(1018, 114),
(1019, 113),
(1023, 113),
(1025, 113),
(1026, 113),
(1028, 113),
(1030, 114),
(1033, 114),
(1035, 20),
(1036, 138),
(1037, 20),
(1038, 20),
(1039, 139),
(1040, 139),
(1041, 140),
(1042, 141),
(1046, 142),
(1047, 142),
(1048, 143),
(1049, 141),
(1050, 141),
(1051, 144),
(1052, 141),
(1335, 145),
(1336, 144),
(1337, 145),
(1340, 145),
(1341, 146),
(1342, 145),
(1343, 144),
(1344, 147),
(1345, 147),
(1346, 147),
(1347, 147),
(1348, 147),
(1351, 147),
(1355, 142),
(1358, 147),
(1361, 143),
(1362, 146),
(1363, 144),
(1364, 143),
(1365, 148),
(1648, 148),
(1668, 148),
(1669, 148),
(1670, 148),
(1678, 148),
(1686, 148),
(1694, 148),
(1695, 149),
(1696, 149),
(1697, 149),
(1698, 149),
(1699, 142),
(1700, 149),
(1703, 142),
(1704, 149),
(1705, 149),
(1706, 150),
(1707, 150),
(1708, 150),
(1719, 150),
(1720, 151),
(1723, 150),
(1724, 61),
(1725, 152),
(1726, 150),
(1727, 150),
(1728, 151),
(1729, 153),
(1730, 153),
(1734, 153),
(1738, 153),
(1742, 153),
(1743, 153),
(1744, 153),
(1764, 151),
(1765, 152),
(1769, 153),
(1770, 153),
(1771, 153),
(1772, 154),
(1773, 154),
(1774, 154),
(1775, 154),
(1779, 154),
(1783, 154),
(1784, 155),
(1785, 155),
(1786, 155),
(1788, 155),
(1789, 110),
(1790, 155),
(1791, 155),
(1792, 155),
(1795, 156),
(1796, 157),
(1799, 157),
(1800, 110),
(1801, 152),
(1803, 157),
(1804, 157),
(1805, 157),
(1806, 152),
(1809, 157),
(1810, 157),
(1811, 157),
(1814, 158),
(1815, 159),
(1816, 159),
(1817, 110),
(1818, 159),
(1819, 159),
(1820, 160),
(1828, 160),
(1836, 160),
(1844, 160),
(1845, 160),
(1846, 160),
(1850, 160),
(1851, 160),
(1852, 161),
(1857, 161),
(1858, 161),
(1859, 162),
(1860, 162),
(1864, 162),
(1868, 163),
(1872, 158),
(1873, 164),
(1874, 163),
(1875, 163),
(1876, 152),
(1877, 152),
(1878, 163),
(1879, 163),
(1880, 165),
(1881, 165),
(1882, 165),
(1883, 165),
(2166, 165),
(2167, 158),
(2168, 152),
(2172, 152),
(2176, 165),
(2180, 166),
(2181, 156),
(2182, 166),
(2183, 166),
(2184, 166),
(2187, 166);

--
-- Daten für Tabelle `publication`
--

INSERT INTO `publication` (`id`, `page`, `book_id`) VALUES
(1, 245, 1),
(2, 121, 2),
(3, 122, 2),
(4, 105, 3),
(5, 227, 3),
(6, 235, 1),
(7, 236, 1),
(8, 324, 1),
(9, 61, 4),
(10, 325, 1),
(11, 326, 1),
(12, 327, 1),
(13, 328, 1),
(14, 111, 5),
(15, 110, 5),
(16, 62, 6),
(17, 329, 1),
(18, 14, 7),
(19, 330, 1),
(20, 331, 1),
(21, 300, 1),
(22, 61, 8),
(23, 168, 9),
(24, 9, 8),
(25, 5, 8),
(26, 33, 10),
(27, 301, 1),
(28, 172, 9),
(29, 321, 1),
(30, 318, 1),
(31, 319, 1),
(32, 62, 4),
(33, 320, 1),
(34, 317, 1),
(35, 156, 9),
(36, 284, 1),
(37, 157, 9),
(38, 158, 9),
(39, 285, 1),
(40, 283, 1),
(41, 274, 1),
(42, 35, 8),
(43, 278, 1),
(44, 105, 5),
(45, 40, 8),
(46, 279, 1),
(47, 102, 3),
(48, 214, 1),
(49, 215, 1),
(50, 103, 3),
(51, 46, 8),
(52, 104, 3),
(53, 40, 5),
(54, 41, 8),
(55, 7, 11),
(56, 216, 1),
(57, 217, 1),
(58, 106, 3),
(59, 92, 12),
(60, 218, 1),
(61, 13, 13),
(62, 107, 3),
(63, 88, 14),
(64, 108, 3),
(65, 109, 3),
(66, 219, 1),
(67, 110, 3),
(68, 220, 1),
(69, 111, 3),
(70, 266, 1),
(71, 166, 3),
(72, 167, 3),
(73, 159, 9),
(74, 160, 3),
(75, 161, 3),
(76, 162, 3),
(77, 163, 3),
(78, 164, 3),
(79, 165, 3),
(80, 170, 9),
(81, 282, 1),
(82, 151, 3),
(83, 246, 1),
(84, 247, 1),
(85, 152, 3),
(86, 20, 10),
(87, 153, 3),
(88, 248, 1),
(89, 154, 3),
(90, 249, 1),
(91, 155, 3),
(92, 250, 1),
(93, 156, 3),
(94, 123, 2),
(95, 157, 3),
(96, 158, 3),
(97, 159, 3),
(98, 28, 13),
(99, 29, 13),
(100, 222, 1),
(101, 112, 3),
(102, 113, 3),
(103, 20, 15),
(104, 21, 15),
(105, 276, 1),
(106, 277, 1),
(107, 7, 16),
(108, 8, 16),
(109, 280, 1),
(110, 106, 5),
(111, 322, 1),
(112, 323, 1),
(113, 287, 1),
(114, 161, 9),
(115, 288, 1),
(116, 162, 9),
(117, 107, 5),
(118, 289, 1),
(119, 290, 1),
(120, 108, 5),
(121, 163, 9),
(122, 291, 1),
(123, 164, 9),
(124, 109, 5),
(125, 292, 1),
(126, 165, 9),
(127, 293, 1),
(128, 294, 1),
(129, 166, 9),
(130, 295, 1),
(131, 296, 1),
(132, 297, 1),
(133, 167, 9),
(134, 298, 1),
(135, 299, 1),
(136, 286, 1),
(137, 160, 9),
(138, 54, 17),
(139, 332, 1),
(140, 333, 1),
(141, 163, 1),
(142, 225, 15),
(143, 89, 12),
(144, 120, 16),
(145, 164, 1),
(146, 132, 3),
(147, 165, 1),
(148, 166, 1),
(149, 167, 1),
(150, 168, 1),
(151, 121, 16),
(152, 226, 15),
(153, 169, 1),
(154, 170, 1),
(155, 171, 1),
(156, 133, 3),
(157, 172, 1),
(158, 90, 12),
(159, 173, 1),
(160, 174, 1),
(161, 175, 1),
(162, 176, 1),
(163, 177, 1),
(164, 90, 18),
(165, 178, 1),
(166, 179, 1);

--
-- Daten für Tabelle `ranges`
--

INSERT INTO `ranges` (`id`, `name`) VALUES
(1, 'selbst'),
(2, 'Berührung'),
(3, '8 Schritt'),
(4, '4 Schritt'),
(5, '32 Schritt'),
(6, '16 Schritt'),
(7, 'QS x 3 in Meilen (nicht modifizierbar)'),
(8, 'Sichtweite des Tieres'),
(9, 'FW x 50 Meilen'),
(10, '32 Schritt*'),
(11, '1 Schritt'),
(12, 'QS x 20 Schritt'),
(13, 'Berührung (Reichweite ist nicht modifizierbar) '),
(14, '2 Schritt'),
(15, '64 Schritt'),
(16, 'Sicht'),
(17, '1 Schritt Radius'),
(18, '200 Schritt, darüber hinaus sind Distanzschätzungen ungenauer'),
(19, '10 Schritt');

--
-- Daten für Tabelle `ritual`
--

INSERT INTO `ritual` (`improvement_chart`, `id`, `cast_time_id`, `check1_id`, `check2_id`, `check3_id`, `cost_id`, `duration_id`, `range_id`) VALUES
('A', 132, 7, NULL, NULL, NULL, 15, 14, 2),
('D', 133, 8, 2, 3, 5, 16, 2, 3),
('B', 134, 9, 3, 4, 5, 17, 14, 8),
('B', 135, 7, 3, 4, 7, 15, 15, 4),
('C', 136, 8, 1, 4, 7, 18, 2, 3),
('B', 137, 9, 1, 4, 7, 16, 2, 3),
('D', 138, 7, 1, 4, 7, 18, 16, 1),
('B', 139, 9, 1, 3, 7, 19, 15, 4),
('C', 140, 8, 1, 4, 7, 18, 2, 3),
('B', 141, 9, 1, 4, 7, 16, 2, 3),
('A', 142, 7, 1, 3, 7, 15, 2, 2),
('C', 143, 9, 1, 2, 7, 20, 17, 2),
('C', 144, 10, 2, 3, 4, 17, 12, 2),
('A', 145, 7, 1, 3, 7, 15, 18, 1),
('B', 146, 7, 2, 3, 7, 16, 19, 3),
('C', 147, 9, 3, 5, 7, 16, 20, 2),
('C', 148, 9, 2, 3, 5, 16, 2, 9),
('B', 149, 7, 2, 4, 7, 21, 2, 2),
('C', 150, 7, 1, 3, 4, 16, 21, 10),
('B', 151, 9, 2, 3, 5, 16, 22, 2),
('B', 152, 9, 3, 4, 6, 17, 16, 6),
('B', 153, 7, 2, 5, 8, 16, 21, 1),
('A', 154, 7, 1, 2, 3, 17, 19, 1),
('C', 155, 8, 2, 3, 5, 22, 23, 3);

--
-- Daten für Tabelle `ritual_targets`
--

INSERT INTO `ritual_targets` (`ritual_id`, `targets_id`) VALUES
(132, 13),
(133, 14),
(133, 15),
(134, 16),
(135, 17),
(136, 18),
(137, 18),
(138, 3),
(139, 17),
(140, 7),
(141, 7),
(142, 2),
(143, 2),
(144, 2),
(145, 2),
(146, 3),
(147, 19),
(148, 15),
(149, 1),
(150, 2),
(151, 13),
(152, 13),
(153, 3),
(154, 1),
(155, 8);

--
-- Daten für Tabelle `skill`
--

INSERT INTO `skill` (`gruppe`, `improvement_chart`, `id`, `check1_id`, `check2_id`, `check3_id`) VALUES
('KOERPER', 'B', 9, 1, 3, 6),
('KOERPER', 'A', 10, 1, 4, 5),
('KOERPER', 'B', 11, 1, 6, 8),
('KOERPER', 'D', 12, 6, 6, 7),
('KOERPER', 'B', 13, 7, 8, 8),
('KOERPER', 'B', 14, 4, 6, 8),
('KOERPER', 'B', 15, 6, 7, 8),
('KOERPER', 'D', 16, 1, 1, 7),
('KOERPER', 'A', 17, 2, 4, 7),
('KOERPER', 'D', 18, 2, 3, 3),
('KOERPER', 'A', 19, 2, 4, 6),
('KOERPER', 'B', 20, 1, 5, 6),
('KOERPER', 'C', 21, 1, 3, 6),
('KOERPER', 'A', 22, 2, 7, 8),
('GESELLSCHAFT', 'B', 23, 1, 2, 4),
('GESELLSCHAFT', 'B', 24, 1, 4, 4),
('GESELLSCHAFT', 'B', 25, 1, 3, 4),
('GESELLSCHAFT', 'B', 26, 2, 3, 4),
('GESELLSCHAFT', 'C', 27, 2, 3, 4),
('GESELLSCHAFT', 'C', 28, 2, 3, 4),
('GESELLSCHAFT', 'C', 29, 1, 3, 4),
('GESELLSCHAFT', 'B', 30, 3, 4, 6),
('GESELLSCHAFT', 'D', 31, 1, 3, 4),
('NATUR', 'C', 32, 1, 3, 6),
('NATUR', 'A', 33, 2, 5, 8),
('NATUR', 'A', 34, 5, 6, 7),
('NATUR', 'B', 35, 2, 3, 3),
('NATUR', 'C', 36, 2, 5, 7),
('NATUR', 'C', 37, 1, 1, 7),
('NATUR', 'C', 38, 1, 6, 7),
('WISSEN', 'A', 39, 2, 2, 3),
('WISSEN', 'B', 40, 2, 2, 3),
('WISSEN', 'B', 41, 2, 2, 3),
('WISSEN', 'B', 42, 2, 2, 3),
('WISSEN', 'B', 43, 1, 2, 3),
('WISSEN', 'C', 44, 2, 2, 3),
('WISSEN', 'B', 45, 2, 2, 5),
('WISSEN', 'A', 46, 2, 2, 5),
('WISSEN', 'A', 47, 2, 2, 3),
('WISSEN', 'B', 48, 2, 2, 3),
('WISSEN', 'B', 49, 2, 2, 3),
('WISSEN', 'A', 50, 2, 2, 3),
('HANDWERK', 'C', 51, 1, 2, 5),
('HANDWERK', 'B', 52, 5, 6, 8),
('HANDWERK', 'A', 53, 4, 5, 7),
('HANDWERK', 'B', 54, 2, 3, 4),
('HANDWERK', 'B', 55, 1, 2, 3),
('HANDWERK', 'B', 56, 1, 3, 7),
('HANDWERK', 'B', 57, 3, 4, 7),
('HANDWERK', 'D', 58, 2, 5, 5),
('HANDWERK', 'B', 59, 5, 6, 8),
('HANDWERK', 'A', 60, 3, 5, 5),
('HANDWERK', 'B', 61, 5, 6, 7),
('HANDWERK', 'A', 62, 3, 5, 5),
('HANDWERK', 'C', 63, 5, 7, 8),
('HANDWERK', 'A', 64, 4, 5, 7),
('HANDWERK', 'C', 65, 3, 5, 5),
('HANDWERK', 'A', 66, 5, 5, 8),
('HANDWERK', 'A', 67, 2, 5, 5);

--
-- Daten für Tabelle `special_ability`
--

INSERT INTO `special_ability` (`ap`, `special_ability_group`, `improvement_chart`, `id`, `cast_time_id`, `check1_id`, `check2_id`, `check3_id`, `cost_id`, `duration_id`, `range_id`) VALUES
(4, 'MAGISCH_AHNENZEICHEN', NULL, 156, NULL, NULL, NULL, NULL, 15, NULL, NULL),
(4, 'MAGISCH_AHNENZEICHEN', NULL, 157, NULL, NULL, NULL, NULL, 15, NULL, NULL),
(3, 'MAGISCH_AHNENZEICHEN', NULL, 158, NULL, NULL, NULL, NULL, 15, NULL, NULL),
(2, 'MAGISCH_AHNENZEICHEN', NULL, 159, NULL, NULL, NULL, NULL, 23, NULL, NULL),
(3, 'MAGISCH_AHNENZEICHEN', NULL, 160, NULL, NULL, NULL, NULL, 15, NULL, NULL),
(8, 'MAGISCH_AHNENZEICHEN', NULL, 161, NULL, NULL, NULL, NULL, 15, NULL, NULL),
(8, 'MAGISCH_AHNENZEICHEN', NULL, 162, NULL, NULL, NULL, NULL, 17, NULL, NULL),
(8, 'MAGISCH_AHNENZEICHEN', NULL, 163, NULL, NULL, NULL, NULL, 17, NULL, NULL),
(8, 'MAGISCH_AHNENZEICHEN', NULL, 164, NULL, NULL, NULL, NULL, 16, NULL, NULL),
(15, 'KARMAL', NULL, 165, NULL, NULL, NULL, NULL, NULL, NULL, NULL),
(8, 'KARMAL', NULL, 166, NULL, NULL, NULL, NULL, NULL, NULL, NULL),
(10, 'KARMAL', NULL, 167, NULL, NULL, NULL, NULL, NULL, NULL, NULL),
(2, 'KARMAL', NULL, 168, NULL, NULL, NULL, NULL, NULL, NULL, NULL),
(130, 'KARMAL', NULL, 169, NULL, NULL, NULL, NULL, NULL, NULL, NULL),
(130, 'KARMAL', NULL, 170, NULL, NULL, NULL, NULL, NULL, NULL, NULL),
(170, 'KARMAL', NULL, 171, NULL, NULL, NULL, NULL, NULL, NULL, NULL),
(110, 'KARMAL', NULL, 172, NULL, NULL, NULL, NULL, NULL, NULL, NULL),
(150, 'KARMAL', NULL, 173, NULL, NULL, NULL, NULL, NULL, NULL, NULL),
(130, 'KARMAL', NULL, 174, NULL, NULL, NULL, NULL, NULL, NULL, NULL),
(150, 'KARMAL', NULL, 175, NULL, NULL, NULL, NULL, NULL, NULL, NULL),
(5, 'MAGISCH', NULL, 176, NULL, NULL, NULL, NULL, NULL, NULL, NULL),
(0, 'MAGISCH', NULL, 177, NULL, NULL, NULL, NULL, NULL, NULL, NULL),
(10, 'MAGISCH', NULL, 178, NULL, NULL, NULL, NULL, NULL, NULL, NULL),
(15, 'MAGISCH', NULL, 179, NULL, NULL, NULL, NULL, NULL, NULL, NULL),
(12, 'MAGISCH', NULL, 180, NULL, NULL, NULL, NULL, NULL, NULL, NULL),
(20, 'MAGISCH', NULL, 181, NULL, NULL, NULL, NULL, NULL, NULL, NULL),
(10, 'MAGISCH', NULL, 182, NULL, NULL, NULL, NULL, NULL, NULL, NULL),
(10, 'MAGISCH', NULL, 183, NULL, NULL, NULL, NULL, NULL, NULL, NULL),
(5, 'MAGISCH', NULL, 184, NULL, NULL, NULL, NULL, NULL, NULL, NULL),
(5, 'MAGISCH', NULL, 185, NULL, NULL, NULL, NULL, NULL, NULL, NULL),
(5, 'MAGISCH', NULL, 186, NULL, NULL, NULL, NULL, NULL, NULL, NULL),
(0, 'MAGISCH', NULL, 187, NULL, NULL, NULL, NULL, NULL, NULL, NULL),
(10, 'MAGISCH', NULL, 188, NULL, NULL, NULL, NULL, NULL, NULL, NULL),
(20, 'MAGISCH', NULL, 189, NULL, NULL, NULL, NULL, NULL, NULL, NULL),
(30, 'MAGISCH', NULL, 190, NULL, NULL, NULL, NULL, NULL, NULL, NULL),
(3, 'MAGISCH', NULL, 191, NULL, NULL, NULL, NULL, NULL, NULL, NULL),
(15, 'MAGISCH', NULL, 192, NULL, NULL, NULL, NULL, NULL, NULL, NULL),
(15, 'MAGISCH', NULL, 193, NULL, NULL, NULL, NULL, NULL, NULL, NULL),
(10, 'MAGISCH', NULL, 194, NULL, NULL, NULL, NULL, NULL, NULL, NULL),
(15, 'MAGISCH', NULL, 195, NULL, NULL, NULL, NULL, NULL, NULL, NULL),
(10, 'MAGISCH', NULL, 196, NULL, NULL, NULL, NULL, NULL, NULL, NULL),
(5, 'MAGISCH', NULL, 197, NULL, NULL, NULL, NULL, NULL, NULL, NULL),
(10, 'MAGISCH', NULL, 198, NULL, NULL, NULL, NULL, NULL, NULL, NULL),
(8, 'MAGISCH', NULL, 199, NULL, NULL, NULL, NULL, NULL, NULL, NULL),
(20, 'MAGISCH', NULL, 200, NULL, NULL, NULL, NULL, NULL, NULL, NULL),
(0, 'MAGISCH', NULL, 201, NULL, NULL, NULL, NULL, NULL, NULL, NULL),
(10, 'MAGISCH', NULL, 202, NULL, NULL, NULL, NULL, NULL, NULL, NULL),
(10, 'MAGISCH', NULL, 203, NULL, NULL, NULL, NULL, NULL, NULL, NULL),
(0, 'MAGISCH', NULL, 204, NULL, NULL, NULL, NULL, NULL, NULL, NULL),
(12, 'MAGISCH', NULL, 205, NULL, NULL, NULL, NULL, NULL, NULL, NULL),
(10, 'MAGISCH', NULL, 206, NULL, NULL, NULL, NULL, NULL, NULL, NULL),
(20, 'MAGISCH', NULL, 207, NULL, NULL, NULL, NULL, NULL, NULL, NULL),
(10, 'MAGISCH', NULL, 208, NULL, NULL, NULL, NULL, NULL, NULL, NULL),
(0, 'MAGISCH', NULL, 209, NULL, NULL, NULL, NULL, NULL, NULL, NULL),
(1, 'MAGISCH', NULL, 210, NULL, NULL, NULL, NULL, NULL, NULL, NULL),
(2, 'MAGISCH', NULL, 211, NULL, NULL, NULL, NULL, NULL, NULL, NULL),
(3, 'MAGISCH', NULL, 212, NULL, NULL, NULL, NULL, NULL, NULL, NULL),
(10, 'MAGISCH', NULL, 213, NULL, NULL, NULL, NULL, NULL, NULL, NULL),
(15, 'MAGISCH', NULL, 214, NULL, NULL, NULL, NULL, NULL, NULL, NULL),
(10, 'MAGISCH', NULL, 215, NULL, NULL, NULL, NULL, NULL, NULL, NULL),
(2, 'MAGISCH', NULL, 216, NULL, NULL, NULL, NULL, NULL, NULL, NULL),
(5, 'MAGISCH', NULL, 217, NULL, NULL, NULL, NULL, NULL, NULL, NULL),
(125, 'MAGISCH', NULL, 218, NULL, NULL, NULL, NULL, NULL, NULL, NULL),
(125, 'MAGISCH', NULL, 219, NULL, NULL, NULL, NULL, NULL, NULL, NULL),
(155, 'MAGISCH', NULL, 220, NULL, NULL, NULL, NULL, NULL, NULL, NULL),
(100, 'MAGISCH', NULL, 221, NULL, NULL, NULL, NULL, NULL, NULL, NULL),
(135, 'MAGISCH', NULL, 222, NULL, NULL, NULL, NULL, NULL, NULL, NULL),
(135, 'MAGISCH', NULL, 223, NULL, NULL, NULL, NULL, NULL, NULL, NULL),
(80, 'MAGISCH', NULL, 224, NULL, NULL, NULL, NULL, NULL, NULL, NULL),
(10, 'MAGISCH', NULL, 225, NULL, NULL, NULL, NULL, NULL, NULL, NULL),
(20, 'MAGISCH', NULL, 226, NULL, NULL, NULL, NULL, NULL, NULL, NULL),
(12, 'MAGISCH', NULL, 227, NULL, NULL, NULL, NULL, NULL, NULL, NULL),
(12, 'MAGISCH', NULL, 228, NULL, NULL, NULL, NULL, NULL, NULL, NULL),
(20, 'MAGISCH', NULL, 229, NULL, NULL, NULL, NULL, NULL, NULL, NULL),
(0, 'MAGISCH', NULL, 230, NULL, NULL, NULL, NULL, NULL, NULL, NULL),
(15, 'MAGISCH', NULL, 231, NULL, NULL, NULL, NULL, NULL, NULL, NULL),
(30, 'MAGISCH', NULL, 232, NULL, NULL, NULL, NULL, NULL, NULL, NULL),
(50, 'MAGISCH', NULL, 233, NULL, NULL, NULL, NULL, NULL, NULL, NULL),
(20, 'MAGISCH', NULL, 234, NULL, NULL, NULL, NULL, NULL, NULL, NULL),
(20, 'MAGISCH', NULL, 235, NULL, NULL, NULL, NULL, NULL, NULL, NULL),
(5, 'PROFAN_ALLGEMEIN', NULL, 236, NULL, NULL, NULL, NULL, NULL, NULL, NULL),
(8, 'PROFAN_ALLGEMEIN', NULL, 237, NULL, NULL, NULL, NULL, NULL, NULL, NULL),
(2, 'PROFAN_ALLGEMEIN', NULL, 238, NULL, NULL, NULL, NULL, NULL, NULL, NULL),
(5, 'PROFAN_ALLGEMEIN', NULL, 239, NULL, NULL, NULL, NULL, NULL, NULL, NULL),
(10, 'PROFAN_ALLGEMEIN', NULL, 240, NULL, NULL, NULL, NULL, NULL, NULL, NULL),
(10, 'PROFAN_ALLGEMEIN', NULL, 241, NULL, NULL, NULL, NULL, NULL, NULL, NULL),
(3, 'PROFAN_ALLGEMEIN', NULL, 242, NULL, NULL, NULL, NULL, NULL, NULL, NULL),
(20, 'PROFAN_ALLGEMEIN', NULL, 243, NULL, NULL, NULL, NULL, NULL, NULL, NULL),
(5, 'PROFAN_ALLGEMEIN', NULL, 244, NULL, NULL, NULL, NULL, NULL, NULL, NULL),
(5, 'PROFAN_ALLGEMEIN', NULL, 245, NULL, NULL, NULL, NULL, NULL, NULL, NULL),
(3, 'PROFAN_ALLGEMEIN', NULL, 246, NULL, NULL, NULL, NULL, NULL, NULL, NULL),
(0, 'PROFAN_ALLGEMEIN', NULL, 247, NULL, NULL, NULL, NULL, NULL, NULL, NULL),
(2, 'PROFAN_ALLGEMEIN', NULL, 248, NULL, NULL, NULL, NULL, NULL, NULL, NULL),
(5, 'PROFAN_ALLGEMEIN', NULL, 249, NULL, NULL, NULL, NULL, NULL, NULL, NULL),
(5, 'PROFAN_ALLGEMEIN', NULL, 250, NULL, NULL, NULL, NULL, NULL, NULL, NULL),
(3, 'PROFAN_ALLGEMEIN', NULL, 251, NULL, NULL, NULL, NULL, NULL, NULL, NULL),
(2, 'PROFAN_ALLGEMEIN', NULL, 252, NULL, NULL, NULL, NULL, NULL, NULL, NULL),
(2, 'PROFAN_ALLGEMEIN', NULL, 253, NULL, NULL, NULL, NULL, NULL, NULL, NULL),
(5, 'PROFAN_ALLGEMEIN', NULL, 254, NULL, NULL, NULL, NULL, NULL, NULL, NULL),
(10, 'PROFAN_ALLGEMEIN', NULL, 255, NULL, NULL, NULL, NULL, NULL, NULL, NULL),
(0, 'PROFAN_ALLGEMEIN', NULL, 256, NULL, NULL, NULL, NULL, NULL, NULL, NULL),
(15, 'PROFAN_ALLGEMEIN', NULL, 257, NULL, NULL, NULL, NULL, NULL, NULL, NULL),
(30, 'PROFAN_ALLGEMEIN', NULL, 258, NULL, NULL, NULL, NULL, NULL, NULL, NULL),
(10, 'PROFAN_ALLGEMEIN', NULL, 259, NULL, NULL, NULL, NULL, NULL, NULL, NULL),
(3, 'PROFAN_ALLGEMEIN', NULL, 260, NULL, NULL, NULL, NULL, NULL, NULL, NULL),
(5, 'PROFAN_ALLGEMEIN', NULL, 261, NULL, NULL, NULL, NULL, NULL, NULL, NULL),
(5, 'PROFAN_ALLGEMEIN', NULL, 262, NULL, NULL, NULL, NULL, NULL, NULL, NULL),
(10, 'PROFAN_ALLGEMEIN', NULL, 263, NULL, NULL, NULL, NULL, NULL, NULL, NULL),
(0, 'PROFAN_ALLGEMEIN', NULL, 264, NULL, NULL, NULL, NULL, NULL, NULL, NULL),
(2, 'PROFAN_ALLGEMEIN', NULL, 265, NULL, NULL, NULL, NULL, NULL, NULL, NULL),
(1, 'PROFAN_ALLGEMEIN', NULL, 266, NULL, NULL, NULL, NULL, NULL, NULL, NULL),
(2, 'PROFAN_ALLGEMEIN', NULL, 267, NULL, NULL, NULL, NULL, NULL, NULL, NULL),
(4, 'PROFAN_ALLGEMEIN', NULL, 268, NULL, NULL, NULL, NULL, NULL, NULL, NULL),
(2, 'PROFAN_ALLGEMEIN', NULL, 269, NULL, NULL, NULL, NULL, NULL, NULL, NULL),
(2, 'PROFAN_ALLGEMEIN', NULL, 270, NULL, NULL, NULL, NULL, NULL, NULL, NULL),
(2, 'PROFAN_ALLGEMEIN', NULL, 271, NULL, NULL, NULL, NULL, NULL, NULL, NULL),
(4, 'PROFAN_ALLGEMEIN', NULL, 272, NULL, NULL, NULL, NULL, NULL, NULL, NULL),
(1, 'PROFAN_ALLGEMEIN', NULL, 273, NULL, NULL, NULL, NULL, NULL, NULL, NULL),
(4, 'PROFAN_ALLGEMEIN', NULL, 274, NULL, NULL, NULL, NULL, NULL, NULL, NULL),
(1, 'PROFAN_ALLGEMEIN', NULL, 275, NULL, NULL, NULL, NULL, NULL, NULL, NULL),
(2, 'PROFAN_ALLGEMEIN', NULL, 276, NULL, NULL, NULL, NULL, NULL, NULL, NULL),
(3, 'PROFAN_ALLGEMEIN', NULL, 277, NULL, NULL, NULL, NULL, NULL, NULL, NULL),
(1, 'PROFAN_ALLGEMEIN', NULL, 278, NULL, NULL, NULL, NULL, NULL, NULL, NULL),
(2, 'PROFAN_ALLGEMEIN', NULL, 279, NULL, NULL, NULL, NULL, NULL, NULL, NULL),
(2, 'PROFAN_ALLGEMEIN', NULL, 280, NULL, NULL, NULL, NULL, NULL, NULL, NULL),
(2, 'PROFAN_ALLGEMEIN', NULL, 281, NULL, NULL, NULL, NULL, NULL, NULL, NULL),
(2, 'PROFAN_ALLGEMEIN', NULL, 282, NULL, NULL, NULL, NULL, NULL, NULL, NULL),
(3, 'PROFAN_ALLGEMEIN', NULL, 283, NULL, NULL, NULL, NULL, NULL, NULL, NULL),
(3, 'PROFAN_ALLGEMEIN', NULL, 284, NULL, NULL, NULL, NULL, NULL, NULL, NULL),
(3, 'PROFAN_ALLGEMEIN', NULL, 285, NULL, NULL, NULL, NULL, NULL, NULL, NULL),
(2, 'PROFAN_ALLGEMEIN', NULL, 286, NULL, NULL, NULL, NULL, NULL, NULL, NULL),
(4, 'PROFAN_ALLGEMEIN', NULL, 287, NULL, NULL, NULL, NULL, NULL, NULL, NULL),
(3, 'PROFAN_ALLGEMEIN', NULL, 288, NULL, NULL, NULL, NULL, NULL, NULL, NULL),
(1, 'PROFAN_ALLGEMEIN', NULL, 289, NULL, NULL, NULL, NULL, NULL, NULL, NULL),
(1, 'PROFAN_ALLGEMEIN', NULL, 290, NULL, NULL, NULL, NULL, NULL, NULL, NULL),
(2, 'PROFAN_ALLGEMEIN', NULL, 291, NULL, NULL, NULL, NULL, NULL, NULL, NULL),
(3, 'PROFAN_ALLGEMEIN', NULL, 292, NULL, NULL, NULL, NULL, NULL, NULL, NULL),
(3, 'PROFAN_ALLGEMEIN', NULL, 293, NULL, NULL, NULL, NULL, NULL, NULL, NULL),
(3, 'PROFAN_ALLGEMEIN', NULL, 294, NULL, NULL, NULL, NULL, NULL, NULL, NULL),
(1, 'PROFAN_ALLGEMEIN', NULL, 295, NULL, NULL, NULL, NULL, NULL, NULL, NULL),
(2, 'PROFAN_ALLGEMEIN', NULL, 296, NULL, NULL, NULL, NULL, NULL, NULL, NULL),
(2, 'PROFAN_ALLGEMEIN', NULL, 297, NULL, NULL, NULL, NULL, NULL, NULL, NULL),
(2, 'PROFAN_ALLGEMEIN', NULL, 298, NULL, NULL, NULL, NULL, NULL, NULL, NULL),
(2, 'PROFAN_ALLGEMEIN', NULL, 299, NULL, NULL, NULL, NULL, NULL, NULL, NULL),
(3, 'PROFAN_ALLGEMEIN', NULL, 300, NULL, NULL, NULL, NULL, NULL, NULL, NULL),
(2, 'PROFAN_ALLGEMEIN', NULL, 301, NULL, NULL, NULL, NULL, NULL, NULL, NULL),
(1, 'PROFAN_ALLGEMEIN', NULL, 302, NULL, NULL, NULL, NULL, NULL, NULL, NULL),
(1, 'PROFAN_ALLGEMEIN', NULL, 303, NULL, NULL, NULL, NULL, NULL, NULL, NULL),
(2, 'PROFAN_ALLGEMEIN', NULL, 304, NULL, NULL, NULL, NULL, NULL, NULL, NULL),
(2, 'PROFAN_ALLGEMEIN', NULL, 305, NULL, NULL, NULL, NULL, NULL, NULL, NULL),
(1, 'PROFAN_ALLGEMEIN', NULL, 306, NULL, NULL, NULL, NULL, NULL, NULL, NULL),
(3, 'PROFAN_ALLGEMEIN', NULL, 307, NULL, NULL, NULL, NULL, NULL, NULL, NULL),
(2, 'PROFAN_ALLGEMEIN', NULL, 308, NULL, NULL, NULL, NULL, NULL, NULL, NULL),
(1, 'PROFAN_ALLGEMEIN', NULL, 309, NULL, NULL, NULL, NULL, NULL, NULL, NULL),
(2, 'PROFAN_ALLGEMEIN', NULL, 310, NULL, NULL, NULL, NULL, NULL, NULL, NULL),
(2, 'PROFAN_ALLGEMEIN', NULL, 311, NULL, NULL, NULL, NULL, NULL, NULL, NULL),
(2, 'PROFAN_ALLGEMEIN', NULL, 312, NULL, NULL, NULL, NULL, NULL, NULL, NULL),
(2, 'PROFAN_ALLGEMEIN', NULL, 313, NULL, NULL, NULL, NULL, NULL, NULL, NULL),
(4, 'PROFAN_ALLGEMEIN', NULL, 314, NULL, NULL, NULL, NULL, NULL, NULL, NULL),
(2, 'PROFAN_ALLGEMEIN', NULL, 315, NULL, NULL, NULL, NULL, NULL, NULL, NULL),
(1, 'PROFAN_ALLGEMEIN', NULL, 316, NULL, NULL, NULL, NULL, NULL, NULL, NULL),
(2, 'PROFAN_ALLGEMEIN', NULL, 317, NULL, NULL, NULL, NULL, NULL, NULL, NULL),
(1, 'PROFAN_ALLGEMEIN', NULL, 318, NULL, NULL, NULL, NULL, NULL, NULL, NULL),
(3, 'PROFAN_ALLGEMEIN', NULL, 319, NULL, NULL, NULL, NULL, NULL, NULL, NULL),
(1, 'PROFAN_ALLGEMEIN', NULL, 320, NULL, NULL, NULL, NULL, NULL, NULL, NULL),
(3, 'PROFAN_ALLGEMEIN', NULL, 321, NULL, NULL, NULL, NULL, NULL, NULL, NULL),
(1, 'PROFAN_ALLGEMEIN', NULL, 322, NULL, NULL, NULL, NULL, NULL, NULL, NULL),
(1, 'PROFAN_ALLGEMEIN', NULL, 323, NULL, NULL, NULL, NULL, NULL, NULL, NULL),
(0, 'PROFAN_ALLGEMEIN', NULL, 324, NULL, NULL, NULL, NULL, NULL, NULL, NULL),
(4, 'PROFAN_ALLGEMEIN', NULL, 325, NULL, NULL, NULL, NULL, NULL, NULL, NULL),
(2, 'PROFAN_ALLGEMEIN', NULL, 326, NULL, NULL, NULL, NULL, NULL, NULL, NULL),
(4, 'PROFAN_ALLGEMEIN', NULL, 327, NULL, NULL, NULL, NULL, NULL, NULL, NULL),
(8, 'PROFAN_ALLGEMEIN', NULL, 328, NULL, NULL, NULL, NULL, NULL, NULL, NULL),
(4, 'PROFAN_ALLGEMEIN', NULL, 329, NULL, NULL, NULL, NULL, NULL, NULL, NULL),
(4, 'PROFAN_ALLGEMEIN', NULL, 330, NULL, NULL, NULL, NULL, NULL, NULL, NULL),
(4, 'PROFAN_ALLGEMEIN', NULL, 331, NULL, NULL, NULL, NULL, NULL, NULL, NULL),
(8, 'PROFAN_ALLGEMEIN', NULL, 332, NULL, NULL, NULL, NULL, NULL, NULL, NULL),
(2, 'PROFAN_ALLGEMEIN', NULL, 333, NULL, NULL, NULL, NULL, NULL, NULL, NULL),
(8, 'PROFAN_ALLGEMEIN', NULL, 334, NULL, NULL, NULL, NULL, NULL, NULL, NULL),
(2, 'PROFAN_ALLGEMEIN', NULL, 335, NULL, NULL, NULL, NULL, NULL, NULL, NULL),
(4, 'PROFAN_ALLGEMEIN', NULL, 336, NULL, NULL, NULL, NULL, NULL, NULL, NULL),
(6, 'PROFAN_ALLGEMEIN', NULL, 337, NULL, NULL, NULL, NULL, NULL, NULL, NULL),
(2, 'PROFAN_ALLGEMEIN', NULL, 338, NULL, NULL, NULL, NULL, NULL, NULL, NULL),
(4, 'PROFAN_ALLGEMEIN', NULL, 339, NULL, NULL, NULL, NULL, NULL, NULL, NULL),
(4, 'PROFAN_ALLGEMEIN', NULL, 340, NULL, NULL, NULL, NULL, NULL, NULL, NULL),
(4, 'PROFAN_ALLGEMEIN', NULL, 341, NULL, NULL, NULL, NULL, NULL, NULL, NULL),
(4, 'PROFAN_ALLGEMEIN', NULL, 342, NULL, NULL, NULL, NULL, NULL, NULL, NULL),
(6, 'PROFAN_ALLGEMEIN', NULL, 343, NULL, NULL, NULL, NULL, NULL, NULL, NULL),
(6, 'PROFAN_ALLGEMEIN', NULL, 344, NULL, NULL, NULL, NULL, NULL, NULL, NULL),
(6, 'PROFAN_ALLGEMEIN', NULL, 345, NULL, NULL, NULL, NULL, NULL, NULL, NULL),
(4, 'PROFAN_ALLGEMEIN', NULL, 346, NULL, NULL, NULL, NULL, NULL, NULL, NULL),
(8, 'PROFAN_ALLGEMEIN', NULL, 347, NULL, NULL, NULL, NULL, NULL, NULL, NULL),
(6, 'PROFAN_ALLGEMEIN', NULL, 348, NULL, NULL, NULL, NULL, NULL, NULL, NULL),
(2, 'PROFAN_ALLGEMEIN', NULL, 349, NULL, NULL, NULL, NULL, NULL, NULL, NULL),
(2, 'PROFAN_ALLGEMEIN', NULL, 350, NULL, NULL, NULL, NULL, NULL, NULL, NULL),
(4, 'PROFAN_ALLGEMEIN', NULL, 351, NULL, NULL, NULL, NULL, NULL, NULL, NULL),
(6, 'PROFAN_ALLGEMEIN', NULL, 352, NULL, NULL, NULL, NULL, NULL, NULL, NULL),
(6, 'PROFAN_ALLGEMEIN', NULL, 353, NULL, NULL, NULL, NULL, NULL, NULL, NULL),
(6, 'PROFAN_ALLGEMEIN', NULL, 354, NULL, NULL, NULL, NULL, NULL, NULL, NULL),
(2, 'PROFAN_ALLGEMEIN', NULL, 355, NULL, NULL, NULL, NULL, NULL, NULL, NULL),
(4, 'PROFAN_ALLGEMEIN', NULL, 356, NULL, NULL, NULL, NULL, NULL, NULL, NULL),
(4, 'PROFAN_ALLGEMEIN', NULL, 357, NULL, NULL, NULL, NULL, NULL, NULL, NULL),
(4, 'PROFAN_ALLGEMEIN', NULL, 358, NULL, NULL, NULL, NULL, NULL, NULL, NULL),
(4, 'PROFAN_ALLGEMEIN', NULL, 359, NULL, NULL, NULL, NULL, NULL, NULL, NULL),
(6, 'PROFAN_ALLGEMEIN', NULL, 360, NULL, NULL, NULL, NULL, NULL, NULL, NULL),
(4, 'PROFAN_ALLGEMEIN', NULL, 361, NULL, NULL, NULL, NULL, NULL, NULL, NULL),
(2, 'PROFAN_ALLGEMEIN', NULL, 362, NULL, NULL, NULL, NULL, NULL, NULL, NULL),
(2, 'PROFAN_ALLGEMEIN', NULL, 363, NULL, NULL, NULL, NULL, NULL, NULL, NULL),
(4, 'PROFAN_ALLGEMEIN', NULL, 364, NULL, NULL, NULL, NULL, NULL, NULL, NULL),
(4, 'PROFAN_ALLGEMEIN', NULL, 365, NULL, NULL, NULL, NULL, NULL, NULL, NULL),
(2, 'PROFAN_ALLGEMEIN', NULL, 366, NULL, NULL, NULL, NULL, NULL, NULL, NULL),
(6, 'PROFAN_ALLGEMEIN', NULL, 367, NULL, NULL, NULL, NULL, NULL, NULL, NULL),
(4, 'PROFAN_ALLGEMEIN', NULL, 368, NULL, NULL, NULL, NULL, NULL, NULL, NULL),
(2, 'PROFAN_ALLGEMEIN', NULL, 369, NULL, NULL, NULL, NULL, NULL, NULL, NULL),
(4, 'PROFAN_ALLGEMEIN', NULL, 370, NULL, NULL, NULL, NULL, NULL, NULL, NULL),
(4, 'PROFAN_ALLGEMEIN', NULL, 371, NULL, NULL, NULL, NULL, NULL, NULL, NULL),
(4, 'PROFAN_ALLGEMEIN', NULL, 372, NULL, NULL, NULL, NULL, NULL, NULL, NULL),
(4, 'PROFAN_ALLGEMEIN', NULL, 373, NULL, NULL, NULL, NULL, NULL, NULL, NULL),
(8, 'PROFAN_ALLGEMEIN', NULL, 374, NULL, NULL, NULL, NULL, NULL, NULL, NULL),
(4, 'PROFAN_ALLGEMEIN', NULL, 375, NULL, NULL, NULL, NULL, NULL, NULL, NULL),
(2, 'PROFAN_ALLGEMEIN', NULL, 376, NULL, NULL, NULL, NULL, NULL, NULL, NULL),
(4, 'PROFAN_ALLGEMEIN', NULL, 377, NULL, NULL, NULL, NULL, NULL, NULL, NULL),
(2, 'PROFAN_ALLGEMEIN', NULL, 378, NULL, NULL, NULL, NULL, NULL, NULL, NULL),
(6, 'PROFAN_ALLGEMEIN', NULL, 379, NULL, NULL, NULL, NULL, NULL, NULL, NULL),
(2, 'PROFAN_ALLGEMEIN', NULL, 380, NULL, NULL, NULL, NULL, NULL, NULL, NULL),
(6, 'PROFAN_ALLGEMEIN', NULL, 381, NULL, NULL, NULL, NULL, NULL, NULL, NULL),
(2, 'PROFAN_ALLGEMEIN', NULL, 382, NULL, NULL, NULL, NULL, NULL, NULL, NULL),
(2, 'PROFAN_ALLGEMEIN', NULL, 383, NULL, NULL, NULL, NULL, NULL, NULL, NULL),
(0, 'PROFAN_ALLGEMEIN', NULL, 384, NULL, NULL, NULL, NULL, NULL, NULL, NULL),
(6, 'PROFAN_ALLGEMEIN', NULL, 385, NULL, NULL, NULL, NULL, NULL, NULL, NULL),
(3, 'PROFAN_ALLGEMEIN', NULL, 386, NULL, NULL, NULL, NULL, NULL, NULL, NULL),
(6, 'PROFAN_ALLGEMEIN', NULL, 387, NULL, NULL, NULL, NULL, NULL, NULL, NULL),
(12, 'PROFAN_ALLGEMEIN', NULL, 388, NULL, NULL, NULL, NULL, NULL, NULL, NULL),
(6, 'PROFAN_ALLGEMEIN', NULL, 389, NULL, NULL, NULL, NULL, NULL, NULL, NULL),
(6, 'PROFAN_ALLGEMEIN', NULL, 390, NULL, NULL, NULL, NULL, NULL, NULL, NULL),
(6, 'PROFAN_ALLGEMEIN', NULL, 391, NULL, NULL, NULL, NULL, NULL, NULL, NULL),
(12, 'PROFAN_ALLGEMEIN', NULL, 392, NULL, NULL, NULL, NULL, NULL, NULL, NULL),
(3, 'PROFAN_ALLGEMEIN', NULL, 393, NULL, NULL, NULL, NULL, NULL, NULL, NULL),
(12, 'PROFAN_ALLGEMEIN', NULL, 394, NULL, NULL, NULL, NULL, NULL, NULL, NULL),
(3, 'PROFAN_ALLGEMEIN', NULL, 395, NULL, NULL, NULL, NULL, NULL, NULL, NULL),
(6, 'PROFAN_ALLGEMEIN', NULL, 396, NULL, NULL, NULL, NULL, NULL, NULL, NULL),
(9, 'PROFAN_ALLGEMEIN', NULL, 397, NULL, NULL, NULL, NULL, NULL, NULL, NULL),
(3, 'PROFAN_ALLGEMEIN', NULL, 398, NULL, NULL, NULL, NULL, NULL, NULL, NULL),
(6, 'PROFAN_ALLGEMEIN', NULL, 399, NULL, NULL, NULL, NULL, NULL, NULL, NULL),
(6, 'PROFAN_ALLGEMEIN', NULL, 400, NULL, NULL, NULL, NULL, NULL, NULL, NULL),
(6, 'PROFAN_ALLGEMEIN', NULL, 401, NULL, NULL, NULL, NULL, NULL, NULL, NULL),
(6, 'PROFAN_ALLGEMEIN', NULL, 402, NULL, NULL, NULL, NULL, NULL, NULL, NULL),
(9, 'PROFAN_ALLGEMEIN', NULL, 403, NULL, NULL, NULL, NULL, NULL, NULL, NULL),
(9, 'PROFAN_ALLGEMEIN', NULL, 404, NULL, NULL, NULL, NULL, NULL, NULL, NULL),
(9, 'PROFAN_ALLGEMEIN', NULL, 405, NULL, NULL, NULL, NULL, NULL, NULL, NULL),
(6, 'PROFAN_ALLGEMEIN', NULL, 406, NULL, NULL, NULL, NULL, NULL, NULL, NULL),
(12, 'PROFAN_ALLGEMEIN', NULL, 407, NULL, NULL, NULL, NULL, NULL, NULL, NULL),
(9, 'PROFAN_ALLGEMEIN', NULL, 408, NULL, NULL, NULL, NULL, NULL, NULL, NULL),
(3, 'PROFAN_ALLGEMEIN', NULL, 409, NULL, NULL, NULL, NULL, NULL, NULL, NULL),
(3, 'PROFAN_ALLGEMEIN', NULL, 410, NULL, NULL, NULL, NULL, NULL, NULL, NULL),
(6, 'PROFAN_ALLGEMEIN', NULL, 411, NULL, NULL, NULL, NULL, NULL, NULL, NULL),
(9, 'PROFAN_ALLGEMEIN', NULL, 412, NULL, NULL, NULL, NULL, NULL, NULL, NULL),
(9, 'PROFAN_ALLGEMEIN', NULL, 413, NULL, NULL, NULL, NULL, NULL, NULL, NULL),
(9, 'PROFAN_ALLGEMEIN', NULL, 414, NULL, NULL, NULL, NULL, NULL, NULL, NULL),
(3, 'PROFAN_ALLGEMEIN', NULL, 415, NULL, NULL, NULL, NULL, NULL, NULL, NULL),
(6, 'PROFAN_ALLGEMEIN', NULL, 416, NULL, NULL, NULL, NULL, NULL, NULL, NULL),
(6, 'PROFAN_ALLGEMEIN', NULL, 417, NULL, NULL, NULL, NULL, NULL, NULL, NULL),
(6, 'PROFAN_ALLGEMEIN', NULL, 418, NULL, NULL, NULL, NULL, NULL, NULL, NULL),
(6, 'PROFAN_ALLGEMEIN', NULL, 419, NULL, NULL, NULL, NULL, NULL, NULL, NULL),
(9, 'PROFAN_ALLGEMEIN', NULL, 420, NULL, NULL, NULL, NULL, NULL, NULL, NULL),
(6, 'PROFAN_ALLGEMEIN', NULL, 421, NULL, NULL, NULL, NULL, NULL, NULL, NULL),
(3, 'PROFAN_ALLGEMEIN', NULL, 422, NULL, NULL, NULL, NULL, NULL, NULL, NULL),
(3, 'PROFAN_ALLGEMEIN', NULL, 423, NULL, NULL, NULL, NULL, NULL, NULL, NULL),
(6, 'PROFAN_ALLGEMEIN', NULL, 424, NULL, NULL, NULL, NULL, NULL, NULL, NULL),
(6, 'PROFAN_ALLGEMEIN', NULL, 425, NULL, NULL, NULL, NULL, NULL, NULL, NULL),
(3, 'PROFAN_ALLGEMEIN', NULL, 426, NULL, NULL, NULL, NULL, NULL, NULL, NULL),
(9, 'PROFAN_ALLGEMEIN', NULL, 427, NULL, NULL, NULL, NULL, NULL, NULL, NULL),
(6, 'PROFAN_ALLGEMEIN', NULL, 428, NULL, NULL, NULL, NULL, NULL, NULL, NULL),
(3, 'PROFAN_ALLGEMEIN', NULL, 429, NULL, NULL, NULL, NULL, NULL, NULL, NULL),
(6, 'PROFAN_ALLGEMEIN', NULL, 430, NULL, NULL, NULL, NULL, NULL, NULL, NULL),
(6, 'PROFAN_ALLGEMEIN', NULL, 431, NULL, NULL, NULL, NULL, NULL, NULL, NULL),
(6, 'PROFAN_ALLGEMEIN', NULL, 432, NULL, NULL, NULL, NULL, NULL, NULL, NULL),
(6, 'PROFAN_ALLGEMEIN', NULL, 433, NULL, NULL, NULL, NULL, NULL, NULL, NULL),
(12, 'PROFAN_ALLGEMEIN', NULL, 434, NULL, NULL, NULL, NULL, NULL, NULL, NULL),
(6, 'PROFAN_ALLGEMEIN', NULL, 435, NULL, NULL, NULL, NULL, NULL, NULL, NULL),
(3, 'PROFAN_ALLGEMEIN', NULL, 436, NULL, NULL, NULL, NULL, NULL, NULL, NULL),
(6, 'PROFAN_ALLGEMEIN', NULL, 437, NULL, NULL, NULL, NULL, NULL, NULL, NULL),
(3, 'PROFAN_ALLGEMEIN', NULL, 438, NULL, NULL, NULL, NULL, NULL, NULL, NULL),
(9, 'PROFAN_ALLGEMEIN', NULL, 439, NULL, NULL, NULL, NULL, NULL, NULL, NULL),
(3, 'PROFAN_ALLGEMEIN', NULL, 440, NULL, NULL, NULL, NULL, NULL, NULL, NULL),
(9, 'PROFAN_ALLGEMEIN', NULL, 441, NULL, NULL, NULL, NULL, NULL, NULL, NULL),
(3, 'PROFAN_ALLGEMEIN', NULL, 442, NULL, NULL, NULL, NULL, NULL, NULL, NULL),
(3, 'PROFAN_ALLGEMEIN', NULL, 443, NULL, NULL, NULL, NULL, NULL, NULL, NULL),
(5, 'PROFAN_ALLGEMEIN', NULL, 444, NULL, NULL, NULL, NULL, NULL, NULL, NULL),
(3, 'PROFAN_ALLGEMEIN', NULL, 445, NULL, NULL, NULL, NULL, NULL, NULL, NULL),
(6, 'PROFAN_ALLGEMEIN', NULL, 446, NULL, NULL, NULL, NULL, NULL, NULL, NULL),
(3, 'PROFAN_ALLGEMEIN', NULL, 447, NULL, NULL, NULL, NULL, NULL, NULL, NULL),
(5, 'PROFAN_ALLGEMEIN', NULL, 448, NULL, NULL, NULL, NULL, NULL, NULL, NULL),
(15, 'PROFAN_ALLGEMEIN', NULL, 449, NULL, NULL, NULL, NULL, NULL, NULL, NULL),
(2, 'PROFAN_ALLGEMEIN', NULL, 450, NULL, NULL, NULL, NULL, NULL, NULL, NULL),
(2, 'PROFAN_ALLGEMEIN', NULL, 451, NULL, NULL, NULL, NULL, NULL, NULL, NULL),
(3, 'PROFAN_ALLGEMEIN', NULL, 452, NULL, NULL, NULL, NULL, NULL, NULL, NULL),
(8, 'PROFAN_ALLGEMEIN', NULL, 453, NULL, NULL, NULL, NULL, NULL, NULL, NULL),
(5, 'PROFAN_ALLGEMEIN', NULL, 454, NULL, NULL, NULL, NULL, NULL, NULL, NULL),
(2, 'PROFAN_ALLGEMEIN', NULL, 455, NULL, NULL, NULL, NULL, NULL, NULL, NULL),
(2, 'PROFAN_ALLGEMEIN', NULL, 456, NULL, NULL, NULL, NULL, NULL, NULL, NULL),
(5, 'PROFAN_ALLGEMEIN', NULL, 457, NULL, NULL, NULL, NULL, NULL, NULL, NULL),
(2, 'PROFAN_ALLGEMEIN', NULL, 458, NULL, NULL, NULL, NULL, NULL, NULL, NULL),
(5, 'PROFAN_ALLGEMEIN', NULL, 459, NULL, NULL, NULL, NULL, NULL, NULL, NULL),
(2, 'PROFAN_ALLGEMEIN', NULL, 460, NULL, NULL, NULL, NULL, NULL, NULL, NULL),
(0, 'PROFAN_ALLGEMEIN', NULL, 461, NULL, NULL, NULL, NULL, NULL, NULL, NULL),
(2, 'PROFAN_ALLGEMEIN', NULL, 462, NULL, NULL, NULL, NULL, NULL, NULL, NULL),
(4, 'PROFAN_ALLGEMEIN', NULL, 463, NULL, NULL, NULL, NULL, NULL, NULL, NULL),
(6, 'PROFAN_ALLGEMEIN', NULL, 464, NULL, NULL, NULL, NULL, NULL, NULL, NULL),
(8, 'PROFAN_ALLGEMEIN', NULL, 465, NULL, NULL, NULL, NULL, NULL, NULL, NULL),
(2, 'PROFAN_ALLGEMEIN', NULL, 466, NULL, NULL, NULL, NULL, NULL, NULL, NULL),
(5, 'PROFAN_ALLGEMEIN', NULL, 467, NULL, NULL, NULL, NULL, NULL, NULL, NULL),
(2, 'PROFAN_ALLGEMEIN', NULL, 468, NULL, NULL, NULL, NULL, NULL, NULL, NULL),
(2, 'PROFAN_ALLGEMEIN', NULL, 469, NULL, NULL, NULL, NULL, NULL, NULL, NULL),
(2, 'PROFAN_ALLGEMEIN', NULL, 470, NULL, NULL, NULL, NULL, NULL, NULL, NULL),
(2, 'PROFAN_ALLGEMEIN', NULL, 471, NULL, NULL, NULL, NULL, NULL, NULL, NULL),
(5, 'PROFAN_ALLGEMEIN', NULL, 472, NULL, NULL, NULL, NULL, NULL, NULL, NULL),
(3, 'PROFAN_ALLGEMEIN', NULL, 473, NULL, NULL, NULL, NULL, NULL, NULL, NULL),
(2, 'PROFAN_ALLGEMEIN', NULL, 474, NULL, NULL, NULL, NULL, NULL, NULL, NULL),
(4, 'PROFAN_ALLGEMEIN', NULL, 475, NULL, NULL, NULL, NULL, NULL, NULL, NULL),
(10, 'PROFAN_ALLGEMEIN', NULL, 476, NULL, NULL, NULL, NULL, NULL, NULL, NULL),
(10, 'PROFAN_ALLGEMEIN', NULL, 477, NULL, NULL, NULL, NULL, NULL, NULL, NULL),
(2, 'PROFAN_ALLGEMEIN', NULL, 478, NULL, NULL, NULL, NULL, NULL, NULL, NULL),
(8, 'PROFAN_ALLGEMEIN', NULL, 479, NULL, NULL, NULL, NULL, NULL, NULL, NULL),
(10, 'PROFAN_ALLGEMEIN', NULL, 480, NULL, NULL, NULL, NULL, NULL, NULL, NULL),
(2, 'PROFAN_ALLGEMEIN', NULL, 481, NULL, NULL, NULL, NULL, NULL, NULL, NULL),
(2, 'PROFAN_ALLGEMEIN', NULL, 482, NULL, NULL, NULL, NULL, NULL, NULL, NULL),
(3, 'PROFAN_ALLGEMEIN', NULL, 483, NULL, NULL, NULL, NULL, NULL, NULL, NULL),
(2, 'PROFAN_ALLGEMEIN', NULL, 484, NULL, NULL, NULL, NULL, NULL, NULL, NULL),
(12, 'PROFAN_ALLGEMEIN', NULL, 485, NULL, NULL, NULL, NULL, NULL, NULL, NULL),
(2, 'PROFAN_ALLGEMEIN', NULL, 486, NULL, NULL, NULL, NULL, NULL, NULL, NULL),
(5, 'PROFAN_ALLGEMEIN', NULL, 487, NULL, NULL, NULL, NULL, NULL, NULL, NULL),
(3, 'PROFAN_ALLGEMEIN', NULL, 488, NULL, NULL, NULL, NULL, NULL, NULL, NULL),
(4, 'PROFAN_ALLGEMEIN', NULL, 489, NULL, NULL, NULL, NULL, NULL, NULL, NULL),
(15, 'PROFAN_ALLGEMEIN', NULL, 490, NULL, NULL, NULL, NULL, NULL, NULL, NULL),
(2, 'PROFAN_ALLGEMEIN', NULL, 491, NULL, NULL, NULL, NULL, NULL, NULL, NULL),
(10, 'PROFAN_ALLGEMEIN', NULL, 492, NULL, NULL, NULL, NULL, NULL, NULL, NULL),
(20, 'PROFAN_ALLGEMEIN', NULL, 493, NULL, NULL, NULL, NULL, NULL, NULL, NULL),
(2, 'PROFAN_ALLGEMEIN', NULL, 494, NULL, NULL, NULL, NULL, NULL, NULL, NULL),
(2, 'PROFAN_ALLGEMEIN', NULL, 495, NULL, NULL, NULL, NULL, NULL, NULL, NULL),
(2, 'PROFAN_ALLGEMEIN', NULL, 496, NULL, NULL, NULL, NULL, NULL, NULL, NULL),
(0, 'PROFAN_ALLGEMEIN', NULL, 497, NULL, NULL, NULL, NULL, NULL, NULL, NULL),
(2, 'PROFAN_ALLGEMEIN', NULL, 498, NULL, NULL, NULL, NULL, NULL, NULL, NULL),
(2, 'PROFAN_ALLGEMEIN', NULL, 499, NULL, NULL, NULL, NULL, NULL, NULL, NULL),
(4, 'PROFAN_ALLGEMEIN', NULL, 500, NULL, NULL, NULL, NULL, NULL, NULL, NULL),
(3, 'PROFAN_ALLGEMEIN', NULL, 501, NULL, NULL, NULL, NULL, NULL, NULL, NULL),
(0, 'PROFAN_ALLGEMEIN', NULL, 502, NULL, NULL, NULL, NULL, NULL, NULL, NULL),
(2, 'PROFAN_ALLGEMEIN', NULL, 503, NULL, NULL, NULL, NULL, NULL, NULL, NULL),
(4, 'PROFAN_ALLGEMEIN', NULL, 504, NULL, NULL, NULL, NULL, NULL, NULL, NULL),
(6, 'PROFAN_ALLGEMEIN', NULL, 505, NULL, NULL, NULL, NULL, NULL, NULL, NULL),
(4, 'PROFAN_ALLGEMEIN', NULL, 506, NULL, NULL, NULL, NULL, NULL, NULL, NULL),
(2, 'PROFAN_ALLGEMEIN', NULL, 507, NULL, NULL, NULL, NULL, NULL, NULL, NULL),
(5, 'PROFAN_ALLGEMEIN', NULL, 508, NULL, NULL, NULL, NULL, NULL, NULL, NULL),
(2, 'PROFAN_ALLGEMEIN', NULL, 509, NULL, NULL, NULL, NULL, NULL, NULL, NULL),
(5, 'PROFAN_ALLGEMEIN', NULL, 510, NULL, NULL, NULL, NULL, NULL, NULL, NULL),
(2, 'PROFAN_ALLGEMEIN', NULL, 511, NULL, NULL, NULL, NULL, NULL, NULL, NULL),
(12, 'PROFAN_ALLGEMEIN', NULL, 512, NULL, NULL, NULL, NULL, NULL, NULL, NULL),
(2, 'PROFAN_ALLGEMEIN', NULL, 513, NULL, NULL, NULL, NULL, NULL, NULL, NULL),
(2, 'PROFAN_ALLGEMEIN', NULL, 514, NULL, NULL, NULL, NULL, NULL, NULL, NULL),
(2, 'PROFAN_ALLGEMEIN', NULL, 515, NULL, NULL, NULL, NULL, NULL, NULL, NULL),
(15, 'MAGISCH', NULL, 516, NULL, NULL, NULL, NULL, 17, NULL, NULL),
(5, 'MAGISCH', NULL, 517, NULL, NULL, NULL, NULL, 15, NULL, NULL),
(15, 'MAGISCH', NULL, 518, NULL, NULL, NULL, NULL, 17, NULL, NULL),
(10, 'MAGISCH', NULL, 519, NULL, NULL, NULL, NULL, 15, NULL, NULL),
(12, 'PROFAN_BEFEHL', NULL, 520, NULL, NULL, NULL, NULL, NULL, NULL, NULL),
(12, 'PROFAN_BEFEHL', NULL, 521, NULL, NULL, NULL, NULL, NULL, NULL, NULL),
(10, 'PROFAN_BEFEHL', NULL, 522, NULL, NULL, NULL, NULL, NULL, NULL, NULL),
(10, 'PROFAN_BEFEHL', NULL, 523, NULL, NULL, NULL, NULL, NULL, NULL, NULL),
(15, 'PROFAN_BEFEHL', NULL, 524, NULL, NULL, NULL, NULL, NULL, NULL, NULL),
(12, 'PROFAN_BEFEHL', NULL, 525, NULL, NULL, NULL, NULL, NULL, NULL, NULL),
(10, 'MAGISCH_DOLCH', NULL, 526, NULL, NULL, NULL, NULL, NULL, NULL, NULL),
(15, 'MAGISCH_DOLCH', NULL, 527, NULL, NULL, NULL, NULL, 24, NULL, NULL),
(10, 'MAGISCH_DOLCH', NULL, 528, NULL, NULL, NULL, NULL, 15, NULL, NULL),
(10, 'MAGISCH_DOLCH', NULL, 529, NULL, NULL, NULL, NULL, 25, NULL, NULL),
(5, 'MAGISCH_DOLCH', NULL, 530, NULL, NULL, NULL, NULL, 24, NULL, NULL),
(20, 'PROFAN_KAMPF_ERWEITERT', NULL, 531, NULL, NULL, NULL, NULL, NULL, NULL, NULL),
(25, 'PROFAN_KAMPF_ERWEITERT', NULL, 532, NULL, NULL, NULL, NULL, NULL, NULL, NULL),
(15, 'PROFAN_KAMPF_ERWEITERT', NULL, 533, NULL, NULL, NULL, NULL, NULL, NULL, NULL),
(5, 'PROFAN_KAMPF_ERWEITERT', NULL, 534, NULL, NULL, NULL, NULL, NULL, NULL, NULL),
(25, 'PROFAN_KAMPF_ERWEITERT', NULL, 535, NULL, NULL, NULL, NULL, NULL, NULL, NULL),
(15, 'PROFAN_KAMPF_ERWEITERT', NULL, 536, NULL, NULL, NULL, NULL, NULL, NULL, NULL),
(5, 'PROFAN_KAMPF_ERWEITERT', NULL, 537, NULL, NULL, NULL, NULL, NULL, NULL, NULL),
(10, 'PROFAN_KAMPF_ERWEITERT', NULL, 538, NULL, NULL, NULL, NULL, NULL, NULL, NULL),
(15, 'PROFAN_KAMPF_ERWEITERT', NULL, 539, NULL, NULL, NULL, NULL, NULL, NULL, NULL),
(5, 'PROFAN_KAMPF_ERWEITERT', NULL, 540, NULL, NULL, NULL, NULL, NULL, NULL, NULL),
(5, 'PROFAN_KAMPF_ERWEITERT', NULL, 541, NULL, NULL, NULL, NULL, NULL, NULL, NULL),
(10, 'PROFAN_KAMPF_ERWEITERT', NULL, 542, NULL, NULL, NULL, NULL, NULL, NULL, NULL),
(10, 'PROFAN_KAMPF_ERWEITERT', NULL, 543, NULL, NULL, NULL, NULL, NULL, NULL, NULL),
(5, 'PROFAN_KAMPF_ERWEITERT', NULL, 544, NULL, NULL, NULL, NULL, NULL, NULL, NULL),
(8, 'PROFAN_KAMPF_ERWEITERT', NULL, 545, NULL, NULL, NULL, NULL, NULL, NULL, NULL),
(8, 'PROFAN_KAMPF_ERWEITERT', NULL, 546, NULL, NULL, NULL, NULL, NULL, NULL, NULL),
(20, 'PROFAN_KAMPF_ERWEITERT', NULL, 547, NULL, NULL, NULL, NULL, NULL, NULL, NULL),
(20, 'PROFAN_KAMPF_ERWEITERT', NULL, 548, NULL, NULL, NULL, NULL, NULL, NULL, NULL),
(10, 'PROFAN_KAMPF_ERWEITERT', NULL, 549, NULL, NULL, NULL, NULL, NULL, NULL, NULL),
(10, 'PROFAN_KAMPF_ERWEITERT', NULL, 550, NULL, NULL, NULL, NULL, NULL, NULL, NULL),
(10, 'PROFAN_KAMPF_ERWEITERT', NULL, 551, NULL, NULL, NULL, NULL, NULL, NULL, NULL),
(15, 'PROFAN_KAMPF_ERWEITERT', NULL, 552, NULL, NULL, NULL, NULL, NULL, NULL, NULL),
(5, 'PROFAN_KAMPF_ERWEITERT', NULL, 553, NULL, NULL, NULL, NULL, NULL, NULL, NULL),
(15, 'PROFAN_KAMPF_ERWEITERT', NULL, 554, NULL, NULL, NULL, NULL, NULL, NULL, NULL),
(25, 'PROFAN_KAMPF_ERWEITERT', NULL, 555, NULL, NULL, NULL, NULL, NULL, NULL, NULL),
(15, 'PROFAN_KAMPF_ERWEITERT', NULL, 556, NULL, NULL, NULL, NULL, NULL, NULL, NULL),
(5, 'PROFAN_KAMPF_ERWEITERT', NULL, 557, NULL, NULL, NULL, NULL, NULL, NULL, NULL),
(5, 'PROFAN_KAMPF_ERWEITERT', NULL, 558, NULL, NULL, NULL, NULL, NULL, NULL, NULL),
(0, 'MAGISCH_ELFENLIED', 'A', 559, NULL, 2, 3, 3, 26, NULL, NULL),
(0, 'MAGISCH_ELFENLIED', 'A', 560, NULL, 1, 3, 4, 27, NULL, NULL),
(0, 'MAGISCH_ELFENLIED', 'A', 561, NULL, 3, 4, 4, 28, NULL, NULL),
(0, 'MAGISCH_ELFENLIED', 'B', 562, NULL, 3, 3, 4, 29, NULL, NULL),
(0, 'MAGISCH_ELFENLIED', 'A', 563, NULL, 1, 3, 3, 27, NULL, NULL),
(0, 'MAGISCH_ELFENLIED', 'B', 564, NULL, 1, 3, 4, 17, NULL, NULL),
(15, 'MAGISCH_ERWEITERT', NULL, 565, NULL, NULL, NULL, NULL, NULL, NULL, NULL),
(10, 'MAGISCH_ERWEITERT', NULL, 566, NULL, NULL, NULL, NULL, NULL, NULL, NULL),
(5, 'MAGISCH_ERWEITERT', NULL, 567, NULL, NULL, NULL, NULL, NULL, NULL, NULL),
(25, 'MAGISCH_ERWEITERT', NULL, 568, NULL, NULL, NULL, NULL, NULL, NULL, NULL),
(15, 'MAGISCH_ERWEITERT', NULL, 569, NULL, NULL, NULL, NULL, NULL, NULL, NULL),
(8, 'MAGISCH_ERWEITERT', NULL, 570, NULL, NULL, NULL, NULL, NULL, NULL, NULL),
(15, 'MAGISCH_ERWEITERT', NULL, 571, NULL, NULL, NULL, NULL, NULL, NULL, NULL),
(25, 'MAGISCH_ERWEITERT', NULL, 572, NULL, NULL, NULL, NULL, NULL, NULL, NULL),
(12, 'MAGISCH_ERWEITERT', NULL, 573, NULL, NULL, NULL, NULL, NULL, NULL, NULL),
(10, 'MAGISCH_ERWEITERT', NULL, 574, NULL, NULL, NULL, NULL, NULL, NULL, NULL),
(20, 'MAGISCH_ERWEITERT', NULL, 575, NULL, NULL, NULL, NULL, NULL, NULL, NULL),
(20, 'MAGISCH_ERWEITERT', NULL, 576, NULL, NULL, NULL, NULL, NULL, NULL, NULL),
(20, 'MAGISCH_ERWEITERT', NULL, 577, NULL, NULL, NULL, NULL, NULL, NULL, NULL),
(25, 'MAGISCH_ERWEITERT', NULL, 578, NULL, NULL, NULL, NULL, NULL, NULL, NULL),
(15, 'MAGISCH_ERWEITERT', NULL, 579, NULL, NULL, NULL, NULL, NULL, NULL, NULL),
(8, 'MAGISCH_ERWEITERT', NULL, 580, NULL, NULL, NULL, NULL, NULL, NULL, NULL),
(25, 'MAGISCH_ERWEITERT', NULL, 581, NULL, NULL, NULL, NULL, NULL, NULL, NULL),
(10, 'MAGISCH_ERWEITERT', NULL, 582, NULL, NULL, NULL, NULL, NULL, NULL, NULL),
(10, 'MAGISCH_ERWEITERT', NULL, 583, NULL, NULL, NULL, NULL, NULL, NULL, NULL),
(15, 'MAGISCH_ERWEITERT', NULL, 584, NULL, NULL, NULL, NULL, NULL, NULL, NULL),
(20, 'MAGISCH_ERWEITERT', NULL, 585, NULL, NULL, NULL, NULL, NULL, NULL, NULL),
(10, 'MAGISCH_ERWEITERT', NULL, 586, NULL, NULL, NULL, NULL, NULL, NULL, NULL),
(8, 'MAGISCH_ERWEITERT', NULL, 587, NULL, NULL, NULL, NULL, NULL, NULL, NULL),
(25, 'MAGISCH_ERWEITERT', NULL, 588, NULL, NULL, NULL, NULL, NULL, NULL, NULL),
(25, 'MAGISCH_ERWEITERT', NULL, 589, NULL, NULL, NULL, NULL, NULL, NULL, NULL),
(15, 'MAGISCH_ERWEITERT', NULL, 590, NULL, NULL, NULL, NULL, NULL, NULL, NULL),
(10, 'MAGISCH_ERWEITERT', NULL, 591, NULL, NULL, NULL, NULL, NULL, NULL, NULL),
(25, 'MAGISCH_ERWEITERT', NULL, 592, NULL, NULL, NULL, NULL, NULL, NULL, NULL),
(25, 'MAGISCH_ERWEITERT', NULL, 593, NULL, NULL, NULL, NULL, NULL, NULL, NULL),
(25, 'MAGISCH_ERWEITERT', NULL, 594, NULL, NULL, NULL, NULL, NULL, NULL, NULL),
(50, 'MAGISCH_ERWEITERT', NULL, 595, NULL, NULL, NULL, NULL, NULL, NULL, NULL),
(165, 'MAGISCH_ERWEITERT', NULL, 596, NULL, NULL, NULL, NULL, NULL, NULL, NULL),
(125, 'MAGISCH_ERWEITERT', NULL, 597, NULL, NULL, NULL, NULL, NULL, NULL, NULL),
(80, 'MAGISCH_ERWEITERT', NULL, 598, NULL, NULL, NULL, NULL, NULL, NULL, NULL),
(75, 'MAGISCH_ERWEITERT', NULL, 599, NULL, NULL, NULL, NULL, NULL, NULL, NULL),
(0, 'MAGISCH_HERRSCHAFTSRITUAL', NULL, 600, NULL, 1, 3, 4, 17, 24, NULL),
(0, 'MAGISCH_HERRSCHAFTSRITUAL', NULL, 601, NULL, 1, 3, 4, 17, 25, NULL),
(0, 'MAGISCH_HERRSCHAFTSRITUAL', NULL, 602, NULL, 1, 2, 4, 17, 26, NULL),
(0, 'MAGISCH_HERRSCHAFTSRITUAL', NULL, 603, NULL, 2, 3, 4, 17, 27, NULL),
(0, 'MAGISCH_HERRSCHAFTSRITUAL', NULL, 604, NULL, 1, 2, 3, 18, 16, NULL),
(0, 'MAGISCH_FLUCH', NULL, 605, NULL, 2, 3, 5, 30, 20, NULL),
(0, 'MAGISCH_FLUCH', NULL, 606, NULL, 2, 3, 4, 30, 20, NULL),
(0, 'MAGISCH_FLUCH', NULL, 607, NULL, 1, 3, 4, 31, 13, NULL),
(0, 'MAGISCH_FLUCH', NULL, 608, NULL, 3, 5, 7, 30, 11, NULL),
(0, 'MAGISCH_FLUCH', NULL, 609, NULL, 2, 3, 4, 32, 20, NULL),
(0, 'MAGISCH_FLUCH', NULL, 610, NULL, 1, 4, 6, 33, 28, NULL),
(0, 'MAGISCH_FLUCH', NULL, 611, NULL, 2, 3, 4, 30, 20, NULL),
(0, 'MAGISCH_FLUCH', NULL, 612, NULL, 3, 5, 7, 30, 29, NULL),
(0, 'MAGISCH_FLUCH', NULL, 613, NULL, 3, 5, 7, 32, 20, NULL),
(0, 'MAGISCH_FLUCH', NULL, 614, NULL, 2, 3, 4, 30, 11, NULL),
(5, 'PROFAN_KAMPF', NULL, 615, NULL, NULL, NULL, NULL, NULL, NULL, NULL),
(0, 'PROFAN_KAMPF', NULL, 616, NULL, NULL, NULL, NULL, NULL, NULL, NULL),
(15, 'PROFAN_KAMPF', NULL, 617, NULL, NULL, NULL, NULL, NULL, NULL, NULL),
(20, 'PROFAN_KAMPF', NULL, 618, NULL, NULL, NULL, NULL, NULL, NULL, NULL),
(10, 'PROFAN_KAMPF', NULL, 619, NULL, NULL, NULL, NULL, NULL, NULL, NULL),
(10, 'PROFAN_KAMPF', NULL, 620, NULL, NULL, NULL, NULL, NULL, NULL, NULL),
(0, 'PROFAN_KAMPF', NULL, 621, NULL, NULL, NULL, NULL, NULL, NULL, NULL),
(20, 'PROFAN_KAMPF', NULL, 622, NULL, NULL, NULL, NULL, NULL, NULL, NULL),
(35, 'PROFAN_KAMPF', NULL, 623, NULL, NULL, NULL, NULL, NULL, NULL, NULL),
(0, 'PROFAN_KAMPF', NULL, 624, NULL, NULL, NULL, NULL, NULL, NULL, NULL),
(20, 'PROFAN_KAMPF', NULL, 625, NULL, NULL, NULL, NULL, NULL, NULL, NULL),
(35, 'PROFAN_KAMPF', NULL, 626, NULL, NULL, NULL, NULL, NULL, NULL, NULL),
(10, 'PROFAN_KAMPF', NULL, 627, NULL, NULL, NULL, NULL, NULL, NULL, NULL),
(20, 'PROFAN_KAMPF', NULL, 628, NULL, NULL, NULL, NULL, NULL, NULL, NULL),
(10, 'PROFAN_KAMPF', NULL, 629, NULL, NULL, NULL, NULL, NULL, NULL, NULL),
(20, 'PROFAN_KAMPF', NULL, 630, NULL, NULL, NULL, NULL, NULL, NULL, NULL),
(15, 'PROFAN_KAMPF', NULL, 631, NULL, NULL, NULL, NULL, NULL, NULL, NULL),
(0, 'PROFAN_KAMPF', NULL, 632, NULL, NULL, NULL, NULL, NULL, NULL, NULL),
(10, 'PROFAN_KAMPF', NULL, 633, NULL, NULL, NULL, NULL, NULL, NULL, NULL),
(20, 'PROFAN_KAMPF', NULL, 634, NULL, NULL, NULL, NULL, NULL, NULL, NULL),
(10, 'PROFAN_KAMPF', NULL, 635, NULL, NULL, NULL, NULL, NULL, NULL, NULL),
(10, 'PROFAN_KAMPF', NULL, 636, NULL, NULL, NULL, NULL, NULL, NULL, NULL),
(0, 'PROFAN_KAMPF', NULL, 637, NULL, NULL, NULL, NULL, NULL, NULL, NULL),
(15, 'PROFAN_KAMPF', NULL, 638, NULL, NULL, NULL, NULL, NULL, NULL, NULL),
(20, 'PROFAN_KAMPF', NULL, 639, NULL, NULL, NULL, NULL, NULL, NULL, NULL),
(40, 'PROFAN_KAMPF', NULL, 640, NULL, NULL, NULL, NULL, NULL, NULL, NULL),
(10, 'PROFAN_KAMPF', NULL, 641, NULL, NULL, NULL, NULL, NULL, NULL, NULL),
(20, 'PROFAN_KAMPF', NULL, 642, NULL, NULL, NULL, NULL, NULL, NULL, NULL),
(0, 'PROFAN_KAMPF', NULL, 643, NULL, NULL, NULL, NULL, NULL, NULL, NULL),
(15, 'PROFAN_KAMPF', NULL, 644, NULL, NULL, NULL, NULL, NULL, NULL, NULL),
(20, 'PROFAN_KAMPF', NULL, 645, NULL, NULL, NULL, NULL, NULL, NULL, NULL),
(25, 'PROFAN_KAMPF', NULL, 646, NULL, NULL, NULL, NULL, NULL, NULL, NULL),
(10, 'PROFAN_KAMPF', NULL, 647, NULL, NULL, NULL, NULL, NULL, NULL, NULL),
(10, 'PROFAN_KAMPF', NULL, 648, NULL, NULL, NULL, NULL, NULL, NULL, NULL),
(5, 'PROFAN_KAMPF', NULL, 649, NULL, NULL, NULL, NULL, NULL, NULL, NULL),
(25, 'PROFAN_KAMPF', NULL, 650, NULL, NULL, NULL, NULL, NULL, NULL, NULL),
(12, 'PROFAN_KAMPF', NULL, 651, NULL, NULL, NULL, NULL, NULL, NULL, NULL),
(8, 'PROFAN_KAMPF', NULL, 652, NULL, NULL, NULL, NULL, NULL, NULL, NULL),
(0, 'PROFAN_KAMPF', NULL, 653, NULL, NULL, NULL, NULL, NULL, NULL, NULL),
(10, 'PROFAN_KAMPF', NULL, 654, NULL, NULL, NULL, NULL, NULL, NULL, NULL),
(15, 'PROFAN_KAMPF', NULL, 655, NULL, NULL, NULL, NULL, NULL, NULL, NULL),
(20, 'PROFAN_KAMPF', NULL, 656, NULL, NULL, NULL, NULL, NULL, NULL, NULL),
(50, 'PROFAN_KAMPF', NULL, 657, NULL, NULL, NULL, NULL, NULL, NULL, NULL),
(10, 'PROFAN_KAMPF', NULL, 658, NULL, NULL, NULL, NULL, NULL, NULL, NULL),
(25, 'PROFAN_KAMPF', NULL, 659, NULL, NULL, NULL, NULL, NULL, NULL, NULL),
(10, 'PROFAN_KAMPF', NULL, 660, NULL, NULL, NULL, NULL, NULL, NULL, NULL),
(10, 'PROFAN_KAMPF', NULL, 661, NULL, NULL, NULL, NULL, NULL, NULL, NULL),
(10, 'PROFAN_KAMPF', NULL, 662, NULL, NULL, NULL, NULL, NULL, NULL, NULL),
(15, 'PROFAN_KAMPF', NULL, 663, NULL, NULL, NULL, NULL, NULL, NULL, NULL),
(25, 'PROFAN_KAMPF', NULL, 664, NULL, NULL, NULL, NULL, NULL, NULL, NULL),
(10, 'PROFAN_KAMPF', NULL, 665, NULL, NULL, NULL, NULL, NULL, NULL, NULL),
(0, 'PROFAN_KAMPF', NULL, 666, NULL, NULL, NULL, NULL, NULL, NULL, NULL),
(15, 'PROFAN_KAMPF', NULL, 667, NULL, NULL, NULL, NULL, NULL, NULL, NULL),
(20, 'PROFAN_KAMPF', NULL, 668, NULL, NULL, NULL, NULL, NULL, NULL, NULL),
(25, 'PROFAN_KAMPF', NULL, 669, NULL, NULL, NULL, NULL, NULL, NULL, NULL),
(0, 'PROFAN_KAMPF', NULL, 670, NULL, NULL, NULL, NULL, NULL, NULL, NULL),
(15, 'PROFAN_KAMPF', NULL, 671, NULL, NULL, NULL, NULL, NULL, NULL, NULL),
(20, 'PROFAN_KAMPF', NULL, 672, NULL, NULL, NULL, NULL, NULL, NULL, NULL),
(25, 'PROFAN_KAMPF', NULL, 673, NULL, NULL, NULL, NULL, NULL, NULL, NULL),
(40, 'PROFAN_KAMPF', NULL, 674, NULL, NULL, NULL, NULL, NULL, NULL, NULL),
(0, 'PROFAN_KAMPF', NULL, 675, NULL, NULL, NULL, NULL, NULL, NULL, NULL),
(25, 'PROFAN_KAMPF', NULL, 676, NULL, NULL, NULL, NULL, NULL, NULL, NULL),
(35, 'PROFAN_KAMPF', NULL, 677, NULL, NULL, NULL, NULL, NULL, NULL, NULL),
(0, 'PROFAN_KAMPF', NULL, 678, NULL, NULL, NULL, NULL, NULL, NULL, NULL),
(15, 'PROFAN_KAMPF', NULL, 679, NULL, NULL, NULL, NULL, NULL, NULL, NULL),
(20, 'PROFAN_KAMPF', NULL, 680, NULL, NULL, NULL, NULL, NULL, NULL, NULL),
(15, 'PROFAN_KAMPF', NULL, 681, NULL, NULL, NULL, NULL, NULL, NULL, NULL),
(0, 'PROFAN_KAMPF', NULL, 682, NULL, NULL, NULL, NULL, NULL, NULL, NULL),
(10, 'PROFAN_KAMPF', NULL, 683, NULL, NULL, NULL, NULL, NULL, NULL, NULL),
(10, 'PROFAN_KAMPF', NULL, 684, NULL, NULL, NULL, NULL, NULL, NULL, NULL),
(25, 'PROFAN_KAMPF', NULL, 685, NULL, NULL, NULL, NULL, NULL, NULL, NULL),
(30, 'PROFAN_KAMPF', NULL, 686, NULL, NULL, NULL, NULL, NULL, NULL, NULL),
(0, 'PROFAN_KAMPF', NULL, 687, NULL, NULL, NULL, NULL, NULL, NULL, NULL),
(10, 'PROFAN_KAMPF', NULL, 688, NULL, NULL, NULL, NULL, NULL, NULL, NULL),
(15, 'PROFAN_KAMPF', NULL, 689, NULL, NULL, NULL, NULL, NULL, NULL, NULL),
(0, 'PROFAN_KAMPF', NULL, 690, NULL, NULL, NULL, NULL, NULL, NULL, NULL),
(15, 'PROFAN_KAMPF', NULL, 691, NULL, NULL, NULL, NULL, NULL, NULL, NULL),
(30, 'PROFAN_KAMPF', NULL, 692, NULL, NULL, NULL, NULL, NULL, NULL, NULL),
(45, 'PROFAN_KAMPF', NULL, 693, NULL, NULL, NULL, NULL, NULL, NULL, NULL),
(10, 'PROFAN_KAMPF', NULL, 694, NULL, NULL, NULL, NULL, NULL, NULL, NULL),
(10, 'PROFAN_KAMPF', NULL, 695, NULL, NULL, NULL, NULL, NULL, NULL, NULL),
(10, 'PROFAN_KAMPF', NULL, 696, NULL, NULL, NULL, NULL, NULL, NULL, NULL),
(10, 'PROFAN_KAMPF', NULL, 697, NULL, NULL, NULL, NULL, NULL, NULL, NULL),
(0, 'PROFAN_KAMPF', NULL, 698, NULL, NULL, NULL, NULL, NULL, NULL, NULL),
(15, 'PROFAN_KAMPF', NULL, 699, NULL, NULL, NULL, NULL, NULL, NULL, NULL),
(20, 'PROFAN_KAMPF', NULL, 700, NULL, NULL, NULL, NULL, NULL, NULL, NULL),
(25, 'PROFAN_KAMPF', NULL, 701, NULL, NULL, NULL, NULL, NULL, NULL, NULL),
(10, 'PROFAN_KAMPF', NULL, 702, NULL, NULL, NULL, NULL, NULL, NULL, NULL),
(20, 'PROFAN_KAMPF', NULL, 703, NULL, NULL, NULL, NULL, NULL, NULL, NULL),
(5, 'PROFAN_KAMPF', NULL, 704, NULL, NULL, NULL, NULL, NULL, NULL, NULL),
(15, 'PROFAN_KAMPF_STIL', NULL, 705, NULL, NULL, NULL, NULL, NULL, NULL, NULL),
(15, 'PROFAN_KAMPF_STIL', NULL, 706, NULL, NULL, NULL, NULL, NULL, NULL, NULL),
(10, 'PROFAN_KAMPF_STIL', NULL, 707, NULL, NULL, NULL, NULL, NULL, NULL, NULL),
(12, 'PROFAN_KAMPF_STIL', NULL, 708, NULL, NULL, NULL, NULL, NULL, NULL, NULL),
(5, 'PROFAN_KAMPF_STIL', NULL, 709, NULL, NULL, NULL, NULL, NULL, NULL, NULL),
(15, 'PROFAN_KAMPF_STIL', NULL, 710, NULL, NULL, NULL, NULL, NULL, NULL, NULL),
(15, 'PROFAN_KAMPF_STIL', NULL, 711, NULL, NULL, NULL, NULL, NULL, NULL, NULL),
(15, 'PROFAN_KAMPF_STIL', NULL, 712, NULL, NULL, NULL, NULL, NULL, NULL, NULL),
(20, 'PROFAN_KAMPF_STIL', NULL, 713, NULL, NULL, NULL, NULL, NULL, NULL, NULL),
(5, 'PROFAN_KAMPF_STIL', NULL, 714, NULL, NULL, NULL, NULL, NULL, NULL, NULL),
(10, 'PROFAN_KAMPF_STIL', NULL, 715, NULL, NULL, NULL, NULL, NULL, NULL, NULL),
(12, 'PROFAN_KAMPF_STIL', NULL, 716, NULL, NULL, NULL, NULL, NULL, NULL, NULL),
(15, 'PROFAN_KAMPF_STIL', NULL, 717, NULL, NULL, NULL, NULL, NULL, NULL, NULL),
(10, 'PROFAN_KAMPF_STIL', NULL, 718, NULL, NULL, NULL, NULL, NULL, NULL, NULL),
(15, 'PROFAN_KAMPF_STIL', NULL, 719, NULL, NULL, NULL, NULL, NULL, NULL, NULL),
(8, 'PROFAN_KAMPF_STIL', NULL, 720, NULL, NULL, NULL, NULL, NULL, NULL, NULL),
(10, 'PROFAN_KAMPF_STIL', NULL, 721, NULL, NULL, NULL, NULL, NULL, NULL, NULL),
(12, 'PROFAN_KAMPF_STIL', NULL, 722, NULL, NULL, NULL, NULL, NULL, NULL, NULL),
(10, 'PROFAN_KAMPF_STIL', NULL, 723, NULL, NULL, NULL, NULL, NULL, NULL, NULL),
(10, 'PROFAN_KAMPF_STIL', NULL, 724, NULL, NULL, NULL, NULL, NULL, NULL, NULL),
(10, 'PROFAN_KAMPF_STIL', NULL, 725, NULL, NULL, NULL, NULL, NULL, NULL, NULL),
(2, 'PROFAN_PRUEGEL', NULL, 726, NULL, NULL, NULL, NULL, NULL, NULL, NULL),
(1, 'PROFAN_PRUEGEL', NULL, 727, NULL, NULL, NULL, NULL, NULL, NULL, NULL),
(1, 'PROFAN_PRUEGEL', NULL, 728, NULL, NULL, NULL, NULL, NULL, NULL, NULL),
(3, 'PROFAN_PRUEGEL', NULL, 729, NULL, NULL, NULL, NULL, NULL, NULL, NULL),
(2, 'PROFAN_PRUEGEL', NULL, 730, NULL, NULL, NULL, NULL, NULL, NULL, NULL),
(1, 'PROFAN_PRUEGEL', NULL, 731, NULL, NULL, NULL, NULL, NULL, NULL, NULL),
(3, 'PROFAN_PRUEGEL', NULL, 732, NULL, NULL, NULL, NULL, NULL, NULL, NULL),
(1, 'PROFAN_PRUEGEL', NULL, 733, NULL, NULL, NULL, NULL, NULL, NULL, NULL),
(3, 'PROFAN_PRUEGEL', NULL, 734, NULL, NULL, NULL, NULL, NULL, NULL, NULL),
(5, 'PROFAN_SCHICKSALSPUNKT', NULL, 735, NULL, NULL, NULL, NULL, NULL, NULL, NULL),
(5, 'PROFAN_SCHICKSALSPUNKT', NULL, 736, NULL, NULL, NULL, NULL, NULL, NULL, NULL),
(5, 'PROFAN_SCHICKSALSPUNKT', NULL, 737, NULL, NULL, NULL, NULL, NULL, NULL, NULL),
(10, 'PROFAN_SCHICKSALSPUNKT', NULL, 738, NULL, NULL, NULL, NULL, NULL, NULL, NULL),
(5, 'PROFAN_SCHICKSALSPUNKT', NULL, 739, NULL, NULL, NULL, NULL, NULL, NULL, NULL),
(15, 'PROFAN_SCHICKSALSPUNKT', NULL, 740, NULL, NULL, NULL, NULL, NULL, NULL, NULL),
(25, 'PROFAN_SCHICKSALSPUNKT', NULL, 741, NULL, NULL, NULL, NULL, NULL, NULL, NULL),
(10, 'PROFAN_SCHICKSALSPUNKT', NULL, 742, NULL, NULL, NULL, NULL, NULL, NULL, NULL),
(5, 'PROFAN_SCHICKSALSPUNKT', NULL, 743, NULL, NULL, NULL, NULL, NULL, NULL, NULL),
(10, 'PROFAN_SCHICKSALSPUNKT', NULL, 744, NULL, NULL, NULL, NULL, NULL, NULL, NULL),
(10, 'MAGISCH_STAB', NULL, 745, NULL, NULL, NULL, NULL, 34, NULL, NULL),
(15, 'MAGISCH_STAB', NULL, 746, NULL, NULL, NULL, NULL, 35, NULL, NULL),
(20, 'MAGISCH_STAB', NULL, 747, NULL, NULL, NULL, NULL, 36, NULL, NULL),
(12, 'MAGISCH_STAB', NULL, 748, NULL, NULL, NULL, NULL, NULL, NULL, NULL),
(20, 'MAGISCH_STAB', NULL, 749, NULL, NULL, NULL, NULL, NULL, NULL, NULL),
(10, 'MAGISCH_STAB', NULL, 750, NULL, NULL, NULL, NULL, NULL, NULL, NULL),
(5, 'MAGISCH_STAB', NULL, 751, NULL, NULL, NULL, NULL, 24, NULL, NULL),
(15, 'MAGISCH_STAB', NULL, 752, NULL, NULL, NULL, NULL, NULL, NULL, NULL),
(15, 'MAGISCH_STAB', NULL, 753, NULL, NULL, NULL, NULL, NULL, NULL, NULL),
(10, 'MAGISCH_STAB', NULL, 754, NULL, NULL, NULL, NULL, 24, NULL, NULL),
(35, 'MAGISCH_STAB', NULL, 755, NULL, NULL, NULL, NULL, 37, NULL, NULL),
(5, 'MAGISCH_STAB', NULL, 756, NULL, NULL, NULL, NULL, NULL, NULL, NULL),
(3, 'MAGISCH_STAB', NULL, 757, NULL, NULL, NULL, NULL, NULL, NULL, NULL),
(10, 'MAGISCH_STAB', NULL, 758, NULL, NULL, NULL, NULL, NULL, NULL, NULL),
(8, 'MAGISCH_STAB', NULL, 759, NULL, NULL, NULL, NULL, NULL, NULL, NULL),
(30, 'MAGISCH_STAB', NULL, 760, NULL, NULL, NULL, NULL, 38, NULL, NULL),
(0, 'MAGISCH_STAB', NULL, 761, NULL, NULL, NULL, NULL, 39, NULL, NULL),
(3, 'MAGISCH_STAB', NULL, 762, NULL, NULL, NULL, NULL, 39, NULL, NULL),
(6, 'MAGISCH_STAB', NULL, 763, NULL, NULL, NULL, NULL, 39, NULL, NULL),
(9, 'MAGISCH_STAB', NULL, 764, NULL, NULL, NULL, NULL, 39, NULL, NULL),
(12, 'MAGISCH_STAB', NULL, 765, NULL, NULL, NULL, NULL, 39, NULL, NULL),
(35, 'MAGISCH_STAB', NULL, 766, NULL, NULL, NULL, NULL, 38, NULL, NULL),
(10, 'MAGISCH_STAB', NULL, 767, NULL, NULL, NULL, NULL, NULL, NULL, NULL),
(10, 'MAGISCH_STAB', NULL, 768, NULL, NULL, NULL, NULL, 24, NULL, NULL),
(15, 'MAGISCH_STAB', NULL, 769, NULL, NULL, NULL, NULL, NULL, NULL, NULL),
(15, 'MAGISCH_STAB', NULL, 770, NULL, NULL, NULL, NULL, NULL, NULL, NULL),
(10, 'MAGISCH_STAB', NULL, 771, NULL, NULL, NULL, NULL, NULL, NULL, NULL),
(10, 'MAGISCH_STAB', NULL, 772, NULL, NULL, NULL, NULL, NULL, NULL, NULL),
(15, 'MAGISCH_STAB', NULL, 773, NULL, NULL, NULL, NULL, 24, NULL, NULL),
(8, 'MAGISCH_STAB', NULL, 774, NULL, NULL, NULL, NULL, NULL, NULL, NULL),
(20, 'MAGISCH_STAB', NULL, 775, NULL, NULL, NULL, NULL, NULL, NULL, NULL),
(10, 'MAGISCH_STAB', NULL, 776, NULL, NULL, NULL, NULL, NULL, NULL, NULL),
(15, 'MAGISCH_STAB', NULL, 777, NULL, NULL, NULL, NULL, NULL, NULL, NULL),
(10, 'MAGISCH_STAB', NULL, 778, NULL, NULL, NULL, NULL, NULL, NULL, NULL),
(0, 'MAGISCH_STAB', NULL, 779, NULL, NULL, NULL, NULL, NULL, NULL, NULL),
(5, 'MAGISCH_STAB', NULL, 780, NULL, NULL, NULL, NULL, NULL, NULL, NULL),
(10, 'MAGISCH_STAB', NULL, 781, NULL, NULL, NULL, NULL, NULL, NULL, NULL),
(15, 'MAGISCH_STAB', NULL, 782, NULL, NULL, NULL, NULL, NULL, NULL, NULL),
(20, 'MAGISCH_STAB', NULL, 783, NULL, NULL, NULL, NULL, NULL, NULL, NULL),
(25, 'MAGISCH_STAB', NULL, 784, NULL, NULL, NULL, NULL, NULL, NULL, NULL),
(20, 'MAGISCH_STAB', NULL, 785, NULL, NULL, NULL, NULL, NULL, NULL, NULL),
(0, 'PROFAN_TIER', NULL, 786, NULL, NULL, NULL, NULL, NULL, NULL, NULL),
(0, 'PROFAN_TIER', NULL, 787, NULL, NULL, NULL, NULL, NULL, NULL, NULL),
(0, 'PROFAN_TIER', NULL, 788, NULL, NULL, NULL, NULL, NULL, NULL, NULL),
(0, 'PROFAN_TIER', NULL, 789, NULL, NULL, NULL, NULL, NULL, NULL, NULL),
(0, 'PROFAN_TIER', NULL, 790, NULL, NULL, NULL, NULL, NULL, NULL, NULL),
(0, 'PROFAN_TIER', NULL, 791, NULL, NULL, NULL, NULL, NULL, NULL, NULL),
(0, 'PROFAN_TIER', NULL, 792, NULL, NULL, NULL, NULL, NULL, NULL, NULL),
(0, 'PROFAN_TIER', NULL, 793, NULL, NULL, NULL, NULL, NULL, NULL, NULL),
(0, 'PROFAN_TIER', NULL, 794, NULL, NULL, NULL, NULL, NULL, NULL, NULL),
(10, 'MAGISCH_VERTRAUTENTIER', NULL, 795, NULL, NULL, NULL, NULL, 24, 30, NULL),
(5, 'MAGISCH_VERTRAUTENTIER', NULL, 796, NULL, NULL, NULL, NULL, 36, 30, NULL),
(15, 'MAGISCH_VERTRAUTENTIER', NULL, 797, NULL, NULL, NULL, NULL, 24, 2, NULL),
(0, 'MAGISCH_VERTRAUTENTIER', NULL, 798, NULL, NULL, NULL, NULL, 24, 30, NULL),
(15, 'MAGISCH_VERTRAUTENTIER', NULL, 799, NULL, NULL, NULL, NULL, 36, 1, NULL),
(10, 'MAGISCH_VERTRAUTENTIER', NULL, 800, NULL, NULL, NULL, NULL, 36, 31, NULL),
(25, 'MAGISCH_VERTRAUTENTIER', NULL, 801, NULL, NULL, NULL, NULL, 40, 2, NULL),
(20, 'MAGISCH_VERTRAUTENTIER', NULL, 802, NULL, NULL, NULL, NULL, 26, 1, NULL),
(10, 'MAGISCH_VERTRAUTENTIER', NULL, 803, NULL, NULL, NULL, NULL, 26, 1, NULL),
(10, 'MAGISCH_VERTRAUTENTIER', NULL, 804, NULL, NULL, NULL, NULL, 26, 1, NULL),
(35, 'MAGISCH_VERTRAUTENTIER', NULL, 805, NULL, NULL, NULL, NULL, 41, 1, NULL),
(0, 'MAGISCH_VERTRAUTENTIER', NULL, 806, NULL, NULL, NULL, NULL, 41, 1, NULL),
(0, 'MAGISCH_ELFENLIED_VERZERRT', 'C', 807, NULL, 1, 2, 4, 42, NULL, NULL),
(0, 'MAGISCH_ELFENLIED_VERZERRT', 'D', 808, NULL, 1, 2, 3, 42, NULL, NULL),
(0, 'MAGISCH_ELFENLIED_VERZERRT', 'B', 809, NULL, 1, 3, 4, 43, NULL, NULL),
(0, 'MAGISCH_ELFENLIED_VERZERRT', 'D', 810, NULL, 1, 3, 4, 44, NULL, NULL),
(0, 'MAGISCH_ELFENLIED_VERZERRT', 'B', 811, NULL, 1, 3, 7, 45, NULL, NULL),
(25, 'MAGISCH_STIL', NULL, 812, NULL, NULL, NULL, NULL, NULL, NULL, NULL),
(20, 'MAGISCH_STIL', NULL, 813, NULL, NULL, NULL, NULL, NULL, NULL, NULL),
(12, 'MAGISCH_STIL', NULL, 814, NULL, NULL, NULL, NULL, NULL, NULL, NULL),
(15, 'MAGISCH_STIL', NULL, 815, NULL, NULL, NULL, NULL, NULL, NULL, NULL),
(15, 'MAGISCH_STIL', NULL, 816, NULL, NULL, NULL, NULL, NULL, NULL, NULL),
(10, 'MAGISCH_STIL', NULL, 817, NULL, NULL, NULL, NULL, NULL, NULL, NULL),
(10, 'MAGISCH_STIL', NULL, 818, NULL, NULL, NULL, NULL, NULL, NULL, NULL),
(12, 'MAGISCH_STIL', NULL, 819, NULL, NULL, NULL, NULL, NULL, NULL, NULL),
(15, 'MAGISCH_STIL', NULL, 820, NULL, NULL, NULL, NULL, NULL, NULL, NULL),
(15, 'MAGISCH_STIL', NULL, 821, NULL, NULL, NULL, NULL, NULL, NULL, NULL),
(12, 'MAGISCH_STIL', NULL, 822, NULL, NULL, NULL, NULL, NULL, NULL, NULL),
(10, 'MAGISCH_STIL', NULL, 823, NULL, NULL, NULL, NULL, NULL, NULL, NULL),
(10, 'MAGISCH_STIL', NULL, 824, NULL, NULL, NULL, NULL, NULL, NULL, NULL);
INSERT INTO `special_ability` (`ap`, `special_ability_group`, `improvement_chart`, `id`, `cast_time_id`, `check1_id`, `check2_id`, `check3_id`, `cost_id`, `duration_id`, `range_id`) VALUES
(10, 'MAGISCH_STIL', NULL, 825, NULL, NULL, NULL, NULL, NULL, NULL, NULL),
(10, 'MAGISCH_STIL', NULL, 826, NULL, NULL, NULL, NULL, NULL, NULL, NULL),
(10, 'MAGISCH_STIL', NULL, 827, NULL, NULL, NULL, NULL, NULL, NULL, NULL),
(10, 'MAGISCH_STIL', NULL, 828, NULL, NULL, NULL, NULL, NULL, NULL, NULL),
(20, 'MAGISCH', NULL, 2188, NULL, NULL, NULL, NULL, NULL, NULL, NULL),
(5, 'MAGISCH', NULL, 2189, NULL, NULL, NULL, NULL, NULL, NULL, NULL),
(10, 'MAGISCH', NULL, 2190, NULL, NULL, NULL, NULL, NULL, NULL, NULL),
(15, 'MAGISCH', NULL, 2191, NULL, NULL, NULL, NULL, NULL, NULL, NULL),
(10, 'MAGISCH', NULL, 2192, NULL, NULL, NULL, NULL, NULL, NULL, NULL),
(5, 'MAGISCH', NULL, 2193, NULL, NULL, NULL, NULL, NULL, NULL, NULL),
(5, 'MAGISCH', NULL, 2194, NULL, NULL, NULL, NULL, NULL, NULL, NULL),
(15, 'MAGISCH', NULL, 2195, NULL, NULL, NULL, NULL, NULL, NULL, NULL),
(15, 'MAGISCH', NULL, 2196, NULL, NULL, NULL, NULL, NULL, NULL, NULL),
(10, 'MAGISCH', NULL, 2197, NULL, NULL, NULL, NULL, NULL, NULL, NULL),
(15, 'MAGISCH', NULL, 2198, NULL, NULL, NULL, NULL, NULL, NULL, NULL),
(20, 'MAGISCH', NULL, 2199, NULL, NULL, NULL, NULL, NULL, NULL, NULL),
(5, 'MAGISCH', NULL, 2200, NULL, NULL, NULL, NULL, NULL, NULL, NULL),
(15, 'MAGISCH', NULL, 2201, NULL, NULL, NULL, NULL, NULL, NULL, NULL),
(10, 'MAGISCH', NULL, 2202, NULL, NULL, NULL, NULL, NULL, NULL, NULL),
(10, 'MAGISCH', NULL, 2203, NULL, NULL, NULL, NULL, NULL, NULL, NULL),
(10, 'MAGISCH', NULL, 2204, NULL, NULL, NULL, NULL, NULL, NULL, NULL),
(10, 'MAGISCH', NULL, 2205, NULL, NULL, NULL, NULL, NULL, NULL, NULL),
(10, 'MAGISCH', NULL, 2206, NULL, NULL, NULL, NULL, NULL, NULL, NULL),
(5, 'MAGISCH', NULL, 2207, NULL, NULL, NULL, NULL, NULL, NULL, NULL),
(20, 'MAGISCH', NULL, 2208, NULL, NULL, NULL, NULL, NULL, NULL, NULL),
(5, 'MAGISCH', NULL, 2209, NULL, NULL, NULL, NULL, NULL, NULL, NULL),
(10, 'MAGISCH', NULL, 2210, NULL, NULL, NULL, NULL, NULL, NULL, NULL),
(10, 'MAGISCH', NULL, 2211, NULL, NULL, NULL, NULL, NULL, NULL, NULL),
(10, 'MAGISCH', NULL, 2212, NULL, NULL, NULL, NULL, NULL, NULL, NULL),
(10, 'MAGISCH', NULL, 2213, NULL, NULL, NULL, NULL, NULL, NULL, NULL),
(10, 'MAGISCH', NULL, 2214, NULL, NULL, NULL, NULL, NULL, NULL, NULL),
(5, 'MAGISCH', NULL, 2215, NULL, NULL, NULL, NULL, NULL, NULL, NULL),
(15, 'MAGISCH', NULL, 2216, NULL, NULL, NULL, NULL, NULL, NULL, NULL),
(15, 'MAGISCH', NULL, 2217, NULL, NULL, NULL, NULL, NULL, NULL, NULL),
(5, 'MAGISCH', NULL, 2218, NULL, NULL, NULL, NULL, NULL, NULL, NULL),
(10, 'MAGISCH', NULL, 2219, NULL, NULL, NULL, NULL, NULL, NULL, NULL),
(10, 'MAGISCH', NULL, 2220, NULL, NULL, NULL, NULL, NULL, NULL, NULL),
(15, 'MAGISCH', NULL, 2221, NULL, NULL, NULL, NULL, NULL, NULL, NULL),
(10, 'MAGISCH', NULL, 2222, NULL, NULL, NULL, NULL, NULL, NULL, NULL),
(10, 'MAGISCH', NULL, 2223, NULL, NULL, NULL, NULL, NULL, NULL, NULL),
(10, 'MAGISCH', NULL, 2224, NULL, NULL, NULL, NULL, NULL, NULL, NULL),
(10, 'MAGISCH', NULL, 2225, NULL, NULL, NULL, NULL, NULL, NULL, NULL),
(10, 'MAGISCH', NULL, 2226, NULL, NULL, NULL, NULL, NULL, NULL, NULL),
(10, 'MAGISCH', NULL, 2227, NULL, NULL, NULL, NULL, NULL, NULL, NULL),
(10, 'MAGISCH', NULL, 2228, NULL, NULL, NULL, NULL, NULL, NULL, NULL),
(15, 'MAGISCH', NULL, 2229, NULL, NULL, NULL, NULL, NULL, NULL, NULL),
(15, 'MAGISCH', NULL, 2230, NULL, NULL, NULL, NULL, NULL, NULL, NULL),
(10, 'MAGISCH', NULL, 2231, NULL, NULL, NULL, NULL, NULL, NULL, NULL),
(15, 'MAGISCH', NULL, 2232, NULL, NULL, NULL, NULL, NULL, NULL, NULL),
(15, 'MAGISCH', NULL, 2233, NULL, NULL, NULL, NULL, NULL, NULL, NULL),
(10, 'MAGISCH', NULL, 2234, NULL, NULL, NULL, NULL, NULL, NULL, NULL),
(5, 'MAGISCH', NULL, 2235, NULL, NULL, NULL, NULL, NULL, NULL, NULL),
(10, 'MAGISCH', NULL, 2236, NULL, NULL, NULL, NULL, NULL, NULL, NULL),
(5, 'MAGISCH', NULL, 2237, NULL, NULL, NULL, NULL, NULL, NULL, NULL),
(10, 'MAGISCH', NULL, 2238, NULL, NULL, NULL, NULL, NULL, NULL, NULL),
(5, 'MAGISCH', NULL, 2239, NULL, NULL, NULL, NULL, NULL, NULL, NULL),
(10, 'MAGISCH', NULL, 2240, NULL, NULL, NULL, NULL, NULL, NULL, NULL),
(15, 'MAGISCH', NULL, 2241, NULL, NULL, NULL, NULL, NULL, NULL, NULL),
(5, 'MAGISCH', NULL, 2242, NULL, NULL, NULL, NULL, NULL, NULL, NULL),
(15, 'MAGISCH', NULL, 2243, NULL, NULL, NULL, NULL, NULL, NULL, NULL),
(10, 'MAGISCH', NULL, 2244, NULL, NULL, NULL, NULL, NULL, NULL, NULL),
(15, 'MAGISCH', NULL, 2245, NULL, NULL, NULL, NULL, NULL, NULL, NULL),
(10, 'MAGISCH', NULL, 2246, NULL, NULL, NULL, NULL, NULL, NULL, NULL),
(5, 'MAGISCH', NULL, 2247, NULL, NULL, NULL, NULL, NULL, NULL, NULL),
(5, 'MAGISCH', NULL, 2248, NULL, NULL, NULL, NULL, NULL, NULL, NULL),
(15, 'MAGISCH', NULL, 2249, NULL, NULL, NULL, NULL, NULL, NULL, NULL),
(10, 'MAGISCH', NULL, 2250, NULL, NULL, NULL, NULL, NULL, NULL, NULL),
(15, 'MAGISCH', NULL, 2251, NULL, NULL, NULL, NULL, NULL, NULL, NULL),
(10, 'MAGISCH', NULL, 2252, NULL, NULL, NULL, NULL, NULL, NULL, NULL),
(10, 'MAGISCH', NULL, 2253, NULL, NULL, NULL, NULL, NULL, NULL, NULL),
(10, 'MAGISCH', NULL, 2254, NULL, NULL, NULL, NULL, NULL, NULL, NULL),
(10, 'MAGISCH', NULL, 2255, NULL, NULL, NULL, NULL, NULL, NULL, NULL),
(15, 'MAGISCH', NULL, 2256, NULL, NULL, NULL, NULL, NULL, NULL, NULL),
(10, 'MAGISCH', NULL, 2257, NULL, NULL, NULL, NULL, NULL, NULL, NULL),
(15, 'MAGISCH', NULL, 2258, NULL, NULL, NULL, NULL, NULL, NULL, NULL),
(15, 'MAGISCH', NULL, 2259, NULL, NULL, NULL, NULL, NULL, NULL, NULL),
(10, 'MAGISCH', NULL, 2260, NULL, NULL, NULL, NULL, NULL, NULL, NULL),
(10, 'MAGISCH', NULL, 2261, NULL, NULL, NULL, NULL, NULL, NULL, NULL),
(15, 'MAGISCH', NULL, 2262, NULL, NULL, NULL, NULL, NULL, NULL, NULL),
(5, 'MAGISCH', NULL, 2263, NULL, NULL, NULL, NULL, NULL, NULL, NULL),
(10, 'MAGISCH', NULL, 2264, NULL, NULL, NULL, NULL, NULL, NULL, NULL),
(10, 'MAGISCH', NULL, 2265, NULL, NULL, NULL, NULL, NULL, NULL, NULL),
(15, 'MAGISCH', NULL, 2266, NULL, NULL, NULL, NULL, NULL, NULL, NULL),
(20, 'MAGISCH', NULL, 2267, NULL, NULL, NULL, NULL, NULL, NULL, NULL),
(10, 'MAGISCH', NULL, 2268, NULL, NULL, NULL, NULL, NULL, NULL, NULL),
(10, 'MAGISCH', NULL, 2269, NULL, NULL, NULL, NULL, NULL, NULL, NULL),
(15, 'MAGISCH', NULL, 2270, NULL, NULL, NULL, NULL, NULL, NULL, NULL),
(10, 'MAGISCH', NULL, 2271, NULL, NULL, NULL, NULL, NULL, NULL, NULL),
(10, 'MAGISCH', NULL, 2272, NULL, NULL, NULL, NULL, NULL, NULL, NULL),
(15, 'MAGISCH', NULL, 2273, NULL, NULL, NULL, NULL, NULL, NULL, NULL),
(5, 'MAGISCH', NULL, 2274, NULL, NULL, NULL, NULL, NULL, NULL, NULL),
(10, 'MAGISCH', NULL, 2275, NULL, NULL, NULL, NULL, NULL, NULL, NULL),
(5, 'MAGISCH', NULL, 2276, NULL, NULL, NULL, NULL, NULL, NULL, NULL),
(10, 'MAGISCH', NULL, 2277, NULL, NULL, NULL, NULL, NULL, NULL, NULL),
(5, 'MAGISCH', NULL, 2278, NULL, NULL, NULL, NULL, NULL, NULL, NULL),
(5, 'MAGISCH', NULL, 2279, NULL, NULL, NULL, NULL, NULL, NULL, NULL),
(15, 'MAGISCH', NULL, 2280, NULL, NULL, NULL, NULL, NULL, NULL, NULL),
(5, 'MAGISCH', NULL, 2281, NULL, NULL, NULL, NULL, NULL, NULL, NULL),
(5, 'MAGISCH', NULL, 2282, NULL, NULL, NULL, NULL, NULL, NULL, NULL),
(5, 'MAGISCH', NULL, 2283, NULL, NULL, NULL, NULL, NULL, NULL, NULL),
(5, 'MAGISCH', NULL, 2284, NULL, NULL, NULL, NULL, NULL, NULL, NULL),
(5, 'MAGISCH', NULL, 2285, NULL, NULL, NULL, NULL, NULL, NULL, NULL),
(5, 'MAGISCH', NULL, 2286, NULL, NULL, NULL, NULL, NULL, NULL, NULL),
(10, 'MAGISCH', NULL, 2287, NULL, NULL, NULL, NULL, NULL, NULL, NULL),
(15, 'MAGISCH', NULL, 2288, NULL, NULL, NULL, NULL, NULL, NULL, NULL),
(10, 'MAGISCH', NULL, 2289, NULL, NULL, NULL, NULL, NULL, NULL, NULL),
(10, 'MAGISCH', NULL, 2290, NULL, NULL, NULL, NULL, NULL, NULL, NULL),
(5, 'MAGISCH', NULL, 2291, NULL, NULL, NULL, NULL, NULL, NULL, NULL),
(10, 'MAGISCH', NULL, 2292, NULL, NULL, NULL, NULL, NULL, NULL, NULL),
(10, 'MAGISCH', NULL, 2293, NULL, NULL, NULL, NULL, NULL, NULL, NULL),
(10, 'MAGISCH', NULL, 2294, NULL, NULL, NULL, NULL, NULL, NULL, NULL),
(5, 'MAGISCH', NULL, 2295, NULL, NULL, NULL, NULL, NULL, NULL, NULL),
(15, 'MAGISCH', NULL, 2296, NULL, NULL, NULL, NULL, NULL, NULL, NULL),
(20, 'MAGISCH', NULL, 2297, NULL, NULL, NULL, NULL, NULL, NULL, NULL),
(10, 'MAGISCH', NULL, 2298, NULL, NULL, NULL, NULL, NULL, NULL, NULL),
(10, 'MAGISCH', NULL, 2299, NULL, NULL, NULL, NULL, NULL, NULL, NULL),
(15, 'MAGISCH', NULL, 2300, NULL, NULL, NULL, NULL, NULL, NULL, NULL),
(5, 'MAGISCH', NULL, 2301, NULL, NULL, NULL, NULL, NULL, NULL, NULL),
(10, 'MAGISCH', NULL, 2302, NULL, NULL, NULL, NULL, NULL, NULL, NULL),
(10, 'MAGISCH', NULL, 2303, NULL, NULL, NULL, NULL, NULL, NULL, NULL),
(10, 'MAGISCH', NULL, 2304, NULL, NULL, NULL, NULL, NULL, NULL, NULL),
(10, 'MAGISCH', NULL, 2305, NULL, NULL, NULL, NULL, NULL, NULL, NULL),
(10, 'MAGISCH', NULL, 2306, NULL, NULL, NULL, NULL, NULL, NULL, NULL),
(5, 'MAGISCH', NULL, 2307, NULL, NULL, NULL, NULL, NULL, NULL, NULL),
(20, 'MAGISCH', NULL, 2308, NULL, NULL, NULL, NULL, NULL, NULL, NULL),
(10, 'MAGISCH', NULL, 2309, NULL, NULL, NULL, NULL, NULL, NULL, NULL),
(15, 'MAGISCH', NULL, 2310, NULL, NULL, NULL, NULL, NULL, NULL, NULL),
(5, 'MAGISCH', NULL, 2311, NULL, NULL, NULL, NULL, NULL, NULL, NULL),
(5, 'MAGISCH', NULL, 2312, NULL, NULL, NULL, NULL, NULL, NULL, NULL),
(10, 'MAGISCH', NULL, 2313, NULL, NULL, NULL, NULL, NULL, NULL, NULL),
(15, 'MAGISCH', NULL, 2314, NULL, NULL, NULL, NULL, NULL, NULL, NULL),
(10, 'MAGISCH', NULL, 2315, NULL, NULL, NULL, NULL, NULL, NULL, NULL),
(10, 'MAGISCH', NULL, 2316, NULL, NULL, NULL, NULL, NULL, NULL, NULL),
(15, 'MAGISCH', NULL, 2317, NULL, NULL, NULL, NULL, NULL, NULL, NULL),
(10, 'MAGISCH', NULL, 2318, NULL, NULL, NULL, NULL, NULL, NULL, NULL),
(10, 'MAGISCH', NULL, 2319, NULL, NULL, NULL, NULL, NULL, NULL, NULL),
(10, 'MAGISCH', NULL, 2320, NULL, NULL, NULL, NULL, NULL, NULL, NULL),
(15, 'MAGISCH', NULL, 2321, NULL, NULL, NULL, NULL, NULL, NULL, NULL),
(10, 'MAGISCH', NULL, 2322, NULL, NULL, NULL, NULL, NULL, NULL, NULL),
(5, 'MAGISCH', NULL, 2323, NULL, NULL, NULL, NULL, NULL, NULL, NULL),
(10, 'MAGISCH', NULL, 2324, NULL, NULL, NULL, NULL, NULL, NULL, NULL),
(15, 'MAGISCH', NULL, 2325, NULL, NULL, NULL, NULL, NULL, NULL, NULL),
(5, 'MAGISCH', NULL, 2326, NULL, NULL, NULL, NULL, NULL, NULL, NULL),
(10, 'MAGISCH', NULL, 2327, NULL, NULL, NULL, NULL, NULL, NULL, NULL),
(10, 'MAGISCH', NULL, 2328, NULL, NULL, NULL, NULL, NULL, NULL, NULL),
(5, 'MAGISCH', NULL, 2329, NULL, NULL, NULL, NULL, NULL, NULL, NULL),
(15, 'MAGISCH', NULL, 2330, NULL, NULL, NULL, NULL, NULL, NULL, NULL),
(10, 'MAGISCH', NULL, 2331, NULL, NULL, NULL, NULL, NULL, NULL, NULL),
(15, 'MAGISCH', NULL, 2332, NULL, NULL, NULL, NULL, NULL, NULL, NULL),
(10, 'MAGISCH', NULL, 2333, NULL, NULL, NULL, NULL, NULL, NULL, NULL),
(5, 'MAGISCH', NULL, 2334, NULL, NULL, NULL, NULL, NULL, NULL, NULL),
(10, 'MAGISCH', NULL, 2335, NULL, NULL, NULL, NULL, NULL, NULL, NULL),
(15, 'MAGISCH', NULL, 2336, NULL, NULL, NULL, NULL, NULL, NULL, NULL),
(15, 'MAGISCH', NULL, 2337, NULL, NULL, NULL, NULL, NULL, NULL, NULL),
(15, 'MAGISCH', NULL, 2338, NULL, NULL, NULL, NULL, NULL, NULL, NULL),
(12, 'MAGISCH', NULL, 2339, NULL, NULL, NULL, NULL, NULL, NULL, NULL),
(3, 'MAGISCH', NULL, 2340, NULL, NULL, NULL, NULL, NULL, NULL, NULL),
(6, 'MAGISCH', NULL, 2341, NULL, NULL, NULL, NULL, NULL, NULL, NULL),
(9, 'MAGISCH', NULL, 2342, NULL, NULL, NULL, NULL, NULL, NULL, NULL),
(6, 'MAGISCH', NULL, 2343, NULL, NULL, NULL, NULL, NULL, NULL, NULL),
(3, 'MAGISCH', NULL, 2344, NULL, NULL, NULL, NULL, NULL, NULL, NULL),
(3, 'MAGISCH', NULL, 2345, NULL, NULL, NULL, NULL, NULL, NULL, NULL),
(9, 'MAGISCH', NULL, 2346, NULL, NULL, NULL, NULL, NULL, NULL, NULL),
(9, 'MAGISCH', NULL, 2347, NULL, NULL, NULL, NULL, NULL, NULL, NULL),
(6, 'MAGISCH', NULL, 2348, NULL, NULL, NULL, NULL, NULL, NULL, NULL),
(9, 'MAGISCH', NULL, 2349, NULL, NULL, NULL, NULL, NULL, NULL, NULL),
(12, 'MAGISCH', NULL, 2350, NULL, NULL, NULL, NULL, NULL, NULL, NULL),
(3, 'MAGISCH', NULL, 2351, NULL, NULL, NULL, NULL, NULL, NULL, NULL),
(9, 'MAGISCH', NULL, 2352, NULL, NULL, NULL, NULL, NULL, NULL, NULL),
(6, 'MAGISCH', NULL, 2353, NULL, NULL, NULL, NULL, NULL, NULL, NULL),
(6, 'MAGISCH', NULL, 2354, NULL, NULL, NULL, NULL, NULL, NULL, NULL),
(6, 'MAGISCH', NULL, 2355, NULL, NULL, NULL, NULL, NULL, NULL, NULL),
(6, 'MAGISCH', NULL, 2356, NULL, NULL, NULL, NULL, NULL, NULL, NULL),
(6, 'MAGISCH', NULL, 2357, NULL, NULL, NULL, NULL, NULL, NULL, NULL),
(3, 'MAGISCH', NULL, 2358, NULL, NULL, NULL, NULL, NULL, NULL, NULL),
(12, 'MAGISCH', NULL, 2359, NULL, NULL, NULL, NULL, NULL, NULL, NULL),
(3, 'MAGISCH', NULL, 2360, NULL, NULL, NULL, NULL, NULL, NULL, NULL),
(6, 'MAGISCH', NULL, 2361, NULL, NULL, NULL, NULL, NULL, NULL, NULL),
(6, 'MAGISCH', NULL, 2362, NULL, NULL, NULL, NULL, NULL, NULL, NULL),
(6, 'MAGISCH', NULL, 2363, NULL, NULL, NULL, NULL, NULL, NULL, NULL),
(6, 'MAGISCH', NULL, 2364, NULL, NULL, NULL, NULL, NULL, NULL, NULL),
(6, 'MAGISCH', NULL, 2365, NULL, NULL, NULL, NULL, NULL, NULL, NULL),
(3, 'MAGISCH', NULL, 2366, NULL, NULL, NULL, NULL, NULL, NULL, NULL),
(9, 'MAGISCH', NULL, 2367, NULL, NULL, NULL, NULL, NULL, NULL, NULL),
(9, 'MAGISCH', NULL, 2368, NULL, NULL, NULL, NULL, NULL, NULL, NULL),
(3, 'MAGISCH', NULL, 2369, NULL, NULL, NULL, NULL, NULL, NULL, NULL),
(6, 'MAGISCH', NULL, 2370, NULL, NULL, NULL, NULL, NULL, NULL, NULL),
(6, 'MAGISCH', NULL, 2371, NULL, NULL, NULL, NULL, NULL, NULL, NULL),
(9, 'MAGISCH', NULL, 2372, NULL, NULL, NULL, NULL, NULL, NULL, NULL),
(6, 'MAGISCH', NULL, 2373, NULL, NULL, NULL, NULL, NULL, NULL, NULL),
(6, 'MAGISCH', NULL, 2374, NULL, NULL, NULL, NULL, NULL, NULL, NULL),
(6, 'MAGISCH', NULL, 2375, NULL, NULL, NULL, NULL, NULL, NULL, NULL),
(6, 'MAGISCH', NULL, 2376, NULL, NULL, NULL, NULL, NULL, NULL, NULL),
(6, 'MAGISCH', NULL, 2377, NULL, NULL, NULL, NULL, NULL, NULL, NULL),
(6, 'MAGISCH', NULL, 2378, NULL, NULL, NULL, NULL, NULL, NULL, NULL),
(6, 'MAGISCH', NULL, 2379, NULL, NULL, NULL, NULL, NULL, NULL, NULL),
(9, 'MAGISCH', NULL, 2380, NULL, NULL, NULL, NULL, NULL, NULL, NULL),
(9, 'MAGISCH', NULL, 2381, NULL, NULL, NULL, NULL, NULL, NULL, NULL),
(6, 'MAGISCH', NULL, 2382, NULL, NULL, NULL, NULL, NULL, NULL, NULL),
(9, 'MAGISCH', NULL, 2383, NULL, NULL, NULL, NULL, NULL, NULL, NULL),
(9, 'MAGISCH', NULL, 2384, NULL, NULL, NULL, NULL, NULL, NULL, NULL),
(6, 'MAGISCH', NULL, 2385, NULL, NULL, NULL, NULL, NULL, NULL, NULL),
(3, 'MAGISCH', NULL, 2386, NULL, NULL, NULL, NULL, NULL, NULL, NULL),
(6, 'MAGISCH', NULL, 2387, NULL, NULL, NULL, NULL, NULL, NULL, NULL),
(3, 'MAGISCH', NULL, 2388, NULL, NULL, NULL, NULL, NULL, NULL, NULL),
(6, 'MAGISCH', NULL, 2389, NULL, NULL, NULL, NULL, NULL, NULL, NULL),
(3, 'MAGISCH', NULL, 2390, NULL, NULL, NULL, NULL, NULL, NULL, NULL),
(6, 'MAGISCH', NULL, 2391, NULL, NULL, NULL, NULL, NULL, NULL, NULL),
(9, 'MAGISCH', NULL, 2392, NULL, NULL, NULL, NULL, NULL, NULL, NULL),
(3, 'MAGISCH', NULL, 2393, NULL, NULL, NULL, NULL, NULL, NULL, NULL),
(9, 'MAGISCH', NULL, 2394, NULL, NULL, NULL, NULL, NULL, NULL, NULL),
(6, 'MAGISCH', NULL, 2395, NULL, NULL, NULL, NULL, NULL, NULL, NULL),
(9, 'MAGISCH', NULL, 2396, NULL, NULL, NULL, NULL, NULL, NULL, NULL),
(6, 'MAGISCH', NULL, 2397, NULL, NULL, NULL, NULL, NULL, NULL, NULL),
(3, 'MAGISCH', NULL, 2398, NULL, NULL, NULL, NULL, NULL, NULL, NULL),
(3, 'MAGISCH', NULL, 2399, NULL, NULL, NULL, NULL, NULL, NULL, NULL),
(9, 'MAGISCH', NULL, 2400, NULL, NULL, NULL, NULL, NULL, NULL, NULL),
(6, 'MAGISCH', NULL, 2401, NULL, NULL, NULL, NULL, NULL, NULL, NULL),
(9, 'MAGISCH', NULL, 2402, NULL, NULL, NULL, NULL, NULL, NULL, NULL),
(6, 'MAGISCH', NULL, 2403, NULL, NULL, NULL, NULL, NULL, NULL, NULL),
(6, 'MAGISCH', NULL, 2404, NULL, NULL, NULL, NULL, NULL, NULL, NULL),
(6, 'MAGISCH', NULL, 2405, NULL, NULL, NULL, NULL, NULL, NULL, NULL),
(6, 'MAGISCH', NULL, 2406, NULL, NULL, NULL, NULL, NULL, NULL, NULL),
(9, 'MAGISCH', NULL, 2407, NULL, NULL, NULL, NULL, NULL, NULL, NULL),
(6, 'MAGISCH', NULL, 2408, NULL, NULL, NULL, NULL, NULL, NULL, NULL),
(9, 'MAGISCH', NULL, 2409, NULL, NULL, NULL, NULL, NULL, NULL, NULL),
(9, 'MAGISCH', NULL, 2410, NULL, NULL, NULL, NULL, NULL, NULL, NULL),
(6, 'MAGISCH', NULL, 2411, NULL, NULL, NULL, NULL, NULL, NULL, NULL),
(6, 'MAGISCH', NULL, 2412, NULL, NULL, NULL, NULL, NULL, NULL, NULL),
(9, 'MAGISCH', NULL, 2413, NULL, NULL, NULL, NULL, NULL, NULL, NULL),
(3, 'MAGISCH', NULL, 2414, NULL, NULL, NULL, NULL, NULL, NULL, NULL),
(6, 'MAGISCH', NULL, 2415, NULL, NULL, NULL, NULL, NULL, NULL, NULL),
(6, 'MAGISCH', NULL, 2416, NULL, NULL, NULL, NULL, NULL, NULL, NULL),
(9, 'MAGISCH', NULL, 2417, NULL, NULL, NULL, NULL, NULL, NULL, NULL),
(12, 'MAGISCH', NULL, 2418, NULL, NULL, NULL, NULL, NULL, NULL, NULL),
(6, 'MAGISCH', NULL, 2419, NULL, NULL, NULL, NULL, NULL, NULL, NULL),
(6, 'MAGISCH', NULL, 2420, NULL, NULL, NULL, NULL, NULL, NULL, NULL),
(9, 'MAGISCH', NULL, 2421, NULL, NULL, NULL, NULL, NULL, NULL, NULL),
(6, 'MAGISCH', NULL, 2422, NULL, NULL, NULL, NULL, NULL, NULL, NULL),
(6, 'MAGISCH', NULL, 2423, NULL, NULL, NULL, NULL, NULL, NULL, NULL),
(9, 'MAGISCH', NULL, 2424, NULL, NULL, NULL, NULL, NULL, NULL, NULL),
(3, 'MAGISCH', NULL, 2425, NULL, NULL, NULL, NULL, NULL, NULL, NULL),
(6, 'MAGISCH', NULL, 2426, NULL, NULL, NULL, NULL, NULL, NULL, NULL),
(3, 'MAGISCH', NULL, 2427, NULL, NULL, NULL, NULL, NULL, NULL, NULL),
(6, 'MAGISCH', NULL, 2428, NULL, NULL, NULL, NULL, NULL, NULL, NULL),
(3, 'MAGISCH', NULL, 2429, NULL, NULL, NULL, NULL, NULL, NULL, NULL),
(3, 'MAGISCH', NULL, 2430, NULL, NULL, NULL, NULL, NULL, NULL, NULL),
(9, 'MAGISCH', NULL, 2431, NULL, NULL, NULL, NULL, NULL, NULL, NULL),
(3, 'MAGISCH', NULL, 2432, NULL, NULL, NULL, NULL, NULL, NULL, NULL),
(3, 'MAGISCH', NULL, 2433, NULL, NULL, NULL, NULL, NULL, NULL, NULL),
(3, 'MAGISCH', NULL, 2434, NULL, NULL, NULL, NULL, NULL, NULL, NULL),
(3, 'MAGISCH', NULL, 2435, NULL, NULL, NULL, NULL, NULL, NULL, NULL),
(3, 'MAGISCH', NULL, 2436, NULL, NULL, NULL, NULL, NULL, NULL, NULL),
(3, 'MAGISCH', NULL, 2437, NULL, NULL, NULL, NULL, NULL, NULL, NULL),
(6, 'MAGISCH', NULL, 2438, NULL, NULL, NULL, NULL, NULL, NULL, NULL),
(9, 'MAGISCH', NULL, 2439, NULL, NULL, NULL, NULL, NULL, NULL, NULL),
(6, 'MAGISCH', NULL, 2440, NULL, NULL, NULL, NULL, NULL, NULL, NULL),
(6, 'MAGISCH', NULL, 2441, NULL, NULL, NULL, NULL, NULL, NULL, NULL),
(3, 'MAGISCH', NULL, 2442, NULL, NULL, NULL, NULL, NULL, NULL, NULL),
(6, 'MAGISCH', NULL, 2443, NULL, NULL, NULL, NULL, NULL, NULL, NULL),
(6, 'MAGISCH', NULL, 2444, NULL, NULL, NULL, NULL, NULL, NULL, NULL),
(6, 'MAGISCH', NULL, 2445, NULL, NULL, NULL, NULL, NULL, NULL, NULL),
(3, 'MAGISCH', NULL, 2446, NULL, NULL, NULL, NULL, NULL, NULL, NULL),
(9, 'MAGISCH', NULL, 2447, NULL, NULL, NULL, NULL, NULL, NULL, NULL),
(12, 'MAGISCH', NULL, 2448, NULL, NULL, NULL, NULL, NULL, NULL, NULL),
(6, 'MAGISCH', NULL, 2449, NULL, NULL, NULL, NULL, NULL, NULL, NULL),
(6, 'MAGISCH', NULL, 2450, NULL, NULL, NULL, NULL, NULL, NULL, NULL),
(9, 'MAGISCH', NULL, 2451, NULL, NULL, NULL, NULL, NULL, NULL, NULL),
(3, 'MAGISCH', NULL, 2452, NULL, NULL, NULL, NULL, NULL, NULL, NULL),
(6, 'MAGISCH', NULL, 2453, NULL, NULL, NULL, NULL, NULL, NULL, NULL),
(6, 'MAGISCH', NULL, 2454, NULL, NULL, NULL, NULL, NULL, NULL, NULL),
(6, 'MAGISCH', NULL, 2455, NULL, NULL, NULL, NULL, NULL, NULL, NULL),
(6, 'MAGISCH', NULL, 2456, NULL, NULL, NULL, NULL, NULL, NULL, NULL),
(6, 'MAGISCH', NULL, 2457, NULL, NULL, NULL, NULL, NULL, NULL, NULL),
(3, 'MAGISCH', NULL, 2458, NULL, NULL, NULL, NULL, NULL, NULL, NULL),
(12, 'MAGISCH', NULL, 2459, NULL, NULL, NULL, NULL, NULL, NULL, NULL),
(6, 'MAGISCH', NULL, 2460, NULL, NULL, NULL, NULL, NULL, NULL, NULL),
(9, 'MAGISCH', NULL, 2461, NULL, NULL, NULL, NULL, NULL, NULL, NULL),
(3, 'MAGISCH', NULL, 2462, NULL, NULL, NULL, NULL, NULL, NULL, NULL),
(3, 'MAGISCH', NULL, 2463, NULL, NULL, NULL, NULL, NULL, NULL, NULL),
(6, 'MAGISCH', NULL, 2464, NULL, NULL, NULL, NULL, NULL, NULL, NULL),
(9, 'MAGISCH', NULL, 2465, NULL, NULL, NULL, NULL, NULL, NULL, NULL),
(6, 'MAGISCH', NULL, 2466, NULL, NULL, NULL, NULL, NULL, NULL, NULL),
(6, 'MAGISCH', NULL, 2467, NULL, NULL, NULL, NULL, NULL, NULL, NULL),
(9, 'MAGISCH', NULL, 2468, NULL, NULL, NULL, NULL, NULL, NULL, NULL),
(6, 'MAGISCH', NULL, 2469, NULL, NULL, NULL, NULL, NULL, NULL, NULL),
(6, 'MAGISCH', NULL, 2470, NULL, NULL, NULL, NULL, NULL, NULL, NULL),
(6, 'MAGISCH', NULL, 2471, NULL, NULL, NULL, NULL, NULL, NULL, NULL),
(9, 'MAGISCH', NULL, 2472, NULL, NULL, NULL, NULL, NULL, NULL, NULL),
(6, 'MAGISCH', NULL, 2473, NULL, NULL, NULL, NULL, NULL, NULL, NULL),
(3, 'MAGISCH', NULL, 2474, NULL, NULL, NULL, NULL, NULL, NULL, NULL),
(6, 'MAGISCH', NULL, 2475, NULL, NULL, NULL, NULL, NULL, NULL, NULL),
(9, 'MAGISCH', NULL, 2476, NULL, NULL, NULL, NULL, NULL, NULL, NULL),
(3, 'MAGISCH', NULL, 2477, NULL, NULL, NULL, NULL, NULL, NULL, NULL),
(6, 'MAGISCH', NULL, 2478, NULL, NULL, NULL, NULL, NULL, NULL, NULL),
(6, 'MAGISCH', NULL, 2479, NULL, NULL, NULL, NULL, NULL, NULL, NULL),
(3, 'MAGISCH', NULL, 2480, NULL, NULL, NULL, NULL, NULL, NULL, NULL),
(9, 'MAGISCH', NULL, 2481, NULL, NULL, NULL, NULL, NULL, NULL, NULL),
(6, 'MAGISCH', NULL, 2482, NULL, NULL, NULL, NULL, NULL, NULL, NULL),
(9, 'MAGISCH', NULL, 2483, NULL, NULL, NULL, NULL, NULL, NULL, NULL),
(6, 'MAGISCH', NULL, 2484, NULL, NULL, NULL, NULL, NULL, NULL, NULL),
(3, 'MAGISCH', NULL, 2485, NULL, NULL, NULL, NULL, NULL, NULL, NULL),
(6, 'MAGISCH', NULL, 2486, NULL, NULL, NULL, NULL, NULL, NULL, NULL),
(9, 'MAGISCH', NULL, 2487, NULL, NULL, NULL, NULL, NULL, NULL, NULL),
(9, 'MAGISCH', NULL, 2488, NULL, NULL, NULL, NULL, NULL, NULL, NULL),
(9, 'MAGISCH', NULL, 2489, NULL, NULL, NULL, NULL, NULL, NULL, NULL);

--
-- Daten für Tabelle `species`
--

INSERT INTO `species` (`ap_cost`, `base_live_points`, `base_movement`, `base_spirit`, `base_toughness`, `id`) VALUES
(0, 5, 8, -5, -5, 68),
(0, 5, 8, -4, -6, 69),
(61, 8, 6, -4, -4, 70),
(18, 2, 8, -4, -6, 71);

--
-- Daten für Tabelle `spell`
--

INSERT INTO `spell` (`improvement_chart`, `id`, `cast_time_id`, `check1_id`, `check2_id`, `check3_id`, `cost_id`, `duration_id`, `range_id`) VALUES
('D', 841, 1, 1, 2, 4, 14, 32, 1),
('A', 842, 4, 2, 3, 5, 15, 2, 11),
('B', 843, 2, 2, 3, 5, 46, 1, 1),
('C', 844, 4, 1, 3, 6, 47, 1, 1),
('B', 845, 1, 2, 4, 7, 14, 2, 6),
('A', 846, 1, 1, 4, 6, 15, 38, 3),
('A', 847, 3, 1, 4, 7, 15, 19, 1),
('C', 848, 11, 2, 2, 3, 16, 2, 2),
('C', 849, 3, 1, 4, 6, 48, 39, 1),
('B', 850, 3, 1, 3, 4, 17, 2, 2),
('C', 851, 2, 1, 2, 4, 14, 2, 6),
('D', 852, 3, 1, 2, 7, 49, 2, 5),
('A', 853, 3, 2, 3, 4, 46, 1, 3),
('C', 854, 1, 2, 3, 5, 50, 4, 1),
('B', 855, 1, 2, 4, 7, 15, 3, 3),
('B', 856, 4, 2, 3, 4, 51, 1, 2),
('B', 857, 4, 2, 3, 5, 51, 1, 2),
('B', 858, 4, 2, 2, 3, 51, 1, 2),
('B', 859, 4, 2, 3, 8, 52, 1, 2),
('A', 860, 2, 1, 3, 4, 15, 2, 6),
('D', 861, 5, 1, 3, 8, 49, 38, 5),
('A', 862, 3, 3, 4, 5, 53, 16, 2),
('B', 863, 3, 2, 3, 4, 46, 1, 3),
('B', 864, 1, 2, 3, 5, 17, 40, 2),
('B', 865, 5, 2, 3, 5, 54, 2, 2),
('B', 866, 3, 1, 3, 4, 17, 4, 4),
('B', 867, 5, 2, 4, 8, 17, 41, 3),
('A', 868, 3, 2, 3, 4, 15, 2, 3),
('C', 869, 3, 1, 2, 3, 55, 1, 4),
('C', 870, 5, 2, 3, 4, 16, 19, 3),
('A', 871, 1, 1, 3, 4, 15, 3, 3),
('B', 872, 2, 3, 4, 6, 17, 42, 1),
('B', 873, 2, 2, 3, 5, 15, 10, 2),
('C', 874, 2, 2, 3, 7, 16, 43, 3),
('B', 875, 2, 2, 4, 7, 14, 2, 6),
('B', 876, 3, 1, 4, 7, 56, 2, 3),
('B', 877, 1, 1, 2, 4, 57, 32, 1),
('B', 878, 2, 1, 2, 4, 16, 44, 1),
('B', 879, 4, 2, 4, 8, 16, 2, 3),
('B', 880, 4, 1, 2, 4, 58, 1, 1),
('B', 881, 4, 1, 2, 4, 59, 1, 1),
('C', 882, 2, 2, 3, 4, 60, 44, 2),
('C', 883, 2, 1, 3, 4, 61, 1, 1),
('B', 884, 3, 2, 3, 4, 56, 2, 3),
('C', 885, 3, 1, 3, 4, 16, 32, 4),
('C', 886, 12, 2, 4, 6, 17, 2, 4),
('B', 887, 3, 3, 4, 7, 56, 2, 3),
('A', 888, 2, 3, 4, 7, 15, 44, 4),
('B', 889, 3, 1, 3, 4, 17, 19, 2),
('A', 890, 2, 2, 3, 4, 15, 45, 12),
('B', 891, 2, 1, 2, 3, 15, 46, 2),
('A', 892, 1, 3, 5, 4, 15, 38, 1),
('B', 893, 4, 1, 2, 6, 17, 4, 1),
('C', 894, 4, 1, 3, 6, 47, 1, 1),
('A', 895, 1, 1, 2, 4, 62, 1, 3),
('C', 896, 2, 2, 3, 5, 17, 32, 2),
('B', 897, 3, 1, 3, 7, 16, 47, 3),
('C', 898, 1, 2, 3, 7, 14, 2, 3),
('B', 899, 1, 1, 2, 4, 57, 32, 1),
('A', 900, 2, 3, 4, 7, 15, 44, 4),
('A', 901, 4, 2, 3, 6, 23, 2, 1),
('C', 902, 7, 2, 5, 8, 16, 21, 1),
('B', 903, 2, 1, 3, 4, 17, 13, 13),
('C', 904, 2, 1, 2, 4, 16, 48, 3),
('B', 905, 3, 2, 3, 4, 63, 1, 1),
('B', 906, 5, 3, 4, 5, 15, 49, 14),
('B', 907, 3, 2, 4, 5, 56, 2, 3),
('B', 908, 3, 2, 3, 4, 56, 2, 3),
('C', 909, 3, 1, 3, 4, 64, 24, 3),
('B', 910, 13, 1, 2, 4, 17, 2, 3),
('C', 911, 3, 1, 4, 8, 16, 44, 2),
('C', 912, 13, 1, 2, 4, 16, 2, 3),
('B', 913, 1, 2, 5, 8, 65, 1, 6),
('B', 914, 1, 2, 3, 7, 21, 2, 1),
('C', 915, 3, 1, 3, 4, 16, 50, 6),
('A', 916, 1, 2, 3, 7, 15, 5, 1),
('B', 917, 3, 1, 3, 4, 17, 32, 2),
('B', 918, 2, 1, 3, 4, 17, 4, 3),
('C', 919, 2, 1, 2, 4, 14, 2, 6),
('D', 920, 3, 1, 2, 7, 49, 2, 5),
('B', 921, 3, 3, 4, 6, 17, 42, 6),
('B', 922, 3, 2, 3, 4, 56, 2, 3),
('C', 923, 5, 1, 2, 4, 16, 4, 2),
('B', 924, 3, 3, 4, 5, 66, 1, 1),
('B', 925, 1, 2, 4, 7, 14, 2, 6),
('C', 926, 2, 1, 3, 5, 17, 51, 1),
('A', 927, 3, 1, 4, 7, 15, NULL, 11),
('B', 928, 3, 1, 3, 4, 16, 52, 3),
('A', 929, 3, 2, 3, 7, 67, 1, 1),
('B', 930, 3, 2, 3, 4, 68, 2, 4),
('A', 931, 2, 2, 3, 7, 23, 2, 2),
('A', 932, 1, 1, 3, 4, 15, 4, 3),
('C', 933, 3, 3, 4, 7, 69, 4, 2),
('A', 934, 2, 1, 3, 7, 15, 38, 1),
('A', 935, 3, 1, 2, 4, 15, 2, 11),
('A', 936, 3, 2, 3, 4, 46, 1, 3),
('A', 937, 2, 2, 5, 8, 46, 1, 1),
('A', 938, 3, 2, 2, 3, 15, 12, 3),
('A', 939, 3, 2, 4, 5, 23, 17, 3),
('B', 940, 2, 2, 5, 8, 70, 1, 3),
('C', 941, 2, 1, 2, 4, 57, 53, 6),
('B', 942, 4, 1, 2, 4, 17, 2, 4),
('B', 943, 3, 2, 5, 7, 58, 1, 2),
('A', 944, 2, 1, 2, 8, 15, 42, 2),
('B', 945, 3, 2, 3, 5, 56, 2, 3),
('B', 946, 2, 2, 3, 4, 17, 4, 1),
('B', 947, 3, 2, 3, 4, 46, 1, 3),
('A', 948, 2, 2, 3, 3, 15, 9, 3),
('C', 949, 2, 1, 2, 4, 14, 2, 6),
('D', 950, 3, 1, 2, 7, 49, 2, 5),
('B', 951, 2, 2, 3, 7, 17, 54, 3),
('B', 952, 2, 1, 2, 3, 71, 1, 1),
('C', 953, 13, 1, 2, 4, 16, 2, 3),
('A', 954, 3, 1, 2, 3, 17, 2, 11),
('B', 955, 4, 2, 3, 5, 66, 1, 2),
('B', 956, 14, 1, 4, 6, 14, 31, 3),
('B', 957, 4, 1, 3, 4, 72, 4, 1),
('B', 958, 4, 2, 3, 5, 66, 1, 2),
('B', 959, 2, 2, 5, 8, 61, 1, 6),
('A', 960, 3, 2, 4, 5, 23, 4, 4),
('D', 961, 15, 3, 4, 7, 73, 1, 1),
('B', 962, 2, 1, 3, 4, 17, 55, 2),
('C', 963, 4, 2, 3, 7, 16, 11, 2),
('A', 964, 2, 1, 3, 4, 15, 4, 3),
('A', 965, 3, 2, 4, 5, 15, 2, 1),
('B', 966, 3, 2, 3, 7, 17, 11, 1),
('C', 967, 3, 1, 4, 4, 16, 56, 3),
('B', 968, 3, 1, 3, 4, 17, 2, 2),
('B', 969, 3, 1, 3, 4, 17, 16, 3),
('C', 970, 2, 1, 4, 7, 16, 57, 2),
('B', 971, 3, 1, 3, 4, 74, 1, 4),
('B', 972, 4, 2, 5, 8, 46, 1, 1),
('B', 973, 2, 1, 2, 4, 17, 51, 3),
('C', 974, 3, 1, 3, 7, 17, 4, 1),
('B', 975, 4, 1, 3, 4, 17, 5, 3),
('A', 976, 3, 2, 3, 7, 46, 1, 1),
('B', 977, 3, 2, 5, 8, 46, 1, 1),
('C', 978, 2, 1, 3, 7, 16, 44, 6),
('A', 979, 3, 2, 3, 3, 17, 58, 2),
('B', 980, 3, 2, 3, 4, 15, 19, 3),
('B', 981, 3, 2, 3, 5, 56, 2, 3),
('A', 982, 3, 1, 3, 4, 75, 1, 4),
('C', 983, 4, 1, 4, 7, 76, 2, 1),
('B', 984, 3, 2, 4, 5, 56, 2, 3),
('C', 985, 3, 1, 1, 4, 77, 59, 3),
('B', 986, 3, 2, 3, 7, 58, 1, 2),
('A', 987, 2, 1, 3, 6, 15, 4, 1),
('B', 988, 4, 2, 3, 7, 46, 1, 2),
('C', 989, 4, 1, 3, 6, 47, 1, 1),
('C', 990, 2, 2, 3, 4, 17, 19, 3),
('C', 991, 3, 1, 2, 4, 16, 60, 3);

--
-- Daten für Tabelle `spell_targets`
--

INSERT INTO `spell_targets` (`spell_id`, `targets_id`) VALUES
(841, 3),
(842, 13),
(843, 20),
(844, 2),
(845, 1),
(846, 1),
(847, 20),
(848, 20),
(848, 13),
(849, 2),
(850, 2),
(851, 9),
(852, 3),
(853, 21),
(854, 20),
(855, 1),
(856, 2),
(857, 2),
(858, 2),
(859, 2),
(860, 1),
(861, 3),
(862, 13),
(863, 22),
(864, 1),
(865, 2),
(866, 2),
(866, 4),
(867, 1),
(868, 20),
(869, 2),
(869, 4),
(870, 2),
(871, 1),
(872, 1),
(873, 23),
(874, 1),
(875, 1),
(876, 9),
(877, 3),
(878, 3),
(879, 15),
(880, 3),
(881, 3),
(882, 1),
(883, 1),
(884, 9),
(885, 1),
(886, 15),
(887, 9),
(888, 1),
(889, 2),
(890, 24),
(890, 25),
(890, 20),
(890, 26),
(891, 1),
(892, 2),
(893, 2),
(894, 2),
(895, 3),
(896, 23),
(897, 3),
(898, 1),
(899, 3),
(900, 1),
(901, 13),
(902, 3),
(903, 1),
(904, 1),
(905, 20),
(906, 27),
(907, 9),
(908, 9),
(909, 28),
(909, 29),
(909, 30),
(910, 31),
(910, 32),
(911, 1),
(912, 18),
(913, 33),
(914, 20),
(915, 3),
(916, 20),
(917, 1),
(918, 1),
(919, 9),
(920, 3),
(921, 2),
(922, 9),
(923, 2),
(924, 2),
(925, 1),
(926, 34),
(927, 8),
(928, 2),
(929, 20),
(930, 1),
(931, 1),
(932, 11),
(933, 2),
(934, 1),
(935, 8),
(936, 35),
(937, 20),
(938, 36),
(939, 3),
(940, 8),
(941, 3),
(942, 7),
(943, 13),
(944, 13),
(945, 9),
(946, 20),
(947, 3),
(948, 20),
(948, 8),
(949, 9),
(950, 3),
(951, 1),
(952, 9),
(953, 7),
(954, 2),
(955, 1),
(956, 2),
(957, 2),
(958, 1),
(959, 8),
(960, 13),
(961, 1),
(962, 1),
(963, 1),
(964, 11),
(965, 2),
(966, 20),
(967, 3),
(968, 2),
(969, 2),
(970, 2),
(971, 2),
(972, 3),
(973, 37),
(974, 3),
(975, 1),
(976, 1),
(977, 20),
(978, 3),
(979, 38),
(980, 2),
(981, 9),
(982, 11),
(983, 8),
(983, 20),
(984, 9),
(985, 2),
(986, 1),
(987, 3),
(988, 1),
(989, 2),
(990, 2),
(991, 2);

--
-- Daten für Tabelle `target`
--

INSERT INTO `target` (`id`, `name`) VALUES
(1, 'Lebewesen'),
(2, 'Kulturschaffende'),
(3, 'Zone'),
(4, 'übernatürliche Wesen'),
(5, 'Tiere (Ratten)'),
(6, 'Untote'),
(7, 'Dämonen'),
(8, 'Objekt'),
(9, 'alle'),
(10, 'Pflanzen'),
(11, 'Tiere'),
(12, 'Tiere (nur Schlangen)'),
(13, 'Objekte'),
(14, 'geweihte Objekte'),
(15, 'profane Objekte'),
(16, 'profane Objekte (Tierbild)'),
(17, 'Objekt (profane Objekte bis zur Größe einer Truhe)'),
(18, 'Elementare'),
(19, 'profane Objekte (Trommeln)'),
(20, 'Wesen'),
(21, 'Zone (Radius 3 x 3 Schritt)'),
(22, 'Zone (Radius von 5 x 5 Schritt)'),
(23, 'Objekte (Schlösser)'),
(24, 'Lebewesen (außer Pflanzen'),
(25, 'Pilze'),
(26, 'die kleiner als eine Ratte sind)'),
(27, 'Pflanze'),
(28, 'Tiere (domestizierte Tiere'),
(29, 'Wildtiere der Größenkategorie groß'),
(30, 'kleiner)'),
(31, 'Beseelte'),
(32, 'Geister'),
(33, 'Objekt (Holz)'),
(34, 'selbst'),
(35, 'Zone (max. 3 x 3 Schritt)'),
(36, 'Kulturschaffende (selbst)'),
(37, 'Kulturschaffende (Verstorbene)'),
(38, 'Objekte (Zutaten für Alchimica)'),
(39, 'Objekte (Besen)'),
(40, 'Objekte (kleine Flammen)'),
(41, 'Objekte (Kleidung)'),
(42, 'Objekte (Sand)'),
(43, 'Objekte (Bücher)'),
(44, 'Objekte (Waffen)'),
(45, 'Objekte (Essen)'),
(46, 'Objekte (Federkiele)'),
(47, 'Lebewesen (nur der Geweihte selbst)');

-- activate foreign key checks. Keep this in the last line!
SET foreign_key_checks = 1;
