--
-- Delete all old data
--

SET foreign_key_checks = 0;

DELETE FROM `advantage`;
DELETE FROM `aspect`;
DELETE FROM `attribute`;
DELETE FROM `bless`;
DELETE FROM `bless_aspects`;
DELETE FROM `bless_targets`;
DELETE FROM `book`;
DELETE FROM `cantrip`;
DELETE FROM `cantrip_targets`;
DELETE FROM `cast_time`;
DELETE FROM `ceremony`;
DELETE FROM `ceremony_targets`;
DELETE FROM `combat_technique`;
DELETE FROM `combat_technique_primary_attributes`;
DELETE FROM `conditions`;
DELETE FROM `condition_and`;
DELETE FROM `condition_and_conditions`;
DELETE FROM `condition_has_property`;
DELETE FROM `condition_min`;
DELETE FROM `condition_not`;
DELETE FROM `condition_or`;
DELETE FROM `condition_or_conditions`;
DELETE FROM `cost`;
DELETE FROM `dependency`;
DELETE FROM `duration`;
DELETE FROM `effect`;
DELETE FROM `liturgical_chant`;
DELETE FROM `liturgical_chant_targets`;
DELETE FROM `property`;
DELETE FROM `property_publication`;
DELETE FROM `publication`;
DELETE FROM `ranges`;
DELETE FROM `ritual`;
DELETE FROM `ritual_targets`;
DELETE FROM `skill`;
DELETE FROM `special_ability`;
DELETE FROM `spell`;
DELETE FROM `spell_targets`;
DELETE FROM `target`;


--
-- Daten für Tabelle `advantage`
--

INSERT INTO `advantage` (`ap`, `id`, `range_id`) VALUES
(5, 859, NULL),
(5, 860, NULL),
(10, 861, NULL),
(15, 862, NULL),
(10, 863, NULL),
(10, 864, NULL),
(2, 865, NULL),
(5, 866, NULL),
(6, 867, 17),
(10, 868, NULL),
(0, 869, NULL),
(12, 870, NULL),
(6, 871, NULL),
(12, 872, NULL),
(24, 873, NULL),
(12, 874, NULL),
(12, 875, NULL),
(12, 876, NULL),
(24, 877, NULL),
(6, 878, NULL),
(24, 879, NULL),
(6, 880, NULL),
(12, 881, NULL),
(18, 882, NULL),
(6, 883, NULL),
(12, 884, NULL),
(12, 885, NULL),
(12, 886, NULL),
(12, 887, NULL),
(18, 888, NULL),
(18, 889, NULL),
(18, 890, NULL),
(12, 891, NULL),
(24, 892, NULL),
(18, 893, NULL),
(6, 894, NULL),
(6, 895, NULL),
(12, 896, NULL),
(18, 897, NULL),
(18, 898, NULL),
(18, 899, NULL),
(6, 900, NULL),
(12, 901, NULL),
(12, 902, NULL),
(12, 903, NULL),
(12, 904, NULL),
(18, 905, NULL),
(12, 906, NULL),
(6, 907, NULL),
(6, 908, NULL),
(12, 909, NULL),
(12, 910, NULL),
(6, 911, NULL),
(18, 912, NULL),
(12, 913, NULL),
(6, 914, NULL),
(12, 915, NULL),
(12, 916, NULL),
(12, 917, NULL),
(12, 918, NULL),
(24, 919, NULL),
(12, 920, NULL),
(6, 921, NULL),
(12, 922, NULL),
(6, 923, NULL),
(18, 924, NULL),
(6, 925, NULL),
(18, 926, NULL),
(6, 927, NULL),
(6, 928, NULL),
(6, 929, NULL),
(12, 930, NULL),
(12, 931, NULL),
(6, 932, NULL),
(0, 933, NULL),
(12, 934, NULL),
(6, 935, NULL),
(12, 936, NULL),
(6, 937, NULL),
(12, 938, NULL),
(12, 939, NULL),
(6, 940, NULL),
(6, 941, NULL),
(12, 942, NULL),
(0, 943, NULL),
(12, 944, NULL),
(12, 945, NULL),
(12, 946, NULL),
(12, 947, NULL),
(18, 948, NULL),
(6, 949, NULL),
(6, 950, NULL),
(12, 951, NULL),
(18, 952, NULL),
(12, 953, NULL),
(12, 954, NULL),
(0, 955, NULL),
(12, 956, NULL),
(6, 957, NULL),
(0, 958, NULL),
(6, 959, NULL),
(6, 960, NULL),
(12, 961, NULL),
(12, 962, NULL),
(6, 963, NULL),
(18, 964, NULL),
(12, 965, NULL),
(6, 966, NULL),
(18, 967, NULL),
(12, 968, NULL),
(12, 969, NULL),
(24, 970, NULL),
(6, 971, NULL),
(12, 972, NULL),
(18, 973, NULL),
(12, 974, NULL),
(6, 975, NULL),
(6, 976, NULL),
(18, 977, NULL),
(18, 978, NULL),
(12, 979, NULL),
(18, 980, NULL),
(24, 981, NULL),
(6, 982, NULL),
(18, 983, NULL),
(12, 984, NULL),
(12, 985, NULL),
(12, 986, NULL),
(12, 987, NULL),
(12, 988, NULL),
(6, 989, NULL),
(24, 990, NULL),
(6, 991, NULL),
(12, 992, NULL),
(12, 993, NULL),
(12, 994, NULL),
(12, 995, NULL),
(12, 996, NULL),
(6, 997, NULL),
(18, 998, NULL),
(18, 999, NULL),
(6, 1000, NULL),
(12, 1001, NULL),
(12, 1002, NULL),
(18, 1003, NULL),
(12, 1004, NULL),
(12, 1005, NULL),
(12, 1006, NULL),
(12, 1007, NULL),
(12, 1008, NULL),
(12, 1009, NULL),
(12, 1010, NULL),
(18, 1011, NULL),
(18, 1012, NULL),
(12, 1013, NULL),
(18, 1014, NULL),
(18, 1015, NULL),
(12, 1016, NULL),
(6, 1017, NULL),
(12, 1018, NULL),
(6, 1019, NULL),
(12, 1020, NULL),
(6, 1021, NULL),
(12, 1022, NULL),
(18, 1023, NULL),
(6, 1024, NULL),
(18, 1025, NULL),
(12, 1026, NULL),
(18, 1027, NULL),
(12, 1028, NULL),
(6, 1029, NULL),
(6, 1030, NULL),
(18, 1031, NULL),
(12, 1032, NULL),
(18, 1033, NULL),
(12, 1034, NULL),
(12, 1035, NULL),
(12, 1036, NULL),
(12, 1037, NULL),
(18, 1038, NULL),
(12, 1039, NULL),
(18, 1040, NULL),
(18, 1041, NULL),
(12, 1042, NULL),
(12, 1043, NULL),
(18, 1044, NULL),
(6, 1045, NULL),
(12, 1046, NULL),
(12, 1047, NULL),
(18, 1048, NULL),
(24, 1049, NULL),
(12, 1050, NULL),
(12, 1051, NULL),
(18, 1052, NULL),
(12, 1053, NULL),
(12, 1054, NULL),
(18, 1055, NULL),
(6, 1056, NULL),
(12, 1057, NULL),
(6, 1058, NULL),
(12, 1059, NULL),
(6, 1060, NULL),
(6, 1061, NULL),
(18, 1062, NULL),
(6, 1063, NULL),
(6, 1064, NULL),
(6, 1065, NULL),
(6, 1066, NULL),
(6, 1067, NULL),
(6, 1068, NULL),
(12, 1069, NULL),
(18, 1070, NULL),
(12, 1071, NULL),
(12, 1072, NULL),
(6, 1073, NULL),
(12, 1074, NULL),
(12, 1075, NULL),
(12, 1076, NULL),
(6, 1077, NULL),
(18, 1078, NULL),
(24, 1079, NULL),
(12, 1080, NULL),
(12, 1081, NULL),
(18, 1082, NULL),
(6, 1083, NULL),
(12, 1084, NULL),
(12, 1085, NULL),
(12, 1086, NULL),
(12, 1087, NULL),
(12, 1088, NULL),
(6, 1089, NULL),
(24, 1090, NULL),
(12, 1091, NULL),
(18, 1092, NULL),
(6, 1093, NULL),
(6, 1094, NULL),
(12, 1095, NULL),
(18, 1096, NULL),
(12, 1097, NULL),
(12, 1098, NULL),
(18, 1099, NULL),
(12, 1100, NULL),
(12, 1101, NULL),
(12, 1102, NULL),
(18, 1103, NULL),
(12, 1104, NULL),
(6, 1105, NULL),
(12, 1106, NULL),
(18, 1107, NULL),
(6, 1108, NULL),
(12, 1109, NULL),
(12, 1110, NULL),
(6, 1111, NULL),
(18, 1112, NULL),
(12, 1113, NULL),
(18, 1114, NULL),
(12, 1115, NULL),
(6, 1116, NULL),
(12, 1117, NULL),
(18, 1118, NULL),
(18, 1119, NULL),
(18, 1120, NULL),
(6, 1121, NULL),
(24, 1122, NULL),
(12, 1123, NULL),
(12, 1124, NULL),
(18, 1125, NULL),
(12, 1126, NULL),
(24, 1127, NULL),
(12, 1128, NULL),
(18, 1129, NULL),
(12, 1130, NULL),
(6, 1131, NULL),
(18, 1132, NULL),
(18, 1133, NULL),
(6, 1134, NULL),
(12, 1135, NULL),
(18, 1136, NULL),
(18, 1137, NULL),
(12, 1138, NULL),
(18, 1139, NULL),
(12, 1140, NULL),
(12, 1141, NULL),
(12, 1142, NULL),
(6, 1143, NULL),
(18, 1144, NULL),
(12, 1145, NULL),
(24, 1146, NULL),
(12, 1147, NULL),
(12, 1148, NULL),
(12, 1149, NULL),
(12, 1150, NULL),
(18, 1151, NULL),
(15, 1152, NULL),
(10, 1153, NULL),
(10, 1154, NULL),
(10, 1155, NULL),
(20, 1156, NULL),
(15, 1157, NULL),
(5, 1158, NULL),
(10, 1159, 18),
(3, 1160, NULL),
(8, 1161, NULL),
(15, 1162, 19),
(4, 1163, NULL),
(25, 1164, NULL),
(10, 1165, NULL),
(10, 1166, NULL),
(20, 1167, NULL),
(30, 1168, NULL),
(30, 1169, NULL),
(60, 1170, NULL),
(90, 1171, NULL),
(8, 1172, NULL),
(8, 1173, NULL),
(16, 1174, NULL),
(20, 1175, NULL),
(20, 1176, NULL),
(40, 1177, NULL),
(2, 1178, NULL),
(3, 1179, NULL),
(0, 1180, NULL),
(8, 1181, NULL),
(0, 1182, NULL),
(4, 1183, NULL),
(2, 1184, NULL),
(4, 1185, NULL),
(8, 1186, NULL),
(4, 1187, NULL),
(4, 1188, NULL),
(4, 1189, NULL),
(8, 1190, NULL),
(2, 1191, NULL),
(8, 1192, NULL),
(2, 1193, NULL),
(4, 1194, NULL),
(6, 1195, NULL),
(2, 1196, NULL),
(4, 1197, NULL),
(4, 1198, NULL),
(4, 1199, NULL),
(4, 1200, NULL),
(6, 1201, NULL),
(6, 1202, NULL),
(6, 1203, NULL),
(4, 1204, NULL),
(8, 1205, NULL),
(6, 1206, NULL),
(2, 1207, NULL),
(2, 1208, NULL),
(4, 1209, NULL),
(6, 1210, NULL),
(6, 1211, NULL),
(6, 1212, NULL),
(2, 1213, NULL),
(4, 1214, NULL),
(4, 1215, NULL),
(4, 1216, NULL),
(4, 1217, NULL),
(6, 1218, NULL),
(4, 1219, NULL),
(2, 1220, NULL),
(2, 1221, NULL),
(4, 1222, NULL),
(4, 1223, NULL),
(2, 1224, NULL),
(6, 1225, NULL),
(4, 1226, NULL),
(2, 1227, NULL),
(4, 1228, NULL),
(4, 1229, NULL),
(4, 1230, NULL),
(4, 1231, NULL),
(8, 1232, NULL),
(4, 1233, NULL),
(2, 1234, NULL),
(4, 1235, NULL),
(2, 1236, NULL),
(6, 1237, NULL),
(2, 1238, NULL),
(6, 1239, NULL),
(2, 1240, NULL),
(2, 1241, NULL),
(2, 1242, NULL),
(4, 1243, NULL),
(4, 1244, NULL),
(2, 1245, NULL),
(0, 1246, NULL),
(4, 1247, NULL),
(2, 1248, NULL),
(4, 1249, NULL),
(2, 1250, NULL),
(4, 1251, NULL),
(4, 1252, NULL),
(2, 1253, NULL),
(2, 1254, NULL),
(4, 1255, NULL),
(0, 1256, NULL),
(4, 1257, NULL),
(4, 1258, NULL),
(4, 1259, NULL),
(4, 1260, NULL),
(6, 1261, NULL),
(2, 1262, NULL),
(2, 1263, NULL),
(4, 1264, NULL),
(6, 1265, NULL),
(4, 1266, NULL),
(4, 1267, NULL),
(0, 1268, NULL),
(4, 1269, NULL),
(2, 1270, NULL),
(0, 1271, NULL),
(2, 1272, NULL),
(2, 1273, NULL),
(4, 1274, NULL),
(4, 1275, NULL),
(2, 1276, NULL),
(6, 1277, NULL),
(4, 1278, NULL),
(2, 1279, NULL),
(6, 1280, NULL),
(4, 1281, NULL),
(4, 1282, NULL),
(8, 1283, NULL),
(2, 1284, NULL),
(4, 1285, NULL),
(6, 1286, NULL),
(4, 1287, NULL),
(2, 1288, NULL),
(2, 1289, NULL),
(6, 1290, NULL),
(6, 1291, NULL),
(4, 1292, NULL),
(6, 1293, NULL),
(8, 1294, NULL),
(2, 1295, NULL),
(6, 1296, NULL),
(4, 1297, NULL),
(4, 1298, NULL),
(4, 1299, NULL),
(4, 1300, NULL),
(4, 1301, NULL),
(2, 1302, NULL),
(8, 1303, NULL),
(2, 1304, NULL),
(4, 1305, NULL),
(4, 1306, NULL),
(4, 1307, NULL),
(4, 1308, NULL),
(4, 1309, NULL),
(2, 1310, NULL),
(6, 1311, NULL),
(6, 1312, NULL),
(2, 1313, NULL),
(4, 1314, NULL),
(4, 1315, NULL),
(6, 1316, NULL),
(4, 1317, NULL),
(4, 1318, NULL),
(4, 1319, NULL),
(4, 1320, NULL),
(4, 1321, NULL),
(4, 1322, NULL),
(4, 1323, NULL),
(6, 1324, NULL),
(6, 1325, NULL),
(4, 1326, NULL),
(6, 1327, NULL),
(6, 1328, NULL),
(4, 1329, NULL),
(2, 1330, NULL),
(4, 1331, NULL),
(2, 1332, NULL),
(4, 1333, NULL),
(2, 1334, NULL),
(4, 1335, NULL),
(6, 1336, NULL),
(2, 1337, NULL),
(6, 1338, NULL),
(4, 1339, NULL),
(6, 1340, NULL),
(4, 1341, NULL),
(2, 1342, NULL),
(2, 1343, NULL),
(6, 1344, NULL),
(4, 1345, NULL),
(6, 1346, NULL),
(4, 1347, NULL),
(4, 1348, NULL),
(4, 1349, NULL),
(4, 1350, NULL),
(6, 1351, NULL),
(4, 1352, NULL),
(6, 1353, NULL),
(6, 1354, NULL),
(4, 1355, NULL),
(4, 1356, NULL),
(6, 1357, NULL),
(2, 1358, NULL),
(4, 1359, NULL),
(4, 1360, NULL),
(6, 1361, NULL),
(8, 1362, NULL),
(4, 1363, NULL),
(4, 1364, NULL),
(6, 1365, NULL),
(4, 1366, NULL),
(4, 1367, NULL),
(6, 1368, NULL),
(2, 1369, NULL),
(4, 1370, NULL),
(2, 1371, NULL),
(4, 1372, NULL),
(2, 1373, NULL),
(2, 1374, NULL),
(6, 1375, NULL),
(2, 1376, NULL),
(2, 1377, NULL),
(2, 1378, NULL),
(2, 1379, NULL),
(2, 1380, NULL),
(2, 1381, NULL),
(4, 1382, NULL),
(6, 1383, NULL),
(4, 1384, NULL),
(4, 1385, NULL),
(2, 1386, NULL),
(4, 1387, NULL),
(4, 1388, NULL),
(4, 1389, NULL),
(2, 1390, NULL),
(6, 1391, NULL),
(8, 1392, NULL),
(4, 1393, NULL),
(4, 1394, NULL),
(6, 1395, NULL),
(2, 1396, NULL),
(4, 1397, NULL),
(4, 1398, NULL),
(4, 1399, NULL),
(4, 1400, NULL),
(4, 1401, NULL),
(2, 1402, NULL),
(8, 1403, NULL),
(4, 1404, NULL),
(6, 1405, NULL),
(2, 1406, NULL),
(2, 1407, NULL),
(4, 1408, NULL),
(6, 1409, NULL),
(4, 1410, NULL),
(4, 1411, NULL),
(6, 1412, NULL),
(4, 1413, NULL),
(4, 1414, NULL),
(4, 1415, NULL),
(6, 1416, NULL),
(4, 1417, NULL),
(2, 1418, NULL),
(4, 1419, NULL),
(6, 1420, NULL),
(2, 1421, NULL),
(4, 1422, NULL),
(4, 1423, NULL),
(2, 1424, NULL),
(6, 1425, NULL),
(4, 1426, NULL),
(6, 1427, NULL),
(4, 1428, NULL),
(2, 1429, NULL),
(4, 1430, NULL),
(6, 1431, NULL),
(6, 1432, NULL),
(6, 1433, NULL),
(2, 1434, NULL),
(8, 1435, NULL),
(4, 1436, NULL),
(4, 1437, NULL),
(6, 1438, NULL),
(4, 1439, NULL),
(8, 1440, NULL),
(4, 1441, NULL),
(6, 1442, NULL),
(4, 1443, NULL),
(2, 1444, NULL),
(6, 1445, NULL),
(6, 1446, NULL),
(2, 1447, NULL),
(4, 1448, NULL),
(6, 1449, NULL),
(6, 1450, NULL),
(4, 1451, NULL),
(6, 1452, NULL),
(4, 1453, NULL),
(4, 1454, NULL),
(4, 1455, NULL),
(2, 1456, NULL),
(6, 1457, NULL),
(4, 1458, NULL),
(8, 1459, NULL),
(4, 1460, NULL),
(4, 1461, NULL),
(4, 1462, NULL),
(4, 1463, NULL),
(6, 1464, NULL),
(0, 1465, NULL),
(8, 1466, NULL),
(8, 1467, NULL),
(12, 1468, NULL),
(12, 1469, NULL),
(8, 1470, NULL),
(8, 1471, NULL),
(8, 1472, NULL),
(8, 1473, NULL),
(12, 1474, NULL),
(12, 1475, NULL),
(12, 1476, NULL),
(8, 1477, NULL),
(8, 1478, NULL),
(8, 1479, NULL),
(12, 1480, NULL),
(12, 1481, NULL),
(12, 1482, NULL),
(12, 1483, NULL),
(12, 1484, NULL),
(0, 1485, NULL),
(5, 1486, NULL),
(6, 1487, NULL),
(6, 1488, NULL),
(12, 1489, NULL),
(18, 1490, NULL),
(24, 1491, NULL),
(30, 1492, NULL),
(36, 1493, NULL),
(42, 1494, NULL),
(6, 1495, NULL),
(6, 1496, NULL),
(12, 1497, NULL),
(18, 1498, NULL),
(24, 1499, NULL),
(30, 1500, NULL),
(36, 1501, NULL),
(42, 1502, NULL),
(6, 1503, NULL),
(6, 1504, NULL),
(12, 1505, NULL),
(18, 1506, NULL),
(24, 1507, NULL),
(30, 1508, NULL),
(36, 1509, NULL),
(42, 1510, NULL),
(25, 1511, NULL),
(25, 1512, NULL),
(0, 1513, NULL),
(0, 1514, NULL),
(5, 1515, NULL),
(25, 1516, NULL),
(10, 1517, NULL),
(10, 1518, NULL),
(20, 1519, NULL),
(15, 1520, NULL),
(40, 1521, NULL),
(20, 1522, NULL),
(8, 1523, NULL),
(10, 1524, NULL),
(1, 1525, NULL),
(1, 1526, NULL),
(2, 1527, NULL),
(3, 1528, NULL),
(4, 1529, NULL),
(5, 1530, NULL),
(6, 1531, NULL),
(7, 1532, NULL),
(8, 1533, NULL),
(9, 1534, NULL),
(10, 1535, NULL),
(10, 1536, NULL),
(2, 1537, NULL),
(2, 1538, NULL),
(4, 1539, NULL),
(6, 1540, NULL),
(2, 1541, NULL),
(10, 1542, NULL),
(15, 1543, NULL),
(10, 1544, NULL),
(10, 1545, NULL),
(4, 1546, NULL),
(10, 1547, NULL),
(10, 1548, NULL),
(20, 1549, NULL),
(30, 1550, NULL),
(10, 1551, NULL),
(10, 1552, NULL),
(20, 1553, NULL),
(30, 1554, NULL),
(10, 1555, NULL),
(10, 1556, NULL),
(20, 1557, NULL),
(30, 1558, NULL),
(20, 1559, NULL),
(25, 1560, NULL),
(0, 1561, NULL),
(5, 1562, NULL),
(5, 1563, NULL),
(10, 1564, NULL),
(10, 1565, NULL),
(5, 1566, NULL),
(5, 1567, NULL),
(5, 1568, NULL),
(5, 1569, NULL),
(10, 1570, NULL),
(10, 1571, NULL),
(10, 1572, NULL),
(5, 1573, NULL),
(5, 1574, NULL),
(5, 1575, NULL),
(10, 1576, NULL),
(10, 1577, NULL),
(10, 1578, NULL),
(10, 1579, NULL),
(10, 1580, NULL),
(15, 1581, NULL),
(5, 1582, NULL),
(5, 1583, NULL),
(10, 1584, NULL),
(15, 1585, NULL),
(5, 1586, NULL),
(20, 1587, NULL),
(25, 1588, NULL),
(2, 1589, NULL),
(5, 1590, NULL),
(8, 1591, NULL),
(-8, 1592, NULL),
(-8, 1593, NULL),
(-16, 1594, NULL),
(-24, 1595, NULL),
(-1, 1596, NULL),
(-1, 1597, NULL),
(-2, 1598, NULL),
(-3, 1599, NULL),
(-10, 1600, NULL),
(-4, 1601, NULL),
(-50, 1602, NULL),
(-10, 1603, NULL),
(-10, 1604, NULL),
(0, 1605, NULL),
(-30, 1606, NULL),
(-2, 1607, NULL),
(-25, 1608, NULL),
(-5, 1609, NULL),
(-5, 1610, NULL),
(-10, 1611, NULL),
(3, 1612, NULL),
(-10, 1613, NULL),
(-10, 1614, NULL),
(-20, 1615, NULL),
(-3, 1616, NULL),
(-6, 1617, NULL),
(0, 1618, NULL),
(-10, 1619, NULL),
(-3, 1620, NULL),
(-25, 1621, NULL),
(-25, 1622, NULL),
(0, 1623, NULL),
(0, 1624, NULL),
(0, 1625, NULL),
(-5, 1626, NULL),
(-2, 1627, NULL),
(-5, 1628, NULL),
(-5, 1629, NULL),
(-10, 1630, NULL),
(-3, 1631, NULL),
(-20, 1632, NULL),
(-20, 1633, NULL),
(-30, 1634, NULL),
(-30, 1635, NULL),
(-10, 1636, NULL),
(-2, 1637, NULL),
(-2, 1638, NULL),
(-4, 1639, NULL),
(-6, 1640, NULL),
(-8, 1641, NULL),
(-10, 1642, NULL),
(-12, 1643, NULL),
(-14, 1644, NULL),
(-2, 1645, NULL),
(-2, 1646, NULL),
(-4, 1647, NULL),
(-6, 1648, NULL),
(-8, 1649, NULL),
(-10, 1650, NULL),
(-12, 1651, NULL),
(-14, 1652, NULL),
(-4, 1653, NULL),
(-4, 1654, NULL),
(-8, 1655, NULL),
(-12, 1656, NULL),
(-16, 1657, NULL),
(-20, 1658, NULL),
(-24, 1659, NULL),
(-28, 1660, NULL),
(-25, 1661, NULL),
(-25, 1662, NULL),
(-20, 1663, NULL),
(-20, 1664, NULL),
(-40, 1665, NULL),
(-60, 1666, NULL),
(-5, 1667, NULL),
(-10, 1668, NULL),
(-10, 1669, NULL),
(-10, 1670, NULL),
(-20, 1671, NULL),
(-30, 1672, NULL),
(-3, 1673, NULL),
(-10, 1674, NULL),
(-2, 1675, NULL),
(-5, 1676, NULL),
(-10, 1677, NULL),
(-10, 1678, NULL),
(-20, 1679, NULL),
(-30, 1680, NULL),
(-10, 1681, NULL),
(-10, 1682, NULL),
(-20, 1683, NULL),
(-30, 1684, NULL),
(-10, 1685, NULL),
(-10, 1686, NULL),
(-20, 1687, NULL),
(-30, 1688, NULL),
(-2, 1689, NULL),
(-2, 1690, NULL),
(-15, 1691, NULL),
(-15, 1692, NULL),
(0, 1693, NULL),
(0, 1694, NULL),
(-10, 1695, NULL),
(-15, 1696, NULL),
(-10, 1697, NULL),
(-40, 1698, NULL),
(-40, 1699, NULL),
(0, 1700, NULL),
(-2, 1701, NULL),
(-1, 1702, NULL),
(-2, 1703, NULL),
(-4, 1704, NULL),
(-2, 1705, NULL),
(-2, 1706, NULL),
(-2, 1707, NULL),
(-4, 1708, NULL),
(-1, 1709, NULL),
(-4, 1710, NULL),
(-1, 1711, NULL),
(-2, 1712, NULL),
(-3, 1713, NULL),
(-1, 1714, NULL),
(-2, 1715, NULL),
(-2, 1716, NULL),
(-2, 1717, NULL),
(-2, 1718, NULL),
(-3, 1719, NULL),
(-3, 1720, NULL),
(-3, 1721, NULL),
(-2, 1722, NULL),
(-4, 1723, NULL),
(-3, 1724, NULL),
(-1, 1725, NULL),
(-1, 1726, NULL),
(-2, 1727, NULL),
(-3, 1728, NULL),
(-3, 1729, NULL),
(-3, 1730, NULL),
(-1, 1731, NULL),
(-2, 1732, NULL),
(-2, 1733, NULL),
(-2, 1734, NULL),
(-2, 1735, NULL),
(-3, 1736, NULL),
(-2, 1737, NULL),
(-1, 1738, NULL),
(-1, 1739, NULL),
(-2, 1740, NULL),
(-2, 1741, NULL),
(-1, 1742, NULL),
(-3, 1743, NULL),
(-2, 1744, NULL),
(-1, 1745, NULL),
(-2, 1746, NULL),
(-2, 1747, NULL),
(-2, 1748, NULL),
(-2, 1749, NULL),
(-4, 1750, NULL),
(-2, 1751, NULL),
(-1, 1752, NULL),
(-2, 1753, NULL),
(-1, 1754, NULL),
(-3, 1755, NULL),
(-1, 1756, NULL),
(-3, 1757, NULL),
(-1, 1758, NULL),
(-1, 1759, NULL),
(-1, 1760, NULL),
(-2, 1761, NULL),
(-2, 1762, NULL),
(-1, 1763, NULL),
(0, 1764, NULL),
(-2, 1765, NULL),
(-1, 1766, NULL),
(-2, 1767, NULL),
(-1, 1768, NULL),
(-2, 1769, NULL),
(-2, 1770, NULL),
(-1, 1771, NULL),
(-1, 1772, NULL),
(-2, 1773, NULL),
(0, 1774, NULL),
(-2, 1775, NULL),
(-2, 1776, NULL),
(-2, 1777, NULL),
(-2, 1778, NULL),
(-3, 1779, NULL),
(-1, 1780, NULL),
(-1, 1781, NULL),
(-2, 1782, NULL),
(-3, 1783, NULL),
(-2, 1784, NULL),
(-2, 1785, NULL),
(0, 1786, NULL),
(-2, 1787, NULL),
(-1, 1788, NULL),
(0, 1789, NULL),
(-1, 1790, NULL),
(-1, 1791, NULL),
(-2, 1792, NULL),
(-2, 1793, NULL),
(-1, 1794, NULL),
(-3, 1795, NULL),
(-2, 1796, NULL),
(-1, 1797, NULL),
(-3, 1798, NULL),
(-2, 1799, NULL),
(-2, 1800, NULL),
(-4, 1801, NULL),
(-1, 1802, NULL),
(-2, 1803, NULL),
(-3, 1804, NULL),
(-2, 1805, NULL),
(-1, 1806, NULL),
(-1, 1807, NULL),
(-3, 1808, NULL),
(-3, 1809, NULL),
(-2, 1810, NULL),
(-3, 1811, NULL),
(-4, 1812, NULL),
(-1, 1813, NULL),
(-3, 1814, NULL),
(-2, 1815, NULL),
(-2, 1816, NULL),
(-2, 1817, NULL),
(-2, 1818, NULL),
(-2, 1819, NULL),
(-1, 1820, NULL),
(-4, 1821, NULL),
(-1, 1822, NULL),
(-2, 1823, NULL),
(-2, 1824, NULL),
(-2, 1825, NULL),
(-2, 1826, NULL),
(-2, 1827, NULL),
(-1, 1828, NULL),
(-3, 1829, NULL),
(-3, 1830, NULL),
(-1, 1831, NULL),
(-2, 1832, NULL),
(-2, 1833, NULL),
(-3, 1834, NULL),
(-2, 1835, NULL),
(-2, 1836, NULL),
(-2, 1837, NULL),
(-2, 1838, NULL),
(-2, 1839, NULL),
(-2, 1840, NULL),
(-2, 1841, NULL),
(-3, 1842, NULL),
(-3, 1843, NULL),
(-2, 1844, NULL),
(-3, 1845, NULL),
(-3, 1846, NULL),
(-2, 1847, NULL),
(-1, 1848, NULL),
(-2, 1849, NULL),
(-1, 1850, NULL),
(-2, 1851, NULL),
(-1, 1852, NULL),
(-2, 1853, NULL),
(-3, 1854, NULL),
(-1, 1855, NULL),
(-3, 1856, NULL),
(-2, 1857, NULL),
(-3, 1858, NULL),
(-2, 1859, NULL),
(-1, 1860, NULL),
(-1, 1861, NULL),
(-3, 1862, NULL),
(-2, 1863, NULL),
(-3, 1864, NULL),
(-2, 1865, NULL),
(-2, 1866, NULL),
(-2, 1867, NULL),
(-2, 1868, NULL),
(-3, 1869, NULL),
(-2, 1870, NULL),
(-3, 1871, NULL),
(-3, 1872, NULL),
(-2, 1873, NULL),
(-2, 1874, NULL),
(-3, 1875, NULL),
(-1, 1876, NULL),
(-2, 1877, NULL),
(-2, 1878, NULL),
(-3, 1879, NULL),
(-4, 1880, NULL),
(-2, 1881, NULL),
(-2, 1882, NULL),
(-3, 1883, NULL),
(-2, 1884, NULL),
(-2, 1885, NULL),
(-3, 1886, NULL),
(-1, 1887, NULL),
(-2, 1888, NULL),
(-1, 1889, NULL),
(-2, 1890, NULL),
(-1, 1891, NULL),
(-1, 1892, NULL),
(-3, 1893, NULL),
(-1, 1894, NULL),
(-1, 1895, NULL),
(-1, 1896, NULL),
(-1, 1897, NULL),
(-1, 1898, NULL),
(-1, 1899, NULL),
(-2, 1900, NULL),
(-3, 1901, NULL),
(-2, 1902, NULL),
(-2, 1903, NULL),
(-1, 1904, NULL),
(-2, 1905, NULL),
(-2, 1906, NULL),
(-2, 1907, NULL),
(-1, 1908, NULL),
(-3, 1909, NULL),
(-4, 1910, NULL),
(-2, 1911, NULL),
(-2, 1912, NULL),
(-3, 1913, NULL),
(-1, 1914, NULL),
(-2, 1915, NULL),
(-2, 1916, NULL),
(-2, 1917, NULL),
(-2, 1918, NULL),
(-2, 1919, NULL),
(-1, 1920, NULL),
(-4, 1921, NULL),
(-2, 1922, NULL),
(-3, 1923, NULL),
(-1, 1924, NULL),
(-1, 1925, NULL),
(-2, 1926, NULL),
(-3, 1927, NULL),
(-2, 1928, NULL),
(-2, 1929, NULL),
(-3, 1930, NULL),
(-2, 1931, NULL),
(-2, 1932, NULL),
(-2, 1933, NULL),
(-3, 1934, NULL),
(-2, 1935, NULL),
(-1, 1936, NULL),
(-2, 1937, NULL),
(-3, 1938, NULL),
(-1, 1939, NULL),
(-2, 1940, NULL),
(-2, 1941, NULL),
(-1, 1942, NULL),
(-3, 1943, NULL),
(-2, 1944, NULL),
(-3, 1945, NULL),
(-2, 1946, NULL),
(-1, 1947, NULL),
(-2, 1948, NULL),
(-3, 1949, NULL),
(-3, 1950, NULL),
(-3, 1951, NULL),
(-1, 1952, NULL),
(-4, 1953, NULL),
(-2, 1954, NULL),
(-2, 1955, NULL),
(-3, 1956, NULL),
(-2, 1957, NULL),
(-4, 1958, NULL),
(-2, 1959, NULL),
(-3, 1960, NULL),
(-2, 1961, NULL),
(-1, 1962, NULL),
(-3, 1963, NULL),
(-3, 1964, NULL),
(-1, 1965, NULL),
(-2, 1966, NULL),
(-3, 1967, NULL),
(-3, 1968, NULL),
(-2, 1969, NULL),
(-3, 1970, NULL),
(-2, 1971, NULL),
(-2, 1972, NULL),
(-2, 1973, NULL),
(-1, 1974, NULL),
(-3, 1975, NULL),
(-2, 1976, NULL),
(-4, 1977, NULL),
(-2, 1978, NULL),
(-2, 1979, NULL),
(-2, 1980, NULL),
(-2, 1981, NULL),
(-3, 1982, NULL),
(-8, 1983, NULL),
(-4, 1984, NULL),
(-2, 1985, NULL),
(-2, 1986, NULL),
(-4, 1987, NULL),
(-6, 1988, NULL),
(-2, 1989, NULL),
(-2, 1990, NULL),
(-4, 1991, NULL),
(-6, 1992, NULL),
(-10, 1993, NULL),
(-10, 1994, NULL),
(-20, 1995, NULL),
(-30, 1996, NULL),
(0, 1997, NULL),
(3, 1998, NULL),
(-10, 1999, NULL),
(-10, 2000, NULL),
(-12, 2001, NULL),
(-12, 2002, NULL),
(-24, 2003, NULL),
(-20, 2004, NULL);

--
-- Daten für Tabelle `aspect`
--

INSERT INTO `aspect` (`id`, `name`) VALUES
(1, 'allgemein');

--
-- Daten für Tabelle `attribute`
--

INSERT INTO `attribute` (`improvement_chart`, `id`) VALUES
('E', 1),
('E', 2),
('E', 3),
('E', 4),
('E', 5),
('E', 6),
('E', 7),
('E', 8);

--
-- Daten für Tabelle `bless`
--

INSERT INTO `bless` (`id`, `cost_id`, `duration_id`, `range_id`) VALUES
(646, NULL, 12, 4),
(647, NULL, 32, 1),
(648, NULL, 33, 2),
(649, NULL, 34, 2),
(650, NULL, 35, 2),
(651, NULL, 34, 2),
(652, NULL, 2, 2),
(653, NULL, 36, 4),
(654, NULL, 2, 2),
(655, NULL, 37, 1),
(656, NULL, 2, 2),
(657, NULL, 34, 2);

--
-- Daten für Tabelle `bless_aspects`
--

INSERT INTO `bless_aspects` (`bless_id`, `aspects_id`) VALUES
(646, 1),
(647, 1),
(648, 1),
(649, 1),
(650, 1),
(651, 1),
(652, 1),
(653, 1),
(654, 1),
(655, 1),
(656, 1),
(657, 1);

--
-- Daten für Tabelle `bless_targets`
--

INSERT INTO `bless_targets` (`bless_id`, `targets_id`) VALUES
(646, 2),
(647, 2),
(648, 2),
(649, 2),
(650, 3),
(651, 2),
(652, 2),
(653, 3),
(654, 8),
(655, 2),
(656, 8),
(657, 2);

--
-- Daten für Tabelle `book`
--

INSERT INTO `book` (`id`, `is_required`, `name`, `shop_url`) VALUES
(1, TRUE, 'Regelwerk', 'https://www.ulisses-ebooks.de/product/151474'),
(2, FALSE, 'Aventurische Rüstkammer', 'https://www.ulisses-ebooks.de/product'),
(3, FALSE, 'Aventurisches Kompendium', 'https://www.ulisses-ebooks.de/product/186397'),
(4, FALSE, 'Offenbarung des Himmels', 'https://www.ulisses-ebooks.de/product/155457'),
(5, NULL, 'Klingen der Nacht', NULL),
(6, NULL, 'Der grüne Zug', NULL),
(7, NULL, 'Kaiser der Diebe', NULL),
(8, NULL, 'Der Weiße See', NULL),
(9, NULL, 'Die Streitenden Königreiche', NULL),
(10, NULL, 'Der schwarze Forst', NULL),
(11, NULL, 'Deicherbe', NULL),
(12, NULL, 'Aventurische Namen', NULL),
(13, NULL, 'DSA5-Meisterschirm', NULL),
(14, NULL, 'Drachenwerk & Räuberpack', NULL),
(15, NULL, 'Aventurische Magie', NULL),
(16, NULL, 'Aventurisches Bestiarium', NULL),
(17, NULL, 'Das blaue Buch', NULL),
(18, NULL, 'Aveturische Namen', NULL);

--
-- Daten für Tabelle `cantrip`
--

INSERT INTO `cantrip` (`id`, `duration_id`, `range_id`) VALUES
(809, 2, 2),
(810, 2, 2),
(811, 2, 1),
(812, 61, 3),
(813, 2, 15),
(814, 62, 2),
(815, 9, 1),
(816, 32, 1),
(817, 63, 3),
(818, 32, 6),
(819, 32, 1),
(820, 2, 1),
(821, 2, 3),
(822, 2, 4),
(823, 2, 1),
(824, 32, 2),
(825, 64, 3),
(826, 2, 3),
(827, 32, 1),
(828, 65, 1),
(829, 10, 3),
(830, 10, 11),
(831, 2, 1),
(832, 32, 4),
(833, 2, 1),
(834, 65, 1),
(835, 2, 2),
(836, 32, 1),
(837, 2, 4),
(838, 9, 11),
(839, 2, 6),
(840, 32, 1),
(841, 2, 1),
(842, 2, 4),
(843, 2, 2),
(844, 62, 2),
(845, 32, 1),
(846, 2, 1),
(847, 2, 2),
(848, 2, 4),
(849, 66, 1),
(850, 2, 11),
(851, 67, 11);

--
-- Daten für Tabelle `cantrip_targets`
--

INSERT INTO `cantrip_targets` (`cantrip_id`, `targets_id`) VALUES
(809, 8),
(810, 2),
(811, 2),
(812, 3),
(813, 11),
(814, 2),
(815, 2),
(816, 2),
(817, 2),
(818, 13),
(819, 2),
(820, 8),
(821, 2),
(822, 2),
(823, 2),
(824, 8),
(825, 2),
(826, 2),
(827, 3),
(828, 2),
(829, 39),
(830, 2),
(831, 40),
(832, 11),
(833, 2),
(834, 41),
(835, 10),
(836, 2),
(837, 2),
(838, 42),
(839, 43),
(840, 2),
(841, 2),
(842, 8),
(842, 20),
(843, 8),
(844, 2),
(845, 8),
(845, 2),
(846, 2),
(847, 44),
(848, 3),
(849, 2),
(850, 45),
(851, 46);

--
-- Daten für Tabelle `cast_time`
--

INSERT INTO `cast_time` (`id`, `name`) VALUES
(1, '1 Aktion'),
(2, '2 Aktionen'),
(3, '4 Aktionen'),
(4, '8 Aktionen'),
(5, '16 Aktionen'),
(6, '4 Aktion'),
(7, '5 Minuten'),
(8, '8 Stunden'),
(9, '30 Minuten'),
(10, '2 Stunden'),
(11, '32 Aktionen'),
(12, '4 Aktionen (kann nicht modifiziert werden)'),
(13, '8 Aktionen (Zauberdauer ist nicht modifizierbar)'),
(14, '2 Aktionen (Zauberdauer ist nicht modifizierbar)'),
(15, '4 Aktionen (Zauberdauer ist nicht modifizierbar)'),
(16, '2 Stunden (Zeremoniedauer nicht modifizierbar)');

--
-- Daten für Tabelle `ceremony`
--

INSERT INTO `ceremony` (`improvement_chart`, `id`, `cast_time_id`, `check1_id`, `check2_id`, `check3_id`, `cost_id`, `duration_id`, `range_id`) VALUES
('B', 852, 10, 1, 2, 3, 13, 68, 16),
('D', 853, 16, 1, 3, 7, 78, 69, 5),
('B', 854, 8, 1, 3, 4, 79, 2, 4),
('B', 855, 9, 1, 3, 4, 13, 13, 1),
('B', 856, 9, 1, 2, 3, 13, 11, 1),
('B', 857, 9, 2, 3, 4, 13, 21, 1),
('C', 858, 10, 2, 3, 4, 80, 70, 4);

--
-- Daten für Tabelle `ceremony_targets`
--

INSERT INTO `ceremony_targets` (`ceremony_id`, `targets_id`) VALUES
(852, 10),
(853, 2),
(854, 7),
(854, 32),
(855, 2),
(856, 47),
(857, 2),
(858, 8);

--
-- Daten für Tabelle `combat_technique`
--

INSERT INTO `combat_technique` (`improvement_chart`, `is_ranged_combat`, `id`) VALUES
('B', TRUE, 68),
('B', TRUE, 69),
('C', TRUE, 70),
('C', TRUE, 71),
('B', TRUE, 72),
('B', TRUE, 73),
('B', TRUE, 74),
('B', FALSE, 75),
('C', FALSE, 76),
('C', FALSE, 77),
('C', FALSE, 78),
('B', FALSE, 79),
('B', FALSE, 80),
('B', FALSE, 81),
('C', FALSE, 82),
('C', FALSE, 83),
('C', FALSE, 84),
('C', FALSE, 85),
('C', FALSE, 86);

--
-- Daten für Tabelle `combat_technique_primary_attributes`
--

INSERT INTO `combat_technique_primary_attributes` (`combat_technique_id`, `primary_attributes_id`) VALUES
(68, 5),
(69, 5),
(70, 5),
(71, 5),
(72, 5),
(73, 5),
(74, 5),
(75, 6),
(76, 6),
(77, 8),
(78, 8),
(79, 8),
(80, 5),
(81, 6),
(81, 8),
(82, 8),
(83, 6),
(83, 8),
(84, 6),
(84, 8),
(85, 8),
(86, 8);

--
-- Daten für Tabelle `conditions`
--

INSERT INTO `conditions` (`id`) VALUES
(1),
(2),
(3),
(4),
(5),
(6),
(7),
(8),
(9),
(10),
(11),
(12),
(13),
(14),
(15),
(16),
(17),
(18),
(19),
(20),
(21),
(22),
(23),
(24),
(25),
(26),
(27),
(28),
(29),
(30),
(31),
(32),
(33),
(34),
(35),
(36),
(37),
(38),
(39),
(40),
(41),
(42),
(43),
(44),
(45),
(46),
(47),
(48),
(49),
(50),
(51),
(52),
(53),
(54),
(55),
(56),
(57),
(58),
(59),
(60),
(61),
(62),
(63),
(64),
(65),
(66),
(67),
(68),
(69),
(70),
(71),
(72),
(73),
(74),
(75),
(76),
(77),
(78),
(79),
(80),
(81),
(82),
(83),
(84),
(85),
(86),
(87),
(88),
(89),
(90),
(91),
(92),
(93),
(94),
(95),
(96),
(97),
(98),
(99),
(100),
(101),
(102),
(103),
(104),
(105),
(106),
(107),
(108),
(109),
(110),
(111),
(112),
(113),
(114),
(115),
(116),
(117),
(118),
(119),
(120),
(121),
(122),
(123),
(124),
(125),
(126),
(127),
(128),
(129),
(130),
(131),
(132),
(133),
(134),
(135),
(136),
(137),
(138),
(139),
(140),
(141),
(142),
(143),
(144),
(145),
(146),
(147),
(148),
(149),
(150),
(151),
(152),
(153),
(154),
(155),
(156),
(157),
(158),
(159),
(160),
(161),
(162),
(163),
(164),
(165),
(166),
(167),
(168),
(169),
(170),
(171),
(172),
(173),
(174),
(175),
(176),
(177),
(178),
(179),
(180),
(181),
(182),
(183),
(184),
(185),
(186),
(187),
(188),
(189),
(190),
(191),
(192),
(193),
(194),
(195),
(196),
(197),
(198),
(199),
(200),
(201),
(202),
(203),
(204),
(205),
(206),
(207),
(208),
(209),
(210),
(211),
(212),
(213),
(214),
(215),
(216),
(217),
(218),
(219),
(220),
(221),
(222),
(223),
(224),
(225),
(226),
(227),
(228),
(229),
(230),
(231),
(232),
(233),
(234),
(235),
(236),
(237),
(238),
(239),
(240),
(241),
(242),
(243),
(244),
(245),
(246),
(247),
(248),
(249),
(250),
(251),
(252),
(253),
(254),
(255),
(256),
(257),
(258),
(259),
(260),
(261),
(262),
(263),
(264),
(265),
(266),
(267),
(268),
(269),
(270),
(271),
(272),
(273),
(274),
(275),
(276),
(277),
(278),
(279),
(280),
(281),
(282),
(283),
(284),
(285),
(286),
(287),
(288),
(289),
(290),
(291),
(292),
(293),
(294),
(295),
(296),
(297),
(298),
(299),
(300),
(301),
(302),
(303),
(304),
(305),
(306),
(307),
(308),
(309),
(310),
(311),
(312),
(313),
(314),
(315),
(316),
(317),
(318),
(319),
(320),
(321),
(322),
(323),
(324),
(325),
(326),
(327),
(328),
(329),
(330),
(331),
(332),
(333),
(334),
(335),
(336),
(337),
(338),
(339),
(340),
(341),
(342),
(343),
(344),
(345),
(346),
(347),
(348),
(349),
(350),
(351),
(352),
(353),
(354),
(355),
(356),
(357),
(358),
(359),
(360),
(361),
(362),
(363),
(364),
(365),
(366),
(367),
(368),
(369),
(370),
(371),
(372),
(373),
(374),
(375),
(376),
(377),
(378),
(379),
(380),
(381),
(382),
(383),
(384),
(385),
(386),
(387),
(388),
(389),
(390),
(391),
(392),
(393),
(394),
(395),
(396),
(397),
(398),
(399),
(400),
(401),
(402),
(403),
(404),
(405),
(406),
(407),
(408),
(409),
(410),
(411),
(412),
(413),
(414),
(415),
(416),
(417),
(418),
(419),
(420),
(421),
(422),
(423),
(424),
(425),
(426),
(427),
(428),
(429),
(430),
(431),
(432),
(433),
(434),
(435),
(436),
(437),
(438),
(439),
(440),
(441),
(442),
(443),
(444),
(445),
(446),
(447),
(448),
(449),
(450),
(451),
(452),
(453),
(454),
(455),
(456),
(457),
(458),
(459),
(460),
(461),
(462),
(463),
(464),
(465),
(466),
(467),
(468),
(469),
(470),
(471),
(472),
(473),
(474),
(475),
(476),
(477),
(478),
(479),
(480),
(481),
(482),
(483),
(484),
(485),
(486),
(487),
(488),
(489),
(490),
(491),
(492),
(493),
(494),
(495),
(496),
(497),
(498),
(499),
(500),
(501),
(502),
(503),
(504),
(505),
(506),
(507),
(508),
(509),
(510),
(511),
(512),
(513),
(514),
(515),
(516),
(517),
(518),
(519),
(520),
(521),
(522),
(523),
(524),
(525),
(526),
(527),
(528),
(529),
(530),
(531),
(532),
(533),
(534),
(535),
(536),
(537),
(538),
(539),
(540),
(541),
(542),
(543),
(544),
(545),
(546),
(547),
(548),
(549),
(550),
(551),
(552),
(553),
(554),
(555),
(556),
(557),
(558),
(559),
(560),
(561),
(562),
(563),
(564),
(565),
(566),
(567),
(568),
(569),
(570),
(571),
(572),
(573),
(574),
(575),
(576),
(577),
(578),
(579),
(580),
(581),
(582),
(583),
(584),
(585),
(586),
(587),
(588),
(589),
(590),
(591),
(592),
(593),
(594),
(595),
(596),
(597),
(598),
(599),
(600),
(601),
(602),
(603),
(604),
(605),
(606),
(607),
(608),
(609),
(610),
(611),
(612),
(613),
(614),
(615),
(616),
(617),
(618),
(619),
(620),
(621),
(622),
(623),
(624),
(625),
(626),
(627),
(628),
(629),
(630),
(631),
(632),
(633),
(634),
(635),
(636),
(637),
(638),
(639),
(640),
(641),
(642),
(643),
(644),
(645),
(646),
(647),
(648),
(649),
(650),
(651),
(652),
(653),
(654),
(655),
(656),
(657),
(658),
(659),
(660),
(661),
(662),
(663),
(664),
(665),
(666),
(667),
(668),
(669),
(670),
(671),
(672),
(673),
(674),
(675),
(676),
(677),
(678),
(679),
(680),
(681),
(682),
(683),
(684),
(685),
(686),
(687),
(688),
(689),
(690),
(691),
(692),
(693),
(694),
(695),
(696),
(697),
(698),
(699),
(700),
(701),
(702),
(703),
(704),
(705),
(706),
(707),
(708),
(709),
(710),
(711),
(712),
(713),
(714),
(715),
(716),
(717),
(718),
(719),
(720),
(721),
(722),
(723),
(724),
(725),
(726),
(727),
(728),
(729),
(730),
(731),
(732),
(733),
(734),
(735),
(736),
(737),
(738),
(739),
(740),
(741),
(742),
(743),
(744),
(745),
(746),
(747),
(748),
(749),
(750),
(751),
(752),
(753),
(754),
(755),
(756),
(757),
(758),
(759),
(760),
(761),
(762),
(763),
(764),
(765),
(766),
(767),
(768),
(769),
(770),
(771),
(772),
(773),
(774),
(775),
(776),
(777),
(778),
(779),
(780),
(781),
(782),
(783),
(784),
(785),
(786),
(787),
(788),
(789),
(790),
(791),
(792),
(793),
(794),
(795),
(796),
(797),
(798),
(799),
(800),
(801),
(802),
(803),
(804),
(805),
(806),
(807),
(808),
(809),
(810),
(811),
(812),
(813),
(814),
(815),
(816),
(817),
(818),
(819),
(820),
(821),
(822),
(823),
(824),
(825),
(826),
(827),
(828),
(829),
(830),
(831),
(832),
(833),
(834),
(835),
(836),
(837),
(838),
(839),
(840),
(841),
(842),
(843),
(844),
(845),
(846),
(847),
(848),
(849),
(850),
(851),
(852),
(853),
(854),
(855),
(856),
(857),
(858),
(859),
(860),
(861),
(862),
(863),
(864),
(865),
(866),
(867),
(868),
(869),
(870),
(871),
(872),
(873),
(874),
(875),
(876),
(877),
(878),
(879),
(880),
(881),
(882),
(883),
(884),
(885),
(886),
(887),
(888),
(889),
(890),
(891),
(892),
(893),
(894),
(895),
(896),
(897),
(898),
(899),
(900),
(901),
(902),
(903),
(904),
(905),
(906),
(907),
(908),
(909),
(910),
(911),
(912),
(913),
(914),
(915),
(916),
(917),
(918),
(919),
(920),
(921),
(922),
(923),
(924),
(925),
(926),
(927),
(928),
(929),
(930),
(931),
(932),
(933),
(934),
(935),
(936),
(937),
(938),
(939),
(940),
(941),
(942),
(943),
(944),
(945),
(946),
(947),
(948),
(949),
(950),
(951),
(952),
(953),
(954),
(955),
(956),
(957),
(958),
(959),
(960),
(961),
(962),
(963),
(964),
(965),
(966),
(967),
(968),
(969),
(970),
(971),
(972),
(973),
(974),
(975),
(976),
(977),
(978),
(979),
(980),
(981),
(982),
(983),
(984),
(985),
(986),
(987),
(988),
(989),
(990),
(991),
(992),
(993),
(994),
(995),
(996),
(997),
(998),
(999),
(1000),
(1001),
(1002),
(1003),
(1004),
(1005),
(1006),
(1007),
(1008),
(1009),
(1010),
(1011),
(1012),
(1013),
(1014),
(1015),
(1016),
(1017),
(1018),
(1019),
(1020),
(1021),
(1022),
(1023),
(1024),
(1025),
(1026),
(1027),
(1028),
(1029),
(1030),
(1031),
(1032),
(1033),
(1034),
(1035),
(1036),
(1037),
(1038),
(1039),
(1040),
(1041),
(1042),
(1043),
(1044),
(1045),
(1046),
(1047),
(1048),
(1049),
(1050),
(1051),
(1052),
(1053),
(1054),
(1055),
(1056),
(1057),
(1058),
(1059),
(1060),
(1061),
(1062),
(1063),
(1064),
(1065),
(1066),
(1067),
(1068),
(1069),
(1070),
(1071),
(1072),
(1073),
(1074),
(1075),
(1076),
(1077),
(1078),
(1079),
(1080),
(1081),
(1082),
(1083),
(1084),
(1085),
(1086),
(1087),
(1088),
(1089),
(1090),
(1091),
(1092),
(1093),
(1094),
(1095),
(1096),
(1097),
(1098),
(1099),
(1100),
(1101),
(1102),
(1103),
(1104),
(1105),
(1106),
(1107),
(1108),
(1109),
(1110),
(1111),
(1112),
(1113),
(1114),
(1115),
(1116),
(1117),
(1118),
(1119),
(1120),
(1121),
(1122),
(1123),
(1124),
(1125),
(1126),
(1127),
(1128),
(1129),
(1130),
(1131),
(1132),
(1133),
(1134),
(1135),
(1136),
(1137),
(1138),
(1139),
(1140),
(1141),
(1142),
(1143),
(1144),
(1145),
(1146),
(1147),
(1148),
(1149),
(1150),
(1151),
(1152),
(1153),
(1154),
(1155),
(1156),
(1157),
(1158),
(1159),
(1160),
(1161),
(1162),
(1163),
(1164),
(1165),
(1166),
(1167),
(1168),
(1169),
(1170),
(1171),
(1172),
(1173),
(1174),
(1175),
(1176),
(1177),
(1178),
(1179),
(1180),
(1181),
(1182),
(1183),
(1184),
(1185),
(1186),
(1187),
(1188),
(1189),
(1190),
(1191),
(1192),
(1193),
(1194),
(1195),
(1196),
(1197),
(1198),
(1199),
(1200),
(1201),
(1202),
(1203),
(1204),
(1205),
(1206),
(1207),
(1208),
(1209),
(1210),
(1211),
(1212),
(1213),
(1214),
(1215),
(1216),
(1217),
(1218),
(1219),
(1220),
(1221),
(1222),
(1223),
(1224),
(1225),
(1226),
(1227),
(1228),
(1229),
(1230),
(1231),
(1232),
(1233),
(1234),
(1235),
(1236),
(1237),
(1238),
(1239),
(1240),
(1241),
(1242),
(1243),
(1244),
(1245),
(1246),
(1247),
(1248),
(1249),
(1250),
(1251),
(1252),
(1253),
(1254),
(1255),
(1256),
(1257),
(1258),
(1259),
(1260),
(1261),
(1262),
(1263),
(1264),
(1265),
(1266),
(1267),
(1268),
(1269),
(1270),
(1271),
(1272),
(1273),
(1274),
(1275),
(1276),
(1277),
(1278),
(1279),
(1280),
(1281),
(1282),
(1283),
(1284),
(1285),
(1286),
(1287),
(1288),
(1289),
(1290),
(1291),
(1292),
(1293),
(1294),
(1295),
(1296),
(1297),
(1298),
(1299),
(1300),
(1301),
(1302),
(1303),
(1304),
(1305),
(1306),
(1307),
(1308),
(1309),
(1310),
(1311),
(1312),
(1313),
(1314),
(1315),
(1316),
(1317),
(1318),
(1319),
(1320),
(1321),
(1322),
(1323),
(1324),
(1325),
(1326),
(1327),
(1328),
(1329),
(1330),
(1331),
(1332),
(1333),
(1334),
(1335),
(1336),
(1337),
(1338),
(1339),
(1340),
(1341),
(1342),
(1343),
(1344),
(1345),
(1346),
(1347),
(1348),
(1349),
(1350),
(1351),
(1352),
(1353),
(1354),
(1355),
(1356),
(1357),
(1358),
(1359),
(1360),
(1361),
(1362),
(1363),
(1364),
(1365),
(1366),
(1367),
(1368),
(1369),
(1370),
(1371),
(1372),
(1373),
(1374),
(1375),
(1376),
(1377),
(1378),
(1379),
(1380),
(1381),
(1382),
(1383),
(1384),
(1385),
(1386),
(1387),
(1388),
(1389),
(1390),
(1391),
(1392),
(1393),
(1394),
(1395),
(1396),
(1397),
(1398),
(1399),
(1400),
(1401),
(1402),
(1403),
(1404),
(1405),
(1406),
(1407),
(1408),
(1409),
(1410),
(1411),
(1412),
(1413),
(1414),
(1415),
(1416),
(1417),
(1418),
(1419),
(1420),
(1421),
(1422),
(1423),
(1424),
(1425),
(1426),
(1427),
(1428),
(1429),
(1430),
(1431),
(1432),
(1433),
(1434),
(1435),
(1436),
(1437),
(1438),
(1439),
(1440),
(1441),
(1442),
(1443),
(1444),
(1445),
(1446),
(1447),
(1448),
(1449),
(1450),
(1451),
(1452),
(1453),
(1454),
(1455),
(1456),
(1457),
(1458),
(1459),
(1460),
(1461),
(1462),
(1463),
(1464),
(1465),
(1466),
(1467),
(1468),
(1469),
(1470),
(1471),
(1472),
(1473),
(1474),
(1475),
(1476),
(1477),
(1478),
(1479),
(1480),
(1481),
(1482),
(1483),
(1484),
(1485),
(1486),
(1487),
(1488),
(1489),
(1490),
(1491),
(1492),
(1493),
(1494),
(1495),
(1496),
(1497),
(1498),
(1499),
(1500),
(1501),
(1502),
(1503),
(1504),
(1505),
(1506),
(1507),
(1508),
(1509),
(1510),
(1511),
(1512),
(1513),
(1514),
(1515),
(1516),
(1517),
(1518),
(1519),
(1520),
(1521),
(1522),
(1523),
(1524),
(1525),
(1526),
(1527),
(1528),
(1529),
(1530),
(1531),
(1532),
(1533),
(1534),
(1535),
(1536),
(1537),
(1538),
(1539),
(1540),
(1541),
(1542),
(1543),
(1544),
(1545),
(1546),
(1547),
(1548),
(1549),
(1550),
(1551),
(1552),
(1553),
(1554),
(1555),
(1556),
(1557),
(1558),
(1559),
(1560),
(1561),
(1562),
(1563),
(1564),
(1565),
(1566),
(1567),
(1568),
(1569),
(1570),
(1571),
(1572),
(1573),
(1574),
(1575),
(1576),
(1577),
(1578),
(1579),
(1580),
(1581),
(1582),
(1583),
(1584),
(1585),
(1586),
(1587),
(1588),
(1589),
(1590),
(1591),
(1592),
(1593),
(1594),
(1595),
(1596),
(1597),
(1598),
(1599),
(1600),
(1601),
(1602),
(1603),
(1604),
(1605),
(1606),
(1607),
(1608),
(1609),
(1610),
(1611),
(1612),
(1613),
(1614),
(1615),
(1616),
(1617),
(1618),
(1619),
(1620),
(1621),
(1622),
(1623),
(1624),
(1625),
(1626),
(1627),
(1628),
(1629),
(1630),
(1631),
(1632),
(1633),
(1634),
(1635),
(1636),
(1637),
(1638),
(1639),
(1640),
(1641),
(1642),
(1643),
(1644),
(1645),
(1646),
(1647),
(1648),
(1649),
(1650),
(1651),
(1652),
(1653),
(1654),
(1655),
(1656),
(1657),
(1658),
(1659),
(1660),
(1661),
(1662),
(1663),
(1664),
(1665),
(1666),
(1667),
(1668),
(1669),
(1670),
(1671),
(1672),
(1673),
(1674),
(1675),
(1676),
(1677),
(1678),
(1679),
(1680),
(1681),
(1682),
(1683),
(1684),
(1685),
(1686),
(1687),
(1688),
(1689),
(1690),
(1691),
(1692),
(1693),
(1694),
(1695),
(1696),
(1697),
(1698),
(1699),
(1700),
(1701),
(1702),
(1703),
(1704),
(1705),
(1706),
(1707),
(1708),
(1709),
(1710),
(1711),
(1712),
(1713),
(1714),
(1715),
(1716),
(1717),
(1718),
(1719),
(1720),
(1721),
(1722),
(1723),
(1724),
(1725),
(1726),
(1727),
(1728),
(1729),
(1730),
(1731),
(1732),
(1733),
(1734),
(1735),
(1736),
(1737),
(1738),
(1739),
(1740),
(1741),
(1742),
(1743),
(1744),
(1745),
(1746),
(1747),
(1748),
(1749),
(1750),
(1751),
(1752),
(1753),
(1754),
(1755),
(1756),
(1757),
(1758),
(1759),
(1760),
(1761),
(1762),
(1763),
(1764),
(1765),
(1766),
(1767),
(1768),
(1769),
(1770),
(1771),
(1772),
(1773),
(1774),
(1775),
(1776),
(1777),
(1778),
(1779),
(1780),
(1781),
(1782),
(1783),
(1784),
(1785),
(1786),
(1787),
(1788),
(1789),
(1790),
(1791),
(1792),
(1793),
(1794),
(1795),
(1796),
(1797),
(1798),
(1799),
(1800),
(1801),
(1802),
(1803),
(1804),
(1805),
(1806),
(1807),
(1808),
(1809),
(1810),
(1811),
(1812),
(1813),
(1814),
(1815),
(1816),
(1817),
(1818),
(1819),
(1820),
(1821),
(1822),
(1823),
(1824),
(1825),
(1826),
(1827),
(1828),
(1829),
(1830),
(1831),
(1832),
(1833),
(1834),
(1835),
(1836),
(1837),
(1838),
(1839),
(1840),
(1841),
(1842),
(1843),
(1844),
(1845),
(1846),
(1847),
(1848),
(1849),
(1850),
(1851),
(1852),
(1853),
(1854),
(1855),
(1856),
(1857),
(1858),
(1859),
(1860),
(1861),
(1862),
(1863),
(1864),
(1865),
(1866),
(1867),
(1868),
(1869),
(1870),
(1871),
(1872),
(1873),
(1874),
(1875),
(1876),
(1877),
(1878),
(1879),
(1880),
(1881),
(1882),
(1883),
(1884),
(1885),
(1886),
(1887),
(1888),
(1889),
(1890),
(1891),
(1892),
(1893),
(1894),
(1895),
(1896),
(1897),
(1898),
(1899),
(1900),
(1901),
(1902),
(1903),
(1904),
(1905),
(1906),
(1907),
(1908),
(1909),
(1910),
(1911),
(1912),
(1913),
(1914),
(1915),
(1916),
(1917),
(1918),
(1919),
(1920),
(1921),
(1922),
(1923),
(1924),
(1925),
(1926),
(1927),
(1928),
(1929),
(1930),
(1931),
(1932),
(1933),
(1934),
(1935),
(1936),
(1937),
(1938),
(1939),
(1940),
(1941),
(1942),
(1943),
(1944),
(1945),
(1946),
(1947),
(1948),
(1949),
(1950),
(1951),
(1952),
(1953),
(1954),
(1955),
(1956),
(1957),
(1958),
(1959),
(1960),
(1961),
(1962),
(1963),
(1964),
(1965),
(1966),
(1967),
(1968),
(1969),
(1970),
(1971),
(1972),
(1973),
(1974),
(1975),
(1976),
(1977),
(1978),
(1979),
(1980),
(1981),
(1982),
(1983),
(1984),
(1985),
(1986),
(1987),
(1988),
(1989),
(1990),
(1991),
(1992),
(1993),
(1994),
(1995),
(1996),
(1997),
(1998),
(1999),
(2000),
(2001),
(2002),
(2003),
(2004),
(2005),
(2006),
(2007),
(2008),
(2009),
(2010),
(2011),
(2012),
(2013),
(2014),
(2015),
(2016),
(2017),
(2018),
(2019),
(2020),
(2021),
(2022),
(2023),
(2024),
(2025),
(2026),
(2027),
(2028),
(2029),
(2030),
(2031),
(2032),
(2033),
(2034),
(2035),
(2036),
(2037),
(2038),
(2039),
(2040),
(2041),
(2042),
(2043),
(2044),
(2045),
(2046),
(2047),
(2048),
(2049),
(2050),
(2051),
(2052),
(2053),
(2054),
(2055),
(2056),
(2057),
(2058),
(2059),
(2060),
(2061),
(2062),
(2063),
(2064),
(2065),
(2066),
(2067),
(2068),
(2069),
(2070),
(2071),
(2072),
(2073),
(2074),
(2075),
(2076),
(2077),
(2078),
(2079),
(2080),
(2081),
(2082),
(2083),
(2084),
(2085),
(2086),
(2087),
(2088),
(2089),
(2090),
(2091),
(2092),
(2093),
(2094),
(2095),
(2096),
(2097),
(2098),
(2099),
(2100),
(2101),
(2102),
(2103),
(2104),
(2105),
(2106),
(2107),
(2108),
(2109),
(2110),
(2111),
(2112),
(2113),
(2114),
(2115),
(2116),
(2117),
(2118),
(2119),
(2120),
(2121),
(2122),
(2123),
(2124),
(2125),
(2126),
(2127),
(2128),
(2129),
(2130),
(2131),
(2132),
(2133),
(2134),
(2135),
(2136),
(2137),
(2138),
(2139),
(2140),
(2141),
(2142),
(2143),
(2144),
(2145),
(2146),
(2147),
(2148),
(2149),
(2150),
(2151),
(2152),
(2153),
(2154),
(2155),
(2156),
(2157),
(2158),
(2159),
(2160),
(2161),
(2162),
(2163),
(2164),
(2165),
(2166),
(2167),
(2168),
(2169),
(2170),
(2171),
(2172),
(2173),
(2174),
(2175),
(2176),
(2177),
(2178),
(2179),
(2180),
(2181),
(2182),
(2183),
(2184),
(2185),
(2186),
(2187),
(2188),
(2189),
(2190),
(2191),
(2192),
(2193),
(2194),
(2195),
(2196),
(2197),
(2198),
(2199),
(2200),
(2201),
(2202),
(2203),
(2204),
(2205),
(2206),
(2207),
(2208),
(2209),
(2210),
(2211),
(2212),
(2213),
(2214),
(2215),
(2216),
(2217),
(2218),
(2219),
(2220),
(2221),
(2222),
(2223),
(2224),
(2225),
(2226),
(2227),
(2228),
(2229),
(2230),
(2231),
(2232),
(2233),
(2234),
(2235),
(2236),
(2237),
(2238),
(2239),
(2240),
(2241),
(2242),
(2243),
(2244),
(2245),
(2246),
(2247),
(2248),
(2249),
(2250),
(2251),
(2252),
(2253),
(2254),
(2255),
(2256),
(2257),
(2258),
(2259),
(2260),
(2261),
(2262),
(2263),
(2264),
(2265),
(2266),
(2267),
(2268),
(2269),
(2270),
(2271),
(2272),
(2273),
(2274),
(2275),
(2276),
(2277),
(2278),
(2279),
(2280),
(2281),
(2282),
(2283),
(2284),
(2285),
(2286),
(2287),
(2288),
(2289),
(2290),
(2291),
(2292),
(2293),
(2294),
(2295),
(2296),
(2297),
(2298),
(2299),
(2300),
(2301),
(2302),
(2303),
(2304),
(2305),
(2306),
(2307),
(2308),
(2309),
(2310),
(2311),
(2312),
(2313),
(2314),
(2315),
(2316),
(2317),
(2318),
(2319),
(2320),
(2321),
(2322),
(2323),
(2324),
(2325),
(2326),
(2327),
(2328),
(2329),
(2330),
(2331),
(2332),
(2333),
(2334),
(2335),
(2336),
(2337),
(2338),
(2339),
(2340),
(2341),
(2342),
(2343),
(2344),
(2345),
(2346),
(2347),
(2348),
(2349),
(2350),
(2351),
(2352),
(2353),
(2354),
(2355),
(2356),
(2357),
(2358),
(2359),
(2360),
(2361),
(2362),
(2363),
(2364),
(2365),
(2366),
(2367),
(2368),
(2369),
(2370),
(2371),
(2372),
(2373),
(2374),
(2375),
(2376),
(2377),
(2378),
(2379),
(2380),
(2381),
(2382),
(2383),
(2384),
(2385),
(2386),
(2387),
(2388),
(2389),
(2390),
(2391),
(2392),
(2393),
(2394),
(2395),
(2396),
(2397),
(2398),
(2399),
(2400),
(2401),
(2402),
(2403),
(2404),
(2405),
(2406),
(2407),
(2408),
(2409),
(2410),
(2411),
(2412),
(2413),
(2414),
(2415),
(2416),
(2417),
(2418),
(2419),
(2420),
(2421),
(2422),
(2423),
(2424),
(2425),
(2426),
(2427),
(2428),
(2429),
(2430),
(2431),
(2432),
(2433),
(2434),
(2435),
(2436),
(2437),
(2438),
(2439),
(2440),
(2441),
(2442),
(2443),
(2444),
(2445),
(2446),
(2447),
(2448),
(2449),
(2450),
(2451),
(2452),
(2453),
(2454),
(2455),
(2456),
(2457),
(2458),
(2459),
(2460),
(2461),
(2462),
(2463),
(2464),
(2465),
(2466),
(2467),
(2468),
(2469),
(2470),
(2471),
(2472),
(2473),
(2474),
(2475),
(2476),
(2477),
(2478),
(2479),
(2480),
(2481),
(2482),
(2483),
(2484),
(2485),
(2486),
(2487),
(2488),
(2489),
(2490),
(2491),
(2492),
(2493),
(2494),
(2495),
(2496),
(2497),
(2498),
(2499),
(2500),
(2501),
(2502),
(2503),
(2504),
(2505),
(2506),
(2507),
(2508),
(2509),
(2510),
(2511),
(2512),
(2513),
(2514),
(2515),
(2516),
(2517),
(2518),
(2519),
(2520),
(2521),
(2522),
(2523),
(2524),
(2525),
(2526),
(2527),
(2528),
(2529),
(2530),
(2531),
(2532),
(2533),
(2534),
(2535),
(2536),
(2537),
(2538),
(2539),
(2540),
(2541),
(2542),
(2543),
(2544),
(2545),
(2546),
(2547),
(2548),
(2549),
(2550),
(2551),
(2552),
(2553),
(2554),
(2555),
(2556),
(2557),
(2558),
(2559),
(2560),
(2561),
(2562),
(2563),
(2564),
(2565),
(2566),
(2567),
(2568),
(2569),
(2570),
(2571),
(2572),
(2573),
(2574),
(2575),
(2576),
(2577),
(2578),
(2579),
(2580),
(2581),
(2582),
(2583),
(2584),
(2585),
(2586),
(2587),
(2588),
(2589),
(2590),
(2591),
(2592),
(2593),
(2594),
(2595),
(2596),
(2597),
(2598),
(2599),
(2600),
(2601),
(2602),
(2603),
(2604),
(2605),
(2606),
(2607),
(2608),
(2609),
(2610),
(2611),
(2612),
(2613),
(2614),
(2615),
(2616),
(2617),
(2618),
(2619),
(2620),
(2621),
(2622),
(2623),
(2624),
(2625),
(2626),
(2627),
(2628),
(2629),
(2630),
(2631),
(2632),
(2633),
(2634),
(2635),
(2636),
(2637),
(2638),
(2639),
(2640),
(2641),
(2642),
(2643),
(2644),
(2645),
(2646),
(2647),
(2648),
(2649),
(2650),
(2651),
(2652),
(2653),
(2654),
(2655),
(2656),
(2657),
(2658),
(2659),
(2660),
(2661),
(2662),
(2663),
(2664),
(2665),
(2666),
(2667),
(2668),
(2669),
(2670),
(2671),
(2672),
(2673),
(2674),
(2675),
(2676),
(2677),
(2678),
(2679),
(2680),
(2681),
(2682),
(2683),
(2684),
(2685),
(2686),
(2687),
(2688),
(2689),
(2690),
(2691),
(2692),
(2693),
(2694),
(2695),
(2696),
(2697),
(2698),
(2699),
(2700),
(2701),
(2702),
(2703),
(2704),
(2705),
(2706),
(2707),
(2708),
(2709),
(2710),
(2711),
(2712),
(2713),
(2714),
(2715),
(2716),
(2717),
(2718),
(2719),
(2720),
(2721),
(2722),
(2723),
(2724),
(2725),
(2726),
(2727),
(2728),
(2729),
(2730),
(2731),
(2732),
(2733),
(2734),
(2735),
(2736),
(2737),
(2738),
(2739),
(2740),
(2741),
(2742),
(2743),
(2744),
(2745),
(2746),
(2747),
(2748),
(2749),
(2750),
(2751),
(2752),
(2753),
(2754),
(2755),
(2756),
(2757),
(2758),
(2759),
(2760),
(2761),
(2762),
(2763),
(2764),
(2765),
(2766),
(2767),
(2768),
(2769),
(2770),
(2771),
(2772),
(2773),
(2774),
(2775),
(2776),
(2777),
(2778),
(2779),
(2780),
(2781),
(2782),
(2783),
(2784),
(2785),
(2786),
(2787),
(2788),
(2789),
(2790),
(2791),
(2792),
(2793),
(2794),
(2795),
(2796),
(2797),
(2798),
(2799),
(2800),
(2801),
(2802),
(2803),
(2804),
(2805),
(2806),
(2807),
(2808),
(2809),
(2810),
(2811),
(2812),
(2813),
(2814),
(2815),
(2816),
(2817),
(2818),
(2819),
(2820),
(2821),
(2822),
(2823),
(2824),
(2825),
(2826),
(2827),
(2828),
(2829),
(2830),
(2831),
(2832),
(2833),
(2834),
(2835),
(2836),
(2837),
(2838),
(2839),
(2840),
(2841),
(2842),
(2843),
(2844),
(2845),
(2846),
(2847),
(2848),
(2849),
(2850),
(2851),
(2852),
(2853),
(2854),
(2855),
(2856),
(2857),
(2858),
(2859),
(2860),
(2861),
(2862),
(2863),
(2864),
(2865),
(2866),
(2867),
(2868),
(2869),
(2870),
(2871),
(2872),
(2873),
(2874),
(2875),
(2876),
(2877),
(2878),
(2879),
(2880),
(2881),
(2882),
(2883),
(2884),
(2885),
(2886),
(2887),
(2888),
(2889),
(2890),
(2891),
(2892),
(2893),
(2894),
(2895),
(2896),
(2897),
(2898),
(2899),
(2900),
(2901),
(2902),
(2903),
(2904),
(2905),
(2906),
(2907),
(2908),
(2909),
(2910),
(2911),
(2912),
(2913),
(2914),
(2915),
(2916),
(2917),
(2918),
(2919),
(2920),
(2921),
(2922),
(2923),
(2924),
(2925),
(2926),
(2927),
(2928),
(2929),
(2930),
(2931),
(2932),
(2933),
(2934),
(2935),
(2936),
(2937),
(2938),
(2939),
(2940),
(2941),
(2942),
(2943),
(2944),
(2945),
(2946),
(2947),
(2948),
(2949),
(2950),
(2951),
(2952),
(2953),
(2954),
(2955),
(2956),
(2957),
(2958),
(2959),
(2960),
(2961),
(2962),
(2963),
(2964),
(2965),
(2966),
(2967),
(2968),
(2969),
(2970),
(2971),
(2972),
(2973),
(2974),
(2975),
(2976),
(2977),
(2978),
(2979),
(2980),
(2981),
(2982),
(2983),
(2984),
(2985),
(2986),
(2987),
(2988),
(2989),
(2990),
(2991),
(2992),
(2993),
(2994),
(2995),
(2996),
(2997),
(2998),
(2999),
(3000),
(3001),
(3002),
(3003),
(3004),
(3005),
(3006),
(3007),
(3008),
(3009),
(3010),
(3011),
(3012),
(3013),
(3014),
(3015),
(3016),
(3017),
(3018),
(3019),
(3020),
(3021),
(3022),
(3023),
(3024),
(3025),
(3026),
(3027),
(3028),
(3029),
(3030),
(3031),
(3032),
(3033),
(3034),
(3035),
(3036),
(3037),
(3038),
(3039),
(3040),
(3041),
(3042),
(3043),
(3044),
(3045),
(3046),
(3047),
(3048),
(3049),
(3050),
(3051),
(3052),
(3053),
(3054),
(3055),
(3056),
(3057),
(3058),
(3059),
(3060),
(3061),
(3062),
(3063),
(3064),
(3065),
(3066),
(3067),
(3068),
(3069),
(3070),
(3071),
(3072),
(3073),
(3074),
(3075),
(3076),
(3077),
(3078),
(3079),
(3080),
(3081),
(3082),
(3083),
(3084),
(3085),
(3086),
(3087),
(3088),
(3089),
(3090),
(3091),
(3092),
(3093),
(3094),
(3095),
(3096),
(3097),
(3098),
(3099),
(3100),
(3101),
(3102),
(3103),
(3104),
(3105),
(3106),
(3107),
(3108),
(3109),
(3110),
(3111),
(3112),
(3113),
(3114),
(3115),
(3116),
(3117),
(3118),
(3119),
(3120),
(3121),
(3122),
(3123),
(3124),
(3125),
(3126),
(3127),
(3128),
(3129),
(3130),
(3131),
(3132),
(3133),
(3134),
(3135),
(3136),
(3137),
(3138),
(3139),
(3140),
(3141),
(3142),
(3143),
(3144),
(3145),
(3146),
(3147),
(3148),
(3149),
(3150),
(3151),
(3152),
(3153),
(3154),
(3155),
(3156),
(3157),
(3158),
(3159),
(3160),
(3161),
(3162),
(3163),
(3164),
(3165),
(3166),
(3167),
(3168),
(3169),
(3170),
(3171),
(3172),
(3173),
(3174),
(3175),
(3176),
(3177),
(3178),
(3179),
(3180),
(3181),
(3182),
(3183),
(3184),
(3185),
(3186),
(3187),
(3188),
(3189),
(3190),
(3191),
(3192),
(3193),
(3194),
(3195),
(3196),
(3197),
(3198),
(3199),
(3200),
(3201),
(3202),
(3203),
(3204),
(3205),
(3206),
(3207),
(3208),
(3209),
(3210),
(3211),
(3212),
(3213),
(3214),
(3215),
(3216),
(3217),
(3218),
(3219),
(3220),
(3221),
(3222),
(3223),
(3224),
(3225),
(3226),
(3227),
(3228),
(3229),
(3230),
(3231),
(3232),
(3233),
(3234),
(3235),
(3236),
(3237),
(3238),
(3239),
(3240),
(3241),
(3242),
(3243),
(3244),
(3245),
(3246),
(3247),
(3248),
(3249),
(3250),
(3251),
(3252),
(3253),
(3254),
(3255),
(3256),
(3257),
(3258),
(3259),
(3260),
(3261),
(3262),
(3263),
(3264),
(3265),
(3266),
(3267),
(3268),
(3269),
(3270),
(3271),
(3272),
(3273),
(3274),
(3275),
(3276),
(3277),
(3278),
(3279),
(3280),
(3281),
(3282),
(3283),
(3284),
(3285),
(3286),
(3287),
(3288),
(3289),
(3290),
(3291),
(3292),
(3293),
(3294),
(3295),
(3296),
(3297),
(3298),
(3299),
(3300),
(3301),
(3302),
(3303),
(3304),
(3305),
(3306),
(3307),
(3308),
(3309),
(3310),
(3311),
(3312),
(3313),
(3314),
(3315),
(3316),
(3317),
(3318),
(3319),
(3320),
(3321),
(3322),
(3323),
(3324),
(3325),
(3326),
(3327),
(3328),
(3329),
(3330),
(3331),
(3332),
(3333),
(3334),
(3335),
(3336),
(3337),
(3338),
(3339),
(3340),
(3341),
(3342),
(3343),
(3344),
(3345),
(3346),
(3347),
(3348),
(3349),
(3350),
(3351),
(3352),
(3353),
(3354),
(3355),
(3356),
(3357),
(3358),
(3359),
(3360),
(3361),
(3362),
(3363),
(3364),
(3365),
(3366),
(3367),
(3368),
(3369),
(3370),
(3371),
(3372),
(3373),
(3374),
(3375),
(3376),
(3377),
(3378),
(3379),
(3380),
(3381),
(3382),
(3383),
(3384),
(3385),
(3386),
(3387),
(3388),
(3389),
(3390),
(3391),
(3392),
(3393),
(3394),
(3395),
(3396),
(3397),
(3398),
(3399),
(3400),
(3401),
(3402),
(3403),
(3404),
(3405),
(3406),
(3407),
(3408),
(3409),
(3410),
(3411),
(3412),
(3413),
(3414),
(3415),
(3416),
(3417),
(3418),
(3419),
(3420),
(3421),
(3422),
(3423),
(3424),
(3425),
(3426),
(3427),
(3428),
(3429),
(3430),
(3431),
(3432),
(3433),
(3434),
(3435),
(3436),
(3437),
(3438),
(3439),
(3440),
(3441),
(3442),
(3443),
(3444),
(3445),
(3446),
(3447),
(3448),
(3449),
(3450),
(3451),
(3452),
(3453),
(3454),
(3455),
(3456),
(3457),
(3458),
(3459),
(3460),
(3461),
(3462),
(3463),
(3464),
(3465),
(3466),
(3467),
(3468),
(3469),
(3470),
(3471),
(3472),
(3473),
(3474),
(3475),
(3476),
(3477),
(3478),
(3479),
(3480),
(3481),
(3482),
(3483),
(3484),
(3485),
(3486),
(3487),
(3488),
(3489),
(3490),
(3491),
(3492),
(3493),
(3494),
(3495),
(3496),
(3497),
(3498),
(3499),
(3500),
(3501),
(3502),
(3503),
(3504),
(3505),
(3506),
(3507),
(3508),
(3509),
(3510),
(3511),
(3512),
(3513),
(3514),
(3515),
(3516),
(3517),
(3518),
(3519),
(3520),
(3521),
(3522),
(3523),
(3524),
(3525),
(3526),
(3527),
(3528),
(3529),
(3530),
(3531),
(3532),
(3533),
(3534),
(3535),
(3536),
(3537),
(3538),
(3539),
(3540),
(3541),
(3542),
(3543),
(3544),
(3545),
(3546),
(3547),
(3548),
(3549),
(3550),
(3551),
(3552),
(3553),
(3554),
(3555),
(3556),
(3557),
(3558),
(3559),
(3560),
(3561),
(3562),
(3563),
(3564),
(3565),
(3566),
(3567),
(3568),
(3569),
(3570),
(3571),
(3572),
(3573),
(3574),
(3575),
(3576),
(3577),
(3578),
(3579),
(3580),
(3581),
(3582),
(3583),
(3584),
(3585),
(3586),
(3587),
(3588),
(3589),
(3590),
(3591),
(3592),
(3593),
(3594),
(3595),
(3596),
(3597),
(3598),
(3599),
(3600),
(3601),
(3602),
(3603),
(3604),
(3605),
(3606),
(3607),
(3608),
(3609),
(3610),
(3611),
(3612),
(3613),
(3614),
(3615),
(3616),
(3617),
(3618),
(3619),
(3620),
(3621),
(3622),
(3623),
(3624),
(3625),
(3626),
(3627),
(3628);

--
-- Daten für Tabelle `condition_and`
--

INSERT INTO `condition_and` (`id`) VALUES
(1),
(7),
(13),
(15),
(17),
(20),
(22),
(24),
(27),
(31),
(36),
(38),
(40),
(42),
(46),
(50),
(54),
(58),
(60),
(63),
(66),
(68),
(70),
(73),
(75),
(78),
(81),
(84),
(87),
(90),
(92),
(95),
(98),
(102),
(106),
(110),
(114),
(115),
(117),
(121),
(129),
(133),
(136),
(138),
(141),
(143),
(145),
(147),
(148),
(152),
(156),
(162),
(171),
(180),
(182),
(187),
(189),
(191),
(197),
(202),
(206),
(209),
(212),
(213),
(216),
(219),
(223),
(227),
(231),
(234),
(240),
(244),
(248),
(249),
(252),
(255),
(258),
(260),
(263),
(267),
(271),
(273),
(278),
(281),
(284),
(288),
(291),
(294),
(302),
(305),
(313),
(316),
(319),
(326),
(327),
(328),
(329),
(330),
(333),
(336),
(344),
(347),
(349),
(352),
(355),
(359),
(362),
(372),
(374),
(376),
(378),
(381),
(383),
(385),
(388),
(390),
(392),
(394),
(396),
(398),
(403),
(405),
(407),
(409),
(411),
(414),
(418),
(422),
(427),
(431),
(435),
(439),
(443),
(447),
(451),
(455),
(462),
(468),
(474),
(480),
(484),
(488),
(492),
(499),
(505),
(511),
(517),
(525),
(531),
(537),
(543),
(549),
(555),
(559),
(563),
(568),
(572),
(576),
(580),
(584),
(590),
(596),
(602),
(609),
(613),
(617),
(621),
(627),
(633),
(639),
(644),
(647),
(651),
(655),
(659),
(663),
(667),
(673),
(679),
(685),
(695),
(701),
(707),
(713),
(719),
(727),
(731),
(733),
(736),
(747),
(751),
(757),
(760),
(764),
(770),
(777),
(796),
(800),
(804),
(813),
(816),
(819),
(822),
(825),
(828),
(831),
(834),
(837),
(840),
(843),
(846),
(849),
(852),
(855),
(858),
(861),
(864),
(867),
(870),
(873),
(876),
(879),
(882),
(885),
(888),
(891),
(894),
(897),
(900),
(903),
(906),
(909),
(912),
(915),
(918),
(921),
(924),
(927),
(930),
(933),
(936),
(939),
(942),
(945),
(948),
(951),
(954),
(957),
(960),
(963),
(966),
(969),
(972),
(975),
(978),
(981),
(984),
(987),
(990),
(993),
(996),
(999),
(1002),
(1005),
(1008),
(1011),
(1014),
(1017),
(1020),
(1023),
(1026),
(1029),
(1032),
(1035),
(1038),
(1041),
(1044),
(1047),
(1050),
(1053),
(1056),
(1059),
(1062),
(1065),
(1068),
(1071),
(1074),
(1077),
(1080),
(1083),
(1086),
(1089),
(1092),
(1095),
(1098),
(1101),
(1104),
(1107),
(1110),
(1113),
(1116),
(1119),
(1122),
(1125),
(1128),
(1131),
(1134),
(1137),
(1140),
(1143),
(1146),
(1149),
(1152),
(1155),
(1158),
(1161),
(1164),
(1167),
(1170),
(1173),
(1176),
(1179),
(1182),
(1185),
(1188),
(1191),
(1194),
(1197),
(1200),
(1203),
(1206),
(1209),
(1212),
(1215),
(1218),
(1221),
(1224),
(1227),
(1230),
(1233),
(1236),
(1239),
(1242),
(1245),
(1248),
(1251),
(1254),
(1257),
(1260),
(1263),
(1266),
(1269),
(1272),
(1275),
(1278),
(1281),
(1284),
(1287),
(1290),
(1293),
(1296),
(1299),
(1302),
(1305),
(1308),
(1311),
(1314),
(1317),
(1320),
(1323),
(1326),
(1329),
(1332),
(1335),
(1338),
(1341),
(1344),
(1347),
(1350),
(1353),
(1356),
(1359),
(1362),
(1365),
(1368),
(1371),
(1374),
(1377),
(1380),
(1383),
(1386),
(1389),
(1392),
(1395),
(1398),
(1401),
(1404),
(1407),
(1410),
(1413),
(1416),
(1419),
(1422),
(1425),
(1428),
(1431),
(1434),
(1437),
(1440),
(1443),
(1446),
(1449),
(1452),
(1455),
(1458),
(1461),
(1464),
(1467),
(1470),
(1473),
(1476),
(1479),
(1482),
(1485),
(1488),
(1491),
(1494),
(1497),
(1500),
(1503),
(1506),
(1509),
(1512),
(1515),
(1518),
(1521),
(1524),
(1527),
(1530),
(1533),
(1536),
(1539),
(1542),
(1545),
(1548),
(1551),
(1554),
(1557),
(1560),
(1563),
(1566),
(1569),
(1572),
(1575),
(1578),
(1581),
(1584),
(1587),
(1590),
(1593),
(1596),
(1599),
(1602),
(1605),
(1608),
(1611),
(1614),
(1617),
(1620),
(1623),
(1626),
(1629),
(1632),
(1635),
(1638),
(1641),
(1644),
(1647),
(1650),
(1653),
(1656),
(1659),
(1674),
(1699),
(1702),
(1705),
(2290),
(2299),
(2303),
(2307),
(2311),
(2315),
(2319),
(2323),
(2327),
(2331),
(2335),
(2339),
(2343),
(2347),
(2351),
(2355),
(2359),
(2385),
(2394),
(2397),
(2401),
(2406),
(2433),
(2440),
(2444),
(2448),
(2452),
(2456),
(2460),
(2464),
(2468),
(2484),
(2487),
(2490),
(2493),
(2512),
(2521),
(2523),
(2526),
(2550),
(2558),
(2560),
(2562),
(2565),
(2568),
(2571),
(2589),
(2594),
(2598),
(2602),
(2606),
(2610),
(2614),
(2618),
(2622),
(2626),
(2630),
(2634),
(2638),
(2642),
(2646),
(2650),
(2654),
(2687),
(2691),
(2695),
(2699),
(2703),
(2707),
(2711),
(2715),
(2736),
(2739),
(2744),
(2753),
(2756),
(2759),
(2762),
(2765),
(2768),
(2771),
(2774),
(2777),
(2780),
(2783),
(2786),
(2789),
(2792),
(2795),
(2798),
(2801),
(2804),
(2807),
(2810),
(2813),
(2816),
(2819),
(2822),
(2825),
(2828),
(2831),
(2834),
(2837),
(2840),
(2843),
(2846),
(2849),
(2852),
(2855),
(2858),
(2861),
(2864),
(2867),
(2870),
(2873),
(2876),
(2879),
(2882),
(2885),
(2888),
(2891),
(2894),
(2897),
(2900),
(2903),
(2906),
(2909),
(2912),
(2915),
(2918),
(2921),
(2924),
(2927),
(2930),
(2933),
(2936),
(2939),
(2942),
(2945),
(2948),
(2951),
(2954),
(2957),
(2960),
(2963),
(2966),
(2969),
(2972),
(2975),
(2978),
(2981),
(2984),
(2987),
(2990),
(2993),
(2996),
(2999),
(3002),
(3005),
(3008),
(3011),
(3014),
(3017),
(3020),
(3023),
(3026),
(3029),
(3032),
(3035),
(3038),
(3041),
(3044),
(3047),
(3050),
(3053),
(3056),
(3059),
(3062),
(3065),
(3068),
(3071),
(3074),
(3077),
(3080),
(3083),
(3086),
(3089),
(3092),
(3095),
(3098),
(3101),
(3104),
(3107),
(3110),
(3113),
(3116),
(3119),
(3122),
(3125),
(3128),
(3131),
(3134),
(3137),
(3140),
(3143),
(3146),
(3149),
(3152),
(3155),
(3158),
(3161),
(3164),
(3167),
(3170),
(3173),
(3176),
(3179),
(3182),
(3185),
(3188),
(3191),
(3194),
(3197),
(3200),
(3203),
(3206),
(3209),
(3212),
(3215),
(3218),
(3221),
(3224),
(3227),
(3230),
(3233),
(3236),
(3239),
(3242),
(3245),
(3248),
(3251),
(3254),
(3257),
(3260),
(3263),
(3266),
(3269),
(3272),
(3275),
(3278),
(3281),
(3284),
(3287),
(3290),
(3293),
(3296),
(3299),
(3302),
(3305),
(3308),
(3311),
(3314),
(3317),
(3320),
(3323),
(3326),
(3329),
(3332),
(3335),
(3338),
(3341),
(3344),
(3347),
(3350),
(3353),
(3356),
(3359),
(3362),
(3365),
(3368),
(3371),
(3374),
(3377),
(3380),
(3383),
(3386),
(3389),
(3392),
(3395),
(3398),
(3401),
(3404),
(3407),
(3410),
(3413),
(3416),
(3419),
(3422),
(3425),
(3428),
(3431),
(3434),
(3437),
(3440),
(3443),
(3446),
(3449),
(3452),
(3455),
(3458),
(3461),
(3464),
(3467),
(3470),
(3473),
(3476),
(3479),
(3482),
(3485),
(3488),
(3491),
(3494),
(3497),
(3500),
(3503),
(3506),
(3509),
(3512),
(3515),
(3518),
(3521),
(3524),
(3527),
(3530),
(3533),
(3536),
(3539),
(3542),
(3545),
(3548),
(3551),
(3554),
(3557),
(3560),
(3563),
(3566),
(3569),
(3572),
(3575),
(3578),
(3581),
(3584),
(3587),
(3590),
(3593),
(3596),
(3599),
(3610),
(3613),
(3616),
(3619),
(3622),
(3623),
(3624),
(3625);

--
-- Daten für Tabelle `condition_and_conditions`
--

INSERT INTO `condition_and_conditions` (`and_condition_id`, `conditions_id`) VALUES
(7, 8),
(13, 14),
(15, 16),
(17, 18),
(17, 19),
(20, 21),
(22, 23),
(24, 25),
(24, 26),
(27, 28),
(27, 29),
(27, 30),
(31, 32),
(31, 33),
(31, 34),
(31, 35),
(36, 37),
(38, 39),
(40, 41),
(42, 43),
(42, 44),
(42, 45),
(46, 47),
(46, 48),
(46, 49),
(50, 51),
(50, 52),
(50, 53),
(54, 55),
(54, 56),
(54, 57),
(58, 59),
(60, 61),
(60, 62),
(63, 64),
(63, 65),
(66, 67),
(68, 69),
(70, 71),
(70, 72),
(73, 74),
(75, 76),
(75, 77),
(78, 79),
(78, 80),
(81, 82),
(81, 83),
(84, 85),
(84, 86),
(87, 88),
(87, 89),
(90, 91),
(92, 93),
(92, 94),
(95, 96),
(98, 99),
(98, 100),
(98, 101),
(102, 103),
(102, 104),
(102, 105),
(106, 107),
(106, 108),
(106, 109),
(110, 111),
(110, 112),
(110, 113),
(115, 116),
(117, 118),
(117, 119),
(121, 122),
(121, 124),
(129, 130),
(133, 134),
(133, 135),
(136, 137),
(138, 139),
(138, 140),
(141, 142),
(143, 144),
(145, 146),
(148, 149),
(148, 150),
(152, 153),
(152, 155),
(156, 157),
(156, 159),
(156, 161),
(162, 163),
(162, 165),
(171, 173),
(171, 175),
(171, 177),
(171, 179),
(180, 181),
(182, 183),
(182, 184),
(187, 188),
(189, 190),
(191, 192),
(191, 193),
(191, 194),
(197, 199),
(202, 203),
(202, 205),
(206, 207),
(206, 208),
(209, 210),
(213, 214),
(213, 215),
(216, 217),
(219, 220),
(219, 222),
(223, 224),
(227, 228),
(227, 229),
(227, 230),
(231, 232),
(231, 233),
(234, 235),
(234, 236),
(234, 237),
(240, 241),
(240, 242),
(240, 243),
(244, 245),
(244, 246),
(244, 247),
(249, 250),
(249, 251),
(252, 253),
(252, 254),
(258, 259),
(260, 261),
(260, 262),
(263, 264),
(263, 265),
(263, 266),
(267, 268),
(267, 270),
(271, 272),
(273, 274),
(273, 276),
(278, 279),
(278, 280),
(284, 285),
(284, 286),
(288, 289),
(288, 290),
(291, 292),
(291, 293),
(294, 295),
(294, 296),
(302, 303),
(302, 304),
(305, 306),
(313, 314),
(313, 315),
(316, 318),
(319, 320),
(319, 321),
(319, 322),
(330, 331),
(330, 332),
(336, 337),
(336, 338),
(344, 345),
(347, 348),
(349, 350),
(349, 351),
(352, 353),
(352, 354),
(355, 356),
(355, 357),
(359, 360),
(359, 361),
(362, 363),
(362, 364),
(372, 373),
(374, 375),
(376, 377),
(378, 379),
(378, 380),
(381, 382),
(383, 384),
(385, 386),
(385, 387),
(388, 389),
(390, 391),
(392, 393),
(394, 395),
(396, 397),
(398, 399),
(403, 404),
(405, 406),
(407, 408),
(409, 410),
(411, 412),
(414, 415),
(414, 416),
(414, 417),
(418, 419),
(418, 420),
(418, 421),
(422, 423),
(422, 424),
(422, 425),
(427, 428),
(427, 429),
(427, 430),
(431, 432),
(431, 433),
(431, 434),
(435, 436),
(435, 437),
(435, 438),
(439, 440),
(439, 441),
(439, 442),
(443, 444),
(443, 445),
(443, 446),
(447, 448),
(447, 449),
(447, 450),
(451, 452),
(451, 453),
(451, 454),
(455, 456),
(455, 457),
(462, 463),
(462, 464),
(462, 465),
(462, 466),
(462, 467),
(468, 469),
(468, 470),
(468, 471),
(468, 472),
(468, 473),
(474, 475),
(474, 476),
(474, 477),
(474, 478),
(474, 479),
(480, 481),
(480, 482),
(484, 485),
(484, 486),
(484, 487),
(488, 489),
(488, 490),
(488, 491),
(492, 493),
(492, 494),
(492, 495),
(499, 500),
(499, 501),
(499, 502),
(499, 503),
(499, 504),
(505, 506),
(505, 507),
(505, 508),
(505, 509),
(505, 510),
(511, 512),
(511, 513),
(511, 514),
(511, 515),
(511, 516),
(517, 518),
(517, 519),
(517, 520),
(517, 521),
(517, 522),
(525, 526),
(525, 527),
(525, 528),
(531, 532),
(531, 533),
(531, 534),
(531, 535),
(531, 536),
(537, 538),
(537, 539),
(537, 540),
(537, 541),
(537, 542),
(543, 544),
(543, 545),
(543, 546),
(543, 547),
(543, 548),
(549, 550),
(549, 551),
(549, 552),
(549, 553),
(549, 554),
(559, 560),
(559, 561),
(563, 564),
(563, 565),
(568, 569),
(568, 570),
(568, 571),
(572, 573),
(572, 574),
(572, 575),
(576, 577),
(576, 578),
(576, 579),
(580, 581),
(580, 582),
(580, 583),
(584, 585),
(584, 586),
(584, 587),
(584, 588),
(584, 589),
(590, 591),
(590, 592),
(590, 593),
(590, 594),
(590, 595),
(596, 597),
(596, 598),
(596, 599),
(596, 600),
(596, 601),
(602, 603),
(602, 604),
(602, 605),
(602, 606),
(602, 607),
(609, 610),
(609, 611),
(609, 612),
(613, 614),
(613, 615),
(613, 616),
(617, 618),
(617, 619),
(617, 620),
(621, 622),
(621, 623),
(621, 624),
(621, 625),
(621, 626),
(627, 628),
(627, 629),
(627, 630),
(627, 631),
(627, 632),
(633, 634),
(633, 635),
(633, 636),
(633, 637),
(633, 638),
(639, 640),
(639, 641),
(644, 645),
(644, 646),
(647, 648),
(647, 649),
(647, 650),
(651, 652),
(651, 653),
(651, 654),
(655, 656),
(655, 657),
(655, 658),
(659, 660),
(659, 661),
(659, 662),
(663, 664),
(663, 665),
(663, 666),
(667, 668),
(667, 669),
(667, 670),
(667, 671),
(667, 672),
(673, 674),
(673, 675),
(673, 676),
(673, 677),
(673, 678),
(679, 680),
(679, 681),
(679, 682),
(679, 683),
(679, 684),
(685, 686),
(685, 687),
(685, 688),
(685, 689),
(685, 690),
(695, 696),
(695, 697),
(695, 698),
(695, 699),
(695, 700),
(701, 702),
(701, 703),
(701, 704),
(701, 705),
(701, 706),
(707, 708),
(707, 709),
(707, 710),
(707, 711),
(707, 712),
(713, 714),
(713, 715),
(713, 716),
(713, 717),
(713, 718),
(719, 720),
(719, 721),
(727, 728),
(727, 729),
(731, 732),
(733, 734),
(733, 735),
(736, 737),
(736, 738),
(747, 748),
(747, 749),
(747, 750),
(751, 752),
(751, 753),
(757, 758),
(757, 759),
(760, 761),
(760, 762),
(764, 765),
(764, 766),
(770, 771),
(770, 772),
(777, 778),
(796, 797),
(796, 799),
(800, 801),
(800, 803),
(804, 808),
(804, 809),
(813, 815),
(816, 818),
(819, 821),
(822, 824),
(825, 827),
(828, 830),
(831, 833),
(834, 836),
(837, 839),
(840, 842),
(843, 845),
(846, 848),
(849, 851),
(852, 854),
(855, 857),
(858, 860),
(861, 863),
(864, 866),
(867, 869),
(870, 872),
(873, 875),
(876, 878),
(879, 881),
(882, 884),
(885, 887),
(888, 890),
(891, 893),
(894, 896),
(897, 899),
(900, 902),
(903, 905),
(906, 908),
(909, 911),
(912, 914),
(915, 917),
(918, 920),
(921, 923),
(924, 926),
(927, 929),
(930, 932),
(933, 935),
(936, 938),
(939, 941),
(942, 944),
(945, 947),
(948, 950),
(951, 953),
(954, 956),
(957, 959),
(960, 962),
(963, 965),
(966, 968),
(969, 971),
(972, 974),
(975, 977),
(978, 980),
(981, 983),
(984, 986),
(987, 989),
(990, 992),
(993, 995),
(996, 998),
(999, 1001),
(1002, 1004),
(1005, 1007),
(1008, 1010),
(1011, 1013),
(1014, 1016),
(1017, 1019),
(1020, 1022),
(1023, 1025),
(1026, 1028),
(1029, 1031),
(1032, 1034),
(1035, 1037),
(1038, 1040),
(1041, 1043),
(1044, 1046),
(1047, 1049),
(1050, 1052),
(1053, 1055),
(1056, 1058),
(1059, 1061),
(1062, 1064),
(1065, 1067),
(1068, 1070),
(1071, 1073),
(1074, 1076),
(1077, 1079),
(1080, 1082),
(1083, 1085),
(1086, 1088),
(1089, 1091),
(1092, 1094),
(1095, 1097),
(1098, 1100),
(1101, 1103),
(1104, 1106),
(1107, 1109),
(1110, 1112),
(1113, 1115),
(1116, 1118),
(1119, 1121),
(1122, 1124),
(1125, 1127),
(1128, 1130),
(1131, 1133),
(1134, 1136),
(1137, 1139),
(1140, 1142),
(1143, 1145),
(1146, 1148),
(1149, 1151),
(1152, 1154),
(1155, 1157),
(1158, 1160),
(1161, 1163),
(1164, 1166),
(1167, 1169),
(1170, 1172),
(1173, 1175),
(1176, 1178),
(1179, 1181),
(1182, 1184),
(1185, 1187),
(1188, 1190),
(1191, 1193),
(1194, 1196),
(1197, 1199),
(1200, 1202),
(1203, 1205),
(1206, 1208),
(1209, 1211),
(1212, 1214),
(1215, 1217),
(1218, 1220),
(1221, 1223),
(1224, 1226),
(1227, 1229),
(1230, 1232),
(1233, 1235),
(1236, 1238),
(1239, 1241),
(1242, 1244),
(1245, 1247),
(1248, 1250),
(1251, 1253),
(1254, 1256),
(1257, 1259),
(1260, 1262),
(1263, 1265),
(1266, 1268),
(1269, 1271),
(1272, 1274),
(1275, 1277),
(1278, 1280),
(1281, 1283),
(1284, 1286),
(1287, 1289),
(1290, 1292),
(1293, 1295),
(1296, 1298),
(1299, 1301),
(1302, 1304),
(1305, 1307),
(1308, 1310),
(1311, 1313),
(1314, 1316),
(1317, 1319),
(1320, 1322),
(1323, 1325),
(1326, 1328),
(1329, 1331),
(1332, 1334),
(1335, 1337),
(1338, 1340),
(1341, 1343),
(1344, 1346),
(1347, 1349),
(1350, 1352),
(1353, 1355),
(1356, 1358),
(1359, 1361),
(1362, 1364),
(1365, 1367),
(1368, 1370),
(1371, 1373),
(1374, 1376),
(1377, 1379),
(1380, 1382),
(1383, 1385),
(1386, 1388),
(1389, 1391),
(1392, 1394),
(1395, 1397),
(1398, 1400),
(1401, 1403),
(1404, 1406),
(1407, 1409),
(1410, 1412),
(1413, 1415),
(1416, 1418),
(1419, 1421),
(1422, 1424),
(1425, 1427),
(1428, 1430),
(1431, 1433),
(1434, 1436),
(1437, 1439),
(1440, 1442),
(1443, 1445),
(1446, 1448),
(1449, 1451),
(1452, 1454),
(1455, 1457),
(1458, 1460),
(1461, 1463),
(1464, 1466),
(1467, 1469),
(1470, 1472),
(1473, 1475),
(1476, 1478),
(1479, 1481),
(1482, 1484),
(1485, 1487),
(1488, 1490),
(1491, 1493),
(1494, 1496),
(1497, 1499),
(1500, 1502),
(1503, 1505),
(1506, 1508),
(1509, 1511),
(1512, 1514),
(1515, 1517),
(1518, 1520),
(1521, 1523),
(1524, 1526),
(1527, 1529),
(1530, 1532),
(1533, 1535),
(1536, 1538),
(1539, 1541),
(1542, 1544),
(1545, 1547),
(1548, 1550),
(1551, 1553),
(1554, 1556),
(1557, 1559),
(1560, 1562),
(1563, 1565),
(1566, 1568),
(1569, 1571),
(1572, 1574),
(1575, 1577),
(1578, 1580),
(1581, 1583),
(1584, 1586),
(1587, 1589),
(1590, 1592),
(1593, 1595),
(1596, 1598),
(1599, 1601),
(1602, 1604),
(1605, 1607),
(1608, 1610),
(1611, 1613),
(1614, 1616),
(1617, 1619),
(1620, 1622),
(1623, 1625),
(1626, 1628),
(1629, 1631),
(1632, 1634),
(1635, 1637),
(1638, 1640),
(1641, 1643),
(1644, 1646),
(1647, 1649),
(1650, 1652),
(1653, 1655),
(1656, 1658),
(1659, 1661),
(1674, 1676),
(1699, 1701),
(1702, 1704),
(1705, 1707),
(2290, 2292),
(2290, 2294),
(2290, 2296),
(2299, 2300),
(2299, 2302),
(2303, 2304),
(2303, 2306),
(2307, 2308),
(2307, 2310),
(2311, 2312),
(2311, 2314),
(2315, 2316),
(2315, 2318),
(2319, 2320),
(2319, 2322),
(2323, 2324),
(2323, 2326),
(2327, 2328),
(2327, 2330),
(2331, 2332),
(2331, 2334),
(2335, 2336),
(2335, 2338),
(2339, 2340),
(2339, 2342),
(2343, 2344),
(2343, 2346),
(2347, 2348),
(2347, 2350),
(2351, 2352),
(2351, 2354),
(2355, 2356),
(2355, 2358),
(2359, 2360),
(2359, 2362),
(2385, 2387),
(2394, 2396),
(2397, 2398),
(2397, 2400),
(2401, 2402),
(2401, 2404),
(2406, 2407),
(2406, 2409),
(2433, 2435),
(2433, 2437),
(2440, 2441),
(2440, 2443),
(2444, 2445),
(2444, 2447),
(2448, 2449),
(2448, 2451),
(2452, 2453),
(2452, 2455),
(2456, 2457),
(2456, 2459),
(2460, 2461),
(2460, 2463),
(2464, 2465),
(2464, 2467),
(2468, 2469),
(2468, 2471),
(2484, 2486),
(2487, 2489),
(2490, 2492),
(2493, 2495),
(2512, 2514),
(2512, 2516),
(2512, 2518),
(2512, 2520),
(2521, 2522),
(2523, 2525),
(2526, 2528),
(2526, 2530),
(2526, 2532),
(2550, 2552),
(2550, 2554),
(2558, 2559),
(2560, 2561),
(2562, 2564),
(2565, 2567),
(2568, 2570),
(2571, 2572),
(2589, 2591),
(2589, 2593),
(2594, 2595),
(2594, 2597),
(2598, 2599),
(2598, 2601),
(2602, 2603),
(2602, 2605),
(2606, 2607),
(2606, 2609),
(2610, 2611),
(2610, 2613),
(2614, 2615),
(2614, 2617),
(2618, 2619),
(2618, 2621),
(2622, 2623),
(2622, 2625),
(2626, 2627),
(2626, 2629),
(2630, 2631),
(2630, 2633),
(2634, 2635),
(2634, 2637),
(2638, 2639),
(2638, 2641),
(2642, 2643),
(2642, 2645),
(2646, 2647),
(2646, 2649),
(2650, 2651),
(2650, 2653),
(2654, 2655),
(2654, 2657),
(2687, 2688),
(2687, 2690),
(2691, 2692),
(2691, 2694),
(2695, 2696),
(2695, 2698),
(2699, 2700),
(2699, 2702),
(2703, 2704),
(2703, 2706),
(2707, 2708),
(2707, 2710),
(2711, 2712),
(2711, 2714),
(2715, 2716),
(2715, 2718),
(2736, 2738),
(2739, 2740),
(2744, 2746),
(2744, 2748),
(2744, 2750),
(2753, 2755),
(2756, 2758),
(2759, 2761),
(2762, 2764),
(2765, 2767),
(2768, 2770),
(2771, 2773),
(2774, 2776),
(2777, 2779),
(2780, 2782),
(2783, 2785),
(2786, 2788),
(2789, 2791),
(2792, 2794),
(2795, 2797),
(2798, 2800),
(2801, 2803),
(2804, 2806),
(2807, 2809),
(2810, 2812),
(2813, 2815),
(2816, 2818),
(2819, 2821),
(2822, 2824),
(2825, 2827),
(2828, 2830),
(2831, 2833),
(2834, 2836),
(2837, 2839),
(2840, 2842),
(2843, 2845),
(2846, 2848),
(2849, 2851),
(2852, 2854),
(2855, 2857),
(2858, 2860),
(2861, 2863),
(2864, 2866),
(2867, 2869),
(2870, 2872),
(2873, 2875),
(2876, 2878),
(2879, 2881),
(2882, 2884),
(2885, 2887),
(2888, 2890),
(2891, 2893),
(2894, 2896),
(2897, 2899),
(2900, 2902),
(2903, 2905),
(2906, 2908),
(2909, 2911),
(2912, 2914),
(2915, 2917),
(2918, 2920),
(2921, 2923),
(2924, 2926),
(2927, 2929),
(2930, 2932),
(2933, 2935),
(2936, 2938),
(2939, 2941),
(2942, 2944),
(2945, 2947),
(2948, 2950),
(2951, 2953),
(2954, 2956),
(2957, 2959),
(2960, 2962),
(2963, 2965),
(2966, 2968),
(2969, 2971),
(2972, 2974),
(2975, 2977),
(2978, 2980),
(2981, 2983),
(2984, 2986),
(2987, 2989),
(2990, 2992),
(2993, 2995),
(2996, 2998),
(2999, 3001),
(3002, 3004),
(3005, 3007),
(3008, 3010),
(3011, 3013),
(3014, 3016),
(3017, 3019),
(3020, 3022),
(3023, 3025),
(3026, 3028),
(3029, 3031),
(3032, 3034),
(3035, 3037),
(3038, 3040),
(3041, 3043),
(3044, 3046),
(3047, 3049),
(3050, 3052),
(3053, 3055),
(3056, 3058),
(3059, 3061),
(3062, 3064),
(3065, 3067),
(3068, 3070),
(3071, 3073),
(3074, 3076),
(3077, 3079),
(3080, 3082),
(3083, 3085),
(3086, 3088),
(3089, 3091),
(3092, 3094),
(3095, 3097),
(3098, 3100),
(3101, 3103),
(3104, 3106),
(3107, 3109),
(3110, 3112),
(3113, 3115),
(3116, 3118),
(3119, 3121),
(3122, 3124),
(3125, 3127),
(3128, 3130),
(3131, 3133),
(3134, 3136),
(3137, 3139),
(3140, 3142),
(3143, 3145),
(3146, 3148),
(3149, 3151),
(3152, 3154),
(3155, 3157),
(3158, 3160),
(3161, 3163),
(3164, 3166),
(3167, 3169),
(3170, 3172),
(3173, 3175),
(3176, 3178),
(3179, 3181),
(3182, 3184),
(3185, 3187),
(3188, 3190),
(3191, 3193),
(3194, 3196),
(3197, 3199),
(3200, 3202),
(3203, 3205),
(3206, 3208),
(3209, 3211),
(3212, 3214),
(3215, 3217),
(3218, 3220),
(3221, 3223),
(3224, 3226),
(3227, 3229),
(3230, 3232),
(3233, 3235),
(3236, 3238),
(3239, 3241),
(3242, 3244),
(3245, 3247),
(3248, 3250),
(3251, 3253),
(3254, 3256),
(3257, 3259),
(3260, 3262),
(3263, 3265),
(3266, 3268),
(3269, 3271),
(3272, 3274),
(3275, 3277),
(3278, 3280),
(3281, 3283),
(3284, 3286),
(3287, 3289),
(3290, 3292),
(3293, 3295),
(3296, 3298),
(3299, 3301),
(3302, 3304),
(3305, 3307),
(3308, 3310),
(3311, 3313),
(3314, 3316),
(3317, 3319),
(3320, 3322),
(3323, 3325),
(3326, 3328),
(3329, 3331),
(3332, 3334),
(3335, 3337),
(3338, 3340),
(3341, 3343),
(3344, 3346),
(3347, 3349),
(3350, 3352),
(3353, 3355),
(3356, 3358),
(3359, 3361),
(3362, 3364),
(3365, 3367),
(3368, 3370),
(3371, 3373),
(3374, 3376),
(3377, 3379),
(3380, 3382),
(3383, 3385),
(3386, 3388),
(3389, 3391),
(3392, 3394),
(3395, 3397),
(3398, 3400),
(3401, 3403),
(3404, 3406),
(3407, 3409),
(3410, 3412),
(3413, 3415),
(3416, 3418),
(3419, 3421),
(3422, 3424),
(3425, 3427),
(3428, 3430),
(3431, 3433),
(3434, 3436),
(3437, 3439),
(3440, 3442),
(3443, 3445),
(3446, 3448),
(3449, 3451),
(3452, 3454),
(3455, 3457),
(3458, 3460),
(3461, 3463),
(3464, 3466),
(3467, 3469),
(3470, 3472),
(3473, 3475),
(3476, 3478),
(3479, 3481),
(3482, 3484),
(3485, 3487),
(3488, 3490),
(3491, 3493),
(3494, 3496),
(3497, 3499),
(3500, 3502),
(3503, 3505),
(3506, 3508),
(3509, 3511),
(3512, 3514),
(3515, 3517),
(3518, 3520),
(3521, 3523),
(3524, 3526),
(3527, 3529),
(3530, 3532),
(3533, 3535),
(3536, 3538),
(3539, 3541),
(3542, 3544),
(3545, 3547),
(3548, 3550),
(3551, 3553),
(3554, 3556),
(3557, 3559),
(3560, 3562),
(3563, 3565),
(3566, 3568),
(3569, 3571),
(3572, 3574),
(3575, 3577),
(3578, 3580),
(3581, 3583),
(3584, 3586),
(3587, 3589),
(3590, 3592),
(3593, 3595),
(3596, 3598),
(3599, 3601),
(3610, 3612),
(3613, 3615),
(3616, 3618),
(3619, 3621);

--
-- Daten für Tabelle `condition_has_property`
--

INSERT INTO `condition_has_property` (`id`, `property_id`) VALUES
(119, 2),
(72, 3),
(320, 26),
(321, 27),
(322, 29),
(86, 180),
(89, 181),
(44, 183),
(45, 183),
(48, 183),
(49, 183),
(52, 183),
(53, 183),
(56, 183),
(57, 183),
(80, 194),
(410, 195),
(83, 197),
(210, 200),
(243, 200),
(412, 202),
(100, 205),
(101, 205),
(104, 205),
(105, 205),
(108, 205),
(109, 205),
(112, 205),
(113, 205),
(29, 214),
(779, 216),
(780, 216),
(781, 216),
(782, 216),
(783, 216),
(784, 216),
(785, 216),
(786, 216),
(787, 216),
(788, 216),
(789, 216),
(791, 216),
(792, 216),
(793, 216),
(794, 216),
(795, 216),
(150, 224),
(140, 230),
(738, 236),
(266, 249),
(242, 266),
(239, 272),
(235, 301),
(365, 343),
(366, 343),
(367, 343),
(368, 343),
(790, 413),
(417, 433),
(421, 433),
(425, 433),
(434, 438),
(438, 438),
(442, 438),
(446, 441),
(450, 441),
(454, 441),
(351, 444),
(354, 445),
(357, 445),
(361, 445),
(364, 445),
(375, 445),
(379, 445),
(459, 445),
(561, 445),
(723, 445),
(729, 445),
(753, 445),
(467, 449),
(473, 449),
(479, 449),
(557, 453),
(487, 454),
(491, 454),
(495, 454),
(693, 454),
(502, 460),
(504, 460),
(508, 460),
(510, 460),
(514, 460),
(516, 460),
(520, 460),
(522, 460),
(646, 466),
(721, 466),
(759, 466),
(762, 466),
(772, 466),
(534, 470),
(536, 470),
(540, 470),
(542, 470),
(546, 470),
(548, 470),
(552, 470),
(554, 470),
(380, 478),
(384, 478),
(587, 487),
(589, 487),
(593, 487),
(595, 487),
(599, 487),
(601, 487),
(605, 487),
(607, 487),
(653, 487),
(387, 492),
(612, 492),
(616, 492),
(620, 492),
(626, 495),
(632, 495),
(638, 495),
(406, 501),
(658, 504),
(662, 504),
(666, 504),
(691, 504),
(565, 507),
(670, 507),
(672, 507),
(676, 507),
(678, 507),
(682, 507),
(684, 507),
(688, 507),
(690, 507),
(527, 514),
(649, 514),
(654, 514),
(528, 515),
(641, 515),
(650, 515),
(698, 515),
(700, 515),
(704, 515),
(706, 515),
(710, 515),
(712, 515),
(716, 515),
(718, 515),
(389, 519),
(430, 519),
(623, 519),
(625, 519),
(629, 519),
(631, 519),
(635, 519),
(637, 519),
(773, 560),
(774, 562),
(775, 563),
(776, 571),
(778, 577),
(802, 863),
(798, 864),
(1717, 865),
(2524, 865),
(2580, 865),
(2728, 865),
(3603, 865),
(2754, 869),
(2757, 869),
(2760, 869),
(2763, 869),
(2766, 869),
(2769, 869),
(2772, 869),
(2775, 869),
(2778, 869),
(2781, 869),
(2784, 869),
(2787, 869),
(2790, 869),
(2793, 869),
(2796, 869),
(2799, 869),
(2802, 869),
(2805, 869),
(2808, 869),
(2811, 869),
(2814, 869),
(2817, 869),
(2820, 869),
(2823, 869),
(2826, 869),
(2829, 869),
(2832, 869),
(2835, 869),
(2838, 869),
(2841, 869),
(2844, 869),
(2847, 869),
(2850, 869),
(2853, 869),
(2856, 869),
(2859, 869),
(2862, 869),
(2865, 869),
(2868, 869),
(2871, 869),
(2874, 869),
(2877, 869),
(2880, 869),
(2883, 869),
(2886, 869),
(2889, 869),
(2892, 869),
(2895, 869),
(2898, 869),
(2901, 869),
(2904, 869),
(2907, 869),
(2910, 869),
(2913, 869),
(2916, 869),
(2919, 869),
(2922, 869),
(2925, 869),
(2928, 869),
(2931, 869),
(2934, 869),
(2937, 869),
(2940, 869),
(2943, 869),
(2946, 869),
(2949, 869),
(2952, 869),
(2955, 869),
(2958, 869),
(2961, 869),
(2964, 869),
(2967, 869),
(2970, 869),
(2973, 869),
(2976, 869),
(2979, 869),
(2982, 869),
(2985, 869),
(2988, 869),
(2991, 869),
(2994, 869),
(2997, 869),
(3000, 869),
(3003, 869),
(3006, 869),
(3009, 869),
(3012, 869),
(3015, 869),
(3018, 869),
(3021, 869),
(3024, 869),
(3027, 869),
(3030, 869),
(3033, 869),
(3036, 869),
(3039, 869),
(3042, 869),
(3045, 869),
(3048, 869),
(3051, 869),
(3054, 869),
(3057, 869),
(3060, 869),
(3063, 869),
(3066, 869),
(3069, 869),
(3072, 869),
(3075, 869),
(3078, 869),
(3081, 869),
(3084, 869),
(3087, 869),
(3090, 869),
(3093, 869),
(3096, 869),
(3099, 869),
(3102, 869),
(3105, 869),
(3108, 869),
(3111, 869),
(3114, 869),
(3117, 869),
(3120, 869),
(3123, 869),
(3126, 869),
(3129, 869),
(3132, 869),
(3135, 869),
(3138, 869),
(3141, 869),
(3144, 869),
(3147, 869),
(3150, 869),
(3153, 869),
(3156, 869),
(3159, 869),
(3162, 869),
(3165, 869),
(3168, 869),
(3171, 869),
(3174, 869),
(3177, 869),
(3180, 869),
(3183, 869),
(3186, 869),
(3189, 869),
(3192, 869),
(3195, 869),
(3198, 869),
(3201, 869),
(3204, 869),
(3207, 869),
(3210, 869),
(3213, 869),
(3216, 869),
(3219, 869),
(3222, 869),
(3225, 869),
(3228, 869),
(3231, 869),
(3234, 869),
(3237, 869),
(3240, 869),
(3243, 869),
(3246, 869),
(3249, 869),
(3252, 869),
(3255, 869),
(3258, 869),
(3261, 869),
(3264, 869),
(3267, 869),
(3270, 869),
(3273, 869),
(3276, 869),
(3279, 869),
(3282, 869),
(3285, 869),
(3288, 869),
(3291, 869),
(3294, 869),
(3297, 869),
(3300, 869),
(3303, 869),
(3306, 869),
(3309, 869),
(3312, 869),
(3315, 869),
(3318, 869),
(3321, 869),
(3324, 869),
(3327, 869),
(3330, 869),
(3333, 869),
(3336, 869),
(3339, 869),
(3342, 869),
(3345, 869),
(3348, 869),
(3351, 869),
(3354, 869),
(3357, 869),
(3360, 869),
(3363, 869),
(3366, 869),
(3369, 869),
(3372, 869),
(3375, 869),
(3378, 869),
(3381, 869),
(3384, 869),
(3387, 869),
(3390, 869),
(3393, 869),
(3396, 869),
(3399, 869),
(3402, 869),
(3405, 869),
(3408, 869),
(3411, 869),
(3414, 869),
(3417, 869),
(3420, 869),
(3423, 869),
(3426, 869),
(3429, 869),
(3432, 869),
(3435, 869),
(3438, 869),
(3441, 869),
(3444, 869),
(3447, 869),
(3450, 869),
(3453, 869),
(3456, 869),
(3459, 869),
(3462, 869),
(3465, 869),
(3468, 869),
(3471, 869),
(3474, 869),
(3477, 869),
(3480, 869),
(3483, 869),
(3486, 869),
(3489, 869),
(3492, 869),
(3495, 869),
(3498, 869),
(3501, 869),
(3504, 869),
(3507, 869),
(3510, 869),
(3513, 869),
(3516, 869),
(3519, 869),
(3522, 869),
(3525, 869),
(3528, 869),
(3531, 869),
(3534, 869),
(3537, 869),
(3540, 869),
(3543, 869),
(3546, 869),
(3549, 869),
(3552, 869),
(3555, 869),
(3558, 869),
(3561, 869),
(3564, 869),
(3567, 869),
(3570, 869),
(3573, 869),
(3576, 869),
(3579, 869),
(3582, 869),
(3585, 869),
(3588, 869),
(3591, 869),
(3594, 869),
(3597, 869),
(3600, 869),
(2590, 1154),
(123, 1157),
(2386, 1157),
(2510, 1161),
(2747, 1163),
(4, 1164),
(5, 1164),
(6, 1164),
(8, 1164),
(9, 1164),
(10, 1164),
(11, 1164),
(12, 1164),
(2332, 1164),
(2336, 1164),
(2340, 1164),
(2344, 1164),
(2348, 1164),
(2352, 1164),
(2356, 1164),
(2360, 1164),
(2402, 1164),
(2407, 1164),
(2457, 1164),
(2461, 1164),
(2465, 1164),
(2469, 1164),
(2627, 1164),
(2631, 1164),
(2635, 1164),
(2639, 1164),
(2643, 1164),
(2647, 1164),
(2651, 1164),
(2655, 1164),
(2704, 1164),
(2708, 1164),
(2712, 1164),
(2716, 1164),
(2735, 1164),
(2536, 1165),
(2538, 1165),
(2540, 1165),
(2678, 1168),
(2680, 1168),
(2682, 1168),
(2684, 1168),
(2563, 1172),
(2566, 1172),
(2569, 1172),
(2542, 1175),
(2544, 1175),
(2546, 1175),
(1675, 1180),
(2438, 1180),
(806, 1181),
(2582, 1181),
(2730, 1181),
(3605, 1181),
(2513, 1485),
(2527, 1485),
(2751, 1485),
(2548, 1486),
(2551, 1486),
(2596, 1487),
(2600, 1487),
(2604, 1487),
(2608, 1487),
(2612, 1487),
(2616, 1487),
(2620, 1487),
(2624, 1487),
(2628, 1495),
(2632, 1495),
(2636, 1495),
(2640, 1495),
(2644, 1495),
(2648, 1495),
(2652, 1495),
(2656, 1495),
(2658, 1503),
(2660, 1503),
(2662, 1503),
(2664, 1503),
(2666, 1503),
(2668, 1503),
(2670, 1503),
(2672, 1503),
(2674, 1511),
(2676, 1512),
(2556, 1515),
(2573, 1517),
(2575, 1517),
(2577, 1517),
(2737, 1520),
(2408, 1522),
(2403, 1524),
(2501, 1525),
(2503, 1525),
(2505, 1525),
(2507, 1525),
(2689, 1547),
(2693, 1547),
(2697, 1547),
(2701, 1547),
(2705, 1551),
(2709, 1551),
(2713, 1551),
(2717, 1551),
(2719, 1555),
(2721, 1555),
(2723, 1555),
(2725, 1555),
(3611, 1582),
(3614, 1582),
(3617, 1582),
(3620, 1582),
(2745, 1586),
(3627, 1587),
(14, 1588),
(16, 1588),
(18, 1588),
(21, 1588),
(23, 1588),
(28, 1588),
(32, 1588),
(43, 1588),
(47, 1588),
(51, 1588),
(55, 1588),
(59, 1588),
(61, 1588),
(64, 1588),
(67, 1588),
(69, 1588),
(71, 1588),
(74, 1588),
(76, 1588),
(79, 1588),
(82, 1588),
(91, 1588),
(93, 1588),
(96, 1588),
(97, 1588),
(99, 1588),
(103, 1588),
(107, 1588),
(111, 1588),
(116, 1588),
(118, 1588),
(120, 1588),
(122, 1588),
(125, 1588),
(126, 1588),
(127, 1588),
(128, 1588),
(130, 1588),
(131, 1588),
(137, 1588),
(139, 1588),
(142, 1588),
(144, 1588),
(146, 1588),
(149, 1588),
(797, 1588),
(801, 1588),
(1665, 1588),
(2300, 1588),
(2304, 1588),
(2308, 1588),
(2312, 1588),
(2316, 1588),
(2320, 1588),
(2324, 1588),
(2328, 1588),
(2398, 1588),
(2441, 1588),
(2445, 1588),
(2449, 1588),
(2453, 1588),
(2480, 1588),
(2509, 1588),
(2555, 1588),
(2559, 1588),
(2561, 1588),
(2572, 1588),
(2585, 1588),
(2588, 1588),
(2595, 1588),
(2599, 1588),
(2603, 1588),
(2607, 1588),
(2611, 1588),
(2615, 1588),
(2619, 1588),
(2623, 1588),
(2688, 1588),
(2692, 1588),
(2696, 1588),
(2700, 1588),
(2734, 1588),
(2740, 1588),
(3626, 1588),
(2410, 1596),
(2412, 1596),
(2414, 1596),
(2416, 1596),
(2418, 1596),
(2420, 1596),
(2422, 1596),
(2424, 1596),
(2426, 1596),
(2428, 1596),
(2430, 1596),
(172, 1601),
(1678, 1601),
(2535, 1601),
(169, 1602),
(198, 1602),
(204, 1602),
(221, 1602),
(275, 1602),
(317, 1602),
(1667, 1602),
(2293, 1602),
(2529, 1602),
(2533, 1602),
(2592, 1602),
(269, 1605),
(1669, 1605),
(2291, 1605),
(2519, 1605),
(1671, 1607),
(2515, 1607),
(160, 1608),
(174, 1608),
(1680, 1608),
(1685, 1609),
(1687, 1609),
(1689, 1609),
(1708, 1613),
(1710, 1613),
(1712, 1613),
(2297, 1616),
(2553, 1616),
(2383, 1620),
(1700, 1623),
(1703, 1623),
(1706, 1623),
(2388, 1628),
(2390, 1628),
(2392, 1628),
(807, 1631),
(1719, 1631),
(2732, 1631),
(3607, 1631),
(2586, 1633),
(2399, 1635),
(2517, 1636),
(2301, 1637),
(2305, 1637),
(2309, 1637),
(2313, 1637),
(2317, 1637),
(2321, 1637),
(2325, 1637),
(2329, 1637),
(2333, 1645),
(2337, 1645),
(2341, 1645),
(2345, 1645),
(2349, 1645),
(2353, 1645),
(2357, 1645),
(2361, 1645),
(2363, 1653),
(2365, 1653),
(2367, 1653),
(2369, 1653),
(2371, 1653),
(2373, 1653),
(2375, 1653),
(2377, 1653),
(2379, 1661),
(2381, 1662),
(1691, 1663),
(1693, 1663),
(1695, 1663),
(1697, 1663),
(2522, 1676),
(2442, 1677),
(2446, 1677),
(2450, 1677),
(2454, 1677),
(2458, 1681),
(2462, 1681),
(2466, 1681),
(2470, 1681),
(2472, 1685),
(2474, 1685),
(2476, 1685),
(2478, 1685),
(1714, 1689),
(810, 1690),
(1721, 1690),
(2583, 1690),
(3608, 1690),
(2395, 1693),
(2749, 1696),
(1683, 1698),
(2496, 1698),
(2742, 1698),
(2295, 1699),
(2531, 1699),
(154, 1700),
(158, 1700),
(164, 1700),
(176, 1700),
(814, 1700),
(817, 1700),
(820, 1700),
(823, 1700),
(826, 1700),
(829, 1700),
(832, 1700),
(835, 1700),
(838, 1700),
(841, 1700),
(844, 1700),
(847, 1700),
(850, 1700),
(853, 1700),
(856, 1700),
(859, 1700),
(862, 1700),
(865, 1700),
(868, 1700),
(871, 1700),
(874, 1700),
(877, 1700),
(880, 1700),
(883, 1700),
(886, 1700),
(889, 1700),
(892, 1700),
(895, 1700),
(898, 1700),
(901, 1700),
(904, 1700),
(907, 1700),
(910, 1700),
(913, 1700),
(916, 1700),
(919, 1700),
(922, 1700),
(925, 1700),
(928, 1700),
(931, 1700),
(934, 1700),
(937, 1700),
(940, 1700),
(943, 1700),
(946, 1700),
(949, 1700),
(952, 1700),
(955, 1700),
(958, 1700),
(961, 1700),
(964, 1700),
(967, 1700),
(970, 1700),
(973, 1700),
(976, 1700),
(979, 1700),
(982, 1700),
(985, 1700),
(988, 1700),
(991, 1700),
(994, 1700),
(997, 1700),
(1000, 1700),
(1003, 1700),
(1006, 1700),
(1009, 1700),
(1012, 1700),
(1015, 1700),
(1018, 1700),
(1021, 1700),
(1024, 1700),
(1027, 1700),
(1030, 1700),
(1033, 1700),
(1036, 1700),
(1039, 1700),
(1042, 1700),
(1045, 1700),
(1048, 1700),
(1051, 1700),
(1054, 1700),
(1057, 1700),
(1060, 1700),
(1063, 1700),
(1066, 1700),
(1069, 1700),
(1072, 1700),
(1075, 1700),
(1078, 1700),
(1081, 1700),
(1084, 1700),
(1087, 1700),
(1090, 1700),
(1093, 1700),
(1096, 1700),
(1099, 1700),
(1102, 1700),
(1105, 1700),
(1108, 1700),
(1111, 1700),
(1114, 1700),
(1117, 1700),
(1120, 1700),
(1123, 1700),
(1126, 1700),
(1129, 1700),
(1132, 1700),
(1135, 1700),
(1138, 1700),
(1141, 1700),
(1144, 1700),
(1147, 1700),
(1150, 1700),
(1153, 1700),
(1156, 1700),
(1159, 1700),
(1162, 1700),
(1165, 1700),
(1168, 1700),
(1171, 1700),
(1174, 1700),
(1177, 1700),
(1180, 1700),
(1183, 1700),
(1186, 1700),
(1189, 1700),
(1192, 1700),
(1195, 1700),
(1198, 1700),
(1201, 1700),
(1204, 1700),
(1207, 1700),
(1210, 1700),
(1213, 1700),
(1216, 1700),
(1219, 1700),
(1222, 1700),
(1225, 1700),
(1228, 1700),
(1231, 1700),
(1234, 1700),
(1237, 1700),
(1240, 1700),
(1243, 1700),
(1246, 1700),
(1249, 1700),
(1252, 1700),
(1255, 1700),
(1258, 1700),
(1261, 1700),
(1264, 1700),
(1267, 1700),
(1270, 1700),
(1273, 1700),
(1276, 1700),
(1279, 1700),
(1282, 1700),
(1285, 1700),
(1288, 1700),
(1291, 1700),
(1294, 1700),
(1297, 1700),
(1300, 1700),
(1303, 1700),
(1306, 1700),
(1309, 1700),
(1312, 1700),
(1315, 1700),
(1318, 1700),
(1321, 1700),
(1324, 1700),
(1327, 1700),
(1330, 1700),
(1333, 1700),
(1336, 1700),
(1339, 1700),
(1342, 1700),
(1345, 1700),
(1348, 1700),
(1351, 1700),
(1354, 1700),
(1357, 1700),
(1360, 1700),
(1363, 1700),
(1366, 1700),
(1369, 1700),
(1372, 1700),
(1375, 1700),
(1378, 1700),
(1381, 1700),
(1384, 1700),
(1387, 1700),
(1390, 1700),
(1393, 1700),
(1396, 1700),
(1399, 1700),
(1402, 1700),
(1405, 1700),
(1408, 1700),
(1411, 1700),
(1414, 1700),
(1417, 1700),
(1420, 1700),
(1423, 1700),
(1426, 1700),
(1429, 1700),
(1432, 1700),
(1435, 1700),
(1438, 1700),
(1441, 1700),
(1444, 1700),
(1447, 1700),
(1450, 1700),
(1453, 1700),
(1456, 1700),
(1459, 1700),
(1462, 1700),
(1465, 1700),
(1468, 1700),
(1471, 1700),
(1474, 1700),
(1477, 1700),
(1480, 1700),
(1483, 1700),
(1486, 1700),
(1489, 1700),
(1492, 1700),
(1495, 1700),
(1498, 1700),
(1501, 1700),
(1504, 1700),
(1507, 1700),
(1510, 1700),
(1513, 1700),
(1516, 1700),
(1519, 1700),
(1522, 1700),
(1525, 1700),
(1528, 1700),
(1531, 1700),
(1534, 1700),
(1537, 1700),
(1540, 1700),
(1543, 1700),
(1546, 1700),
(1549, 1700),
(1552, 1700),
(1555, 1700),
(1558, 1700),
(1561, 1700),
(1564, 1700),
(1567, 1700),
(1570, 1700),
(1573, 1700),
(1576, 1700),
(1579, 1700),
(1582, 1700),
(1585, 1700),
(1588, 1700),
(1591, 1700),
(1594, 1700),
(1597, 1700),
(1600, 1700),
(1603, 1700),
(1606, 1700),
(1609, 1700),
(1612, 1700),
(1615, 1700),
(1618, 1700),
(1621, 1700),
(1624, 1700),
(1627, 1700),
(1630, 1700),
(1633, 1700),
(1636, 1700),
(1639, 1700),
(1642, 1700),
(1645, 1700),
(1648, 1700),
(1651, 1700),
(1654, 1700),
(1657, 1700),
(1660, 1700),
(1724, 1700),
(1726, 1700),
(1728, 1700),
(1730, 1700),
(1732, 1700),
(1734, 1700),
(1736, 1700),
(1738, 1700),
(1740, 1700),
(1742, 1700),
(1744, 1700),
(1746, 1700),
(1748, 1700),
(1750, 1700),
(1752, 1700),
(1754, 1700),
(1756, 1700),
(1758, 1700),
(1760, 1700),
(1762, 1700),
(1764, 1700),
(1766, 1700),
(1768, 1700),
(1770, 1700),
(1772, 1700),
(1774, 1700),
(1776, 1700),
(1778, 1700),
(1780, 1700),
(1782, 1700),
(1784, 1700),
(1786, 1700),
(1788, 1700),
(1790, 1700),
(1792, 1700),
(1794, 1700),
(1796, 1700),
(1798, 1700),
(1800, 1700),
(1802, 1700),
(1804, 1700),
(1806, 1700),
(1808, 1700),
(1810, 1700),
(1812, 1700),
(1814, 1700),
(1816, 1700),
(1818, 1700),
(1820, 1700),
(1822, 1700),
(1824, 1700),
(1826, 1700),
(1828, 1700),
(1830, 1700),
(1832, 1700),
(1834, 1700),
(1836, 1700),
(1838, 1700),
(1840, 1700),
(1842, 1700),
(1844, 1700),
(1846, 1700),
(1848, 1700),
(1850, 1700),
(1852, 1700),
(1854, 1700),
(1856, 1700),
(1858, 1700),
(1860, 1700),
(1862, 1700),
(1864, 1700),
(1866, 1700),
(1868, 1700),
(1870, 1700),
(1872, 1700),
(1874, 1700),
(1876, 1700),
(1878, 1700),
(1880, 1700),
(1882, 1700),
(1884, 1700),
(1886, 1700),
(1888, 1700),
(1890, 1700),
(1892, 1700),
(1894, 1700),
(1896, 1700),
(1898, 1700),
(1900, 1700),
(1902, 1700),
(1904, 1700),
(1906, 1700),
(1908, 1700),
(1910, 1700),
(1912, 1700),
(1914, 1700),
(1916, 1700),
(1918, 1700),
(1920, 1700),
(1922, 1700),
(1924, 1700),
(1926, 1700),
(1928, 1700),
(1930, 1700),
(1932, 1700),
(1934, 1700),
(1936, 1700),
(1938, 1700),
(1940, 1700),
(1942, 1700),
(1944, 1700),
(1946, 1700),
(1948, 1700),
(1950, 1700),
(1952, 1700),
(1954, 1700),
(1956, 1700),
(1958, 1700),
(1960, 1700),
(1962, 1700),
(1964, 1700),
(1966, 1700),
(1968, 1700),
(1970, 1700),
(1972, 1700),
(1974, 1700),
(1976, 1700),
(1978, 1700),
(1980, 1700),
(1982, 1700),
(1984, 1700),
(1986, 1700),
(1988, 1700),
(1990, 1700),
(1992, 1700),
(1994, 1700),
(1996, 1700),
(1998, 1700),
(2000, 1700),
(2002, 1700),
(2004, 1700),
(2006, 1700),
(2008, 1700),
(2010, 1700),
(2012, 1700),
(2014, 1700),
(2016, 1700),
(2018, 1700),
(2020, 1700),
(2022, 1700),
(2024, 1700),
(2026, 1700),
(2028, 1700),
(2030, 1700),
(2032, 1700),
(2034, 1700),
(2036, 1700),
(2038, 1700),
(2040, 1700),
(2042, 1700),
(2044, 1700),
(2046, 1700),
(2048, 1700),
(2050, 1700),
(2052, 1700),
(2054, 1700),
(2056, 1700),
(2058, 1700),
(2060, 1700),
(2062, 1700),
(2064, 1700),
(2066, 1700),
(2068, 1700),
(2070, 1700),
(2072, 1700),
(2074, 1700),
(2076, 1700),
(2078, 1700),
(2080, 1700),
(2082, 1700),
(2084, 1700),
(2086, 1700),
(2088, 1700),
(2090, 1700),
(2092, 1700),
(2094, 1700),
(2096, 1700),
(2098, 1700),
(2100, 1700),
(2102, 1700),
(2104, 1700),
(2106, 1700),
(2108, 1700),
(2110, 1700),
(2112, 1700),
(2114, 1700),
(2116, 1700),
(2118, 1700),
(2120, 1700),
(2122, 1700),
(2124, 1700),
(2126, 1700),
(2128, 1700),
(2130, 1700),
(2132, 1700),
(2134, 1700),
(2136, 1700),
(2138, 1700),
(2140, 1700),
(2142, 1700),
(2144, 1700),
(2146, 1700),
(2148, 1700),
(2150, 1700),
(2152, 1700),
(2154, 1700),
(2156, 1700),
(2158, 1700),
(2160, 1700),
(2162, 1700),
(2164, 1700),
(2166, 1700),
(2168, 1700),
(2170, 1700),
(2172, 1700),
(2174, 1700),
(2176, 1700),
(2178, 1700),
(2180, 1700),
(2182, 1700),
(2184, 1700),
(2186, 1700),
(2188, 1700),
(2190, 1700),
(2192, 1700),
(2194, 1700),
(2196, 1700),
(2198, 1700),
(2200, 1700),
(2202, 1700),
(2204, 1700),
(2206, 1700),
(2208, 1700),
(2210, 1700),
(2212, 1700),
(2214, 1700),
(2216, 1700),
(2218, 1700),
(2220, 1700),
(2222, 1700),
(2224, 1700),
(2226, 1700),
(2228, 1700),
(2230, 1700),
(2232, 1700),
(2234, 1700),
(2236, 1700),
(2238, 1700),
(2240, 1700),
(2242, 1700),
(2244, 1700),
(2246, 1700),
(2248, 1700),
(2250, 1700),
(2252, 1700),
(2254, 1700),
(2256, 1700),
(2258, 1700),
(2260, 1700),
(2262, 1700),
(2264, 1700),
(2266, 1700),
(2268, 1700),
(2270, 1700),
(2272, 1700),
(2274, 1700),
(2276, 1700),
(2278, 1700),
(2280, 1700),
(2282, 1700),
(2284, 1700),
(2286, 1700),
(2288, 1700),
(2434, 1700),
(2481, 1700),
(2686, 1700),
(2436, 1983),
(811, 1984),
(1722, 1984),
(2485, 1985),
(2488, 1985),
(2491, 1985),
(2494, 1985),
(178, 1997),
(1672, 1997),
(1681, 1997),
(2498, 2004);

--
-- Daten für Tabelle `condition_min`
--

INSERT INTO `condition_min` (`level`, `id`, `property_id`) VALUES
(13, 2, 1),
(15, 3, 1),
(12, 19, 51),
(13, 25, 1),
(13, 26, 3),
(15, 30, 1),
(14, 33, 129),
(10, 34, 44),
(8, 35, 63),
(13, 37, 1),
(13, 39, 1),
(13, 41, 1),
(15, 62, 2),
(13, 65, 1),
(13, 77, 1),
(15, 85, 1),
(15, 88, 1),
(13, 94, 1),
(12, 132, 1),
(14, 134, 129),
(12, 135, 44),
(12, 151, 5),
(8, 153, 37),
(4, 157, 12),
(4, 163, 36),
(4, 166, 44),
(4, 167, 43),
(4, 168, 43),
(4, 181, 29),
(8, 183, 10),
(4, 184, 12),
(12, 185, 66),
(8, 186, 66),
(8, 188, 54),
(8, 190, 59),
(2, 192, 51),
(4, 193, 59),
(4, 194, 45),
(4, 195, 66),
(4, 196, 26),
(4, 200, 25),
(8, 201, 17),
(8, 203, 26),
(4, 207, 45),
(4, 208, 65),
(8, 211, 17),
(8, 214, 10),
(4, 215, 12),
(4, 217, 21),
(8, 218, 11),
(8, 220, 27),
(8, 224, 31),
(4, 225, 47),
(4, 226, 66),
(8, 228, 25),
(4, 229, 28),
(2, 230, 29),
(8, 232, 54),
(4, 233, 46),
(8, 236, 27),
(4, 237, 54),
(4, 238, 26),
(8, 241, 38),
(4, 245, 32),
(4, 246, 37),
(4, 247, 21),
(8, 250, 64),
(4, 251, 29),
(8, 253, 40),
(4, 254, 46),
(4, 256, 60),
(8, 257, 66),
(4, 259, 63),
(4, 261, 53),
(8, 262, 59),
(8, 264, 26),
(4, 265, 28),
(8, 268, 27),
(8, 272, 28),
(4, 274, 18),
(4, 277, 59),
(8, 279, 46),
(8, 280, 50),
(8, 282, 17),
(8, 283, 35),
(8, 285, 25),
(8, 286, 29),
(8, 287, 67),
(4, 289, 51),
(8, 290, 10),
(4, 292, 24),
(4, 293, 28),
(4, 295, 54),
(8, 296, 37),
(8, 298, 59),
(8, 299, 61),
(8, 300, 63),
(8, 301, 67),
(4, 303, 36),
(4, 304, 38),
(8, 306, 59),
(4, 307, 16),
(4, 309, 59),
(4, 310, 61),
(4, 311, 63),
(4, 312, 66),
(4, 314, 51),
(4, 315, 60),
(4, 323, 33),
(4, 324, 12),
(4, 325, 60),
(4, 331, 53),
(8, 332, 59),
(4, 334, 37),
(4, 335, 66),
(10, 337, 24),
(4, 338, 26),
(4, 339, 37),
(8, 341, 59),
(8, 342, 63),
(8, 343, 66),
(4, 345, 66),
(4, 346, 38),
(8, 348, 46),
(8, 350, 9),
(8, 353, 37),
(8, 356, 37),
(10, 358, 53),
(12, 360, 37),
(12, 363, 37),
(15, 370, 6),
(15, 371, 8),
(13, 373, 8),
(10, 377, 53),
(13, 382, 8),
(15, 386, 8),
(13, 391, 8),
(13, 393, 8),
(15, 395, 6),
(15, 397, 6),
(15, 399, 8),
(15, 401, 6),
(15, 402, 8),
(15, 404, 8),
(15, 408, 8),
(13, 413, 5),
(13, 415, 6),
(15, 416, 6),
(13, 419, 6),
(15, 420, 6),
(13, 423, 6),
(15, 424, 6),
(13, 426, 3),
(13, 428, 3),
(13, 429, 5),
(13, 432, 7),
(15, 433, 7),
(13, 436, 7),
(15, 437, 7),
(13, 440, 7),
(15, 441, 7),
(13, 444, 6),
(15, 445, 6),
(13, 448, 6),
(15, 449, 6),
(13, 452, 6),
(15, 453, 6),
(10, 456, 9),
(10, 457, 14),
(10, 458, 14),
(15, 460, 6),
(13, 461, 8),
(15, 463, 3),
(8, 464, 18),
(17, 465, 3),
(12, 466, 18),
(15, 469, 3),
(8, 470, 18),
(17, 471, 3),
(12, 472, 18),
(15, 475, 3),
(8, 476, 18),
(17, 477, 3),
(12, 478, 18),
(8, 481, 37),
(8, 482, 43),
(13, 483, 6),
(15, 485, 5),
(17, 486, 5),
(15, 489, 5),
(17, 490, 5),
(15, 493, 5),
(17, 494, 5),
(15, 496, 6),
(15, 497, 3),
(13, 498, 6),
(13, 500, 6),
(15, 501, 6),
(17, 503, 6),
(13, 506, 6),
(15, 507, 6),
(17, 509, 6),
(13, 512, 6),
(15, 513, 6),
(17, 515, 6),
(13, 518, 6),
(15, 519, 6),
(17, 521, 6),
(13, 523, 6),
(13, 524, 5),
(15, 526, 1),
(13, 529, 8),
(13, 530, 6),
(13, 532, 3),
(15, 533, 3),
(17, 535, 3),
(13, 538, 3),
(15, 539, 3),
(17, 541, 3),
(13, 544, 3),
(15, 545, 3),
(17, 547, 3),
(13, 550, 3),
(15, 551, 3),
(17, 553, 3),
(13, 556, 6),
(13, 558, 6),
(13, 560, 1),
(13, 562, 6),
(13, 564, 3),
(15, 566, 6),
(13, 567, 6),
(13, 569, 3),
(15, 570, 3),
(17, 571, 3),
(13, 573, 3),
(15, 574, 3),
(17, 575, 3),
(13, 577, 3),
(15, 578, 3),
(17, 579, 3),
(13, 581, 3),
(15, 582, 3),
(17, 583, 3),
(13, 585, 6),
(15, 586, 6),
(17, 588, 6),
(13, 591, 6),
(15, 592, 6),
(17, 594, 6),
(13, 597, 6),
(15, 598, 6),
(17, 600, 6),
(13, 603, 6),
(15, 604, 6),
(17, 606, 6),
(15, 608, 6),
(15, 610, 6),
(17, 611, 6),
(15, 614, 6),
(17, 615, 6),
(15, 618, 6),
(17, 619, 6),
(15, 622, 3),
(17, 624, 3),
(15, 628, 3),
(17, 630, 3),
(15, 634, 3),
(17, 636, 3),
(13, 640, 8),
(13, 642, 5),
(13, 643, 5),
(13, 645, 8),
(13, 648, 1),
(15, 652, 1),
(13, 656, 6),
(15, 657, 6),
(13, 660, 6),
(15, 661, 6),
(13, 664, 6),
(15, 665, 6),
(4, 668, 12),
(8, 669, 12),
(12, 671, 12),
(4, 674, 12),
(8, 675, 12),
(12, 677, 12),
(4, 680, 12),
(8, 681, 12),
(12, 683, 12),
(4, 686, 12),
(8, 687, 12),
(12, 689, 12),
(13, 692, 3),
(13, 694, 6),
(13, 696, 8),
(15, 697, 8),
(17, 699, 8),
(13, 702, 8),
(15, 703, 8),
(17, 705, 8),
(13, 708, 8),
(15, 709, 8),
(17, 711, 8),
(13, 714, 8),
(15, 715, 8),
(17, 717, 8),
(13, 720, 6),
(13, 722, 8),
(13, 724, 6),
(13, 725, 6),
(13, 726, 3),
(13, 728, 1),
(13, 730, 6),
(13, 732, 8),
(13, 734, 1),
(13, 735, 6),
(13, 737, 1),
(13, 739, 6),
(13, 740, 6),
(13, 741, 8),
(13, 742, 6),
(13, 743, 6),
(13, 744, 6),
(13, 745, 1),
(13, 746, 8),
(13, 748, 6),
(4, 749, 12),
(4, 750, 15),
(13, 752, 1),
(13, 754, 6),
(13, 755, 3),
(13, 756, 8),
(13, 758, 6),
(15, 761, 8),
(13, 763, 5),
(13, 765, 6),
(8, 766, 12),
(13, 767, 5),
(13, 768, 8),
(15, 769, 8),
(13, 771, 8);

--
-- Daten für Tabelle `condition_not`
--

INSERT INTO `condition_not` (`id`, `not_id`) VALUES
(124, 123),
(155, 154),
(159, 158),
(161, 160),
(165, 164),
(170, 169),
(173, 172),
(175, 174),
(177, 176),
(179, 178),
(199, 198),
(205, 204),
(222, 221),
(270, 269),
(276, 275),
(318, 317),
(799, 798),
(803, 802),
(808, 805),
(815, 814),
(818, 817),
(821, 820),
(824, 823),
(827, 826),
(830, 829),
(833, 832),
(836, 835),
(839, 838),
(842, 841),
(845, 844),
(848, 847),
(851, 850),
(854, 853),
(857, 856),
(860, 859),
(863, 862),
(866, 865),
(869, 868),
(872, 871),
(875, 874),
(878, 877),
(881, 880),
(884, 883),
(887, 886),
(890, 889),
(893, 892),
(896, 895),
(899, 898),
(902, 901),
(905, 904),
(908, 907),
(911, 910),
(914, 913),
(917, 916),
(920, 919),
(923, 922),
(926, 925),
(929, 928),
(932, 931),
(935, 934),
(938, 937),
(941, 940),
(944, 943),
(947, 946),
(950, 949),
(953, 952),
(956, 955),
(959, 958),
(962, 961),
(965, 964),
(968, 967),
(971, 970),
(974, 973),
(977, 976),
(980, 979),
(983, 982),
(986, 985),
(989, 988),
(992, 991),
(995, 994),
(998, 997),
(1001, 1000),
(1004, 1003),
(1007, 1006),
(1010, 1009),
(1013, 1012),
(1016, 1015),
(1019, 1018),
(1022, 1021),
(1025, 1024),
(1028, 1027),
(1031, 1030),
(1034, 1033),
(1037, 1036),
(1040, 1039),
(1043, 1042),
(1046, 1045),
(1049, 1048),
(1052, 1051),
(1055, 1054),
(1058, 1057),
(1061, 1060),
(1064, 1063),
(1067, 1066),
(1070, 1069),
(1073, 1072),
(1076, 1075),
(1079, 1078),
(1082, 1081),
(1085, 1084),
(1088, 1087),
(1091, 1090),
(1094, 1093),
(1097, 1096),
(1100, 1099),
(1103, 1102),
(1106, 1105),
(1109, 1108),
(1112, 1111),
(1115, 1114),
(1118, 1117),
(1121, 1120),
(1124, 1123),
(1127, 1126),
(1130, 1129),
(1133, 1132),
(1136, 1135),
(1139, 1138),
(1142, 1141),
(1145, 1144),
(1148, 1147),
(1151, 1150),
(1154, 1153),
(1157, 1156),
(1160, 1159),
(1163, 1162),
(1166, 1165),
(1169, 1168),
(1172, 1171),
(1175, 1174),
(1178, 1177),
(1181, 1180),
(1184, 1183),
(1187, 1186),
(1190, 1189),
(1193, 1192),
(1196, 1195),
(1199, 1198),
(1202, 1201),
(1205, 1204),
(1208, 1207),
(1211, 1210),
(1214, 1213),
(1217, 1216),
(1220, 1219),
(1223, 1222),
(1226, 1225),
(1229, 1228),
(1232, 1231),
(1235, 1234),
(1238, 1237),
(1241, 1240),
(1244, 1243),
(1247, 1246),
(1250, 1249),
(1253, 1252),
(1256, 1255),
(1259, 1258),
(1262, 1261),
(1265, 1264),
(1268, 1267),
(1271, 1270),
(1274, 1273),
(1277, 1276),
(1280, 1279),
(1283, 1282),
(1286, 1285),
(1289, 1288),
(1292, 1291),
(1295, 1294),
(1298, 1297),
(1301, 1300),
(1304, 1303),
(1307, 1306),
(1310, 1309),
(1313, 1312),
(1316, 1315),
(1319, 1318),
(1322, 1321),
(1325, 1324),
(1328, 1327),
(1331, 1330),
(1334, 1333),
(1337, 1336),
(1340, 1339),
(1343, 1342),
(1346, 1345),
(1349, 1348),
(1352, 1351),
(1355, 1354),
(1358, 1357),
(1361, 1360),
(1364, 1363),
(1367, 1366),
(1370, 1369),
(1373, 1372),
(1376, 1375),
(1379, 1378),
(1382, 1381),
(1385, 1384),
(1388, 1387),
(1391, 1390),
(1394, 1393),
(1397, 1396),
(1400, 1399),
(1403, 1402),
(1406, 1405),
(1409, 1408),
(1412, 1411),
(1415, 1414),
(1418, 1417),
(1421, 1420),
(1424, 1423),
(1427, 1426),
(1430, 1429),
(1433, 1432),
(1436, 1435),
(1439, 1438),
(1442, 1441),
(1445, 1444),
(1448, 1447),
(1451, 1450),
(1454, 1453),
(1457, 1456),
(1460, 1459),
(1463, 1462),
(1466, 1465),
(1469, 1468),
(1472, 1471),
(1475, 1474),
(1478, 1477),
(1481, 1480),
(1484, 1483),
(1487, 1486),
(1490, 1489),
(1493, 1492),
(1496, 1495),
(1499, 1498),
(1502, 1501),
(1505, 1504),
(1508, 1507),
(1511, 1510),
(1514, 1513),
(1517, 1516),
(1520, 1519),
(1523, 1522),
(1526, 1525),
(1529, 1528),
(1532, 1531),
(1535, 1534),
(1538, 1537),
(1541, 1540),
(1544, 1543),
(1547, 1546),
(1550, 1549),
(1553, 1552),
(1556, 1555),
(1559, 1558),
(1562, 1561),
(1565, 1564),
(1568, 1567),
(1571, 1570),
(1574, 1573),
(1577, 1576),
(1580, 1579),
(1583, 1582),
(1586, 1585),
(1589, 1588),
(1592, 1591),
(1595, 1594),
(1598, 1597),
(1601, 1600),
(1604, 1603),
(1607, 1606),
(1610, 1609),
(1613, 1612),
(1616, 1615),
(1619, 1618),
(1622, 1621),
(1625, 1624),
(1628, 1627),
(1631, 1630),
(1634, 1633),
(1637, 1636),
(1640, 1639),
(1643, 1642),
(1646, 1645),
(1649, 1648),
(1652, 1651),
(1655, 1654),
(1658, 1657),
(1661, 1660),
(1673, 1666),
(1668, 1667),
(1670, 1669),
(1676, 1675),
(1682, 1677),
(1679, 1678),
(1684, 1683),
(1686, 1685),
(1688, 1687),
(1690, 1689),
(1692, 1691),
(1694, 1693),
(1696, 1695),
(1698, 1697),
(1701, 1700),
(1704, 1703),
(1707, 1706),
(1709, 1708),
(1711, 1710),
(1713, 1712),
(1715, 1714),
(1723, 1716),
(1718, 1717),
(1720, 1719),
(1725, 1724),
(1727, 1726),
(1729, 1728),
(1731, 1730),
(1733, 1732),
(1735, 1734),
(1737, 1736),
(1739, 1738),
(1741, 1740),
(1743, 1742),
(1745, 1744),
(1747, 1746),
(1749, 1748),
(1751, 1750),
(1753, 1752),
(1755, 1754),
(1757, 1756),
(1759, 1758),
(1761, 1760),
(1763, 1762),
(1765, 1764),
(1767, 1766),
(1769, 1768),
(1771, 1770),
(1773, 1772),
(1775, 1774),
(1777, 1776),
(1779, 1778),
(1781, 1780),
(1783, 1782),
(1785, 1784),
(1787, 1786),
(1789, 1788),
(1791, 1790),
(1793, 1792),
(1795, 1794),
(1797, 1796),
(1799, 1798),
(1801, 1800),
(1803, 1802),
(1805, 1804),
(1807, 1806),
(1809, 1808),
(1811, 1810),
(1813, 1812),
(1815, 1814),
(1817, 1816),
(1819, 1818),
(1821, 1820),
(1823, 1822),
(1825, 1824),
(1827, 1826),
(1829, 1828),
(1831, 1830),
(1833, 1832),
(1835, 1834),
(1837, 1836),
(1839, 1838),
(1841, 1840),
(1843, 1842),
(1845, 1844),
(1847, 1846),
(1849, 1848),
(1851, 1850),
(1853, 1852),
(1855, 1854),
(1857, 1856),
(1859, 1858),
(1861, 1860),
(1863, 1862),
(1865, 1864),
(1867, 1866),
(1869, 1868),
(1871, 1870),
(1873, 1872),
(1875, 1874),
(1877, 1876),
(1879, 1878),
(1881, 1880),
(1883, 1882),
(1885, 1884),
(1887, 1886),
(1889, 1888),
(1891, 1890),
(1893, 1892),
(1895, 1894),
(1897, 1896),
(1899, 1898),
(1901, 1900),
(1903, 1902),
(1905, 1904),
(1907, 1906),
(1909, 1908),
(1911, 1910),
(1913, 1912),
(1915, 1914),
(1917, 1916),
(1919, 1918),
(1921, 1920),
(1923, 1922),
(1925, 1924),
(1927, 1926),
(1929, 1928),
(1931, 1930),
(1933, 1932),
(1935, 1934),
(1937, 1936),
(1939, 1938),
(1941, 1940),
(1943, 1942),
(1945, 1944),
(1947, 1946),
(1949, 1948),
(1951, 1950),
(1953, 1952),
(1955, 1954),
(1957, 1956),
(1959, 1958),
(1961, 1960),
(1963, 1962),
(1965, 1964),
(1967, 1966),
(1969, 1968),
(1971, 1970),
(1973, 1972),
(1975, 1974),
(1977, 1976),
(1979, 1978),
(1981, 1980),
(1983, 1982),
(1985, 1984),
(1987, 1986),
(1989, 1988),
(1991, 1990),
(1993, 1992),
(1995, 1994),
(1997, 1996),
(1999, 1998),
(2001, 2000),
(2003, 2002),
(2005, 2004),
(2007, 2006),
(2009, 2008),
(2011, 2010),
(2013, 2012),
(2015, 2014),
(2017, 2016),
(2019, 2018),
(2021, 2020),
(2023, 2022),
(2025, 2024),
(2027, 2026),
(2029, 2028),
(2031, 2030),
(2033, 2032),
(2035, 2034),
(2037, 2036),
(2039, 2038),
(2041, 2040),
(2043, 2042),
(2045, 2044),
(2047, 2046),
(2049, 2048),
(2051, 2050),
(2053, 2052),
(2055, 2054),
(2057, 2056),
(2059, 2058),
(2061, 2060),
(2063, 2062),
(2065, 2064),
(2067, 2066),
(2069, 2068),
(2071, 2070),
(2073, 2072),
(2075, 2074),
(2077, 2076),
(2079, 2078),
(2081, 2080),
(2083, 2082),
(2085, 2084),
(2087, 2086),
(2089, 2088),
(2091, 2090),
(2093, 2092),
(2095, 2094),
(2097, 2096),
(2099, 2098),
(2101, 2100),
(2103, 2102),
(2105, 2104),
(2107, 2106),
(2109, 2108),
(2111, 2110),
(2113, 2112),
(2115, 2114),
(2117, 2116),
(2119, 2118),
(2121, 2120),
(2123, 2122),
(2125, 2124),
(2127, 2126),
(2129, 2128),
(2131, 2130),
(2133, 2132),
(2135, 2134),
(2137, 2136),
(2139, 2138),
(2141, 2140),
(2143, 2142),
(2145, 2144),
(2147, 2146),
(2149, 2148),
(2151, 2150),
(2153, 2152),
(2155, 2154),
(2157, 2156),
(2159, 2158),
(2161, 2160),
(2163, 2162),
(2165, 2164),
(2167, 2166),
(2169, 2168),
(2171, 2170),
(2173, 2172),
(2175, 2174),
(2177, 2176),
(2179, 2178),
(2181, 2180),
(2183, 2182),
(2185, 2184),
(2187, 2186),
(2189, 2188),
(2191, 2190),
(2193, 2192),
(2195, 2194),
(2197, 2196),
(2199, 2198),
(2201, 2200),
(2203, 2202),
(2205, 2204),
(2207, 2206),
(2209, 2208),
(2211, 2210),
(2213, 2212),
(2215, 2214),
(2217, 2216),
(2219, 2218),
(2221, 2220),
(2223, 2222),
(2225, 2224),
(2227, 2226),
(2229, 2228),
(2231, 2230),
(2233, 2232),
(2235, 2234),
(2237, 2236),
(2239, 2238),
(2241, 2240),
(2243, 2242),
(2245, 2244),
(2247, 2246),
(2249, 2248),
(2251, 2250),
(2253, 2252),
(2255, 2254),
(2257, 2256),
(2259, 2258),
(2261, 2260),
(2263, 2262),
(2265, 2264),
(2267, 2266),
(2269, 2268),
(2271, 2270),
(2273, 2272),
(2275, 2274),
(2277, 2276),
(2279, 2278),
(2281, 2280),
(2283, 2282),
(2285, 2284),
(2287, 2286),
(2289, 2288),
(2292, 2291),
(2294, 2293),
(2296, 2295),
(2298, 2297),
(2302, 2301),
(2306, 2305),
(2310, 2309),
(2314, 2313),
(2318, 2317),
(2322, 2321),
(2326, 2325),
(2330, 2329),
(2334, 2333),
(2338, 2337),
(2342, 2341),
(2346, 2345),
(2350, 2349),
(2354, 2353),
(2358, 2357),
(2362, 2361),
(2364, 2363),
(2366, 2365),
(2368, 2367),
(2370, 2369),
(2372, 2371),
(2374, 2373),
(2376, 2375),
(2378, 2377),
(2380, 2379),
(2382, 2381),
(2384, 2383),
(2387, 2386),
(2389, 2388),
(2391, 2390),
(2393, 2392),
(2396, 2395),
(2400, 2399),
(2404, 2403),
(2409, 2408),
(2411, 2410),
(2413, 2412),
(2415, 2414),
(2417, 2416),
(2419, 2418),
(2421, 2420),
(2423, 2422),
(2425, 2424),
(2427, 2426),
(2429, 2428),
(2431, 2430),
(2435, 2434),
(2437, 2436),
(2439, 2438),
(2443, 2442),
(2447, 2446),
(2451, 2450),
(2455, 2454),
(2459, 2458),
(2463, 2462),
(2467, 2466),
(2471, 2470),
(2473, 2472),
(2475, 2474),
(2477, 2476),
(2479, 2478),
(2482, 2481),
(2486, 2485),
(2489, 2488),
(2492, 2491),
(2495, 2494),
(2497, 2496),
(2499, 2498),
(2502, 2501),
(2504, 2503),
(2506, 2505),
(2508, 2507),
(2511, 2510),
(2514, 2513),
(2516, 2515),
(2518, 2517),
(2520, 2519),
(2525, 2524),
(2528, 2527),
(2530, 2529),
(2532, 2531),
(2534, 2533),
(2537, 2536),
(2539, 2538),
(2541, 2540),
(2543, 2542),
(2545, 2544),
(2547, 2546),
(2549, 2548),
(2552, 2551),
(2554, 2553),
(2557, 2556),
(2564, 2563),
(2567, 2566),
(2570, 2569),
(2574, 2573),
(2576, 2575),
(2578, 2577),
(2584, 2579),
(2581, 2580),
(2587, 2586),
(2591, 2590),
(2593, 2592),
(2597, 2596),
(2601, 2600),
(2605, 2604),
(2609, 2608),
(2613, 2612),
(2617, 2616),
(2621, 2620),
(2625, 2624),
(2629, 2628),
(2633, 2632),
(2637, 2636),
(2641, 2640),
(2645, 2644),
(2649, 2648),
(2653, 2652),
(2657, 2656),
(2659, 2658),
(2661, 2660),
(2663, 2662),
(2665, 2664),
(2667, 2666),
(2669, 2668),
(2671, 2670),
(2673, 2672),
(2675, 2674),
(2677, 2676),
(2679, 2678),
(2681, 2680),
(2683, 2682),
(2685, 2684),
(2690, 2689),
(2694, 2693),
(2698, 2697),
(2702, 2701),
(2706, 2705),
(2710, 2709),
(2714, 2713),
(2718, 2717),
(2720, 2719),
(2722, 2721),
(2724, 2723),
(2726, 2725),
(2733, 2727),
(2729, 2728),
(2731, 2730),
(2738, 2737),
(2743, 2742),
(2746, 2745),
(2748, 2747),
(2750, 2749),
(2752, 2751),
(2755, 2754),
(2758, 2757),
(2761, 2760),
(2764, 2763),
(2767, 2766),
(2770, 2769),
(2773, 2772),
(2776, 2775),
(2779, 2778),
(2782, 2781),
(2785, 2784),
(2788, 2787),
(2791, 2790),
(2794, 2793),
(2797, 2796),
(2800, 2799),
(2803, 2802),
(2806, 2805),
(2809, 2808),
(2812, 2811),
(2815, 2814),
(2818, 2817),
(2821, 2820),
(2824, 2823),
(2827, 2826),
(2830, 2829),
(2833, 2832),
(2836, 2835),
(2839, 2838),
(2842, 2841),
(2845, 2844),
(2848, 2847),
(2851, 2850),
(2854, 2853),
(2857, 2856),
(2860, 2859),
(2863, 2862),
(2866, 2865),
(2869, 2868),
(2872, 2871),
(2875, 2874),
(2878, 2877),
(2881, 2880),
(2884, 2883),
(2887, 2886),
(2890, 2889),
(2893, 2892),
(2896, 2895),
(2899, 2898),
(2902, 2901),
(2905, 2904),
(2908, 2907),
(2911, 2910),
(2914, 2913),
(2917, 2916),
(2920, 2919),
(2923, 2922),
(2926, 2925),
(2929, 2928),
(2932, 2931),
(2935, 2934),
(2938, 2937),
(2941, 2940),
(2944, 2943),
(2947, 2946),
(2950, 2949),
(2953, 2952),
(2956, 2955),
(2959, 2958),
(2962, 2961),
(2965, 2964),
(2968, 2967),
(2971, 2970),
(2974, 2973),
(2977, 2976),
(2980, 2979),
(2983, 2982),
(2986, 2985),
(2989, 2988),
(2992, 2991),
(2995, 2994),
(2998, 2997),
(3001, 3000),
(3004, 3003),
(3007, 3006),
(3010, 3009),
(3013, 3012),
(3016, 3015),
(3019, 3018),
(3022, 3021),
(3025, 3024),
(3028, 3027),
(3031, 3030),
(3034, 3033),
(3037, 3036),
(3040, 3039),
(3043, 3042),
(3046, 3045),
(3049, 3048),
(3052, 3051),
(3055, 3054),
(3058, 3057),
(3061, 3060),
(3064, 3063),
(3067, 3066),
(3070, 3069),
(3073, 3072),
(3076, 3075),
(3079, 3078),
(3082, 3081),
(3085, 3084),
(3088, 3087),
(3091, 3090),
(3094, 3093),
(3097, 3096),
(3100, 3099),
(3103, 3102),
(3106, 3105),
(3109, 3108),
(3112, 3111),
(3115, 3114),
(3118, 3117),
(3121, 3120),
(3124, 3123),
(3127, 3126),
(3130, 3129),
(3133, 3132),
(3136, 3135),
(3139, 3138),
(3142, 3141),
(3145, 3144),
(3148, 3147),
(3151, 3150),
(3154, 3153),
(3157, 3156),
(3160, 3159),
(3163, 3162),
(3166, 3165),
(3169, 3168),
(3172, 3171),
(3175, 3174),
(3178, 3177),
(3181, 3180),
(3184, 3183),
(3187, 3186),
(3190, 3189),
(3193, 3192),
(3196, 3195),
(3199, 3198),
(3202, 3201),
(3205, 3204),
(3208, 3207),
(3211, 3210),
(3214, 3213),
(3217, 3216),
(3220, 3219),
(3223, 3222),
(3226, 3225),
(3229, 3228),
(3232, 3231),
(3235, 3234),
(3238, 3237),
(3241, 3240),
(3244, 3243),
(3247, 3246),
(3250, 3249),
(3253, 3252),
(3256, 3255),
(3259, 3258),
(3262, 3261),
(3265, 3264),
(3268, 3267),
(3271, 3270),
(3274, 3273),
(3277, 3276),
(3280, 3279),
(3283, 3282),
(3286, 3285),
(3289, 3288),
(3292, 3291),
(3295, 3294),
(3298, 3297),
(3301, 3300),
(3304, 3303),
(3307, 3306),
(3310, 3309),
(3313, 3312),
(3316, 3315),
(3319, 3318),
(3322, 3321),
(3325, 3324),
(3328, 3327),
(3331, 3330),
(3334, 3333),
(3337, 3336),
(3340, 3339),
(3343, 3342),
(3346, 3345),
(3349, 3348),
(3352, 3351),
(3355, 3354),
(3358, 3357),
(3361, 3360),
(3364, 3363),
(3367, 3366),
(3370, 3369),
(3373, 3372),
(3376, 3375),
(3379, 3378),
(3382, 3381),
(3385, 3384),
(3388, 3387),
(3391, 3390),
(3394, 3393),
(3397, 3396),
(3400, 3399),
(3403, 3402),
(3406, 3405),
(3409, 3408),
(3412, 3411),
(3415, 3414),
(3418, 3417),
(3421, 3420),
(3424, 3423),
(3427, 3426),
(3430, 3429),
(3433, 3432),
(3436, 3435),
(3439, 3438),
(3442, 3441),
(3445, 3444),
(3448, 3447),
(3451, 3450),
(3454, 3453),
(3457, 3456),
(3460, 3459),
(3463, 3462),
(3466, 3465),
(3469, 3468),
(3472, 3471),
(3475, 3474),
(3478, 3477),
(3481, 3480),
(3484, 3483),
(3487, 3486),
(3490, 3489),
(3493, 3492),
(3496, 3495),
(3499, 3498),
(3502, 3501),
(3505, 3504),
(3508, 3507),
(3511, 3510),
(3514, 3513),
(3517, 3516),
(3520, 3519),
(3523, 3522),
(3526, 3525),
(3529, 3528),
(3532, 3531),
(3535, 3534),
(3538, 3537),
(3541, 3540),
(3544, 3543),
(3547, 3546),
(3550, 3549),
(3553, 3552),
(3556, 3555),
(3559, 3558),
(3562, 3561),
(3565, 3564),
(3568, 3567),
(3571, 3570),
(3574, 3573),
(3577, 3576),
(3580, 3579),
(3583, 3582),
(3586, 3585),
(3589, 3588),
(3592, 3591),
(3595, 3594),
(3598, 3597),
(3601, 3600),
(3609, 3602),
(3604, 3603),
(3606, 3605),
(3612, 3611),
(3615, 3614),
(3618, 3617),
(3621, 3620),
(3628, 3627);

--
-- Daten für Tabelle `condition_or`
--

INSERT INTO `condition_or` (`id`) VALUES
(297),
(308),
(340),
(369),
(400),
(805),
(809),
(812),
(1662),
(1663),
(1664),
(1666),
(1677),
(1716),
(2405),
(2432),
(2483),
(2500),
(2579),
(2727),
(2741),
(3602);

--
-- Daten für Tabelle `condition_or_conditions`
--

INSERT INTO `condition_or_conditions` (`or_condition_id`, `conditions_id`) VALUES
(297, 298),
(297, 299),
(297, 300),
(297, 301),
(308, 309),
(308, 310),
(308, 311),
(308, 312),
(340, 341),
(340, 342),
(340, 343),
(369, 370),
(369, 371),
(400, 401),
(400, 402),
(805, 806),
(805, 807),
(809, 810),
(809, 811),
(1666, 1668),
(1666, 1670),
(1666, 1671),
(1666, 1672),
(1677, 1679),
(1677, 1680),
(1677, 1681),
(1716, 1718),
(1716, 1720),
(1716, 1721),
(1716, 1722),
(2579, 2581),
(2579, 2582),
(2579, 2583),
(2727, 2729),
(2727, 2731),
(2727, 2732),
(3602, 3604),
(3602, 3606),
(3602, 3607),
(3602, 3608);

--
-- Daten für Tabelle `cost`
--

INSERT INTO `cost` (`id`, `name`) VALUES
(1, '4 KaP (Aktivierung der Liturgie) + 2 KaP pro Minute'),
(2, '8 KaP'),
(3, '16 KaP (Aktivierung) + 8 KaP pro 5 Minuten'),
(4, '4 KaP'),
(5, '2 KaP pro Giftstufe (Kosten nicht modifizierbar)'),
(6, '1 KaP pro LeP, mindestens jedoch 4 KaP (Kosten sind nicht modifizierbar)'),
(7, '4 KaP (Kosten sind nicht modifizierbar)'),
(8, '8 KaP (Kosten sind nicht modifizierbar)'),
(9, '2 KaP pro Krankheitsstufe (Kosten nicht modifizierbar)'),
(10, '8 KaP (Aktivierung der Liturgie) + 4 KaP pro 10 Minuten'),
(11, '2 KaP (Aktivierung) + 1 KaP pro 10 Minuten'),
(12, '16 KaP (Kosten sind nicht modifizierbar)'),
(13, '16 KaP'),
(14, '8 AsP (Kosten sind nicht modifizierbar)'),
(15, '4 AsP'),
(16, '16 AsP'),
(17, '8 AsP'),
(18, '32 AsP'),
(19, '2/4/8/16 AsP für einen Gegenstand von der Größe einer Tasse/Truhe/Tür/Burgtor (Kosten nicht modifizierbar)'),
(20, '4 AsP (Kosten nicht modifizierbar)'),
(21, '4 AsP (Kosten sind nicht modifizierbar)'),
(22, 'abhängig von der Waffe (nicht modifizierbar)'),
(23, '2 AsP'),
(24, '1 AsP'),
(25, '4 AsP (Aktivierung) +2 AsP pro 5 Minuten'),
(26, '1 AsP pro 5 Minuten'),
(27, '2 AsP pro 5 Minuten'),
(28, '4 AsP pro Stunde, 1 permanenter AsP bei der letzten Strophe'),
(29, '4 AsP pro Stunde'),
(30, '14 AsP'),
(31, '21 AsP'),
(32, '7 AsP'),
(33, 'Stufe der Krankheit in AsP'),
(34, '1 AsP + 3 AsP pro übertragenem Punkt'),
(35, '2 AsP + 3 AsP pro entzogenem Punkt'),
(36, '3 AsP'),
(37, '3 AsP, danach 1 bzw. 2 AsP pro Kampfrunde'),
(38, 'keine'),
(39, ' '),
(40, 'alle AsP, mindestens aber 8 AsP'),
(41, '1 AsP pro 10 Minuten'),
(42, '8 AsP pro 5 Minuten'),
(43, '1 AsP pro Kampfrunde'),
(44, '4 AsP pro Minute'),
(45, '2 AsP pro Minute'),
(46, '4 AsP (Aktivierung des Zaubers) + 2 AsP pro 5 Minuten'),
(47, '8 AsP (Aktivierung des Zaubers) + 4 AsP pro Stunde'),
(48, '16 AsP (Kosten sind nicht modifizierbar)'),
(49, '32 AsP (Kosten sind nicht modifizierbar)'),
(50, '4 AsP für RS 1, 8 AsP für RS 2, 16 AsP für RS 3 (Kosten sind nicht modifizierbar)'),
(51, '8 AsP (Aktivierung des Zaubers) + 4 AsP pro 10 Minuten'),
(52, '8 (Aktivierung des Zaubers) + 4 AsP pro 10 Minuten'),
(53, '2 AsP (Kosten nicht modifizierbar)'),
(54, '1 AsP pro LeP, mindestens jedoch 4 AsP (Kosten sind nicht modifizierbar)'),
(55, '8 AsP (Aktivierung des Zaubers), 4 AsP pro 30 Sekunden'),
(56, '8 AsP bzw. 16 AsP für Zauber mit Zielkategorie Zone'),
(57, 'mindestens 4 AsP (Kosten sind nicht modifizierbar)'),
(58, '8 AsP (Aktivierung des Zaubers) + 4 AsP pro 5 Minuten'),
(59, '16 AsP (Aktivierung des Zaubers) + 8 AsP pro 5 Minuten'),
(60, '4 AsP pro Doppelgänger (bei Misslingen entsprechend 2 AsP)'),
(61, '4 AsP (Aktivierung des Zaubers) + 2 AsP pro Kampfrunde'),
(62, '2 AsP (Aktivierung des Zaubers) + 1 AsP pro Stunde'),
(63, '8 AsP (Aktivierung) + 4 AsP pro 5 Minuten'),
(64, 'KL (t) des Tieres in AsP (Kosten nicht modifizierbar)'),
(65, 'mindestens 4 AsP (Aktivierung) + Hälfte der Aktivierungskosten pro 5 Minuten (Kosten sind nicht modifizierbar)'),
(66, '4 AsP (Aktivierung des Zaubers) + 2 AsP pro 10 Minuten'),
(67, '2 AsP (Aktivierung) + 1 AsP pro 10 Minuten'),
(68, '3 AsP pro Giftstufe (Kosten nicht modifizierbar)'),
(69, '8 AsP (Kosten nicht modifizierbar)'),
(70, 'mindestens 4 AsP (Aktivierung) + Hälfte der notwendigen AsP pro 5 Minuten (Kosten sind nicht modifizierbar)'),
(71, '4 AsP (Aktivierung des Zaubers) + 2 AsP pro Minute'),
(72, '8 AsP + 1 AsP pro zusätzlicher Meile'),
(73, '4 AsP (Aktivierung des Zaubers) + 2 AsP pro KR (Kosten nicht modifizierbar)'),
(74, '8 AsP (Aktivierung des Zaubers), 4 AsP pro Minute'),
(75, '4 AsP (Aktivierung des Zaubers), + 2 AsP pro 30 Sekunden'),
(76, '8 AsP + 1 AsP pro Meile (nicht modifizierbar)'),
(77, '8 AsP + 4 pro 5 Kampfrunden'),
(78, '32 KaP (Kosten nicht modifizierbar)'),
(79, '32 KaP'),
(80, '16 KaP, davon 2 permanent (nicht modifizierbar)');

--
-- Daten für Tabelle `dependency`
--

INSERT INTO `dependency` (`id`, `condition_id`, `effect_id`, `regelwerk_id`) VALUES
(1, 1, 1, NULL),
(2, 2, 2, NULL),
(3, 3, 3, NULL),
(4, 4, 4, NULL),
(5, 5, 5, NULL),
(6, 6, 6, NULL),
(7, 7, 7, NULL),
(8, 9, 8, NULL),
(9, 10, 9, NULL),
(10, 11, 10, NULL),
(11, 12, 11, NULL),
(12, 13, 12, NULL),
(13, 15, 13, NULL),
(14, 17, 14, NULL),
(15, 20, 15, NULL),
(16, 22, 16, NULL),
(17, 24, 17, NULL),
(18, 27, 18, NULL),
(19, 31, 19, NULL),
(20, 36, 20, NULL),
(21, 38, 21, NULL),
(22, 40, 22, NULL),
(23, 42, 23, NULL),
(24, 46, 24, NULL),
(25, 50, 25, NULL),
(26, 54, 26, NULL),
(27, 58, 27, NULL),
(28, 60, 28, NULL),
(29, 63, 29, NULL),
(30, 66, 30, NULL),
(31, 68, 31, NULL),
(32, 70, 32, NULL),
(33, 73, 33, NULL),
(34, 75, 34, NULL),
(35, 78, 35, NULL),
(36, 81, 36, NULL),
(37, 84, 37, NULL),
(38, 87, 38, NULL),
(39, 90, 39, NULL),
(40, 92, 40, NULL),
(41, 95, 41, NULL),
(42, 97, 42, NULL),
(43, 98, 43, NULL),
(44, 102, 44, NULL),
(45, 106, 45, NULL),
(46, 110, 46, NULL),
(47, 114, 47, NULL),
(48, 115, 48, NULL),
(49, 117, 49, NULL),
(50, 120, 50, NULL),
(51, 121, 51, NULL),
(52, 125, 52, NULL),
(53, 126, 53, NULL),
(54, 127, 54, NULL),
(55, 128, 55, NULL),
(56, 129, 56, NULL),
(57, 131, 57, NULL),
(58, 132, 58, NULL),
(59, 133, 59, NULL),
(60, 136, 60, NULL),
(61, 138, 61, NULL),
(62, 141, 62, NULL),
(63, 143, 63, NULL),
(64, 145, 64, NULL),
(65, 147, 65, NULL),
(66, 148, 66, NULL),
(67, 151, 67, NULL),
(68, 152, 68, NULL),
(69, 156, 69, NULL),
(70, 162, 70, NULL),
(71, 166, 71, NULL),
(72, 167, 72, NULL),
(73, 168, 73, NULL),
(74, 170, 74, NULL),
(75, 171, 75, NULL),
(76, 180, 76, NULL),
(77, 182, 77, NULL),
(78, 185, 78, NULL),
(79, 186, 79, NULL),
(80, 187, 80, NULL),
(81, 189, 81, NULL),
(82, 191, 82, NULL),
(83, 195, 83, NULL),
(84, 196, 84, NULL),
(85, 197, 85, NULL),
(86, 200, 86, NULL),
(87, 201, 87, NULL),
(88, 202, 88, NULL),
(89, 206, 89, NULL),
(90, 209, 90, NULL),
(91, 211, 91, NULL),
(92, 212, 92, NULL),
(93, 213, 93, NULL),
(94, 216, 94, NULL),
(95, 218, 95, NULL),
(96, 219, 96, NULL),
(97, 223, 97, NULL),
(98, 225, 98, NULL),
(99, 226, 99, NULL),
(100, 227, 100, NULL),
(101, 231, 101, NULL),
(102, 234, 102, NULL),
(103, 238, 103, NULL),
(104, 239, 104, NULL),
(105, 240, 105, NULL),
(106, 244, 106, NULL),
(107, 248, 107, NULL),
(108, 249, 108, NULL),
(109, 252, 109, NULL),
(110, 255, 110, NULL),
(111, 256, 111, NULL),
(112, 257, 112, NULL),
(113, 258, 113, NULL),
(114, 260, 114, NULL),
(115, 263, 115, NULL),
(116, 267, 116, NULL),
(117, 271, 117, NULL),
(118, 273, 118, NULL),
(119, 277, 119, NULL),
(120, 278, 120, NULL),
(121, 281, 121, NULL),
(122, 282, 122, NULL),
(123, 283, 123, NULL),
(124, 284, 124, NULL),
(125, 287, 125, NULL),
(126, 288, 126, NULL),
(127, 291, 127, NULL),
(128, 294, 128, NULL),
(129, 297, 129, NULL),
(130, 302, 130, NULL),
(131, 305, 131, NULL),
(132, 307, 132, NULL),
(133, 308, 133, NULL),
(134, 313, 134, NULL),
(135, 316, 135, NULL),
(136, 319, 136, NULL),
(137, 323, 137, NULL),
(138, 324, 138, NULL),
(139, 325, 139, NULL),
(140, 326, 140, NULL),
(141, 327, 141, NULL),
(142, 328, 142, NULL),
(143, 329, 143, NULL),
(144, 330, 144, NULL),
(145, 333, 145, NULL),
(146, 334, 146, NULL),
(147, 335, 147, NULL),
(148, 336, 148, NULL),
(149, 339, 149, NULL),
(150, 340, 150, NULL),
(151, 344, 151, NULL),
(152, 346, 152, NULL),
(153, 347, 153, NULL),
(154, 349, 154, NULL),
(155, 352, 155, NULL),
(156, 355, 156, NULL),
(157, 358, 157, NULL),
(158, 359, 158, NULL),
(159, 362, 159, NULL),
(160, 365, 160, NULL),
(161, 366, 161, NULL),
(162, 367, 162, NULL),
(163, 368, 163, NULL),
(164, 369, 164, NULL),
(165, 372, 165, NULL),
(166, 374, 166, NULL),
(167, 376, 167, NULL),
(168, 378, 168, NULL),
(169, 381, 169, NULL),
(170, 383, 170, NULL),
(171, 385, 171, NULL),
(172, 388, 172, NULL),
(173, 390, 173, NULL),
(174, 392, 174, NULL),
(175, 394, 175, NULL),
(176, 396, 176, NULL),
(177, 398, 177, NULL),
(178, 400, 178, NULL),
(179, 403, 179, NULL),
(180, 405, 180, NULL),
(181, 407, 181, NULL),
(182, 409, 182, NULL),
(183, 411, 183, NULL),
(184, 413, 184, NULL),
(185, 414, 185, NULL),
(186, 418, 186, NULL),
(187, 422, 187, NULL),
(188, 426, 188, NULL),
(189, 427, 189, NULL),
(190, 431, 190, NULL),
(191, 435, 191, NULL),
(192, 439, 192, NULL),
(193, 443, 193, NULL),
(194, 447, 194, NULL),
(195, 451, 195, NULL),
(196, 455, 196, NULL),
(197, 458, 197, NULL),
(198, 459, 198, NULL),
(199, 460, 199, NULL),
(200, 461, 200, NULL),
(201, 462, 201, NULL),
(202, 468, 202, NULL),
(203, 474, 203, NULL),
(204, 480, 204, NULL),
(205, 483, 205, NULL),
(206, 484, 206, NULL),
(207, 488, 207, NULL),
(208, 492, 208, NULL),
(209, 496, 209, NULL),
(210, 497, 210, NULL),
(211, 498, 211, NULL),
(212, 499, 212, NULL),
(213, 505, 213, NULL),
(214, 511, 214, NULL),
(215, 517, 215, NULL),
(216, 523, 216, NULL),
(217, 524, 217, NULL),
(218, 525, 218, NULL),
(219, 529, 219, NULL),
(220, 530, 220, NULL),
(221, 531, 221, NULL),
(222, 537, 222, NULL),
(223, 543, 223, NULL),
(224, 549, 224, NULL),
(225, 555, 225, NULL),
(226, 556, 226, NULL),
(227, 557, 227, NULL),
(228, 558, 228, NULL),
(229, 559, 229, NULL),
(230, 562, 230, NULL),
(231, 563, 231, NULL),
(232, 566, 232, NULL),
(233, 567, 233, NULL),
(234, 568, 234, NULL),
(235, 572, 235, NULL),
(236, 576, 236, NULL),
(237, 580, 237, NULL),
(238, 584, 238, NULL),
(239, 590, 239, NULL),
(240, 596, 240, NULL),
(241, 602, 241, NULL),
(242, 608, 242, NULL),
(243, 609, 243, NULL),
(244, 613, 244, NULL),
(245, 617, 245, NULL),
(246, 621, 246, NULL),
(247, 627, 247, NULL),
(248, 633, 248, NULL),
(249, 639, 249, NULL),
(250, 642, 250, NULL),
(251, 643, 251, NULL),
(252, 644, 252, NULL),
(253, 647, 253, NULL),
(254, 651, 254, NULL),
(255, 655, 255, NULL),
(256, 659, 256, NULL),
(257, 663, 257, NULL),
(258, 667, 258, NULL),
(259, 673, 259, NULL),
(260, 679, 260, NULL),
(261, 685, 261, NULL),
(262, 691, 262, NULL),
(263, 692, 263, NULL),
(264, 693, 264, NULL),
(265, 694, 265, NULL),
(266, 695, 266, NULL),
(267, 701, 267, NULL),
(268, 707, 268, NULL),
(269, 713, 269, NULL),
(270, 719, 270, NULL),
(271, 722, 271, NULL),
(272, 723, 272, NULL),
(273, 724, 273, NULL),
(274, 725, 274, NULL),
(275, 726, 275, NULL),
(276, 727, 276, NULL),
(277, 730, 277, NULL),
(278, 731, 278, NULL),
(279, 733, 279, NULL),
(280, 736, 280, NULL),
(281, 739, 281, NULL),
(282, 740, 282, NULL),
(283, 741, 283, NULL),
(284, 742, 284, NULL),
(285, 743, 285, NULL),
(286, 744, 286, NULL),
(287, 745, 287, NULL),
(288, 746, 288, NULL),
(289, 747, 289, NULL),
(290, 751, 290, NULL),
(291, 754, 291, NULL),
(292, 755, 292, NULL),
(293, 756, 293, NULL),
(294, 757, 294, NULL),
(295, 760, 295, NULL),
(296, 763, 296, NULL),
(297, 764, 297, NULL),
(298, 767, 298, NULL),
(299, 768, 299, NULL),
(300, 769, 300, NULL),
(301, 770, 301, NULL),
(302, 773, 302, NULL),
(303, 774, 303, NULL),
(304, 775, 304, NULL),
(305, 776, 305, NULL),
(306, 777, 306, NULL),
(307, 779, 307, NULL),
(308, 780, 308, NULL),
(309, 781, 309, NULL),
(310, 782, 310, NULL),
(311, 783, 311, NULL),
(312, 784, 312, NULL),
(313, 785, 313, NULL),
(314, 786, 314, NULL),
(315, 787, 315, NULL),
(316, 788, 316, NULL),
(317, 789, 317, NULL),
(318, 790, 318, NULL),
(319, 791, 319, NULL),
(320, 792, 320, NULL),
(321, 793, 321, NULL),
(322, 794, 322, NULL),
(323, 795, 323, NULL),
(324, 796, 324, NULL),
(325, 800, 325, NULL),
(326, 804, 326, NULL),
(327, 812, 327, NULL),
(328, 813, 328, NULL),
(329, 816, 329, NULL),
(330, 819, 330, NULL),
(331, 822, 331, NULL),
(332, 825, 332, NULL),
(333, 828, 333, NULL),
(334, 831, 334, NULL),
(335, 834, 335, NULL),
(336, 837, 336, NULL),
(337, 840, 337, NULL),
(338, 843, 338, NULL),
(339, 846, 339, NULL),
(340, 849, 340, NULL),
(341, 852, 341, NULL),
(342, 855, 342, NULL),
(343, 858, 343, NULL),
(344, 861, 344, NULL),
(345, 864, 345, NULL),
(346, 867, 346, NULL),
(347, 870, 347, NULL),
(348, 873, 348, NULL),
(349, 876, 349, NULL),
(350, 879, 350, NULL),
(351, 882, 351, NULL),
(352, 885, 352, NULL),
(353, 888, 353, NULL),
(354, 891, 354, NULL),
(355, 894, 355, NULL),
(356, 897, 356, NULL),
(357, 900, 357, NULL),
(358, 903, 358, NULL),
(359, 906, 359, NULL),
(360, 909, 360, NULL),
(361, 912, 361, NULL),
(362, 915, 362, NULL),
(363, 918, 363, NULL),
(364, 921, 364, NULL),
(365, 924, 365, NULL),
(366, 927, 366, NULL),
(367, 930, 367, NULL),
(368, 933, 368, NULL),
(369, 936, 369, NULL),
(370, 939, 370, NULL),
(371, 942, 371, NULL),
(372, 945, 372, NULL),
(373, 948, 373, NULL),
(374, 951, 374, NULL),
(375, 954, 375, NULL),
(376, 957, 376, NULL),
(377, 960, 377, NULL),
(378, 963, 378, NULL),
(379, 966, 379, NULL),
(380, 969, 380, NULL),
(381, 972, 381, NULL),
(382, 975, 382, NULL),
(383, 978, 383, NULL),
(384, 981, 384, NULL),
(385, 984, 385, NULL),
(386, 987, 386, NULL),
(387, 990, 387, NULL),
(388, 993, 388, NULL),
(389, 996, 389, NULL),
(390, 999, 390, NULL),
(391, 1002, 391, NULL),
(392, 1005, 392, NULL),
(393, 1008, 393, NULL),
(394, 1011, 394, NULL),
(395, 1014, 395, NULL),
(396, 1017, 396, NULL),
(397, 1020, 397, NULL),
(398, 1023, 398, NULL),
(399, 1026, 399, NULL),
(400, 1029, 400, NULL),
(401, 1032, 401, NULL),
(402, 1035, 402, NULL),
(403, 1038, 403, NULL),
(404, 1041, 404, NULL),
(405, 1044, 405, NULL),
(406, 1047, 406, NULL),
(407, 1050, 407, NULL),
(408, 1053, 408, NULL),
(409, 1056, 409, NULL),
(410, 1059, 410, NULL),
(411, 1062, 411, NULL),
(412, 1065, 412, NULL),
(413, 1068, 413, NULL),
(414, 1071, 414, NULL),
(415, 1074, 415, NULL),
(416, 1077, 416, NULL),
(417, 1080, 417, NULL),
(418, 1083, 418, NULL),
(419, 1086, 419, NULL),
(420, 1089, 420, NULL),
(421, 1092, 421, NULL),
(422, 1095, 422, NULL),
(423, 1098, 423, NULL),
(424, 1101, 424, NULL),
(425, 1104, 425, NULL),
(426, 1107, 426, NULL),
(427, 1110, 427, NULL),
(428, 1113, 428, NULL),
(429, 1116, 429, NULL),
(430, 1119, 430, NULL),
(431, 1122, 431, NULL),
(432, 1125, 432, NULL),
(433, 1128, 433, NULL),
(434, 1131, 434, NULL),
(435, 1134, 435, NULL),
(436, 1137, 436, NULL),
(437, 1140, 437, NULL),
(438, 1143, 438, NULL),
(439, 1146, 439, NULL),
(440, 1149, 440, NULL),
(441, 1152, 441, NULL),
(442, 1155, 442, NULL),
(443, 1158, 443, NULL),
(444, 1161, 444, NULL),
(445, 1164, 445, NULL),
(446, 1167, 446, NULL),
(447, 1170, 447, NULL),
(448, 1173, 448, NULL),
(449, 1176, 449, NULL),
(450, 1179, 450, NULL),
(451, 1182, 451, NULL),
(452, 1185, 452, NULL),
(453, 1188, 453, NULL),
(454, 1191, 454, NULL),
(455, 1194, 455, NULL),
(456, 1197, 456, NULL),
(457, 1200, 457, NULL),
(458, 1203, 458, NULL),
(459, 1206, 459, NULL),
(460, 1209, 460, NULL),
(461, 1212, 461, NULL),
(462, 1215, 462, NULL),
(463, 1218, 463, NULL),
(464, 1221, 464, NULL),
(465, 1224, 465, NULL),
(466, 1227, 466, NULL),
(467, 1230, 467, NULL),
(468, 1233, 468, NULL),
(469, 1236, 469, NULL),
(470, 1239, 470, NULL),
(471, 1242, 471, NULL),
(472, 1245, 472, NULL),
(473, 1248, 473, NULL),
(474, 1251, 474, NULL),
(475, 1254, 475, NULL),
(476, 1257, 476, NULL),
(477, 1260, 477, NULL),
(478, 1263, 478, NULL),
(479, 1266, 479, NULL),
(480, 1269, 480, NULL),
(481, 1272, 481, NULL),
(482, 1275, 482, NULL),
(483, 1278, 483, NULL),
(484, 1281, 484, NULL),
(485, 1284, 485, NULL),
(486, 1287, 486, NULL),
(487, 1290, 487, NULL),
(488, 1293, 488, NULL),
(489, 1296, 489, NULL),
(490, 1299, 490, NULL),
(491, 1302, 491, NULL),
(492, 1305, 492, NULL),
(493, 1308, 493, NULL),
(494, 1311, 494, NULL),
(495, 1314, 495, NULL),
(496, 1317, 496, NULL),
(497, 1320, 497, NULL),
(498, 1323, 498, NULL),
(499, 1326, 499, NULL),
(500, 1329, 500, NULL),
(501, 1332, 501, NULL),
(502, 1335, 502, NULL),
(503, 1338, 503, NULL),
(504, 1341, 504, NULL),
(505, 1344, 505, NULL),
(506, 1347, 506, NULL),
(507, 1350, 507, NULL),
(508, 1353, 508, NULL),
(509, 1356, 509, NULL),
(510, 1359, 510, NULL),
(511, 1362, 511, NULL),
(512, 1365, 512, NULL),
(513, 1368, 513, NULL),
(514, 1371, 514, NULL),
(515, 1374, 515, NULL),
(516, 1377, 516, NULL),
(517, 1380, 517, NULL),
(518, 1383, 518, NULL),
(519, 1386, 519, NULL),
(520, 1389, 520, NULL),
(521, 1392, 521, NULL),
(522, 1395, 522, NULL),
(523, 1398, 523, NULL),
(524, 1401, 524, NULL),
(525, 1404, 525, NULL),
(526, 1407, 526, NULL),
(527, 1410, 527, NULL),
(528, 1413, 528, NULL),
(529, 1416, 529, NULL),
(530, 1419, 530, NULL),
(531, 1422, 531, NULL),
(532, 1425, 532, NULL),
(533, 1428, 533, NULL),
(534, 1431, 534, NULL),
(535, 1434, 535, NULL),
(536, 1437, 536, NULL),
(537, 1440, 537, NULL),
(538, 1443, 538, NULL),
(539, 1446, 539, NULL),
(540, 1449, 540, NULL),
(541, 1452, 541, NULL),
(542, 1455, 542, NULL),
(543, 1458, 543, NULL),
(544, 1461, 544, NULL),
(545, 1464, 545, NULL),
(546, 1467, 546, NULL),
(547, 1470, 547, NULL),
(548, 1473, 548, NULL),
(549, 1476, 549, NULL),
(550, 1479, 550, NULL),
(551, 1482, 551, NULL),
(552, 1485, 552, NULL),
(553, 1488, 553, NULL),
(554, 1491, 554, NULL),
(555, 1494, 555, NULL),
(556, 1497, 556, NULL),
(557, 1500, 557, NULL),
(558, 1503, 558, NULL),
(559, 1506, 559, NULL),
(560, 1509, 560, NULL),
(561, 1512, 561, NULL),
(562, 1515, 562, NULL),
(563, 1518, 563, NULL),
(564, 1521, 564, NULL),
(565, 1524, 565, NULL),
(566, 1527, 566, NULL),
(567, 1530, 567, NULL),
(568, 1533, 568, NULL),
(569, 1536, 569, NULL),
(570, 1539, 570, NULL),
(571, 1542, 571, NULL),
(572, 1545, 572, NULL),
(573, 1548, 573, NULL),
(574, 1551, 574, NULL),
(575, 1554, 575, NULL),
(576, 1557, 576, NULL),
(577, 1560, 577, NULL),
(578, 1563, 578, NULL),
(579, 1566, 579, NULL),
(580, 1569, 580, NULL),
(581, 1572, 581, NULL),
(582, 1575, 582, NULL),
(583, 1578, 583, NULL),
(584, 1581, 584, NULL),
(585, 1584, 585, NULL),
(586, 1587, 586, NULL),
(587, 1590, 587, NULL),
(588, 1593, 588, NULL),
(589, 1596, 589, NULL),
(590, 1599, 590, NULL),
(591, 1602, 591, NULL),
(592, 1605, 592, NULL),
(593, 1608, 593, NULL),
(594, 1611, 594, NULL),
(595, 1614, 595, NULL),
(596, 1617, 596, NULL),
(597, 1620, 597, NULL),
(598, 1623, 598, NULL),
(599, 1626, 599, NULL),
(600, 1629, 600, NULL),
(601, 1632, 601, NULL),
(602, 1635, 602, NULL),
(603, 1638, 603, NULL),
(604, 1641, 604, NULL),
(605, 1644, 605, NULL),
(606, 1647, 606, NULL),
(607, 1650, 607, NULL),
(608, 1653, 608, NULL),
(609, 1656, 609, NULL),
(610, 1659, 610, NULL),
(611, 1662, 611, NULL),
(612, 1663, 612, NULL),
(613, 1664, 613, NULL),
(614, 1665, 614, NULL),
(615, 1673, 615, NULL),
(616, 1674, 616, NULL),
(617, 1682, 617, NULL),
(618, 1684, 618, NULL),
(619, 1686, 619, NULL),
(620, 1688, 620, NULL),
(621, 1690, 621, NULL),
(622, 1692, 622, NULL),
(623, 1694, 623, NULL),
(624, 1696, 624, NULL),
(625, 1698, 625, NULL),
(626, 1699, 626, NULL),
(627, 1702, 627, NULL),
(628, 1705, 628, NULL),
(629, 1709, 629, NULL),
(630, 1711, 630, NULL),
(631, 1713, 631, NULL),
(632, 1715, 632, NULL),
(633, 1723, 633, NULL),
(634, 1725, 634, NULL),
(635, 1727, 635, NULL),
(636, 1729, 636, NULL),
(637, 1731, 637, NULL),
(638, 1733, 638, NULL),
(639, 1735, 639, NULL),
(640, 1737, 640, NULL),
(641, 1739, 641, NULL),
(642, 1741, 642, NULL),
(643, 1743, 643, NULL),
(644, 1745, 644, NULL),
(645, 1747, 645, NULL),
(646, 1749, 646, NULL),
(647, 1751, 647, NULL),
(648, 1753, 648, NULL),
(649, 1755, 649, NULL),
(650, 1757, 650, NULL),
(651, 1759, 651, NULL),
(652, 1761, 652, NULL),
(653, 1763, 653, NULL),
(654, 1765, 654, NULL),
(655, 1767, 655, NULL),
(656, 1769, 656, NULL),
(657, 1771, 657, NULL),
(658, 1773, 658, NULL),
(659, 1775, 659, NULL),
(660, 1777, 660, NULL),
(661, 1779, 661, NULL),
(662, 1781, 662, NULL),
(663, 1783, 663, NULL),
(664, 1785, 664, NULL),
(665, 1787, 665, NULL),
(666, 1789, 666, NULL),
(667, 1791, 667, NULL),
(668, 1793, 668, NULL),
(669, 1795, 669, NULL),
(670, 1797, 670, NULL),
(671, 1799, 671, NULL),
(672, 1801, 672, NULL),
(673, 1803, 673, NULL),
(674, 1805, 674, NULL),
(675, 1807, 675, NULL),
(676, 1809, 676, NULL),
(677, 1811, 677, NULL),
(678, 1813, 678, NULL),
(679, 1815, 679, NULL),
(680, 1817, 680, NULL),
(681, 1819, 681, NULL),
(682, 1821, 682, NULL),
(683, 1823, 683, NULL),
(684, 1825, 684, NULL),
(685, 1827, 685, NULL),
(686, 1829, 686, NULL),
(687, 1831, 687, NULL),
(688, 1833, 688, NULL),
(689, 1835, 689, NULL),
(690, 1837, 690, NULL),
(691, 1839, 691, NULL),
(692, 1841, 692, NULL),
(693, 1843, 693, NULL),
(694, 1845, 694, NULL),
(695, 1847, 695, NULL),
(696, 1849, 696, NULL),
(697, 1851, 697, NULL),
(698, 1853, 698, NULL),
(699, 1855, 699, NULL),
(700, 1857, 700, NULL),
(701, 1859, 701, NULL),
(702, 1861, 702, NULL),
(703, 1863, 703, NULL),
(704, 1865, 704, NULL),
(705, 1867, 705, NULL),
(706, 1869, 706, NULL),
(707, 1871, 707, NULL),
(708, 1873, 708, NULL),
(709, 1875, 709, NULL),
(710, 1877, 710, NULL),
(711, 1879, 711, NULL),
(712, 1881, 712, NULL),
(713, 1883, 713, NULL),
(714, 1885, 714, NULL),
(715, 1887, 715, NULL),
(716, 1889, 716, NULL),
(717, 1891, 717, NULL),
(718, 1893, 718, NULL),
(719, 1895, 719, NULL),
(720, 1897, 720, NULL),
(721, 1899, 721, NULL),
(722, 1901, 722, NULL),
(723, 1903, 723, NULL),
(724, 1905, 724, NULL),
(725, 1907, 725, NULL),
(726, 1909, 726, NULL),
(727, 1911, 727, NULL),
(728, 1913, 728, NULL),
(729, 1915, 729, NULL),
(730, 1917, 730, NULL),
(731, 1919, 731, NULL),
(732, 1921, 732, NULL),
(733, 1923, 733, NULL),
(734, 1925, 734, NULL),
(735, 1927, 735, NULL),
(736, 1929, 736, NULL),
(737, 1931, 737, NULL),
(738, 1933, 738, NULL),
(739, 1935, 739, NULL),
(740, 1937, 740, NULL),
(741, 1939, 741, NULL),
(742, 1941, 742, NULL),
(743, 1943, 743, NULL),
(744, 1945, 744, NULL),
(745, 1947, 745, NULL),
(746, 1949, 746, NULL),
(747, 1951, 747, NULL),
(748, 1953, 748, NULL),
(749, 1955, 749, NULL),
(750, 1957, 750, NULL),
(751, 1959, 751, NULL),
(752, 1961, 752, NULL),
(753, 1963, 753, NULL),
(754, 1965, 754, NULL),
(755, 1967, 755, NULL),
(756, 1969, 756, NULL),
(757, 1971, 757, NULL),
(758, 1973, 758, NULL),
(759, 1975, 759, NULL),
(760, 1977, 760, NULL),
(761, 1979, 761, NULL),
(762, 1981, 762, NULL),
(763, 1983, 763, NULL),
(764, 1985, 764, NULL),
(765, 1987, 765, NULL),
(766, 1989, 766, NULL),
(767, 1991, 767, NULL),
(768, 1993, 768, NULL),
(769, 1995, 769, NULL),
(770, 1997, 770, NULL),
(771, 1999, 771, NULL),
(772, 2001, 772, NULL),
(773, 2003, 773, NULL),
(774, 2005, 774, NULL),
(775, 2007, 775, NULL),
(776, 2009, 776, NULL),
(777, 2011, 777, NULL),
(778, 2013, 778, NULL),
(779, 2015, 779, NULL),
(780, 2017, 780, NULL),
(781, 2019, 781, NULL),
(782, 2021, 782, NULL),
(783, 2023, 783, NULL),
(784, 2025, 784, NULL),
(785, 2027, 785, NULL),
(786, 2029, 786, NULL),
(787, 2031, 787, NULL),
(788, 2033, 788, NULL),
(789, 2035, 789, NULL),
(790, 2037, 790, NULL),
(791, 2039, 791, NULL),
(792, 2041, 792, NULL),
(793, 2043, 793, NULL),
(794, 2045, 794, NULL),
(795, 2047, 795, NULL),
(796, 2049, 796, NULL),
(797, 2051, 797, NULL),
(798, 2053, 798, NULL),
(799, 2055, 799, NULL),
(800, 2057, 800, NULL),
(801, 2059, 801, NULL),
(802, 2061, 802, NULL),
(803, 2063, 803, NULL),
(804, 2065, 804, NULL),
(805, 2067, 805, NULL),
(806, 2069, 806, NULL),
(807, 2071, 807, NULL),
(808, 2073, 808, NULL),
(809, 2075, 809, NULL),
(810, 2077, 810, NULL),
(811, 2079, 811, NULL),
(812, 2081, 812, NULL),
(813, 2083, 813, NULL),
(814, 2085, 814, NULL),
(815, 2087, 815, NULL),
(816, 2089, 816, NULL),
(817, 2091, 817, NULL),
(818, 2093, 818, NULL),
(819, 2095, 819, NULL),
(820, 2097, 820, NULL),
(821, 2099, 821, NULL),
(822, 2101, 822, NULL),
(823, 2103, 823, NULL),
(824, 2105, 824, NULL),
(825, 2107, 825, NULL),
(826, 2109, 826, NULL),
(827, 2111, 827, NULL),
(828, 2113, 828, NULL),
(829, 2115, 829, NULL),
(830, 2117, 830, NULL),
(831, 2119, 831, NULL),
(832, 2121, 832, NULL),
(833, 2123, 833, NULL),
(834, 2125, 834, NULL),
(835, 2127, 835, NULL),
(836, 2129, 836, NULL),
(837, 2131, 837, NULL),
(838, 2133, 838, NULL),
(839, 2135, 839, NULL),
(840, 2137, 840, NULL),
(841, 2139, 841, NULL),
(842, 2141, 842, NULL),
(843, 2143, 843, NULL),
(844, 2145, 844, NULL),
(845, 2147, 845, NULL),
(846, 2149, 846, NULL),
(847, 2151, 847, NULL),
(848, 2153, 848, NULL),
(849, 2155, 849, NULL),
(850, 2157, 850, NULL),
(851, 2159, 851, NULL),
(852, 2161, 852, NULL),
(853, 2163, 853, NULL),
(854, 2165, 854, NULL),
(855, 2167, 855, NULL),
(856, 2169, 856, NULL),
(857, 2171, 857, NULL),
(858, 2173, 858, NULL),
(859, 2175, 859, NULL),
(860, 2177, 860, NULL),
(861, 2179, 861, NULL),
(862, 2181, 862, NULL),
(863, 2183, 863, NULL),
(864, 2185, 864, NULL),
(865, 2187, 865, NULL),
(866, 2189, 866, NULL),
(867, 2191, 867, NULL),
(868, 2193, 868, NULL),
(869, 2195, 869, NULL),
(870, 2197, 870, NULL),
(871, 2199, 871, NULL),
(872, 2201, 872, NULL),
(873, 2203, 873, NULL),
(874, 2205, 874, NULL),
(875, 2207, 875, NULL),
(876, 2209, 876, NULL),
(877, 2211, 877, NULL),
(878, 2213, 878, NULL),
(879, 2215, 879, NULL),
(880, 2217, 880, NULL),
(881, 2219, 881, NULL),
(882, 2221, 882, NULL),
(883, 2223, 883, NULL),
(884, 2225, 884, NULL),
(885, 2227, 885, NULL),
(886, 2229, 886, NULL),
(887, 2231, 887, NULL),
(888, 2233, 888, NULL),
(889, 2235, 889, NULL),
(890, 2237, 890, NULL),
(891, 2239, 891, NULL),
(892, 2241, 892, NULL),
(893, 2243, 893, NULL),
(894, 2245, 894, NULL),
(895, 2247, 895, NULL),
(896, 2249, 896, NULL),
(897, 2251, 897, NULL),
(898, 2253, 898, NULL),
(899, 2255, 899, NULL),
(900, 2257, 900, NULL),
(901, 2259, 901, NULL),
(902, 2261, 902, NULL),
(903, 2263, 903, NULL),
(904, 2265, 904, NULL),
(905, 2267, 905, NULL),
(906, 2269, 906, NULL),
(907, 2271, 907, NULL),
(908, 2273, 908, NULL),
(909, 2275, 909, NULL),
(910, 2277, 910, NULL),
(911, 2279, 911, NULL),
(912, 2281, 912, NULL),
(913, 2283, 913, NULL),
(914, 2285, 914, NULL),
(915, 2287, 915, NULL),
(916, 2289, 916, NULL),
(917, 2290, 917, NULL),
(918, 2298, 918, NULL),
(919, 2299, 919, NULL),
(920, 2303, 920, NULL),
(921, 2307, 921, NULL),
(922, 2311, 922, NULL),
(923, 2315, 923, NULL),
(924, 2319, 924, NULL),
(925, 2323, 925, NULL),
(926, 2327, 926, NULL),
(927, 2331, 927, NULL),
(928, 2335, 928, NULL),
(929, 2339, 929, NULL),
(930, 2343, 930, NULL),
(931, 2347, 931, NULL),
(932, 2351, 932, NULL),
(933, 2355, 933, NULL),
(934, 2359, 934, NULL),
(935, 2364, 935, NULL),
(936, 2366, 936, NULL),
(937, 2368, 937, NULL),
(938, 2370, 938, NULL),
(939, 2372, 939, NULL),
(940, 2374, 940, NULL),
(941, 2376, 941, NULL),
(942, 2378, 942, NULL),
(943, 2380, 943, NULL),
(944, 2382, 944, NULL),
(945, 2384, 945, NULL),
(946, 2385, 946, NULL),
(947, 2389, 947, NULL),
(948, 2391, 948, NULL),
(949, 2393, 949, NULL),
(950, 2394, 950, NULL),
(951, 2397, 951, NULL),
(952, 2401, 952, NULL),
(953, 2405, 953, NULL),
(954, 2406, 954, NULL),
(955, 2411, 955, NULL),
(956, 2413, 956, NULL),
(957, 2415, 957, NULL),
(958, 2417, 958, NULL),
(959, 2419, 959, NULL),
(960, 2421, 960, NULL),
(961, 2423, 961, NULL),
(962, 2425, 962, NULL),
(963, 2427, 963, NULL),
(964, 2429, 964, NULL),
(965, 2431, 965, NULL),
(966, 2432, 966, NULL),
(967, 2433, 967, NULL),
(968, 2439, 968, NULL),
(969, 2440, 969, NULL),
(970, 2444, 970, NULL),
(971, 2448, 971, NULL),
(972, 2452, 972, NULL),
(973, 2456, 973, NULL),
(974, 2460, 974, NULL),
(975, 2464, 975, NULL),
(976, 2468, 976, NULL),
(977, 2473, 977, NULL),
(978, 2475, 978, NULL),
(979, 2477, 979, NULL),
(980, 2479, 980, NULL),
(981, 2480, 981, NULL),
(982, 2482, 982, NULL),
(983, 2483, 983, NULL),
(984, 2484, 984, NULL),
(985, 2487, 985, NULL),
(986, 2490, 986, NULL),
(987, 2493, 987, NULL),
(988, 2497, 988, NULL),
(989, 2499, 989, NULL),
(990, 2500, 990, NULL),
(991, 2502, 991, NULL),
(992, 2504, 992, NULL),
(993, 2506, 993, NULL),
(994, 2508, 994, NULL),
(995, 2509, 995, NULL),
(996, 2511, 996, NULL),
(997, 2512, 997, NULL),
(998, 2521, 998, NULL),
(999, 2523, 999, NULL),
(1000, 2526, 1000, NULL),
(1001, 2534, 1001, NULL),
(1002, 2535, 1002, NULL),
(1003, 2537, 1003, NULL),
(1004, 2539, 1004, NULL),
(1005, 2541, 1005, NULL),
(1006, 2543, 1006, NULL),
(1007, 2545, 1007, NULL),
(1008, 2547, 1008, NULL),
(1009, 2549, 1009, NULL),
(1010, 2550, 1010, NULL),
(1011, 2555, 1011, NULL),
(1012, 2557, 1012, NULL),
(1013, 2558, 1013, NULL),
(1014, 2560, 1014, NULL),
(1015, 2562, 1015, NULL),
(1016, 2565, 1016, NULL),
(1017, 2568, 1017, NULL),
(1018, 2571, 1018, NULL),
(1019, 2574, 1019, NULL),
(1020, 2576, 1020, NULL),
(1021, 2578, 1021, NULL),
(1022, 2584, 1022, NULL),
(1023, 2585, 1023, NULL),
(1024, 2587, 1024, NULL),
(1025, 2588, 1025, NULL),
(1026, 2589, 1026, NULL),
(1027, 2594, 1027, NULL),
(1028, 2598, 1028, NULL),
(1029, 2602, 1029, NULL),
(1030, 2606, 1030, NULL),
(1031, 2610, 1031, NULL),
(1032, 2614, 1032, NULL),
(1033, 2618, 1033, NULL),
(1034, 2622, 1034, NULL),
(1035, 2626, 1035, NULL),
(1036, 2630, 1036, NULL),
(1037, 2634, 1037, NULL),
(1038, 2638, 1038, NULL),
(1039, 2642, 1039, NULL),
(1040, 2646, 1040, NULL),
(1041, 2650, 1041, NULL),
(1042, 2654, 1042, NULL),
(1043, 2659, 1043, NULL),
(1044, 2661, 1044, NULL),
(1045, 2663, 1045, NULL),
(1046, 2665, 1046, NULL),
(1047, 2667, 1047, NULL),
(1048, 2669, 1048, NULL),
(1049, 2671, 1049, NULL),
(1050, 2673, 1050, NULL),
(1051, 2675, 1051, NULL),
(1052, 2677, 1052, NULL),
(1053, 2679, 1053, NULL),
(1054, 2681, 1054, NULL),
(1055, 2683, 1055, NULL),
(1056, 2685, 1056, NULL),
(1057, 2686, 1057, NULL),
(1058, 2687, 1058, NULL),
(1059, 2691, 1059, NULL),
(1060, 2695, 1060, NULL),
(1061, 2699, 1061, NULL),
(1062, 2703, 1062, NULL),
(1063, 2707, 1063, NULL),
(1064, 2711, 1064, NULL),
(1065, 2715, 1065, NULL),
(1066, 2720, 1066, NULL),
(1067, 2722, 1067, NULL),
(1068, 2724, 1068, NULL),
(1069, 2726, 1069, NULL),
(1070, 2733, 1070, NULL),
(1071, 2734, 1071, NULL),
(1072, 2735, 1072, NULL),
(1073, 2736, 1073, NULL),
(1074, 2739, 1074, NULL),
(1075, 2741, 1075, NULL),
(1076, 2743, 1076, NULL),
(1077, 2744, 1077, NULL),
(1078, 2752, 1078, NULL),
(1079, 2753, 1079, NULL),
(1080, 2756, 1080, NULL),
(1081, 2759, 1081, NULL),
(1082, 2762, 1082, NULL),
(1083, 2765, 1083, NULL),
(1084, 2768, 1084, NULL),
(1085, 2771, 1085, NULL),
(1086, 2774, 1086, NULL),
(1087, 2777, 1087, NULL),
(1088, 2780, 1088, NULL),
(1089, 2783, 1089, NULL),
(1090, 2786, 1090, NULL),
(1091, 2789, 1091, NULL),
(1092, 2792, 1092, NULL),
(1093, 2795, 1093, NULL),
(1094, 2798, 1094, NULL),
(1095, 2801, 1095, NULL),
(1096, 2804, 1096, NULL),
(1097, 2807, 1097, NULL),
(1098, 2810, 1098, NULL),
(1099, 2813, 1099, NULL),
(1100, 2816, 1100, NULL),
(1101, 2819, 1101, NULL),
(1102, 2822, 1102, NULL),
(1103, 2825, 1103, NULL),
(1104, 2828, 1104, NULL),
(1105, 2831, 1105, NULL),
(1106, 2834, 1106, NULL),
(1107, 2837, 1107, NULL),
(1108, 2840, 1108, NULL),
(1109, 2843, 1109, NULL),
(1110, 2846, 1110, NULL),
(1111, 2849, 1111, NULL),
(1112, 2852, 1112, NULL),
(1113, 2855, 1113, NULL),
(1114, 2858, 1114, NULL),
(1115, 2861, 1115, NULL),
(1116, 2864, 1116, NULL),
(1117, 2867, 1117, NULL),
(1118, 2870, 1118, NULL),
(1119, 2873, 1119, NULL),
(1120, 2876, 1120, NULL),
(1121, 2879, 1121, NULL),
(1122, 2882, 1122, NULL),
(1123, 2885, 1123, NULL),
(1124, 2888, 1124, NULL),
(1125, 2891, 1125, NULL),
(1126, 2894, 1126, NULL),
(1127, 2897, 1127, NULL),
(1128, 2900, 1128, NULL),
(1129, 2903, 1129, NULL),
(1130, 2906, 1130, NULL),
(1131, 2909, 1131, NULL),
(1132, 2912, 1132, NULL),
(1133, 2915, 1133, NULL),
(1134, 2918, 1134, NULL),
(1135, 2921, 1135, NULL),
(1136, 2924, 1136, NULL),
(1137, 2927, 1137, NULL),
(1138, 2930, 1138, NULL),
(1139, 2933, 1139, NULL),
(1140, 2936, 1140, NULL),
(1141, 2939, 1141, NULL),
(1142, 2942, 1142, NULL),
(1143, 2945, 1143, NULL),
(1144, 2948, 1144, NULL),
(1145, 2951, 1145, NULL),
(1146, 2954, 1146, NULL),
(1147, 2957, 1147, NULL),
(1148, 2960, 1148, NULL),
(1149, 2963, 1149, NULL),
(1150, 2966, 1150, NULL),
(1151, 2969, 1151, NULL),
(1152, 2972, 1152, NULL),
(1153, 2975, 1153, NULL),
(1154, 2978, 1154, NULL),
(1155, 2981, 1155, NULL),
(1156, 2984, 1156, NULL),
(1157, 2987, 1157, NULL),
(1158, 2990, 1158, NULL),
(1159, 2993, 1159, NULL),
(1160, 2996, 1160, NULL),
(1161, 2999, 1161, NULL),
(1162, 3002, 1162, NULL),
(1163, 3005, 1163, NULL),
(1164, 3008, 1164, NULL),
(1165, 3011, 1165, NULL),
(1166, 3014, 1166, NULL),
(1167, 3017, 1167, NULL),
(1168, 3020, 1168, NULL),
(1169, 3023, 1169, NULL),
(1170, 3026, 1170, NULL),
(1171, 3029, 1171, NULL),
(1172, 3032, 1172, NULL),
(1173, 3035, 1173, NULL),
(1174, 3038, 1174, NULL),
(1175, 3041, 1175, NULL),
(1176, 3044, 1176, NULL),
(1177, 3047, 1177, NULL),
(1178, 3050, 1178, NULL),
(1179, 3053, 1179, NULL),
(1180, 3056, 1180, NULL),
(1181, 3059, 1181, NULL),
(1182, 3062, 1182, NULL),
(1183, 3065, 1183, NULL),
(1184, 3068, 1184, NULL),
(1185, 3071, 1185, NULL),
(1186, 3074, 1186, NULL),
(1187, 3077, 1187, NULL),
(1188, 3080, 1188, NULL),
(1189, 3083, 1189, NULL),
(1190, 3086, 1190, NULL),
(1191, 3089, 1191, NULL),
(1192, 3092, 1192, NULL),
(1193, 3095, 1193, NULL),
(1194, 3098, 1194, NULL),
(1195, 3101, 1195, NULL),
(1196, 3104, 1196, NULL),
(1197, 3107, 1197, NULL),
(1198, 3110, 1198, NULL),
(1199, 3113, 1199, NULL),
(1200, 3116, 1200, NULL),
(1201, 3119, 1201, NULL),
(1202, 3122, 1202, NULL),
(1203, 3125, 1203, NULL),
(1204, 3128, 1204, NULL),
(1205, 3131, 1205, NULL),
(1206, 3134, 1206, NULL),
(1207, 3137, 1207, NULL),
(1208, 3140, 1208, NULL),
(1209, 3143, 1209, NULL),
(1210, 3146, 1210, NULL),
(1211, 3149, 1211, NULL),
(1212, 3152, 1212, NULL),
(1213, 3155, 1213, NULL),
(1214, 3158, 1214, NULL),
(1215, 3161, 1215, NULL),
(1216, 3164, 1216, NULL),
(1217, 3167, 1217, NULL),
(1218, 3170, 1218, NULL),
(1219, 3173, 1219, NULL),
(1220, 3176, 1220, NULL),
(1221, 3179, 1221, NULL),
(1222, 3182, 1222, NULL),
(1223, 3185, 1223, NULL),
(1224, 3188, 1224, NULL),
(1225, 3191, 1225, NULL),
(1226, 3194, 1226, NULL),
(1227, 3197, 1227, NULL),
(1228, 3200, 1228, NULL),
(1229, 3203, 1229, NULL),
(1230, 3206, 1230, NULL),
(1231, 3209, 1231, NULL),
(1232, 3212, 1232, NULL),
(1233, 3215, 1233, NULL),
(1234, 3218, 1234, NULL),
(1235, 3221, 1235, NULL),
(1236, 3224, 1236, NULL),
(1237, 3227, 1237, NULL),
(1238, 3230, 1238, NULL),
(1239, 3233, 1239, NULL),
(1240, 3236, 1240, NULL),
(1241, 3239, 1241, NULL),
(1242, 3242, 1242, NULL),
(1243, 3245, 1243, NULL),
(1244, 3248, 1244, NULL),
(1245, 3251, 1245, NULL),
(1246, 3254, 1246, NULL),
(1247, 3257, 1247, NULL),
(1248, 3260, 1248, NULL),
(1249, 3263, 1249, NULL),
(1250, 3266, 1250, NULL),
(1251, 3269, 1251, NULL),
(1252, 3272, 1252, NULL),
(1253, 3275, 1253, NULL),
(1254, 3278, 1254, NULL),
(1255, 3281, 1255, NULL),
(1256, 3284, 1256, NULL),
(1257, 3287, 1257, NULL),
(1258, 3290, 1258, NULL),
(1259, 3293, 1259, NULL),
(1260, 3296, 1260, NULL),
(1261, 3299, 1261, NULL),
(1262, 3302, 1262, NULL),
(1263, 3305, 1263, NULL),
(1264, 3308, 1264, NULL),
(1265, 3311, 1265, NULL),
(1266, 3314, 1266, NULL),
(1267, 3317, 1267, NULL),
(1268, 3320, 1268, NULL),
(1269, 3323, 1269, NULL),
(1270, 3326, 1270, NULL),
(1271, 3329, 1271, NULL),
(1272, 3332, 1272, NULL),
(1273, 3335, 1273, NULL),
(1274, 3338, 1274, NULL),
(1275, 3341, 1275, NULL),
(1276, 3344, 1276, NULL),
(1277, 3347, 1277, NULL),
(1278, 3350, 1278, NULL),
(1279, 3353, 1279, NULL),
(1280, 3356, 1280, NULL),
(1281, 3359, 1281, NULL),
(1282, 3362, 1282, NULL),
(1283, 3365, 1283, NULL),
(1284, 3368, 1284, NULL),
(1285, 3371, 1285, NULL),
(1286, 3374, 1286, NULL),
(1287, 3377, 1287, NULL),
(1288, 3380, 1288, NULL),
(1289, 3383, 1289, NULL),
(1290, 3386, 1290, NULL),
(1291, 3389, 1291, NULL),
(1292, 3392, 1292, NULL),
(1293, 3395, 1293, NULL),
(1294, 3398, 1294, NULL),
(1295, 3401, 1295, NULL),
(1296, 3404, 1296, NULL),
(1297, 3407, 1297, NULL),
(1298, 3410, 1298, NULL),
(1299, 3413, 1299, NULL),
(1300, 3416, 1300, NULL),
(1301, 3419, 1301, NULL),
(1302, 3422, 1302, NULL),
(1303, 3425, 1303, NULL),
(1304, 3428, 1304, NULL),
(1305, 3431, 1305, NULL),
(1306, 3434, 1306, NULL),
(1307, 3437, 1307, NULL),
(1308, 3440, 1308, NULL),
(1309, 3443, 1309, NULL),
(1310, 3446, 1310, NULL),
(1311, 3449, 1311, NULL),
(1312, 3452, 1312, NULL),
(1313, 3455, 1313, NULL),
(1314, 3458, 1314, NULL),
(1315, 3461, 1315, NULL),
(1316, 3464, 1316, NULL),
(1317, 3467, 1317, NULL),
(1318, 3470, 1318, NULL),
(1319, 3473, 1319, NULL),
(1320, 3476, 1320, NULL),
(1321, 3479, 1321, NULL),
(1322, 3482, 1322, NULL),
(1323, 3485, 1323, NULL),
(1324, 3488, 1324, NULL),
(1325, 3491, 1325, NULL),
(1326, 3494, 1326, NULL),
(1327, 3497, 1327, NULL),
(1328, 3500, 1328, NULL),
(1329, 3503, 1329, NULL),
(1330, 3506, 1330, NULL),
(1331, 3509, 1331, NULL),
(1332, 3512, 1332, NULL),
(1333, 3515, 1333, NULL),
(1334, 3518, 1334, NULL),
(1335, 3521, 1335, NULL),
(1336, 3524, 1336, NULL),
(1337, 3527, 1337, NULL),
(1338, 3530, 1338, NULL),
(1339, 3533, 1339, NULL),
(1340, 3536, 1340, NULL),
(1341, 3539, 1341, NULL),
(1342, 3542, 1342, NULL),
(1343, 3545, 1343, NULL),
(1344, 3548, 1344, NULL),
(1345, 3551, 1345, NULL),
(1346, 3554, 1346, NULL),
(1347, 3557, 1347, NULL),
(1348, 3560, 1348, NULL),
(1349, 3563, 1349, NULL),
(1350, 3566, 1350, NULL),
(1351, 3569, 1351, NULL),
(1352, 3572, 1352, NULL),
(1353, 3575, 1353, NULL),
(1354, 3578, 1354, NULL),
(1355, 3581, 1355, NULL),
(1356, 3584, 1356, NULL),
(1357, 3587, 1357, NULL),
(1358, 3590, 1358, NULL),
(1359, 3593, 1359, NULL),
(1360, 3596, 1360, NULL),
(1361, 3599, 1361, NULL),
(1362, 3609, 1362, NULL),
(1363, 3610, 1363, NULL),
(1364, 3613, 1364, NULL),
(1365, 3616, 1365, NULL),
(1366, 3619, 1366, NULL),
(1367, 3622, 1367, NULL),
(1368, 3623, 1368, NULL),
(1369, 3624, 1369, NULL),
(1370, 3625, 1370, NULL),
(1371, 3626, 1371, NULL),
(1372, 3628, 1372, NULL);

--
-- Daten für Tabelle `duration`
--

INSERT INTO `duration` (`id`, `name`) VALUES
(1, 'aufrechterhaltend'),
(2, 'sofort'),
(3, 'QS in Kampfrunden'),
(4, 'QS x 3 Minuten'),
(5, 'QS x 3 in Minuten'),
(6, 'QS x 3 in Kampfrunden'),
(7, 'QS x 3 in KR'),
(8, 'QS x 3 Tage'),
(9, '1 Minute'),
(10, '30 Minuten'),
(11, 'QS x 3 in Stunden'),
(12, '1 Jahr'),
(13, 'QS x 15 Minuten'),
(14, 'QS x 3 Stunden'),
(15, 'QS x 2 Minuten'),
(16, 'QS Stunden'),
(17, 'QS x 30 Minuten'),
(18, '8 Stunden (Wirkungsdauer nicht modifizierbar)'),
(19, 'QS x 5 Minuten'),
(20, 'QS x 3 in Tagen'),
(21, 'QS x 10 Minuten'),
(22, 'QS x 3 Wochen'),
(23, 'FP in Tage'),
(24, 'QS Tage'),
(25, 'QS/2 Tage'),
(26, 'bis zum Ende der Krankheit, maximal aber QS x 3 Tage'),
(27, 'QS x 2 in Tagen'),
(28, 'bis zum Ende der Krankheit, maximal aber QS x 3 in Tagen'),
(29, 'QS x 3 in Wochen'),
(30, 'eine halbe Stunde'),
(31, '5 Kampfrunden'),
(32, '5 Minuten'),
(33, 'in Zwölfgötterkirchen bis zum 12. Lebensjahr'),
(34, '12 Stunden'),
(35, '12 Monate'),
(36, '4 Kampfrunden'),
(37, '12 Kampfrunden'),
(38, 'QS Kampfrunden'),
(39, 'QS x 2 KR'),
(40, 'QS x 5 Kampfrunden'),
(41, 'QS x 2 Stunden'),
(42, 'QS Minuten'),
(43, 'QS x 2 in Kampfrunden'),
(44, 'QS x 3 Kampfrunden'),
(45, '10 Kampfrunden'),
(46, 'Bis zum nächsten Schuss, maximal QS x 2 Kampfrunden'),
(47, '30 Kampfrunden'),
(48, 'QS x 3 KR'),
(49, '1 Tag'),
(50, 'QS x 10 in KR'),
(51, 'QS x 2 Kampfrunden'),
(52, 'QS x 2 KR (statt der üblichen Zeit von 2W20 KR des Status’'),
(53, 'QS x 15 Minuten, danach verweht der Nebel'),
(54, 'QS x 2 in Minuten'),
(55, 'QS x 15 in Minuten'),
(56, 'bis zum Tod der Tiere, maximal jedoch 20 KR'),
(57, '8 Stunden'),
(58, 'QS in Jahren'),
(59, 'aufrechterhaltend, maximal jedoch 50 KR'),
(60, 'QS in KR'),
(61, '1 Aktion'),
(62, '1 Stunde'),
(63, '30 Sekunden'),
(64, '5 Sekunden'),
(65, '6 Stunden'),
(66, 'max. 10 Sekunden'),
(67, '10 Minuten'),
(68, 'ein Wachstumszyklus (zwischen 6 und 12 Monaten)'),
(69, '9 Jahre'),
(70, 'permanent');

--
-- Daten für Tabelle `effect`
--

INSERT INTO `effect` (`id`, `level`, `property_id`) VALUES
(1, 1, 161),
(2, 1, 162),
(3, 1, 163),
(4, 1, 164),
(5, 1, 165),
(6, 1, 166),
(7, 1, 167),
(8, 1, 168),
(9, 1, 169),
(10, 1, 170),
(11, 1, 171),
(12, 1, 172),
(13, 1, 173),
(14, 1, 174),
(15, 1, 175),
(16, 1, 176),
(17, 1, 177),
(18, 1, 178),
(19, 1, 179),
(20, 1, 180),
(21, 1, 181),
(22, 1, 182),
(23, 1, 183),
(24, 1, 184),
(25, 1, 185),
(26, 1, 186),
(27, 1, 187),
(28, 1, 188),
(29, 1, 190),
(30, 1, 191),
(31, 1, 192),
(32, 1, 193),
(33, 1, 194),
(34, 1, 195),
(35, 1, 196),
(36, 1, 197),
(37, 1, 198),
(38, 1, 199),
(39, 1, 201),
(40, 1, 202),
(41, 1, 203),
(42, 1, 204),
(43, 1, 205),
(44, 1, 206),
(45, 1, 207),
(46, 1, 208),
(47, 1, 209),
(48, 1, 210),
(49, 1, 211),
(50, 1, 212),
(51, 1, 214),
(52, 1, 215),
(53, 1, 216),
(54, 1, 217),
(55, 1, 218),
(56, 1, 219),
(57, 1, 220),
(58, 1, 221),
(59, 1, 223),
(60, 1, 224),
(61, 1, 225),
(62, 1, 226),
(63, 1, 227),
(64, 1, 228),
(65, 1, 229),
(66, 1, 230),
(67, 1, 231),
(68, 1, 232),
(69, 1, 233),
(70, 1, 234),
(71, 1, 235),
(72, 1, 236),
(73, 1, 237),
(74, 1, 238),
(75, 1, 239),
(76, 1, 240),
(77, 1, 241),
(78, 1, 242),
(79, 1, 244),
(80, 1, 245),
(81, 1, 246),
(82, 1, 247),
(83, 1, 248),
(84, 1, 249),
(85, 1, 250),
(86, 1, 251),
(87, 1, 255),
(88, 1, 256),
(89, 1, 257),
(90, 1, 258),
(91, 1, 259),
(92, 1, 260),
(93, 1, 261),
(94, 1, 262),
(95, 1, 263),
(96, 1, 264),
(97, 1, 265),
(98, 1, 267),
(99, 1, 268),
(100, 1, 269),
(101, 1, 270),
(102, 1, 271),
(103, 1, 272),
(104, 1, 273),
(105, 1, 274),
(106, 1, 276),
(107, 1, 277),
(108, 1, 283),
(109, 1, 284),
(110, 1, 285),
(111, 1, 286),
(112, 1, 287),
(113, 1, 288),
(114, 1, 289),
(115, 1, 290),
(116, 1, 291),
(117, 1, 292),
(118, 1, 293),
(119, 1, 295),
(120, 1, 297),
(121, 1, 298),
(122, 1, 299),
(123, 1, 300),
(124, 1, 302),
(125, 1, 303),
(126, 1, 304),
(127, 1, 305),
(128, 1, 306),
(129, 1, 307),
(130, 1, 308),
(131, 1, 309),
(132, 1, 310),
(133, 1, 311),
(134, 1, 312),
(135, 1, 314),
(136, 1, 315),
(137, 1, 316),
(138, 1, 317),
(139, 1, 318),
(140, 1, 319),
(141, 1, 320),
(142, 1, 321),
(143, 1, 322),
(144, 1, 323),
(145, 1, 324),
(146, 1, 325),
(147, 1, 326),
(148, 1, 327),
(149, 1, 328),
(150, 1, 329),
(151, 1, 330),
(152, 1, 331),
(153, 1, 332),
(154, 1, 337),
(155, 1, 338),
(156, 1, 339),
(157, 1, 340),
(158, 1, 341),
(159, 1, 342),
(160, 1, 344),
(161, 1, 345),
(162, 1, 346),
(163, 1, 347),
(164, 1, 348),
(165, 1, 349),
(166, 1, 350),
(167, 1, 351),
(168, 1, 352),
(169, 1, 353),
(170, 1, 358),
(171, 1, 359),
(172, 1, 360),
(173, 1, 362),
(174, 1, 363),
(175, 1, 364),
(176, 1, 369),
(177, 1, 370),
(178, 1, 372),
(179, 1, 373),
(180, 1, 374),
(181, 1, 375),
(182, 1, 387),
(183, 1, 390),
(184, 1, 432),
(185, 1, 433),
(186, 1, 434),
(187, 1, 435),
(188, 1, 436),
(189, 1, 437),
(190, 1, 438),
(191, 1, 439),
(192, 1, 440),
(193, 1, 441),
(194, 1, 442),
(195, 1, 443),
(196, 1, 444),
(197, 1, 445),
(198, 1, 446),
(199, 1, 447),
(200, 1, 448),
(201, 1, 449),
(202, 1, 450),
(203, 1, 451),
(204, 1, 452),
(205, 1, 453),
(206, 1, 454),
(207, 1, 455),
(208, 1, 456),
(209, 1, 457),
(210, 1, 458),
(211, 1, 459),
(212, 1, 460),
(213, 1, 461),
(214, 1, 462),
(215, 1, 463),
(216, 1, 464),
(217, 1, 465),
(218, 1, 467),
(219, 1, 468),
(220, 1, 469),
(221, 1, 470),
(222, 1, 471),
(223, 1, 472),
(224, 1, 473),
(225, 1, 474),
(226, 1, 475),
(227, 1, 476),
(228, 1, 477),
(229, 1, 478),
(230, 1, 479),
(231, 1, 480),
(232, 1, 481),
(233, 1, 482),
(234, 1, 483),
(235, 1, 484),
(236, 1, 485),
(237, 1, 486),
(238, 1, 487),
(239, 1, 488),
(240, 1, 489),
(241, 1, 490),
(242, 1, 491),
(243, 1, 492),
(244, 1, 493),
(245, 1, 494),
(246, 1, 495),
(247, 1, 496),
(248, 1, 497),
(249, 1, 498),
(250, 1, 499),
(251, 1, 500),
(252, 1, 501),
(253, 1, 502),
(254, 1, 503),
(255, 1, 504),
(256, 1, 505),
(257, 1, 506),
(258, 1, 507),
(259, 1, 508),
(260, 1, 509),
(261, 1, 510),
(262, 1, 511),
(263, 1, 512),
(264, 1, 513),
(265, 1, 514),
(266, 1, 515),
(267, 1, 516),
(268, 1, 517),
(269, 1, 518),
(270, 1, 519),
(271, 1, 520),
(272, 1, 521),
(273, 1, 522),
(274, 1, 523),
(275, 1, 524),
(276, 1, 525),
(277, 1, 526),
(278, 1, 527),
(279, 1, 528),
(280, 1, 529),
(281, 1, 530),
(282, 1, 531),
(283, 1, 532),
(284, 1, 533),
(285, 1, 534),
(286, 1, 535),
(287, 1, 536),
(288, 1, 537),
(289, 1, 538),
(290, 1, 539),
(291, 1, 540),
(292, 1, 541),
(293, 1, 542),
(294, 1, 543),
(295, 1, 544),
(296, 1, 545),
(297, 1, 546),
(298, 1, 547),
(299, 1, 549),
(300, 1, 550),
(301, 1, 551),
(302, 1, 558),
(303, 1, 563),
(304, 1, 564),
(305, 1, 572),
(306, 1, 583),
(307, 1, 629),
(308, 1, 630),
(309, 1, 631),
(310, 1, 632),
(311, 1, 633),
(312, 1, 634),
(313, 1, 635),
(314, 1, 636),
(315, 1, 637),
(316, 1, 638),
(317, 1, 639),
(318, 1, 640),
(319, 1, 641),
(320, 1, 642),
(321, 1, 643),
(322, 1, 644),
(323, 1, 645),
(324, 1, 863),
(325, 1, 864),
(326, 1, 865),
(327, 1, 866),
(328, 1, 869),
(329, 1, 870),
(330, 1, 871),
(331, 1, 872),
(332, 1, 873),
(333, 1, 874),
(334, 1, 875),
(335, 1, 876),
(336, 1, 877),
(337, 1, 878),
(338, 1, 879),
(339, 1, 880),
(340, 1, 881),
(341, 1, 882),
(342, 1, 883),
(343, 1, 884),
(344, 1, 885),
(345, 1, 886),
(346, 1, 887),
(347, 1, 888),
(348, 1, 889),
(349, 1, 890),
(350, 1, 891),
(351, 1, 892),
(352, 1, 893),
(353, 1, 894),
(354, 1, 895),
(355, 1, 896),
(356, 1, 897),
(357, 1, 898),
(358, 1, 899),
(359, 1, 900),
(360, 1, 901),
(361, 1, 902),
(362, 1, 903),
(363, 1, 904),
(364, 1, 905),
(365, 1, 906),
(366, 1, 907),
(367, 1, 908),
(368, 1, 909),
(369, 1, 910),
(370, 1, 911),
(371, 1, 912),
(372, 1, 913),
(373, 1, 914),
(374, 1, 915),
(375, 1, 916),
(376, 1, 917),
(377, 1, 918),
(378, 1, 919),
(379, 1, 920),
(380, 1, 921),
(381, 1, 922),
(382, 1, 923),
(383, 1, 924),
(384, 1, 925),
(385, 1, 926),
(386, 1, 927),
(387, 1, 928),
(388, 1, 929),
(389, 1, 930),
(390, 1, 931),
(391, 1, 932),
(392, 1, 933),
(393, 1, 934),
(394, 1, 935),
(395, 1, 936),
(396, 1, 937),
(397, 1, 938),
(398, 1, 939),
(399, 1, 940),
(400, 1, 941),
(401, 1, 942),
(402, 1, 943),
(403, 1, 944),
(404, 1, 945),
(405, 1, 946),
(406, 1, 947),
(407, 1, 948),
(408, 1, 949),
(409, 1, 950),
(410, 1, 951),
(411, 1, 952),
(412, 1, 953),
(413, 1, 954),
(414, 1, 955),
(415, 1, 956),
(416, 1, 957),
(417, 1, 958),
(418, 1, 959),
(419, 1, 960),
(420, 1, 961),
(421, 1, 962),
(422, 1, 963),
(423, 1, 964),
(424, 1, 965),
(425, 1, 966),
(426, 1, 967),
(427, 1, 968),
(428, 1, 969),
(429, 1, 970),
(430, 1, 971),
(431, 1, 972),
(432, 1, 973),
(433, 1, 974),
(434, 1, 975),
(435, 1, 976),
(436, 1, 977),
(437, 1, 978),
(438, 1, 979),
(439, 1, 980),
(440, 1, 981),
(441, 1, 982),
(442, 1, 983),
(443, 1, 984),
(444, 1, 985),
(445, 1, 986),
(446, 1, 987),
(447, 1, 988),
(448, 1, 989),
(449, 1, 990),
(450, 1, 991),
(451, 1, 992),
(452, 1, 993),
(453, 1, 994),
(454, 1, 995),
(455, 1, 996),
(456, 1, 997),
(457, 1, 998),
(458, 1, 999),
(459, 1, 1000),
(460, 1, 1001),
(461, 1, 1002),
(462, 1, 1003),
(463, 1, 1004),
(464, 1, 1005),
(465, 1, 1006),
(466, 1, 1007),
(467, 1, 1008),
(468, 1, 1009),
(469, 1, 1010),
(470, 1, 1011),
(471, 1, 1012),
(472, 1, 1013),
(473, 1, 1014),
(474, 1, 1015),
(475, 1, 1016),
(476, 1, 1017),
(477, 1, 1018),
(478, 1, 1019),
(479, 1, 1020),
(480, 1, 1021),
(481, 1, 1022),
(482, 1, 1023),
(483, 1, 1024),
(484, 1, 1025),
(485, 1, 1026),
(486, 1, 1027),
(487, 1, 1028),
(488, 1, 1029),
(489, 1, 1030),
(490, 1, 1031),
(491, 1, 1032),
(492, 1, 1033),
(493, 1, 1034),
(494, 1, 1035),
(495, 1, 1036),
(496, 1, 1037),
(497, 1, 1038),
(498, 1, 1039),
(499, 1, 1040),
(500, 1, 1041),
(501, 1, 1042),
(502, 1, 1043),
(503, 1, 1044),
(504, 1, 1045),
(505, 1, 1046),
(506, 1, 1047),
(507, 1, 1048),
(508, 1, 1049),
(509, 1, 1050),
(510, 1, 1051),
(511, 1, 1052),
(512, 1, 1053),
(513, 1, 1054),
(514, 1, 1055),
(515, 1, 1056),
(516, 1, 1057),
(517, 1, 1058),
(518, 1, 1059),
(519, 1, 1060),
(520, 1, 1061),
(521, 1, 1062),
(522, 1, 1063),
(523, 1, 1064),
(524, 1, 1065),
(525, 1, 1066),
(526, 1, 1067),
(527, 1, 1068),
(528, 1, 1069),
(529, 1, 1070),
(530, 1, 1071),
(531, 1, 1072),
(532, 1, 1073),
(533, 1, 1074),
(534, 1, 1075),
(535, 1, 1076),
(536, 1, 1077),
(537, 1, 1078),
(538, 1, 1079),
(539, 1, 1080),
(540, 1, 1081),
(541, 1, 1082),
(542, 1, 1083),
(543, 1, 1084),
(544, 1, 1085),
(545, 1, 1086),
(546, 1, 1087),
(547, 1, 1088),
(548, 1, 1089),
(549, 1, 1090),
(550, 1, 1091),
(551, 1, 1092),
(552, 1, 1093),
(553, 1, 1094),
(554, 1, 1095),
(555, 1, 1096),
(556, 1, 1097),
(557, 1, 1098),
(558, 1, 1099),
(559, 1, 1100),
(560, 1, 1101),
(561, 1, 1102),
(562, 1, 1103),
(563, 1, 1104),
(564, 1, 1105),
(565, 1, 1106),
(566, 1, 1107),
(567, 1, 1108),
(568, 1, 1109),
(569, 1, 1110),
(570, 1, 1111),
(571, 1, 1112),
(572, 1, 1113),
(573, 1, 1114),
(574, 1, 1115),
(575, 1, 1116),
(576, 1, 1117),
(577, 1, 1118),
(578, 1, 1119),
(579, 1, 1120),
(580, 1, 1121),
(581, 1, 1122),
(582, 1, 1123),
(583, 1, 1124),
(584, 1, 1125),
(585, 1, 1126),
(586, 1, 1127),
(587, 1, 1128),
(588, 1, 1129),
(589, 1, 1130),
(590, 1, 1131),
(591, 1, 1132),
(592, 1, 1133),
(593, 1, 1134),
(594, 1, 1135),
(595, 1, 1136),
(596, 1, 1137),
(597, 1, 1138),
(598, 1, 1139),
(599, 1, 1140),
(600, 1, 1141),
(601, 1, 1142),
(602, 1, 1143),
(603, 1, 1144),
(604, 1, 1145),
(605, 1, 1146),
(606, 1, 1147),
(607, 1, 1148),
(608, 1, 1149),
(609, 1, 1150),
(610, 1, 1151),
(611, 1, 1154),
(612, 1, 1155),
(613, 1, 1156),
(614, 1, 1157),
(615, 1, 1159),
(616, 1, 1160),
(617, 1, 1161),
(618, 1, 1163),
(619, 1, 1165),
(620, 1, 1166),
(621, 1, 1167),
(622, 1, 1168),
(623, 1, 1169),
(624, 1, 1170),
(625, 1, 1171),
(626, 1, 1172),
(627, 1, 1173),
(628, 1, 1174),
(629, 1, 1175),
(630, 1, 1176),
(631, 1, 1177),
(632, 1, 1178),
(633, 1, 1181),
(634, 1, 1182),
(635, 1, 1183),
(636, 1, 1184),
(637, 1, 1185),
(638, 1, 1186),
(639, 1, 1187),
(640, 1, 1188),
(641, 1, 1189),
(642, 1, 1190),
(643, 1, 1191),
(644, 1, 1192),
(645, 1, 1193),
(646, 1, 1194),
(647, 1, 1195),
(648, 1, 1196),
(649, 1, 1197),
(650, 1, 1198),
(651, 1, 1199),
(652, 1, 1200),
(653, 1, 1201),
(654, 1, 1202),
(655, 1, 1203),
(656, 1, 1204),
(657, 1, 1205),
(658, 1, 1206),
(659, 1, 1207),
(660, 1, 1208),
(661, 1, 1209),
(662, 1, 1210),
(663, 1, 1211),
(664, 1, 1212),
(665, 1, 1213),
(666, 1, 1214),
(667, 1, 1215),
(668, 1, 1216),
(669, 1, 1217),
(670, 1, 1218),
(671, 1, 1219),
(672, 1, 1220),
(673, 1, 1221),
(674, 1, 1222),
(675, 1, 1223),
(676, 1, 1224),
(677, 1, 1225),
(678, 1, 1226),
(679, 1, 1227),
(680, 1, 1228),
(681, 1, 1229),
(682, 1, 1230),
(683, 1, 1231),
(684, 1, 1232),
(685, 1, 1233),
(686, 1, 1234),
(687, 1, 1235),
(688, 1, 1236),
(689, 1, 1237),
(690, 1, 1238),
(691, 1, 1239),
(692, 1, 1240),
(693, 1, 1241),
(694, 1, 1242),
(695, 1, 1243),
(696, 1, 1244),
(697, 1, 1245),
(698, 1, 1246),
(699, 1, 1247),
(700, 1, 1248),
(701, 1, 1249),
(702, 1, 1250),
(703, 1, 1251),
(704, 1, 1252),
(705, 1, 1253),
(706, 1, 1254),
(707, 1, 1255),
(708, 1, 1256),
(709, 1, 1257),
(710, 1, 1258),
(711, 1, 1259),
(712, 1, 1260),
(713, 1, 1261),
(714, 1, 1262),
(715, 1, 1263),
(716, 1, 1264),
(717, 1, 1265),
(718, 1, 1266),
(719, 1, 1267),
(720, 1, 1268),
(721, 1, 1269),
(722, 1, 1270),
(723, 1, 1271),
(724, 1, 1272),
(725, 1, 1273),
(726, 1, 1274),
(727, 1, 1275),
(728, 1, 1276),
(729, 1, 1277),
(730, 1, 1278),
(731, 1, 1279),
(732, 1, 1280),
(733, 1, 1281),
(734, 1, 1282),
(735, 1, 1283),
(736, 1, 1284),
(737, 1, 1285),
(738, 1, 1286),
(739, 1, 1287),
(740, 1, 1288),
(741, 1, 1289),
(742, 1, 1290),
(743, 1, 1291),
(744, 1, 1292),
(745, 1, 1293),
(746, 1, 1294),
(747, 1, 1295),
(748, 1, 1296),
(749, 1, 1297),
(750, 1, 1298),
(751, 1, 1299),
(752, 1, 1300),
(753, 1, 1301),
(754, 1, 1302),
(755, 1, 1303),
(756, 1, 1304),
(757, 1, 1305),
(758, 1, 1306),
(759, 1, 1307),
(760, 1, 1308),
(761, 1, 1309),
(762, 1, 1310),
(763, 1, 1311),
(764, 1, 1312),
(765, 1, 1313),
(766, 1, 1314),
(767, 1, 1315),
(768, 1, 1316),
(769, 1, 1317),
(770, 1, 1318),
(771, 1, 1319),
(772, 1, 1320),
(773, 1, 1321),
(774, 1, 1322),
(775, 1, 1323),
(776, 1, 1324),
(777, 1, 1325),
(778, 1, 1326),
(779, 1, 1327),
(780, 1, 1328),
(781, 1, 1329),
(782, 1, 1330),
(783, 1, 1331),
(784, 1, 1332),
(785, 1, 1333),
(786, 1, 1334),
(787, 1, 1335),
(788, 1, 1336),
(789, 1, 1337),
(790, 1, 1338),
(791, 1, 1339),
(792, 1, 1340),
(793, 1, 1341),
(794, 1, 1342),
(795, 1, 1343),
(796, 1, 1344),
(797, 1, 1345),
(798, 1, 1346),
(799, 1, 1347),
(800, 1, 1348),
(801, 1, 1349),
(802, 1, 1350),
(803, 1, 1351),
(804, 1, 1352),
(805, 1, 1353),
(806, 1, 1354),
(807, 1, 1355),
(808, 1, 1356),
(809, 1, 1357),
(810, 1, 1358),
(811, 1, 1359),
(812, 1, 1360),
(813, 1, 1361),
(814, 1, 1362),
(815, 1, 1363),
(816, 1, 1364),
(817, 1, 1365),
(818, 1, 1366),
(819, 1, 1367),
(820, 1, 1368),
(821, 1, 1369),
(822, 1, 1370),
(823, 1, 1371),
(824, 1, 1372),
(825, 1, 1373),
(826, 1, 1374),
(827, 1, 1375),
(828, 1, 1376),
(829, 1, 1377),
(830, 1, 1378),
(831, 1, 1379),
(832, 1, 1380),
(833, 1, 1381),
(834, 1, 1382),
(835, 1, 1383),
(836, 1, 1384),
(837, 1, 1385),
(838, 1, 1386),
(839, 1, 1387),
(840, 1, 1388),
(841, 1, 1389),
(842, 1, 1390),
(843, 1, 1391),
(844, 1, 1392),
(845, 1, 1393),
(846, 1, 1394),
(847, 1, 1395),
(848, 1, 1396),
(849, 1, 1397),
(850, 1, 1398),
(851, 1, 1399),
(852, 1, 1400),
(853, 1, 1401),
(854, 1, 1402),
(855, 1, 1403),
(856, 1, 1404),
(857, 1, 1405),
(858, 1, 1406),
(859, 1, 1407),
(860, 1, 1408),
(861, 1, 1409),
(862, 1, 1410),
(863, 1, 1411),
(864, 1, 1412),
(865, 1, 1413),
(866, 1, 1414),
(867, 1, 1415),
(868, 1, 1416),
(869, 1, 1417),
(870, 1, 1418),
(871, 1, 1419),
(872, 1, 1420),
(873, 1, 1421),
(874, 1, 1422),
(875, 1, 1423),
(876, 1, 1424),
(877, 1, 1425),
(878, 1, 1426),
(879, 1, 1427),
(880, 1, 1428),
(881, 1, 1429),
(882, 1, 1430),
(883, 1, 1431),
(884, 1, 1432),
(885, 1, 1433),
(886, 1, 1434),
(887, 1, 1435),
(888, 1, 1436),
(889, 1, 1437),
(890, 1, 1438),
(891, 1, 1439),
(892, 1, 1440),
(893, 1, 1441),
(894, 1, 1442),
(895, 1, 1443),
(896, 1, 1444),
(897, 1, 1445),
(898, 1, 1446),
(899, 1, 1447),
(900, 1, 1448),
(901, 1, 1449),
(902, 1, 1450),
(903, 1, 1451),
(904, 1, 1452),
(905, 1, 1453),
(906, 1, 1454),
(907, 1, 1455),
(908, 1, 1456),
(909, 1, 1457),
(910, 1, 1458),
(911, 1, 1459),
(912, 1, 1460),
(913, 1, 1461),
(914, 1, 1462),
(915, 1, 1463),
(916, 1, 1464),
(917, 1, 1485),
(918, 1, 1486),
(919, 1, 1487),
(920, 1, 1488),
(921, 1, 1489),
(922, 1, 1490),
(923, 1, 1491),
(924, 1, 1492),
(925, 1, 1493),
(926, 1, 1494),
(927, 1, 1495),
(928, 1, 1496),
(929, 1, 1497),
(930, 1, 1498),
(931, 1, 1499),
(932, 1, 1500),
(933, 1, 1501),
(934, 1, 1502),
(935, 1, 1503),
(936, 1, 1504),
(937, 1, 1505),
(938, 1, 1506),
(939, 1, 1507),
(940, 1, 1508),
(941, 1, 1509),
(942, 1, 1510),
(943, 1, 1511),
(944, 1, 1512),
(945, 1, 1515),
(946, 1, 1516),
(947, 1, 1517),
(948, 1, 1518),
(949, 1, 1519),
(950, 1, 1520),
(951, 1, 1521),
(952, 1, 1522),
(953, 1, 1523),
(954, 1, 1524),
(955, 1, 1525),
(956, 1, 1526),
(957, 1, 1527),
(958, 1, 1528),
(959, 1, 1529),
(960, 1, 1530),
(961, 1, 1531),
(962, 1, 1532),
(963, 1, 1533),
(964, 1, 1534),
(965, 1, 1535),
(966, 1, 1543),
(967, 1, 1544),
(968, 1, 1545),
(969, 1, 1547),
(970, 1, 1548),
(971, 1, 1549),
(972, 1, 1550),
(973, 1, 1551),
(974, 1, 1552),
(975, 1, 1553),
(976, 1, 1554),
(977, 1, 1555),
(978, 1, 1556),
(979, 1, 1557),
(980, 1, 1558),
(981, 1, 1559),
(982, 1, 1560),
(983, 1, 1581),
(984, 1, 1582),
(985, 1, 1583),
(986, 1, 1584),
(987, 1, 1585),
(988, 1, 1586),
(989, 1, 1587),
(990, 1, 1590),
(991, 1, 1596),
(992, 1, 1597),
(993, 1, 1598),
(994, 1, 1599),
(995, 1, 1600),
(996, 1, 1601),
(997, 1, 1602),
(998, 1, 1603),
(999, 1, 1604),
(1000, 1, 1605),
(1001, 1, 1607),
(1002, 1, 1608),
(1003, 1, 1609),
(1004, 1, 1610),
(1005, 1, 1611),
(1006, 1, 1613),
(1007, 1, 1614),
(1008, 1, 1615),
(1009, 1, 1616),
(1010, 1, 1617),
(1011, 1, 1618),
(1012, 1, 1620),
(1013, 1, 1621),
(1014, 1, 1622),
(1015, 1, 1623),
(1016, 1, 1624),
(1017, 1, 1625),
(1018, 1, 1626),
(1019, 1, 1628),
(1020, 1, 1629),
(1021, 1, 1630),
(1022, 1, 1631),
(1023, 1, 1632),
(1024, 1, 1634),
(1025, 1, 1635),
(1026, 1, 1636),
(1027, 1, 1637),
(1028, 1, 1638),
(1029, 1, 1639),
(1030, 1, 1640),
(1031, 1, 1641),
(1032, 1, 1642),
(1033, 1, 1643),
(1034, 1, 1644),
(1035, 1, 1645),
(1036, 1, 1646),
(1037, 1, 1647),
(1038, 1, 1648),
(1039, 1, 1649),
(1040, 1, 1650),
(1041, 1, 1651),
(1042, 1, 1652),
(1043, 1, 1653),
(1044, 1, 1654),
(1045, 1, 1655),
(1046, 1, 1656),
(1047, 1, 1657),
(1048, 1, 1658),
(1049, 1, 1659),
(1050, 1, 1660),
(1051, 1, 1661),
(1052, 1, 1662),
(1053, 1, 1663),
(1054, 1, 1664),
(1055, 1, 1665),
(1056, 1, 1666),
(1057, 1, 1673),
(1058, 1, 1677),
(1059, 1, 1678),
(1060, 1, 1679),
(1061, 1, 1680),
(1062, 1, 1681),
(1063, 1, 1682),
(1064, 1, 1683),
(1065, 1, 1684),
(1066, 1, 1685),
(1067, 1, 1686),
(1068, 1, 1687),
(1069, 1, 1688),
(1070, 1, 1690),
(1071, 1, 1691),
(1072, 1, 1692),
(1073, 1, 1693),
(1074, 1, 1694),
(1075, 1, 1695),
(1076, 1, 1696),
(1077, 1, 1698),
(1078, 1, 1699),
(1079, 1, 1700),
(1080, 1, 1701),
(1081, 1, 1702),
(1082, 1, 1703),
(1083, 1, 1704),
(1084, 1, 1705),
(1085, 1, 1706),
(1086, 1, 1707),
(1087, 1, 1708),
(1088, 1, 1709),
(1089, 1, 1710),
(1090, 1, 1711),
(1091, 1, 1712),
(1092, 1, 1713),
(1093, 1, 1714),
(1094, 1, 1715),
(1095, 1, 1716),
(1096, 1, 1717),
(1097, 1, 1718),
(1098, 1, 1719),
(1099, 1, 1720),
(1100, 1, 1721),
(1101, 1, 1722),
(1102, 1, 1723),
(1103, 1, 1724),
(1104, 1, 1725),
(1105, 1, 1726),
(1106, 1, 1727),
(1107, 1, 1728),
(1108, 1, 1729),
(1109, 1, 1730),
(1110, 1, 1731),
(1111, 1, 1732),
(1112, 1, 1733),
(1113, 1, 1734),
(1114, 1, 1735),
(1115, 1, 1736),
(1116, 1, 1737),
(1117, 1, 1738),
(1118, 1, 1739),
(1119, 1, 1740),
(1120, 1, 1741),
(1121, 1, 1742),
(1122, 1, 1743),
(1123, 1, 1744),
(1124, 1, 1745),
(1125, 1, 1746),
(1126, 1, 1747),
(1127, 1, 1748),
(1128, 1, 1749),
(1129, 1, 1750),
(1130, 1, 1751),
(1131, 1, 1752),
(1132, 1, 1753),
(1133, 1, 1754),
(1134, 1, 1755),
(1135, 1, 1756),
(1136, 1, 1757),
(1137, 1, 1758),
(1138, 1, 1759),
(1139, 1, 1760),
(1140, 1, 1761),
(1141, 1, 1762),
(1142, 1, 1763),
(1143, 1, 1764),
(1144, 1, 1765),
(1145, 1, 1766),
(1146, 1, 1767),
(1147, 1, 1768),
(1148, 1, 1769),
(1149, 1, 1770),
(1150, 1, 1771),
(1151, 1, 1772),
(1152, 1, 1773),
(1153, 1, 1774),
(1154, 1, 1775),
(1155, 1, 1776),
(1156, 1, 1777),
(1157, 1, 1778),
(1158, 1, 1779),
(1159, 1, 1780),
(1160, 1, 1781),
(1161, 1, 1782),
(1162, 1, 1783),
(1163, 1, 1784),
(1164, 1, 1785),
(1165, 1, 1786),
(1166, 1, 1787),
(1167, 1, 1788),
(1168, 1, 1789),
(1169, 1, 1790),
(1170, 1, 1791),
(1171, 1, 1792),
(1172, 1, 1793),
(1173, 1, 1794),
(1174, 1, 1795),
(1175, 1, 1796),
(1176, 1, 1797),
(1177, 1, 1798),
(1178, 1, 1799),
(1179, 1, 1800),
(1180, 1, 1801),
(1181, 1, 1802),
(1182, 1, 1803),
(1183, 1, 1804),
(1184, 1, 1805),
(1185, 1, 1806),
(1186, 1, 1807),
(1187, 1, 1808),
(1188, 1, 1809),
(1189, 1, 1810),
(1190, 1, 1811),
(1191, 1, 1812),
(1192, 1, 1813),
(1193, 1, 1814),
(1194, 1, 1815),
(1195, 1, 1816),
(1196, 1, 1817),
(1197, 1, 1818),
(1198, 1, 1819),
(1199, 1, 1820),
(1200, 1, 1821),
(1201, 1, 1822),
(1202, 1, 1823),
(1203, 1, 1824),
(1204, 1, 1825),
(1205, 1, 1826),
(1206, 1, 1827),
(1207, 1, 1828),
(1208, 1, 1829),
(1209, 1, 1830),
(1210, 1, 1831),
(1211, 1, 1832),
(1212, 1, 1833),
(1213, 1, 1834),
(1214, 1, 1835),
(1215, 1, 1836),
(1216, 1, 1837),
(1217, 1, 1838),
(1218, 1, 1839),
(1219, 1, 1840),
(1220, 1, 1841),
(1221, 1, 1842),
(1222, 1, 1843),
(1223, 1, 1844),
(1224, 1, 1845),
(1225, 1, 1846),
(1226, 1, 1847),
(1227, 1, 1848),
(1228, 1, 1849),
(1229, 1, 1850),
(1230, 1, 1851),
(1231, 1, 1852),
(1232, 1, 1853),
(1233, 1, 1854),
(1234, 1, 1855),
(1235, 1, 1856),
(1236, 1, 1857),
(1237, 1, 1858),
(1238, 1, 1859),
(1239, 1, 1860),
(1240, 1, 1861),
(1241, 1, 1862),
(1242, 1, 1863),
(1243, 1, 1864),
(1244, 1, 1865),
(1245, 1, 1866),
(1246, 1, 1867),
(1247, 1, 1868),
(1248, 1, 1869),
(1249, 1, 1870),
(1250, 1, 1871),
(1251, 1, 1872),
(1252, 1, 1873),
(1253, 1, 1874),
(1254, 1, 1875),
(1255, 1, 1876),
(1256, 1, 1877),
(1257, 1, 1878),
(1258, 1, 1879),
(1259, 1, 1880),
(1260, 1, 1881),
(1261, 1, 1882),
(1262, 1, 1883),
(1263, 1, 1884),
(1264, 1, 1885),
(1265, 1, 1886),
(1266, 1, 1887),
(1267, 1, 1888),
(1268, 1, 1889),
(1269, 1, 1890),
(1270, 1, 1891),
(1271, 1, 1892),
(1272, 1, 1893),
(1273, 1, 1894),
(1274, 1, 1895),
(1275, 1, 1896),
(1276, 1, 1897),
(1277, 1, 1898),
(1278, 1, 1899),
(1279, 1, 1900),
(1280, 1, 1901),
(1281, 1, 1902),
(1282, 1, 1903),
(1283, 1, 1904),
(1284, 1, 1905),
(1285, 1, 1906),
(1286, 1, 1907),
(1287, 1, 1908),
(1288, 1, 1909),
(1289, 1, 1910),
(1290, 1, 1911),
(1291, 1, 1912),
(1292, 1, 1913),
(1293, 1, 1914),
(1294, 1, 1915),
(1295, 1, 1916),
(1296, 1, 1917),
(1297, 1, 1918),
(1298, 1, 1919),
(1299, 1, 1920),
(1300, 1, 1921),
(1301, 1, 1922),
(1302, 1, 1923),
(1303, 1, 1924),
(1304, 1, 1925),
(1305, 1, 1926),
(1306, 1, 1927),
(1307, 1, 1928),
(1308, 1, 1929),
(1309, 1, 1930),
(1310, 1, 1931),
(1311, 1, 1932),
(1312, 1, 1933),
(1313, 1, 1934),
(1314, 1, 1935),
(1315, 1, 1936),
(1316, 1, 1937),
(1317, 1, 1938),
(1318, 1, 1939),
(1319, 1, 1940),
(1320, 1, 1941),
(1321, 1, 1942),
(1322, 1, 1943),
(1323, 1, 1944),
(1324, 1, 1945),
(1325, 1, 1946),
(1326, 1, 1947),
(1327, 1, 1948),
(1328, 1, 1949),
(1329, 1, 1950),
(1330, 1, 1951),
(1331, 1, 1952),
(1332, 1, 1953),
(1333, 1, 1954),
(1334, 1, 1955),
(1335, 1, 1956),
(1336, 1, 1957),
(1337, 1, 1958),
(1338, 1, 1959),
(1339, 1, 1960),
(1340, 1, 1961),
(1341, 1, 1962),
(1342, 1, 1963),
(1343, 1, 1964),
(1344, 1, 1965),
(1345, 1, 1966),
(1346, 1, 1967),
(1347, 1, 1968),
(1348, 1, 1969),
(1349, 1, 1970),
(1350, 1, 1971),
(1351, 1, 1972),
(1352, 1, 1973),
(1353, 1, 1974),
(1354, 1, 1975),
(1355, 1, 1976),
(1356, 1, 1977),
(1357, 1, 1978),
(1358, 1, 1979),
(1359, 1, 1980),
(1360, 1, 1981),
(1361, 1, 1982),
(1362, 1, 1984),
(1363, 1, 1985),
(1364, 1, 1986),
(1365, 1, 1987),
(1366, 1, 1988),
(1367, 1, 1989),
(1368, 1, 1990),
(1369, 1, 1991),
(1370, 1, 1992),
(1371, 1, 2000),
(1372, 1, 2004);

--
-- Daten für Tabelle `liturgical_chant`
--

INSERT INTO `liturgical_chant` (`improvement_chart`, `id`, `cast_time_id`, `check1_id`, `check2_id`, `check3_id`, `cost_id`, `duration_id`, `range_id`) VALUES
('A', 87, 1, 1, 2, 4, 1, 1, 1),
('B', 88, 2, 3, 4, 4, 2, 2, 2),
('B', 89, 3, 1, 2, 4, 3, 1, 1),
('A', 90, 1, 1, 2, 3, 4, 3, 3),
(NULL, 91, 1, 3, 4, 4, 2, 4, 3),
('B', 92, 3, 1, 3, 4, 2, 5, 3),
('A', 93, 4, 2, 2, 3, 4, 5, 1),
('B', 94, 3, 1, 3, 4, 2, 5, 2),
('A', 95, 1, 1, 3, 6, 2, 6, 1),
('B', 96, 1, 1, 3, 4, 2, 7, 1),
('B', 97, 3, 2, 3, 4, 5, 2, 2),
('A', 98, 3, 2, 3, 3, 2, 2, 1),
('A', 99, 3, 3, 3, 4, 4, 6, 4),
('B', 100, 5, 2, 3, 4, 6, 2, 2),
(NULL, 101, 1, 1, 3, 4, 2, 8, 5),
('B', 102, 1, 1, 1, 4, 7, 2, 3),
('B', 103, 2, 1, 3, 4, 8, 2, 6),
('B', 104, 5, 2, 3, 4, 9, 2, 2),
('B', 105, 3, 3, 3, 6, 1, 1, 1),
('C', 106, 3, 1, 3, 4, 10, 1, 1),
('A', 107, 2, 2, 3, 3, 4, 9, 3),
('A', 108, 3, 2, 2, 3, 11, 1, 1),
('B', 109, 1, 2, 3, 4, 2, 5, 1),
('C', 110, 3, 2, 3, 4, 12, 10, 1),
('B', 111, 3, 1, 3, 4, 13, 2, 3),
('B', 112, 6, 1, 3, 4, 13, 8, 6),
(NULL, 113, 2, 2, 3, 4, 2, 8, 2),
('B', 114, 3, 1, 3, 4, 4, 11, 2),
('A', 115, 4, 1, 2, 3, 4, 11, 4),
(NULL, 116, 3, 1, 2, 4, 14, 2, 6),
('A', 117, 5, 2, 3, 4, 2, 12, 2),
('A', 118, 5, 1, 2, 3, 2, 11, 7),
('B', 119, 2, 2, 3, 4, 2, 5, 3),
('B', 120, 2, 1, 2, 3, 2, 5, 4),
('A', 121, 4, 1, 2, 3, 2, 5, 4),
('C', 122, 1, 1, 3, 7, 2, 6, 1),
('B', 123, 1, 1, 3, 4, 2, 5, 6),
('A', 124, 2, 2, 3, 4, 2, 13, 3),
('C', 125, 4, 1, 2, 3, 13, 5, 2),
('B', 126, 2, 3, 3, 6, 2, 5, 1),
('B', 127, 2, 2, 2, 3, 2, 11, 1);

--
-- Daten für Tabelle `liturgical_chant_targets`
--

INSERT INTO `liturgical_chant_targets` (`liturgical_chant_id`, `targets_id`) VALUES
(87, 1),
(88, 2),
(89, 3),
(90, 1),
(91, 2),
(92, 2),
(93, 2),
(94, 2),
(94, 4),
(95, 2),
(96, 2),
(97, 1),
(98, 2),
(99, 3),
(100, 2),
(100, 4),
(101, 5),
(102, 6),
(103, 7),
(104, 1),
(105, 2),
(106, 2),
(107, 1),
(107, 8),
(108, 2),
(109, 2),
(110, 3),
(111, 1),
(112, 2),
(113, 2),
(114, 8),
(115, 3),
(116, 9),
(117, 10),
(118, 11),
(119, 2),
(120, 8),
(121, 12),
(122, 2),
(123, 2),
(124, 8),
(125, 2),
(126, 2),
(127, 1);

--
-- Daten für Tabelle `property`
--

INSERT INTO `property` (`type`, `id`, `name`, `wiki_url`, `subcategory_of_id`) VALUES
('Eigenschaft', 1, 'Mut', NULL, NULL),
('Eigenschaft', 2, 'Klugheit', NULL, NULL),
('Eigenschaft', 3, 'Intuition', NULL, NULL),
('Eigenschaft', 4, 'Charisma', NULL, NULL),
('Eigenschaft', 5, 'Fingerfertigkeit', NULL, NULL),
('Eigenschaft', 6, 'Gewandtheit', NULL, NULL),
('Eigenschaft', 7, 'Konstitution', NULL, NULL),
('Eigenschaft', 8, 'Körperkraft', NULL, NULL),
('Fertigkeit', 9, 'Fliegen', NULL, NULL),
('Fertigkeit', 10, 'Gaukeleien', NULL, NULL),
('Fertigkeit', 11, 'Klettern', NULL, NULL),
('Fertigkeit', 12, 'Körperbeherrschung', NULL, NULL),
('Fertigkeit', 13, 'Kraftakt', NULL, NULL),
('Fertigkeit', 14, 'Reiten', NULL, NULL),
('Fertigkeit', 15, 'Schwimmen', NULL, NULL),
('Fertigkeit', 16, 'Selbstbeherrschung', NULL, NULL),
('Fertigkeit', 17, 'Singen', NULL, NULL),
('Fertigkeit', 18, 'Sinnesschärfe', NULL, NULL),
('Fertigkeit', 19, 'Tanzen', NULL, NULL),
('Fertigkeit', 20, 'Taschendiebstahl', NULL, NULL),
('Fertigkeit', 21, 'Verbergen', NULL, NULL),
('Fertigkeit', 22, 'Zechen', NULL, NULL),
('Fertigkeit', 23, 'Bekehren & Überzeugen', NULL, NULL),
('Fertigkeit', 24, 'Betören', NULL, NULL),
('Fertigkeit', 25, 'Einschüchtern', NULL, NULL),
('Fertigkeit', 26, 'Etikette', NULL, NULL),
('Fertigkeit', 27, 'Gassenwissen', NULL, NULL),
('Fertigkeit', 28, 'Menschenkenntnis', NULL, NULL),
('Fertigkeit', 29, 'Überreden', NULL, NULL),
('Fertigkeit', 30, 'Verkleiden', NULL, NULL),
('Fertigkeit', 31, 'Willenskraft', NULL, NULL),
('Fertigkeit', 32, 'Fährtensuchen', NULL, NULL),
('Fertigkeit', 33, 'Fesseln', NULL, NULL),
('Fertigkeit', 34, 'Fischen & Angeln', NULL, NULL),
('Fertigkeit', 35, 'Orientierung', NULL, NULL),
('Fertigkeit', 36, 'Pflanzenkunde', NULL, NULL),
('Fertigkeit', 37, 'Tierkunde', NULL, NULL),
('Fertigkeit', 38, 'Wildnisleben', NULL, NULL),
('Fertigkeit', 39, 'Brett- & Glücksspiel', NULL, NULL),
('Fertigkeit', 40, 'Geographie', NULL, NULL),
('Fertigkeit', 41, 'Geschichtswissen', NULL, NULL),
('Fertigkeit', 42, 'Götter & Kulte', NULL, NULL),
('Fertigkeit', 43, 'Kriegskunst', NULL, NULL),
('Fertigkeit', 44, 'Magiekunde', NULL, NULL),
('Fertigkeit', 45, 'Mechanik', NULL, NULL),
('Fertigkeit', 46, 'Rechnen', NULL, NULL),
('Fertigkeit', 47, 'Rechtskunde', NULL, NULL),
('Fertigkeit', 48, 'Sagen & Legenden', NULL, NULL),
('Fertigkeit', 49, 'Sphärenkunde', NULL, NULL),
('Fertigkeit', 50, 'Sternkunde', NULL, NULL),
('Fertigkeit', 51, 'Alchimie', NULL, NULL),
('Fertigkeit', 52, 'Boote & Schiffe', NULL, NULL),
('Fertigkeit', 53, 'Fahrzeuge', NULL, NULL),
('Fertigkeit', 54, 'Handel', NULL, NULL),
('Fertigkeit', 55, 'Heilkunde Gift', NULL, NULL),
('Fertigkeit', 56, 'Heilkunde Krankheiten', NULL, NULL),
('Fertigkeit', 57, 'Heilkunde Seele', NULL, NULL),
('Fertigkeit', 58, 'Heilkunde Wunden', NULL, NULL),
('Fertigkeit', 59, 'Holzbearbeitung', NULL, NULL),
('Fertigkeit', 60, 'Lebensmittelbearbeitung', NULL, NULL),
('Fertigkeit', 61, 'Lederbearbeitung', NULL, NULL),
('Fertigkeit', 62, 'Malen & Zeichnen', NULL, NULL),
('Fertigkeit', 63, 'Metallbearbeitung', NULL, NULL),
('Fertigkeit', 64, 'Musizieren', NULL, NULL),
('Fertigkeit', 65, 'Schlösserknacken', NULL, NULL),
('Fertigkeit', 66, 'Steinbearbeitung', NULL, NULL),
('Fertigkeit', 67, 'Stoffbearbeitung', NULL, NULL),
('Kampftechnik', 68, 'Armbrüste', 'http://www.ulisses-regelwiki.de/index.php/KT_Armbrüste.html', NULL),
('Kampftechnik', 69, 'Blasrohre', 'http://www.ulisses-regelwiki.de/index.php/KT_Blasrohre.html', NULL),
('Kampftechnik', 70, 'Bögen', 'http://www.ulisses-regelwiki.de/index.php/kt_boegen.html', NULL),
('Kampftechnik', 71, 'Dikusse', 'http://www.ulisses-regelwiki.de/index.php/KT_Diskusse.html', NULL),
('Kampftechnik', 72, 'Feierspeien', 'http://www.ulisses-regelwiki.de/index.php/KT_Feuerspeien.html', NULL),
('Kampftechnik', 73, 'Schleudern', 'http://www.ulisses-regelwiki.de/index.php/KT_Schleudern.html', NULL),
('Kampftechnik', 74, 'Wurfwaffen', 'http://www.ulisses-regelwiki.de/index.php/KT_Wurfwaffen.html', NULL),
('Kampftechnik', 75, 'Dolche', 'http://www.ulisses-regelwiki.de/index.php/KT_Dolche.html', NULL),
('Kampftechnik', 76, 'Fechtwaffen', 'http://www.ulisses-regelwiki.de/index.php/KT_Fechtwaffen.html', NULL),
('Kampftechnik', 77, 'Hiebwaffen', 'http://www.ulisses-regelwiki.de/index.php/KT_Hiebwaffen.html', NULL),
('Kampftechnik', 78, 'Kettenwaffen', 'http://www.ulisses-regelwiki.de/index.php/KT_Kettenwaffen.html', NULL),
('Kampftechnik', 79, 'Lanzen', 'http://www.ulisses-regelwiki.de/index.php/KT_Lanzen.html', NULL),
('Kampftechnik', 80, 'Peitschen', 'http://www.ulisses-regelwiki.de/index.php/KT_Peitschen.html', NULL),
('Kampftechnik', 81, 'Raufen', 'http://www.ulisses-regelwiki.de/index.php/KT_Raufen.html', NULL),
('Kampftechnik', 82, 'Schilde', 'http://www.ulisses-regelwiki.de/index.php/KT_Schilde.html', NULL),
('Kampftechnik', 83, 'Schwerter', 'http://www.ulisses-regelwiki.de/index.php/kt_schwerter.html', NULL),
('Kampftechnik', 84, 'Stangenwaffen', 'http://www.ulisses-regelwiki.de/index.php/KT_Stangenwaffen.html', NULL),
('Kampftechnik', 85, 'Zweihandhiebwaffen', 'http://www.ulisses-regelwiki.de/index.php/KT_Zweihandhiebwaffen.html', NULL),
('Kampftechnik', 86, 'Zweihandschwerter', 'http://www.ulisses-regelwiki.de/index.php/KT_Zweihandschwerter.html', NULL),
('Liturgie', 87, 'Bann der Dunkelheit', 'http://www.ulisses-regelwiki.de/index.php/Lit_BannderDunkelheit.html', NULL),
('Liturgie', 88, 'Bann der Furcht', 'http://www.ulisses-regelwiki.de/index.php/Lit_BannderFurcht.html', NULL),
('Liturgie', 89, 'Bann des Lichts', 'http://www.ulisses-regelwiki.de/index.php/Lit_BanndesLichts.html', NULL),
('Liturgie', 90, 'Blendstrahl', 'http://www.ulisses-regelwiki.de/index.php/Lit_Blendstrahl.html', NULL),
('Liturgie', 91, 'Des Einen bezaubernder Sphärenklang', 'http://www.ulisses-regelwiki.de/index.php/Lit_DesEinenbezaubernderSphaerenklang.html', NULL),
('Liturgie', 92, 'Ehrenhaftigkeit', 'http://www.ulisses-regelwiki.de/index.php/Lit_Ehrenhaftigkeit.html', NULL),
('Liturgie', 93, 'Entzifferung', 'http://www.ulisses-regelwiki.de/index.php/Lit_Entzifferung.html', NULL),
('Liturgie', 94, 'Ermutigung', 'http://www.ulisses-regelwiki.de/index.php/Lit_Ermutigiung.html', NULL),
('Liturgie', 95, 'Fall ins Nichts', 'http://www.ulisses-regelwiki.de/index.php/Lit_FallinsNichts.html', NULL),
('Liturgie', 96, 'Friedvolle Aura', 'http://www.ulisses-regelwiki.de/index.php/Lit_FriedvolleAura.html', NULL),
('Liturgie', 97, 'Giftbann', 'http://www.ulisses-regelwiki.de/index.php/Lit_Giftbann.html', NULL),
('Liturgie', 98, 'Göttlicher Fingerzeig', 'http://www.ulisses-regelwiki.de/index.php/Lit_GöttlicherFingerzeig.html', NULL),
('Liturgie', 99, 'Göttliches Zeichen', 'http://www.ulisses-regelwiki.de/index.php/Lit_GöttlichesZeichen.html', NULL),
('Liturgie', 100, 'Heilsegen', 'http://www.ulisses-regelwiki.de/index.php/Lit_Heilsegen.html', NULL),
('Liturgie', 101, 'Herbeirufung der Heerscharen des Rattenkindes', 'http://www.ulisses-regelwiki.de/index.php/Lit_HerbeirufungHeerscharenRattenkindes.html', NULL),
('Liturgie', 102, 'Kleiner Bann wider Untote', 'http://www.ulisses-regelwiki.de/index.php/Lit_KleinerBannwiderUntote.html', NULL),
('Liturgie', 103, 'Kleiner Bannstrahl', 'http://www.ulisses-regelwiki.de/index.php/Lit_KleinerBannstrahl.html', NULL),
('Liturgie', 104, 'Krankheitsbann', 'http://www.ulisses-regelwiki.de/index.php/Lit_Krankheitsbann.html', NULL),
('Liturgie', 105, 'Lautlos', 'http://www.ulisses-regelwiki.de/index.php/Lit_Lautlos.html', NULL),
('Liturgie', 106, 'Magieschutz', 'http://www.ulisses-regelwiki.de/index.php/Lit_Magieschutz.html', NULL),
('Liturgie', 107, 'Magiesicht', 'http://www.ulisses-regelwiki.de/index.php/Lit_Magiesicht.html', NULL),
('Liturgie', 108, 'Mondsicht', 'http://www.ulisses-regelwiki.de/index.php/Lit_Mondsicht.html', NULL),
('Liturgie', 109, 'Mondsilberzunge', 'http://www.ulisses-regelwiki.de/index.php/Lit_Mondsilberzunge.html', NULL),
('Liturgie', 110, 'Namenlose Kälte', 'http://www.ulisses-regelwiki.de/index.php/Lit_NamenloseKaelte.html', NULL),
('Liturgie', 111, 'Namenlose Raserei', 'http://www.ulisses-regelwiki.de/index.php/Lit_NamenloseRaserei.html', NULL),
('Liturgie', 112, 'Namenlose Zweifel', 'http://www.ulisses-regelwiki.de/index.php/Lit_NamenloseZweifel.html', NULL),
('Liturgie', 113, 'Namenloses Vergessen', 'http://www.ulisses-regelwiki.de/index.php/Lit_NamenlosesVergessen.html', NULL),
('Liturgie', 114, 'Objektsegen', 'http://www.ulisses-regelwiki.de/index.php/Lit_Objektsegen.html', NULL),
('Liturgie', 115, 'Ort der Ruhe', 'http://www.ulisses-regelwiki.de/index.php/Lit_OrtderRuhe.html', NULL),
('Liturgie', 116, 'Pech-und-Schwefel-Strahl', 'http://www.ulisses-regelwiki.de/index.php/Lit_PechundSchwefelStrahl.html', NULL),
('Liturgie', 117, 'Pflanzenwuchs', 'http://www.ulisses-regelwiki.de/index.php/Lit_Pflanzenwuchs.html', NULL),
('Liturgie', 118, 'Rabenruf', 'http://www.ulisses-regelwiki.de/index.php/Lit_Rabenruf.html', NULL),
('Liturgie', 119, 'Schlaf', 'http://www.ulisses-regelwiki.de/index.php/Lit_Schlaf.html', NULL),
('Liturgie', 120, 'Schlangenstab', 'http://www.ulisses-regelwiki.de/index.php/Lit_Schlangenstab.html', NULL),
('Liturgie', 121, 'Schlangenzunge', 'http://www.ulisses-regelwiki.de/index.php/Lit_Schlangenzunge.html', NULL),
('Liturgie', 122, 'Schmerzresistenz', 'http://www.ulisses-regelwiki.de/index.php/Lit_Schmerzresistenz.html', NULL),
('Liturgie', 123, 'Schutz der Wehrlosen', 'http://www.ulisses-regelwiki.de/index.php/Lit_SchutzderWehrlosen.html', NULL),
('Liturgie', 124, 'Sternenglanz', 'http://www.ulisses-regelwiki.de/index.php/Lit_Sternenglanz.html', NULL),
('Liturgie', 125, 'Wahrheit', 'http://www.ulisses-regelwiki.de/index.php/Lit_Wahrheit.html', NULL),
('Liturgie', 126, 'Wieselflink', 'http://www.ulisses-regelwiki.de/index.php/Lit_Wieselflink.html', NULL),
('Liturgie', 127, 'Wundersame Verständigung', 'http://www.ulisses-regelwiki.de/index.php/Lit_WundersameVerständigung.html', NULL),
('Ritual', 128, 'Accuratum', 'http://www.ulisses-regelwiki.de/index.php/Rit_Accuratum.html', NULL),
('Ritual', 129, 'Arcanovi', 'http://www.ulisses-regelwiki.de/index.php/Rit_Arcanovi.html', NULL),
('Ritual', 130, 'Aufmerksamer Wächter', 'http://www.ulisses-regelwiki.de/index.php/Rit_AufmerksamerWaechter.html', NULL),
('Ritual', 131, 'Caldofrigo', 'http://www.ulisses-regelwiki.de/index.php/Rit_Caldofrigo.html', NULL),
('Ritual', 132, 'Dschinnenruf', 'http://www.ulisses-regelwiki.de/index.php/Rit_Dschinnenruf.html', NULL),
('Ritual', 133, 'Elementarer Diener', 'http://www.ulisses-regelwiki.de/index.php/Rit_Diener.html', NULL),
('Ritual', 134, 'Hagelschlag und Sturmgebrüll', 'http://www.ulisses-regelwiki.de/index.php/Rit_HagelschlagundSturmgebruell.html', NULL),
('Ritual', 135, 'Hartes schmelze', 'http://www.ulisses-regelwiki.de/index.php/Rit_Hartesschmelze.html', NULL),
('Ritual', 136, 'Invovatio maior', 'http://www.ulisses-regelwiki.de/index.php/Rit_Invomaior.html', NULL),
('Ritual', 137, 'Invocatio Minor', 'http://www.ulisses-regelwiki.de/index.php/Rit_Invominor.html', NULL),
('Ritual', 138, 'Leidensbund', 'http://www.ulisses-regelwiki.de/index.php/Rit_Leidensbund.html', NULL),
('Ritual', 139, 'Magischer Raub', 'http://www.ulisses-regelwiki.de/index.php/Rit_MagischerRaub.html', NULL),
('Ritual', 140, 'Memorabia Falsifir', 'http://www.ulisses-regelwiki.de/index.php/Rit_MemorabiaFalsifir.html', NULL),
('Ritual', 141, 'Movimento', 'http://www.ulisses-regelwiki.de/index.php/Rit_Movimento.html', NULL),
('Ritual', 142, 'Nihilogravo', 'http://www.ulisses-regelwiki.de/index.php/Rit_Nihilogravo.html', NULL),
('Ritual', 143, 'Orvai Kurims Kriegstrommel', 'http://www.ulisses-regelwiki.de/index.php/Rit_OrvaiKurimsKriegstrommel.html', NULL),
('Ritual', 144, 'Ruf des Bienenstocks', 'http://www.ulisses-regelwiki.de/index.php/Rit_RufdesBienenstocks.html', NULL),
('Ritual', 145, 'Ruhe Körper', 'http://www.ulisses-regelwiki.de/index.php/Rit_RuheKoerper.html', NULL),
('Ritual', 146, 'Traumgestalt', 'http://www.ulisses-regelwiki.de/index.php/Rit_Traumgestalt.html', NULL),
('Ritual', 147, 'Unberührt von Satinav', 'http://www.ulisses-regelwiki.de/index.php/Rit_UnberuehrtvonSatinav.html', NULL),
('Ritual', 148, 'Widerwille', 'http://www.ulisses-regelwiki.de/index.php/Rit_Widerwille.html', NULL),
('Ritual', 149, 'Wirbelform', 'http://www.ulisses-regelwiki.de/index.php/Rit_Wirbelform.html', NULL),
('Ritual', 150, 'Xenographus', 'http://www.ulisses-regelwiki.de/index.php/Rit_Xenographus.html', NULL),
('Ritual', 151, 'Zauberklinge Geisterspeer', 'http://www.ulisses-regelwiki.de/index.php/Rit_Zauberklinge.html', NULL),
('Sonderfertigkeit', 152, 'Diebesschreck', 'http://www.ulisses-regelwiki.de/index.php/diebesschreck.html', NULL),
('Sonderfertigkeit', 153, 'Feinstes Leder', 'http://www.ulisses-regelwiki.de/index.php/feinstesleder.html', NULL),
('Sonderfertigkeit', 154, 'Fischreichtum', 'http://www.ulisses-regelwiki.de/index.php/fischreichtum.html', NULL),
('Sonderfertigkeit', 155, 'Harter Kern', 'http://www.ulisses-regelwiki.de/index.php/harterkern.html', NULL),
('Sonderfertigkeit', 156, 'Leicht wie eine Feder', 'http://www.ulisses-regelwiki.de/index.php/leichtwieeine.html', NULL),
('Sonderfertigkeit', 157, 'Namensbogen', 'http://www.ulisses-regelwiki.de/index.php/namensbogen.html', NULL),
('Sonderfertigkeit', 158, 'Schutz wider Pfeilhagel', 'http://www.ulisses-regelwiki.de/index.php/schutzpfeil.html', NULL),
('Sonderfertigkeit', 159, 'Windfang', 'http://www.ulisses-regelwiki.de/index.php/windfang.html', NULL),
('Sonderfertigkeit', 160, 'Zeichen der Angst', 'http://www.ulisses-regelwiki.de/index.php/zeichenderangst.html', NULL),
('Sonderfertigkeit', 161, 'Aspektkenntnis', 'http://www.ulisses-regelwiki.de/index.php/KaP_Aspektkenntnis.html', NULL),
('Sonderfertigkeit', 162, 'Fokussierung', 'http://www.ulisses-regelwiki.de/index.php/KaP_Fokussierung.html', NULL),
('Sonderfertigkeit', 163, 'Stärke des Glaubens', 'http://www.ulisses-regelwiki.de/index.php/KaP_StärkedesGlaubens.html', NULL),
('Sonderfertigkeit', 164, 'Starke Segnungen', 'http://www.ulisses-regelwiki.de/index.php/KaP_StarkeSegnungen.html', NULL),
('Sonderfertigkeit', 165, 'Tradition (Boronkirche)', 'http://www.ulisses-regelwiki.de/index.php/Tra_Bor.html', NULL),
('Sonderfertigkeit', 166, 'Tradition (Hesindekirche)', 'http://www.ulisses-regelwiki.de/index.php/Tra_Hes.html', NULL),
('Sonderfertigkeit', 167, 'Tradition (Namenloser Kult)', 'http://www.ulisses-regelwiki.de/index.php/SF_TraditionNamenloserKult.html', NULL),
('Sonderfertigkeit', 168, 'Tradition (Perainekirche)', 'http://www.ulisses-regelwiki.de/index.php/Tra_Per.html', NULL),
('Sonderfertigkeit', 169, 'Tradition (Phexkirche)', 'http://www.ulisses-regelwiki.de/index.php/Tra_Phe.html', NULL),
('Sonderfertigkeit', 170, 'Tradition (Praioskirche)', 'http://www.ulisses-regelwiki.de/index.php/Tra_Pra.html', NULL),
('Sonderfertigkeit', 171, 'Tradition (Rondrakirche)', 'http://www.ulisses-regelwiki.de/index.php/Tra_Ron.html', NULL),
('Sonderfertigkeit', 172, 'Abgeschwächter Zauber', 'http://www.ulisses-regelwiki.de/index.php/abzauber.html', NULL),
('Sonderfertigkeit', 173, 'Adaption (Zauber)', 'http://www.ulisses-regelwiki.de/index.php/Adaption.html', NULL),
('Sonderfertigkeit', 174, 'Alchimieverstärkung', 'http://www.ulisses-regelwiki.de/index.php/Alchimieverstärkung.html', NULL),
('Sonderfertigkeit', 175, 'Astrale Meditation', 'http://www.ulisses-regelwiki.de/index.php/asmed.html', NULL),
('Sonderfertigkeit', 176, 'Aurapanzer', 'http://www.ulisses-regelwiki.de/index.php/Aurapanzer.html', NULL),
('Sonderfertigkeit', 177, 'Aura verbergen', 'http://www.ulisses-regelwiki.de/index.php/AsP_Auraverbergen.html', NULL),
('Sonderfertigkeit', 178, 'Druidenrache', 'http://www.ulisses-regelwiki.de/index.php/drache.html', NULL),
('Sonderfertigkeit', 179, 'Eisen- und Stahlverzauberung', 'http://www.ulisses-regelwiki.de/index.php/EisenundStahlverzauberung.html', NULL),
('Sonderfertigkeit', 180, 'Entschwörung (Dämonen)', 'http://www.ulisses-regelwiki.de/index.php/Entschwoerung_dae.html', NULL),
('Sonderfertigkeit', 181, 'Entschwörung (Elementare)', 'http://www.ulisses-regelwiki.de/index.php/Entschwoerung_E.html', NULL),
('Sonderfertigkeit', 182, 'Entschwörung (Geister)', 'http://www.ulisses-regelwiki.de/index.php/Entschwoerung_ge.html', NULL),
('Sonderfertigkeit', 183, 'Exorzist', 'http://www.ulisses-regelwiki.de/index.php/Exorzist.html', NULL),
('Sonderfertigkeit', 184, 'I', 'http://www.ulisses-regelwiki.de/index.php/Exorzist.html', 183),
('Sonderfertigkeit', 185, 'II', 'http://www.ulisses-regelwiki.de/index.php/Exorzist.html', 183),
('Sonderfertigkeit', 186, 'III', 'http://www.ulisses-regelwiki.de/index.php/Exorzist.html', 183),
('Sonderfertigkeit', 187, 'Extrem starke Zaubertricks', 'http://www.ulisses-regelwiki.de/index.php/ExtremstarkeZaubertricks.html', NULL),
('Sonderfertigkeit', 188, 'Fernzaubern', 'http://www.ulisses-regelwiki.de/index.php/fernzaubern.html', NULL),
('Sonderfertigkeit', 189, 'Flugsalbe', 'http://www.ulisses-regelwiki.de/index.php/dfgfdgfgdgfdg.html', NULL),
('Sonderfertigkeit', 190, 'Gedankenschutz', 'http://www.ulisses-regelwiki.de/index.php/Gedankenschutz.html', NULL),
('Sonderfertigkeit', 191, 'Improvisationszauberei (Formel)', 'http://www.ulisses-regelwiki.de/index.php/Improvisationszauberei_form.html', NULL),
('Sonderfertigkeit', 192, 'Improvisationszauberei (Gesten)', 'http://www.ulisses-regelwiki.de/index.php/Improvisationszauberei_ge.html', NULL),
('Sonderfertigkeit', 193, 'Improvisiertes Ritual', 'http://www.ulisses-regelwiki.de/index.php/impritual.html', NULL),
('Sonderfertigkeit', 194, 'Kleine Kraftkontrolle', 'http://www.ulisses-regelwiki.de/index.php/KleineKraftkontrolle.html', NULL),
('Sonderfertigkeit', 195, 'Konzentrationsstärke', 'http://www.ulisses-regelwiki.de/index.php/konzenst.html', NULL),
('Sonderfertigkeit', 196, 'Kraftkontrolle', 'http://www.ulisses-regelwiki.de/index.php/Kraftkontrolle.html', NULL),
('Sonderfertigkeit', 197, 'Lieblingszauber', 'http://www.ulisses-regelwiki.de/index.php/Lieblingszauber.html', NULL),
('Sonderfertigkeit', 198, 'Machtvolle Entschwörung (Dämonen)', 'http://www.ulisses-regelwiki.de/index.php/MachtvolleEntschw_dae.html', NULL),
('Sonderfertigkeit', 199, 'Machtvolle Entschwörung (Elementare)', 'http://www.ulisses-regelwiki.de/index.php/MachtvolleEntschw_EL.html', NULL),
('Sonderfertigkeit', 200, '', 'http://www.ulisses-regelwiki.de/index.php/Machtvolle_Entschw_ge.html', NULL),
('Sonderfertigkeit', 201, 'Magische Regeneration I', 'http://www.ulisses-regelwiki.de/index.php/MagischeRegeneration.html', NULL),
('Sonderfertigkeit', 202, 'Magischer Gedankenschutz', 'http://www.ulisses-regelwiki.de/index.php/MagischerGedankenschutz.html', NULL),
('Sonderfertigkeit', 203, 'Matrixkontrolle', 'http://www.ulisses-regelwiki.de/index.php/Matrixkontrolle.html', NULL),
('Sonderfertigkeit', 204, 'Meisterliche Regeneration', 'http://www.ulisses-regelwiki.de/index.php/MeisterlicheRegeneration.html', NULL),
('Sonderfertigkeit', 205, 'Meistertrick', 'http://www.ulisses-regelwiki.de/index.php/Meistertrick.html', NULL),
('Sonderfertigkeit', 206, 'I', 'http://www.ulisses-regelwiki.de/index.php/Meistertrick.html', 205),
('Sonderfertigkeit', 207, 'II', 'http://www.ulisses-regelwiki.de/index.php/Meistertrick.html', 205),
('Sonderfertigkeit', 208, 'III', 'http://www.ulisses-regelwiki.de/index.php/Meistertrick.html', 205),
('Sonderfertigkeit', 209, 'Merkmalskenntnis', 'http://www.ulisses-regelwiki.de/index.php/AsP_Merkmalskenntnis.html', NULL),
('Sonderfertigkeit', 210, 'Parallelzauberei', 'http://www.ulisses-regelwiki.de/index.php/Parallelzauberei.html', NULL),
('Sonderfertigkeit', 211, 'Routinierte Zauberwiederholung', 'http://www.ulisses-regelwiki.de/index.php/RoutinierteZauberwiederholung.html', NULL),
('Sonderfertigkeit', 212, 'Starke Zaubertricks', 'http://www.ulisses-regelwiki.de/index.php/AsP_StarkeZaubertricks.html', NULL),
('Sonderfertigkeit', 213, 'Steckenverzauberung', 'http://www.ulisses-regelwiki.de/index.php/Steckenverzauberung.html', NULL),
('Sonderfertigkeit', 214, 'Tradition (Druiden)', 'http://www.ulisses-regelwiki.de/index.php/druiden.html', NULL),
('Sonderfertigkeit', 215, 'Tradition (Elfen)', 'http://www.ulisses-regelwiki.de/index.php/Tra_Elfen.html', NULL),
('Sonderfertigkeit', 216, 'Tradition (Gildenmagier)', 'http://www.ulisses-regelwiki.de/index.php/Tra_Gilden.html', NULL),
('Sonderfertigkeit', 217, 'Tradition (Goblinzauberinnen)', 'http://www.ulisses-regelwiki.de/index.php/SF_TraditionGoblinzauberinnen.html', NULL),
('Sonderfertigkeit', 218, 'Tradition (Hexen)', 'http://www.ulisses-regelwiki.de/index.php/Tra_Hexen.html', NULL),
('Sonderfertigkeit', 219, 'Tradition (Nachtalben)', 'http://www.ulisses-regelwiki.de/index.php/SF_TraditionNachtalben.html', NULL),
('Sonderfertigkeit', 220, 'Tradition (Zibilja)', 'http://www.ulisses-regelwiki.de/index.php/SF_TraditionZibilja.html', NULL),
('Sonderfertigkeit', 221, 'Verbotene Pforten', 'http://www.ulisses-regelwiki.de/index.php/AsP_VerbotenePforten.html', NULL),
('Sonderfertigkeit', 222, 'Vertrautenbindung', 'http://www.ulisses-regelwiki.de/index.php/AsP_Vertrautenbindung.html', NULL),
('Sonderfertigkeit', 223, 'Vielfache Ladung', 'http://www.ulisses-regelwiki.de/index.php/VielfacheLadung.html', NULL),
('Sonderfertigkeit', 224, 'Zauber abbrechen', 'http://www.ulisses-regelwiki.de/index.php/Zauberabbrechen.html', NULL),
('Sonderfertigkeit', 225, 'Zauber bereithalten', 'http://www.ulisses-regelwiki.de/index.php/Zauberbereithalten.html', NULL),
('Sonderfertigkeit', 226, 'Zauber bündeln', 'http://www.ulisses-regelwiki.de/index.php/Zauberbuendeln.html', NULL),
('Sonderfertigkeit', 227, 'I', 'http://www.ulisses-regelwiki.de/index.php/Zauberbuendeln.html', 226),
('Sonderfertigkeit', 228, 'II', 'http://www.ulisses-regelwiki.de/index.php/Zauberbuendeln.html', 226),
('Sonderfertigkeit', 229, 'Zauberstil-Kombination', 'http://www.ulisses-regelwiki.de/index.php/ZauberstilKombination.html', NULL),
('Sonderfertigkeit', 230, 'Zauber unterbrechen', 'http://www.ulisses-regelwiki.de/index.php/zauber-unterbrechen.html', NULL),
('Sonderfertigkeit', 231, 'Zauberzeichen', 'http://www.ulisses-regelwiki.de/index.php/AsP_Zauberzeichen.html', NULL),
('Sonderfertigkeit', 232, 'Abrichter', 'http://www.ulisses-regelwiki.de/index.php/SF_Abrichter.html', NULL),
('Sonderfertigkeit', 233, 'Abrollen', 'http://www.ulisses-regelwiki.de/index.php/SF_Abrollen.html', NULL),
('Sonderfertigkeit', 234, 'Ackerbau', 'http://www.ulisses-regelwiki.de/index.php/SF_Ackerbau.html', NULL),
('Sonderfertigkeit', 235, 'Analytiker', 'http://www.ulisses-regelwiki.de/index.php/SF_Analytiker.html', NULL),
('Sonderfertigkeit', 236, 'Anführer', 'http://www.ulisses-regelwiki.de/index.php/SF_Anführer.html', NULL),
('Sonderfertigkeit', 237, 'Anpeitscher', 'http://www.ulisses-regelwiki.de/index.php/SF_Anpeitscher.html', NULL),
('Sonderfertigkeit', 238, 'Archivar', 'http://www.ulisses-regelwiki.de/index.php/SF_Archivar.html', NULL),
('Sonderfertigkeit', 239, 'Athlet', 'http://www.ulisses-regelwiki.de/index.php/SF_Athlet.html', NULL),
('Sonderfertigkeit', 240, 'Ätzes geben', 'http://www.ulisses-regelwiki.de/index.php/SF_Aetzesgeben.html', NULL),
('Sonderfertigkeit', 241, 'Bauchreden', 'http://www.ulisses-regelwiki.de/index.php/SF_Bauchreden.html', NULL),
('Sonderfertigkeit', 242, 'Bernstein erhitzen', 'http://www.ulisses-regelwiki.de/index.php/bernsteiner.html', NULL),
('Sonderfertigkeit', 243, 'Berufsgeheimnis', 'http://www.ulisses-regelwiki.de/index.php/SF_Berufsgeheimnisse.html', NULL),
('Sonderfertigkeit', 244, 'Bildhauerei', 'http://www.ulisses-regelwiki.de/index.php/SF_Bildhauerei.html', NULL),
('Sonderfertigkeit', 245, 'Bine Maschores', 'http://www.ulisses-regelwiki.de/index.php/SF_BineMaschores.html', NULL),
('Sonderfertigkeit', 246, 'Bootsbauer', 'http://www.ulisses-regelwiki.de/index.php/SF_Bootsbauer.html', NULL),
('Sonderfertigkeit', 247, 'Buchdrucker', 'http://www.ulisses-regelwiki.de/index.php/SF_Buchdrucker.html', NULL),
('Sonderfertigkeit', 248, 'Deichbauer', 'http://www.ulisses-regelwiki.de/index.php/SF_Deichbauer.html', NULL),
('Sonderfertigkeit', 249, 'Diener', 'http://www.ulisses-regelwiki.de/index.php/SF_Diener.html', NULL),
('Sonderfertigkeit', 250, 'Dokumentfälscher', 'http://www.ulisses-regelwiki.de/index.php/SF_Dokumentfälscher.html', NULL),
('Sonderfertigkeit', 251, 'Drohgebärden', 'http://www.ulisses-regelwiki.de/index.php/SF_Drohgebärden.html', NULL),
('Sonderfertigkeit', 252, 'Eiserner Wille', 'http://www.ulisses-regelwiki.de/index.php/SF_EisernerWille.html', NULL),
('Sonderfertigkeit', 253, 'I', 'http://www.ulisses-regelwiki.de/index.php/SF_EisernerWille.html', 252),
('Sonderfertigkeit', 254, 'II', 'http://www.ulisses-regelwiki.de/index.php/SF_EisernerWille.html', 252),
('Sonderfertigkeit', 255, 'Ermutigender Gesang', 'http://www.ulisses-regelwiki.de/index.php/SF_ErmutigenderGesang.html', NULL),
('Sonderfertigkeit', 256, 'Fächersprache', 'http://www.ulisses-regelwiki.de/index.php/SF_Fächersprache.html', NULL),
('Sonderfertigkeit', 257, 'Fallen entschärfen', 'http://www.ulisses-regelwiki.de/index.php/SF_Fallenentschärfen.html', NULL),
('Sonderfertigkeit', 258, 'Falschspielen', 'http://www.ulisses-regelwiki.de/index.php/SF_Falschspielen.html', NULL),
('Sonderfertigkeit', 259, 'Faszinierender Gesang', 'http://www.ulisses-regelwiki.de/index.php/SF_FaszinierenderGesang.html', NULL),
('Sonderfertigkeit', 260, 'Fertigkeitsspezialisierung (Talente)', 'http://www.ulisses-regelwiki.de/index.php/SF_FertigkeitsspezialisierungTalente.html', NULL),
('Sonderfertigkeit', 261, 'Feuerschlucker', 'http://www.ulisses-regelwiki.de/index.php/SF_Feuerschlucker.html', NULL),
('Sonderfertigkeit', 262, 'Fischer', 'http://www.ulisses-regelwiki.de/index.php/SF_Fischer.html', NULL),
('Sonderfertigkeit', 263, 'Freiklettern', 'http://www.ulisses-regelwiki.de/index.php/SF_Freiklettern.html', NULL),
('Sonderfertigkeit', 264, 'Füchsisch', 'http://www.ulisses-regelwiki.de/index.php/SF_Füchsisch.html', NULL),
('Sonderfertigkeit', 265, 'Gestählter Wille', 'http://www.ulisses-regelwiki.de/index.php/SF_GestählterWille.html', NULL),
('Sonderfertigkeit', 266, 'Geländekunde', 'http://www.ulisses-regelwiki.de/index.php/SF_Geländekunde.html', NULL),
('Sonderfertigkeit', 267, 'Gildenrecht', 'http://www.ulisses-regelwiki.de/index.php/SF_Gildenrecht.html', NULL),
('Sonderfertigkeit', 268, 'Glasbläserei', 'http://www.ulisses-regelwiki.de/index.php/SF_Glasbläserei.html', NULL),
('Sonderfertigkeit', 269, 'Guter Gardist, böser Gardist', 'http://www.ulisses-regelwiki.de/index.php/SF_GuterGardist.html', NULL),
('Sonderfertigkeit', 270, 'Hauswirtschaft', 'http://www.ulisses-regelwiki.de/index.php/SF_Hauswirtschaft.html', NULL),
('Sonderfertigkeit', 271, 'Hehlerei', 'http://www.ulisses-regelwiki.de/index.php/SF_Hehlerei.html', NULL),
('Sonderfertigkeit', 272, 'Heraldik', 'http://www.ulisses-regelwiki.de/index.php/SF_Heraldik.html', NULL),
('Sonderfertigkeit', 273, 'Heraldikspezialist', 'http://www.ulisses-regelwiki.de/index.php/hspez.html', NULL),
('Sonderfertigkeit', 274, 'Iglubau', 'http://www.ulisses-regelwiki.de/index.php/SF_Iglubau.html', NULL),
('Sonderfertigkeit', 275, 'Instrumente bauen', 'http://www.ulisses-regelwiki.de/index.php/SF_Instrumentebauen.html', NULL),
('Sonderfertigkeit', 276, 'Jäger', 'http://www.ulisses-regelwiki.de/index.php/SF_Jäger.html', NULL),
('Sonderfertigkeit', 277, 'Kalligraphie', 'http://www.ulisses-regelwiki.de/index.php/SF_Kalligraphie.html', NULL),
('Sonderfertigkeit', 278, 'Kampftrinker', 'http://www.ulisses-regelwiki.de/index.php/PSF_Kampftrinker.html', NULL),
('Sonderfertigkeit', 279, 'I', 'http://www.ulisses-regelwiki.de/index.php/PSF_Kampftrinker.html', 278),
('Sonderfertigkeit', 280, 'II', 'http://www.ulisses-regelwiki.de/index.php/PSF_Kampftrinker.html', 278),
('Sonderfertigkeit', 281, 'III', 'http://www.ulisses-regelwiki.de/index.php/PSF_Kampftrinker.html', 278),
('Sonderfertigkeit', 282, 'IV', 'http://www.ulisses-regelwiki.de/index.php/PSF_Kampftrinker.html', 278),
('Sonderfertigkeit', 283, 'Kapellmeister', 'http://www.ulisses-regelwiki.de/index.php/SF_Kapellmeister.html', NULL),
('Sonderfertigkeit', 284, 'Kartographie', 'http://www.ulisses-regelwiki.de/index.php/SF_Kartographie.html', NULL),
('Sonderfertigkeit', 285, 'Kohlezeichnungen', 'http://www.ulisses-regelwiki.de/index.php/SF_Kohlezeichnungen.html', NULL),
('Sonderfertigkeit', 286, 'Konditor', 'http://www.ulisses-regelwiki.de/index.php/SF_Konditor.html', NULL),
('Sonderfertigkeit', 287, 'Kristallzucht', 'http://www.ulisses-regelwiki.de/index.php/SF_Kristallzucht.html', NULL),
('Sonderfertigkeit', 288, 'Kupferstich', 'http://www.ulisses-regelwiki.de/index.php/SF_Kupferstich.html', NULL),
('Sonderfertigkeit', 289, 'Kutschenbauer', 'http://www.ulisses-regelwiki.de/index.php/SF_Kutschenbauer.html', NULL),
('Sonderfertigkeit', 290, 'Leibdiener', 'http://www.ulisses-regelwiki.de/index.php/SF_Leibdiener.html', NULL),
('Sonderfertigkeit', 291, 'Leg-ga-leg', 'http://www.ulisses-regelwiki.de/index.php/SF_Leggaleg.html', NULL),
('Sonderfertigkeit', 292, 'Liebling der Massen', 'http://www.ulisses-regelwiki.de/index.php/SF_LieblingderMassen.html', NULL),
('Sonderfertigkeit', 293, 'Lippenlesen', 'http://www.ulisses-regelwiki.de/index.php/SF_Lippenlesen.html', NULL),
('Sonderfertigkeit', 294, 'Meister der Improvisation', 'http://www.ulisses-regelwiki.de/index.php/SF_MeisterderImprovisation.html', NULL),
('Sonderfertigkeit', 295, 'Möbel herstellen', 'http://www.ulisses-regelwiki.de/index.php/SF_Möbelherstellen.html', NULL),
('Sonderfertigkeit', 296, 'Namensschmeichler', 'http://www.ulisses-regelwiki.de/index.php/namenschme.html', NULL),
('Sonderfertigkeit', 297, 'Navigation', 'http://www.ulisses-regelwiki.de/index.php/SF_Navigation.html', NULL),
('Sonderfertigkeit', 298, 'Ölmalerei', 'http://www.ulisses-regelwiki.de/index.php/SF_Ölmalerei.html', NULL),
('Sonderfertigkeit', 299, 'Opernsänger', 'http://www.ulisses-regelwiki.de/index.php/SF_Opernsänger.html', NULL),
('Sonderfertigkeit', 300, 'Orientierung unter Tage', 'http://www.ulisses-regelwiki.de/index.php/SF_OrientierungunterTage.html', NULL),
('Sonderfertigkeit', 301, 'Ortskenntnis', 'http://www.ulisses-regelwiki.de/index.php/SF_Ortskenntnis.html', NULL),
('Sonderfertigkeit', 302, 'Provozieren', 'http://www.ulisses-regelwiki.de/index.php/SF_Provozieren.html', NULL),
('Sonderfertigkeit', 303, 'Prunkkleidung herstellen', 'http://www.ulisses-regelwiki.de/index.php/SF_Prunkkleidungherstellen.html', NULL),
('Sonderfertigkeit', 304, 'Pyromantiker', 'http://www.ulisses-regelwiki.de/index.php/SF_Pyromantiker.html', NULL),
('Sonderfertigkeit', 305, 'Rahjasutra-Kenntnisse', 'http://www.ulisses-regelwiki.de/index.php/SF_RahjasutraKenntnisse.html', NULL),
('Sonderfertigkeit', 306, 'Rosstäuscher', 'http://www.ulisses-regelwiki.de/index.php/SF_Rosstäuscher.html', NULL),
('Sonderfertigkeit', 307, 'Rüstungsbau', 'http://www.ulisses-regelwiki.de/index.php/SF_Rüstungsbau.html', NULL),
('Sonderfertigkeit', 308, 'Sammler', 'http://www.ulisses-regelwiki.de/index.php/SF_Sammler.html', NULL),
('Sonderfertigkeit', 309, 'Schiffsbauer', 'http://www.ulisses-regelwiki.de/index.php/SF_Schiffsbauer.html', NULL),
('Sonderfertigkeit', 310, 'Schmerzen unterdrücken', 'http://www.ulisses-regelwiki.de/index.php/SF_Schmerzenunterdrücken.html', NULL),
('Sonderfertigkeit', 311, 'Schmuck herstellen', 'http://www.ulisses-regelwiki.de/index.php/SF_Schmuckherstellen.html', NULL),
('Sonderfertigkeit', 312, 'Schnapsbrennerei', 'http://www.ulisses-regelwiki.de/index.php/SF_Schnapsbrennerei.html', NULL),
('Sonderfertigkeit', 313, 'Schnellschreiber', 'http://www.ulisses-regelwiki.de/index.php/SF_Schnellschreiber.html', NULL),
('Sonderfertigkeit', 314, 'Schrift', 'http://www.ulisses-regelwiki.de/index.php/SF_Schrift.html', NULL),
('Sonderfertigkeit', 315, 'Schriftstellerei', 'http://www.ulisses-regelwiki.de/index.php/SF_Schriftstellerei.html', NULL),
('Sonderfertigkeit', 316, 'Seile herstellen', 'http://www.ulisses-regelwiki.de/index.php/SF_Seileherstellen.html', NULL),
('Sonderfertigkeit', 317, 'Skifahren', 'http://www.ulisses-regelwiki.de/index.php/SF_Skifahren.html', NULL),
('Sonderfertigkeit', 318, 'Smutje', 'http://www.ulisses-regelwiki.de/index.php/SF_Smutje.html', NULL),
('Sonderfertigkeit', 319, 'Sprache', 'http://www.ulisses-regelwiki.de/index.php/SF_Sprache.html', NULL),
('Sonderfertigkeit', 320, 'I', 'http://www.ulisses-regelwiki.de/index.php/SF_Sprache.html', 319),
('Sonderfertigkeit', 321, 'II', 'http://www.ulisses-regelwiki.de/index.php/SF_Sprache.html', 319),
('Sonderfertigkeit', 322, 'III', 'http://www.ulisses-regelwiki.de/index.php/SF_Sprache.html', 319),
('Sonderfertigkeit', 323, 'Stellmacherei', 'http://www.ulisses-regelwiki.de/index.php/SF_Stellmacherei.html', NULL),
('Sonderfertigkeit', 324, 'Tätowierer', 'http://www.ulisses-regelwiki.de/index.php/SF_Tätowierer.html', NULL),
('Sonderfertigkeit', 325, 'Tierstimmen imitiere', 'http://www.ulisses-regelwiki.de/index.php/SF_Tierstimmenimitieren.html', NULL),
('Sonderfertigkeit', 326, 'Töpferei', 'http://www.ulisses-regelwiki.de/index.php/SF_Töpferei.html', NULL),
('Sonderfertigkeit', 327, 'Verführungskunst', 'http://www.ulisses-regelwiki.de/index.php/SF_Verführungskunst.html', NULL),
('Sonderfertigkeit', 328, 'Viehzucht', 'http://www.ulisses-regelwiki.de/index.php/SF_Viehzucht.html', NULL),
('Sonderfertigkeit', 329, 'Waffenbau', 'http://www.ulisses-regelwiki.de/index.php/SF_Waffenbau.html', NULL),
('Sonderfertigkeit', 330, 'Wandmalerei', 'http://www.ulisses-regelwiki.de/index.php/SF_Wandmalerei.html', NULL),
('Sonderfertigkeit', 331, 'Wettervorhersage', 'http://www.ulisses-regelwiki.de/index.php/SF_Wettervorhersage.html', NULL),
('Sonderfertigkeit', 332, 'Zahlenmystik', 'http://www.ulisses-regelwiki.de/index.php/SF_Zahlenmystik.html', NULL),
('Sonderfertigkeit', 333, 'Bann- und Schutzkreis gegen Dschinne', 'http://www.ulisses-regelwiki.de/index.php/dsfdsfdsfdf.html', NULL),
('Sonderfertigkeit', 334, 'Bann- und Schutzkreis gegen Elementargeister', 'http://www.ulisses-regelwiki.de/index.php/reegregre.html', NULL),
('Sonderfertigkeit', 335, 'Bann- und Schutzkreis gegen gehörnte Dämonen', 'http://www.ulisses-regelwiki.de/index.php/refregrefer.html', NULL),
('Sonderfertigkeit', 336, 'Bann- und Schutzkreis gegen niedere Dämonen', 'http://www.ulisses-regelwiki.de/index.php/fgregregreg.html', NULL),
('Sonderfertigkeit', 337, 'Befehl Flugangriff', 'http://www.ulisses-regelwiki.de/index.php/BF_Flugangriff.html', NULL),
('Sonderfertigkeit', 338, 'Befehl Klammerangriff', 'http://www.ulisses-regelwiki.de/index.php/Befehl_Klammerangriff.html', NULL),
('Sonderfertigkeit', 339, 'Befehl Mächtiger Schlag', 'http://www.ulisses-regelwiki.de/index.php/Befehl_Maechtiger_Schlag.html', NULL),
('Sonderfertigkeit', 340, 'Befehl Sichelangriff', 'http://www.ulisses-regelwiki.de/index.php/Befehl_Sichelangriff.html', NULL),
('Sonderfertigkeit', 341, 'Befehl Trampeln', 'http://www.ulisses-regelwiki.de/index.php/Befehl_Trampeln.html', NULL),
('Sonderfertigkeit', 342, 'Befehl Überrennen', 'http://www.ulisses-regelwiki.de/index.php/Befehl_Ueberrennen.html', NULL),
('Sonderfertigkeit', 343, 'Bindung des Dolches', 'http://www.ulisses-regelwiki.de/index.php/Bindungdolch.html', NULL),
('Sonderfertigkeit', 344, 'Dolch-Apport', 'http://www.ulisses-regelwiki.de/index.php/Dolch-Apport.html', NULL),
('Sonderfertigkeit', 345, 'Kraft der Erde', 'http://www.ulisses-regelwiki.de/index.php/Kraftdererde.html', NULL),
('Sonderfertigkeit', 346, 'Sicht im Dunkeln', 'http://www.ulisses-regelwiki.de/index.php/sichtdunke.html', NULL),
('Sonderfertigkeit', 347, 'Wegweiser', 'http://www.ulisses-regelwiki.de/index.php/wegsweiser.html', NULL),
('Sonderfertigkeit', 348, 'Aufspießen', 'http://www.ulisses-regelwiki.de/index.php/EKS_Aufspießen.html', NULL),
('Sonderfertigkeit', 349, 'Binden', 'http://www.ulisses-regelwiki.de/index.php/EKS_Binden.html', NULL),
('Sonderfertigkeit', 350, 'Breschenangriff', 'http://www.ulisses-regelwiki.de/index.php/EKS_Breschenangriff.html', NULL),
('Sonderfertigkeit', 351, 'Fahrender Schütze', 'http://www.ulisses-regelwiki.de/index.php/EKS_FahrenderSchütze.html', NULL),
('Sonderfertigkeit', 352, 'Frontalangriff', 'http://www.ulisses-regelwiki.de/index.php/EKS_Frontalangriff.html', NULL),
('Sonderfertigkeit', 353, 'Fußfeger', 'http://www.ulisses-regelwiki.de/index.php/ESK_Fußfeger.html', NULL),
('Sonderfertigkeit', 354, 'Haltegriff brechen', 'http://www.ulisses-regelwiki.de/index.php/ESF_Haltegriffbrechen.html', NULL),
('Sonderfertigkeit', 355, 'Handkantenschlag', 'http://www.ulisses-regelwiki.de/index.php/ESF_Handkantenschlag.html', NULL),
('Sonderfertigkeit', 356, 'Hohe Klinge', 'http://www.ulisses-regelwiki.de/index.php/ESK_HoheKlinge.html', NULL),
('Sonderfertigkeit', 357, 'Kopfstoß', 'http://www.ulisses-regelwiki.de/index.php/ESK_Kopfstoß.html', NULL),
('Sonderfertigkeit', 358, 'Mächtiger Lanzenangriff', 'http://www.ulisses-regelwiki.de/index.php/ESK_MächtigerLanzenangriff.html', NULL),
('Sonderfertigkeit', 359, 'Mächtiger Rundumschlag', 'http://www.ulisses-regelwiki.de/index.php/ESK_MächtgerRundumschlag.html', NULL),
('Sonderfertigkeit', 360, 'Meisterlicher Wurf', 'http://www.ulisses-regelwiki.de/index.php/ESF_MeisterlicherWurf.html', NULL),
('Sonderfertigkeit', 361, 'Schilddeckung', 'http://www.ulisses-regelwiki.de/index.php/ESK_Schilddeckung.html', NULL),
('Sonderfertigkeit', 362, 'Schildstoß', 'http://www.ulisses-regelwiki.de/index.php/ESK_Schildstoß.html', NULL),
('Sonderfertigkeit', 363, 'Schwinger', 'http://www.ulisses-regelwiki.de/index.php/ESK_Schwinger.html', NULL),
('Sonderfertigkeit', 364, 'Sprungangriff', 'http://www.ulisses-regelwiki.de/index.php/ESK_Sprungangriff.html', NULL),
('Sonderfertigkeit', 365, 'Sprungtritt', 'http://www.ulisses-regelwiki.de/index.php/ESK_Sprungtritt.html', NULL),
('Sonderfertigkeit', 366, 'Tiefschlag', 'http://www.ulisses-regelwiki.de/index.php/ESK_Tiefschlag.html', NULL),
('Sonderfertigkeit', 367, 'Tod von Links', 'http://www.ulisses-regelwiki.de/index.php/ESK_TodvonLinks.html', NULL),
('Sonderfertigkeit', 368, 'Verkürzte Waffenführung', 'http://www.ulisses-regelwiki.de/index.php/ESK_VerkürzteWaffenführung.html', NULL),
('Sonderfertigkeit', 369, 'Vorbeiziehen', 'http://www.ulisses-regelwiki.de/index.php/ESK_Vorbeiziehen.html', NULL),
('Sonderfertigkeit', 370, 'Waffenwurf', 'http://www.ulisses-regelwiki.de/index.php/ESK_Waffenwurf.html', NULL),
('Sonderfertigkeit', 371, 'Weiter Schwung', 'http://www.ulisses-regelwiki.de/index.php/ESK_WeiterSchwung.html', NULL),
('Sonderfertigkeit', 372, 'Windmühle', 'http://www.ulisses-regelwiki.de/index.php/ESK_Windmühle.html', NULL),
('Sonderfertigkeit', 373, 'Wuchtiger Wurf', 'http://www.ulisses-regelwiki.de/index.php/ESK_WuchtigerWurf.html', NULL),
('Sonderfertigkeit', 374, 'Würgegriff', 'http://www.ulisses-regelwiki.de/index.php/ESK_Würgegriff.html', NULL),
('Sonderfertigkeit', 375, 'Zertrümmern', 'http://www.ulisses-regelwiki.de/index.php/ESK_Zertrümmern.html', NULL),
('Sonderfertigkeit', 376, 'Erinnerungsmelodie', 'http://www.ulisses-regelwiki.de/index.php/ESF_Erinnerungsmelodie.html', NULL),
('Sonderfertigkeit', 377, 'Friedenslied', 'http://www.ulisses-regelwiki.de/index.php/ESF_Friedenslied.html', NULL),
('Sonderfertigkeit', 378, 'Freundschaftslied', 'http://www.ulisses-regelwiki.de/index.php/ESF_Freundschaftslied.html', NULL),
('Sonderfertigkeit', 379, 'Melodie der Kunstfertigkeit', 'http://www.ulisses-regelwiki.de/index.php/ESF_MelodiederKunstfertigkeit.html', NULL),
('Sonderfertigkeit', 380, 'Sorgenlied', 'http://www.ulisses-regelwiki.de/index.php/ESF_Sorgenlied.html', NULL),
('Sonderfertigkeit', 381, 'Zaubermelodie', 'http://www.ulisses-regelwiki.de/index.php/ESF_Zaubermelodie.html', NULL),
('Sonderfertigkeit', 382, 'Artefaktanalytiker', 'http://www.ulisses-regelwiki.de/index.php/Artefaktanalytiker.html', NULL),
('Sonderfertigkeit', 383, 'Aufladung', 'http://www.ulisses-regelwiki.de/index.php/Aufladung.html', NULL),
('Sonderfertigkeit', 384, 'Austreibung', 'http://www.ulisses-regelwiki.de/index.php/BewanderterHeilzauberer.html', NULL),
('Sonderfertigkeit', 385, 'Brillanter Telekinetiker', 'http://www.ulisses-regelwiki.de/index.php/BrillanterTelekinetiker.html', NULL),
('Sonderfertigkeit', 386, 'Destruktor', 'http://www.ulisses-regelwiki.de/index.php/Destruktor.html', NULL),
('Sonderfertigkeit', 387, 'Eiserne Konzentrationsstärke', 'http://www.ulisses-regelwiki.de/index.php/EiserneKonzentrationsstaerke.html', NULL),
('Sonderfertigkeit', 388, 'Elfenfreund', 'http://www.ulisses-regelwiki.de/index.php/Elfenfreund.html', NULL),
('Sonderfertigkeit', 389, 'Erfahrener Antimagier', 'http://www.ulisses-regelwiki.de/index.php/ErfahrenerAntimagier.html', NULL),
('Sonderfertigkeit', 390, 'Erweiterter Gedankenschutz', 'http://www.ulisses-regelwiki.de/index.php/ErweiterterGedankenschutz.html', NULL),
('Sonderfertigkeit', 391, 'Geistzauberer', 'http://www.ulisses-regelwiki.de/index.php/Geistzauberer.html', NULL),
('Sonderfertigkeit', 392, 'Harmoniezauberei', 'http://www.ulisses-regelwiki.de/index.php/Harmoniezauberei.html', NULL),
('Sonderfertigkeit', 393, 'Illusionäre Undurchschaubarkeit', 'http://www.ulisses-regelwiki.de/index.php/IllusionaereUndurchschaubarkeit.html', NULL),
('Sonderfertigkeit', 394, 'Kriegszauberer', 'http://www.ulisses-regelwiki.de/index.php/Kriegszauberer.html', NULL),
('Sonderfertigkeit', 395, 'Kundiger Sphärologe', 'http://www.ulisses-regelwiki.de/index.php/KundigerSphaerologe.html', NULL),
('Sonderfertigkeit', 396, 'Langanhaltende Illusion', 'http://www.ulisses-regelwiki.de/index.php/LanganhaltendeIllusion.html', NULL),
('Sonderfertigkeit', 397, 'Machtvolle Verbotene Pforten', 'http://www.ulisses-regelwiki.de/index.php/MachtvolleVerbotenePforten.html', NULL),
('Sonderfertigkeit', 398, 'Matrixzauberei', 'http://www.ulisses-regelwiki.de/index.php/Matrixzauberei.html', NULL),
('Sonderfertigkeit', 399, 'Meisterliches Auraverbergen', 'http://www.ulisses-regelwiki.de/index.php/MeisterlichesAuraverbergen.html', NULL),
('Sonderfertigkeit', 400, 'Mitverwandlung', 'http://www.ulisses-regelwiki.de/index.php/Mitverwandlung.html', NULL),
('Sonderfertigkeit', 401, 'Qabalya-Magie', 'http://www.ulisses-regelwiki.de/index.php/QabalyaMagie.html', NULL),
('Sonderfertigkeit', 402, 'Selbstkontrolle', 'http://www.ulisses-regelwiki.de/index.php/Selbstkontrolle.html', NULL),
('Sonderfertigkeit', 403, 'Selbstverzauberer', 'http://www.ulisses-regelwiki.de/index.php/Selbstverzauberer.html', NULL),
('Sonderfertigkeit', 404, 'Tierflüsterer', 'http://www.ulisses-regelwiki.de/index.php/Tierfluesterer.html', NULL),
('Sonderfertigkeit', 405, 'Überragender Dämonologe', 'http://www.ulisses-regelwiki.de/index.php/UeberragenderDaemonologe.html', NULL),
('Sonderfertigkeit', 406, 'Unübertroffener Verwandler', 'http://www.ulisses-regelwiki.de/index.php/UnuebertroffenerVerwandler.html', NULL),
('Sonderfertigkeit', 407, 'Urtulamidische Heilmagie', 'http://www.ulisses-regelwiki.de/index.php/UrtulamidischeHeilmagie.html', NULL),
('Sonderfertigkeit', 408, 'Verständigungszauberer', 'http://www.ulisses-regelwiki.de/index.php/Verstaendigungszauberer.html', NULL),
('Sonderfertigkeit', 409, 'Vollendeter Elementarist', 'http://www.ulisses-regelwiki.de/index.php/VollendeterElementarist.html', NULL),
('Sonderfertigkeit', 410, 'Vollkommener Beherrscher', 'http://www.ulisses-regelwiki.de/index.php/VollkommenerBeherrscher.html', NULL),
('Sonderfertigkeit', 411, 'Vortrefflicher Hellseher', 'http://www.ulisses-regelwiki.de/index.php/VortrefflicherHellseher.html', NULL),
('Sonderfertigkeit', 412, 'Tradition (intuitive Zauberer)', 'http://www.ulisses-regelwiki.de/index.php/SF_intuitiveZauberer.html', NULL),
('Sonderfertigkeit', 413, 'Tradition (Qabalyamagier)', 'http://www.ulisses-regelwiki.de/index.php/TRA_Qabalyamagier.html', NULL),
('Sonderfertigkeit', 414, 'Tradition (Scharlatane)', 'http://www.ulisses-regelwiki.de/index.php/TRA_Scharlatane.html', NULL),
('Sonderfertigkeit', 415, 'Tradition (Zauberbarden)', 'http://www.ulisses-regelwiki.de/index.php/TRA_Zauberbarden.html', NULL),
('Sonderfertigkeit', 416, 'Tradition (Zaubertänzer)', 'http://www.ulisses-regelwiki.de/index.php/TRA_Zaubertänzer.html', NULL),
('Sonderfertigkeit', 417, 'Ausbruch unterdrückter Gefühle', 'http://www.ulisses-regelwiki.de/index.php/Ausbruchunterdr.html', NULL),
('Sonderfertigkeit', 418, 'Figur der Schmerzen', 'http://www.ulisses-regelwiki.de/index.php/FigurderSchmerzen.html', NULL),
('Sonderfertigkeit', 419, 'Fluch der Pestilenz', 'http://www.ulisses-regelwiki.de/index.php/FluchderPestilenz.html', NULL),
('Sonderfertigkeit', 420, 'Fluch der Schlaflosigkeit', 'http://www.ulisses-regelwiki.de/index.php/FluchderSchlaflosigkeit.html', NULL),
('Sonderfertigkeit', 421, 'Macht über Schlafwandler', 'http://www.ulisses-regelwiki.de/index.php/MachtueberSchlafwandler.html', NULL),
('Sonderfertigkeit', 422, 'Beiß auf Granit!', 'http://www.ulisses-regelwiki.de/index.php/HSF_BeißaufGranit.html', NULL),
('Sonderfertigkeit', 423, 'Beute!', 'http://www.ulisses-regelwiki.de/index.php/HSF_Beute.html', NULL),
('Sonderfertigkeit', 424, 'Hagelschlag', 'http://www.ulisses-regelwiki.de/index.php/HSF_Hagelschlag.html', NULL),
('Sonderfertigkeit', 425, 'Hexenschuss', 'http://www.ulisses-regelwiki.de/index.php/HSF_Hexenschuss.html', NULL),
('Sonderfertigkeit', 426, 'Pech an den Hals wünschen', 'http://www.ulisses-regelwiki.de/index.php/HSF_PechandenHalswuenschen.html', NULL),
('Sonderfertigkeit', 427, 'Pestilenz', 'http://www.ulisses-regelwiki.de/index.php/HSF_Pestilenz.html', NULL),
('Sonderfertigkeit', 428, 'Schlaf rauben', 'http://www.ulisses-regelwiki.de/index.php/HSF_Schlafrauben.html', NULL),
('Sonderfertigkeit', 429, 'Unfruchtbarkeit', 'http://www.ulisses-regelwiki.de/index.php/1178.html', NULL),
('Sonderfertigkeit', 430, 'Warzen sprießen', 'http://www.ulisses-regelwiki.de/index.php/HSF_Warzensprießen.html', NULL),
('Sonderfertigkeit', 431, 'Zunge lähmen', 'http://www.ulisses-regelwiki.de/index.php/HSF_Zungelaehmen.html', NULL),
('Sonderfertigkeit', 432, 'Armbrust überdrehen', 'http://www.ulisses-regelwiki.de/index.php/KSF_Armbristüberdrehen.html', NULL),
('Sonderfertigkeit', 433, 'Auf Distanz halten', 'http://www.ulisses-regelwiki.de/index.php/KSF_AufDistanzhalten.html', NULL),
('Sonderfertigkeit', 434, 'I', 'http://www.ulisses-regelwiki.de/index.php/KSF_AufDistanzhalten.html', 433),
('Sonderfertigkeit', 435, 'II', 'http://www.ulisses-regelwiki.de/index.php/KSF_AufDistanzhalten.html', 433),
('Sonderfertigkeit', 436, 'Aufmerksamkeit', 'http://www.ulisses-regelwiki.de/index.php/KSF_Aufmerksamkeit.html', NULL),
('Sonderfertigkeit', 437, 'Ballistischer Schuss', 'http://www.ulisses-regelwiki.de/index.php/KSF_BallistischerSchuss.html', NULL),
('Sonderfertigkeit', 438, 'Belastungsgewöhnung', 'http://www.ulisses-regelwiki.de/index.php/KSF_Belastungsgewöhnung.html', NULL),
('Sonderfertigkeit', 439, 'I', 'http://www.ulisses-regelwiki.de/index.php/KSF_Belastungsgewöhnung.html', 438),
('Sonderfertigkeit', 440, 'II', 'http://www.ulisses-regelwiki.de/index.php/KSF_Belastungsgewöhnung.html', 438),
('Sonderfertigkeit', 441, 'Beidhändiger Kampf', 'http://www.ulisses-regelwiki.de/index.php/KSF_BeihändigerKampf.html', NULL),
('Sonderfertigkeit', 442, 'I', 'http://www.ulisses-regelwiki.de/index.php/KSF_BeihändigerKampf.html', 441),
('Sonderfertigkeit', 443, 'II', 'http://www.ulisses-regelwiki.de/index.php/KSF_BeihändigerKampf.html', 441),
('Sonderfertigkeit', 444, 'Berittener Flugkampf', 'http://www.ulisses-regelwiki.de/index.php/KSF_BerittenerFlugkampf.html', NULL),
('Sonderfertigkeit', 445, 'Berittener Kampf', 'http://www.ulisses-regelwiki.de/index.php/KSF_BerittenerKampf.html', NULL),
('Sonderfertigkeit', 446, 'Berittener Schütze', 'http://www.ulisses-regelwiki.de/index.php/KSF_BerittenerSchütze.html', NULL),
('Sonderfertigkeit', 447, 'Beschützer', 'http://www.ulisses-regelwiki.de/index.php/KSF_Beschützer.html', NULL),
('Sonderfertigkeit', 448, 'Betäubungsschlag', 'http://www.ulisses-regelwiki.de/index.php/KSF_Betäubungsschlag.html', NULL),
('Sonderfertigkeit', 449, 'Blindkampf', 'http://www.ulisses-regelwiki.de/index.php/KSF_Blindkampf.html', NULL),
('Sonderfertigkeit', 450, 'I', 'http://www.ulisses-regelwiki.de/index.php/KSF_Blindkampf.html', 449),
('Sonderfertigkeit', 451, 'II', 'http://www.ulisses-regelwiki.de/index.php/KSF_Blindkampf.html', 449),
('Sonderfertigkeit', 452, 'Drachenkampf-Taktik', 'http://www.ulisses-regelwiki.de/index.php/SF_DrachenkampfTaktik.html', NULL),
('Sonderfertigkeit', 453, 'Einhändiger Kampf', 'http://www.ulisses-regelwiki.de/index.php/KSF_EinhändigerKampf.html', NULL),
('Sonderfertigkeit', 454, 'Eisenhagel', 'http://www.ulisses-regelwiki.de/index.php/KSF_Eisenhagel.html', NULL),
('Sonderfertigkeit', 455, 'I', 'http://www.ulisses-regelwiki.de/index.php/KSF_Eisenhagel.html', 454),
('Sonderfertigkeit', 456, 'II', 'http://www.ulisses-regelwiki.de/index.php/KSF_Eisenhagel.html', 454),
('Sonderfertigkeit', 457, 'Entwaffnen', 'http://www.ulisses-regelwiki.de/index.php/KSDF_Entwaffnen.html', NULL),
('Sonderfertigkeit', 458, 'Feindgespür', 'http://www.ulisses-regelwiki.de/index.php/KSF_Feindgespür.html', NULL),
('Sonderfertigkeit', 459, 'Festnageln', 'http://www.ulisses-regelwiki.de/index.php/KSF_Festnageln.html', NULL),
('Sonderfertigkeit', 460, 'Finte', 'http://www.ulisses-regelwiki.de/index.php/KSF_Finte.html', NULL),
('Sonderfertigkeit', 461, 'I', 'http://www.ulisses-regelwiki.de/index.php/KSF_Finte.html', 460),
('Sonderfertigkeit', 462, 'II', 'http://www.ulisses-regelwiki.de/index.php/KSF_Finte.html', 460),
('Sonderfertigkeit', 463, 'III', 'http://www.ulisses-regelwiki.de/index.php/KSF_Finte.html', 460),
('Sonderfertigkeit', 464, 'Gezielter Angriff', 'http://www.ulisses-regelwiki.de/index.php/KSF_GezielterAngriff.html', NULL),
('Sonderfertigkeit', 465, 'Gezielter Schuss', 'http://www.ulisses-regelwiki.de/index.php/KSF_GezielterSchuss.html', NULL),
('Sonderfertigkeit', 466, 'Haltegriff', 'http://www.ulisses-regelwiki.de/index.php/KSF_Haltegriff.html', NULL),
('Sonderfertigkeit', 467, 'Hammerschlag', 'http://www.ulisses-regelwiki.de/index.php/KSF_Hammerschlag.html', NULL),
('Sonderfertigkeit', 468, 'Herunterstoßen', 'http://www.ulisses-regelwiki.de/index.php/KSF_Herunterstoßen.html', NULL),
('Sonderfertigkeit', 469, 'Kampf im Wasser', 'http://www.ulisses-regelwiki.de/index.php/KSF_KampfimwASSER.html', NULL),
('Sonderfertigkeit', 470, 'Kampfreflexe', 'http://www.ulisses-regelwiki.de/index.php/KSF_Kampfreflexe.html', NULL),
('Sonderfertigkeit', 471, 'I', 'http://www.ulisses-regelwiki.de/index.php/KSF_Kampfreflexe.html', 470),
('Sonderfertigkeit', 472, 'II', 'http://www.ulisses-regelwiki.de/index.php/KSF_Kampfreflexe.html', 470),
('Sonderfertigkeit', 473, 'III', 'http://www.ulisses-regelwiki.de/index.php/KSF_Kampfreflexe.html', 470);
INSERT INTO `property` (`type`, `id`, `name`, `wiki_url`, `subcategory_of_id`) VALUES
('Sonderfertigkeit', 474, 'Kampfstil-Kombination', 'http://www.ulisses-regelwiki.de/index.php/KSF_kampfstilKombination.html', NULL),
('Sonderfertigkeit', 475, 'Klingenfänger', 'http://www.ulisses-regelwiki.de/index.php/KSF_Klingenfänger.html', NULL),
('Sonderfertigkeit', 476, 'Klingensturm', 'http://www.ulisses-regelwiki.de/index.php/KSF_Klingensturm.html', NULL),
('Sonderfertigkeit', 477, 'Kreuzblock', 'http://www.ulisses-regelwiki.de/index.php/KSF_Kreuzblock.html', NULL),
('Sonderfertigkeit', 478, 'Lanzenangriff', 'http://www.ulisses-regelwiki.de/index.php/KSF_Lanzenangriff.html', NULL),
('Sonderfertigkeit', 479, 'Meister der improvisierten Waffen', 'http://www.ulisses-regelwiki.de/index.php/KSF_MeisterderimprovisiertenWaffen.html', NULL),
('Sonderfertigkeit', 480, 'Meisterliches Ausweichen', 'http://www.ulisses-regelwiki.de/index.php/KSF_MeisterlichesAusweichen.html', NULL),
('Sonderfertigkeit', 481, 'Meisterparade', 'http://www.ulisses-regelwiki.de/index.php/KSF_Meisterparade.html', NULL),
('Sonderfertigkeit', 482, 'Pikenwall', 'http://www.ulisses-regelwiki.de/index.php/KSF_Pikenwall.html', NULL),
('Sonderfertigkeit', 483, 'Präziser Schuss/Wurf', 'http://www.ulisses-regelwiki.de/index.php/KSF_PräziserSchussWurf.html', NULL),
('Sonderfertigkeit', 484, 'I', 'http://www.ulisses-regelwiki.de/index.php/KSF_PräziserSchussWurf.html', 483),
('Sonderfertigkeit', 485, 'II', 'http://www.ulisses-regelwiki.de/index.php/KSF_PräziserSchussWurf.html', 483),
('Sonderfertigkeit', 486, 'III', 'http://www.ulisses-regelwiki.de/index.php/KSF_PräziserSchussWurf.html', 483),
('Sonderfertigkeit', 487, 'Präziser Stich', 'http://www.ulisses-regelwiki.de/index.php/KSF_PräszierStich.html', NULL),
('Sonderfertigkeit', 488, 'I', 'http://www.ulisses-regelwiki.de/index.php/KSF_PräszierStich.html', 487),
('Sonderfertigkeit', 489, 'II', 'http://www.ulisses-regelwiki.de/index.php/KSF_PräszierStich.html', 487),
('Sonderfertigkeit', 490, 'III', 'http://www.ulisses-regelwiki.de/index.php/KSF_PräszierStich.html', 487),
('Sonderfertigkeit', 491, 'Riposte', 'http://www.ulisses-regelwiki.de/index.php/KSF_Riposte.html', NULL),
('Sonderfertigkeit', 492, 'Rundumschlag', 'http://www.ulisses-regelwiki.de/index.php/KSF_Rundumschlag.html', NULL),
('Sonderfertigkeit', 493, 'I', 'http://www.ulisses-regelwiki.de/index.php/KSF_Rundumschlag.html', 492),
('Sonderfertigkeit', 494, 'II', 'http://www.ulisses-regelwiki.de/index.php/KSF_Rundumschlag.html', 492),
('Sonderfertigkeit', 495, 'Scharfschütze', 'http://www.ulisses-regelwiki.de/index.php/KSF_Scharfschütze.html', NULL),
('Sonderfertigkeit', 496, 'I', 'http://www.ulisses-regelwiki.de/index.php/KSF_Scharfschütze.html', 495),
('Sonderfertigkeit', 497, 'II', 'http://www.ulisses-regelwiki.de/index.php/KSF_Scharfschütze.html', 495),
('Sonderfertigkeit', 498, 'Schildspalter', 'http://www.ulisses-regelwiki.de/index.php/KSF_Schildspalter.html', NULL),
('Sonderfertigkeit', 499, 'Schnellladen (Kampftechnik)', 'http://www.ulisses-regelwiki.de/index.php/KSF_Schnellladen.html', NULL),
('Sonderfertigkeit', 500, 'Schnellziehen', 'http://www.ulisses-regelwiki.de/index.php/KSF_Schnellziehen.html', NULL),
('Sonderfertigkeit', 501, 'Schwitzkasten', 'http://www.ulisses-regelwiki.de/index.php/KSF_Schwitzkasten.html', NULL),
('Sonderfertigkeit', 502, 'Sturmangriff', 'http://www.ulisses-regelwiki.de/index.php/KSF_Sturmangriff.html', NULL),
('Sonderfertigkeit', 503, 'Todesstoß', 'http://www.ulisses-regelwiki.de/index.php/KSF_Todesstoß.html', NULL),
('Sonderfertigkeit', 504, 'Unterlaufen', 'http://www.ulisses-regelwiki.de/index.php/KSF_Unterlaufen.html', NULL),
('Sonderfertigkeit', 505, 'I', 'http://www.ulisses-regelwiki.de/index.php/KSF_Unterlaufen.html', 504),
('Sonderfertigkeit', 506, 'II', 'http://www.ulisses-regelwiki.de/index.php/KSF_Unterlaufen.html', 504),
('Sonderfertigkeit', 507, 'Verbessertes Ausweichen', 'http://www.ulisses-regelwiki.de/index.php/KSF_verbessertesAusweichen.html', NULL),
('Sonderfertigkeit', 508, 'I', 'http://www.ulisses-regelwiki.de/index.php/KSF_verbessertesAusweichen.html', 507),
('Sonderfertigkeit', 509, 'II', 'http://www.ulisses-regelwiki.de/index.php/KSF_verbessertesAusweichen.html', 507),
('Sonderfertigkeit', 510, 'III', 'http://www.ulisses-regelwiki.de/index.php/KSF_verbessertesAusweichen.html', 507),
('Sonderfertigkeit', 511, 'Verbessertes Unterlaufen', 'http://www.ulisses-regelwiki.de/index.php/KSF_VerbessertesUnterlaufen.html', NULL),
('Sonderfertigkeit', 512, 'Verteidigungshaltung', 'http://www.ulisses-regelwiki.de/index.php/KSF_Verteidigungshaltung.html', NULL),
('Sonderfertigkeit', 513, 'Verteilter Eisenhagel', 'http://www.ulisses-regelwiki.de/index.php/KSF_Verteilter_Eisenhagel.html', NULL),
('Sonderfertigkeit', 514, 'Vorstoß', 'http://www.ulisses-regelwiki.de/index.php/KSF_Vorstoß.html', NULL),
('Sonderfertigkeit', 515, 'Wuchtschlag', 'http://www.ulisses-regelwiki.de/index.php/KSF_Wuchtschlag.html', NULL),
('Sonderfertigkeit', 516, 'I', 'http://www.ulisses-regelwiki.de/index.php/KSF_Wuchtschlag.html', 515),
('Sonderfertigkeit', 517, 'II', 'http://www.ulisses-regelwiki.de/index.php/KSF_Wuchtschlag.html', 515),
('Sonderfertigkeit', 518, 'III', 'http://www.ulisses-regelwiki.de/index.php/KSF_Wuchtschlag.html', 515),
('Sonderfertigkeit', 519, 'Wurf', 'http://www.ulisses-regelwiki.de/index.php/KSF_Wurf.html', NULL),
('Sonderfertigkeit', 520, 'Zu Fall bringen', 'http://www.ulisses-regelwiki.de/index.php/KSF_ZuFallbringen.html', NULL),
('Sonderfertigkeit', 521, 'Zweihändiger Reiterkampf', 'http://www.ulisses-regelwiki.de/index.php/KSF_zweihändigerReiterkampf.html', NULL),
('Sonderfertigkeit', 522, 'Adersin-Stil', 'http://www.ulisses-regelwiki.de/index.php/KS_Adersin.html', NULL),
('Sonderfertigkeit', 523, 'Alter Adersin-Stil', 'http://www.ulisses-regelwiki.de/index.php/KSF_Alter_Adersin.html', NULL),
('Sonderfertigkeit', 524, 'Baburin-Stil', 'http://www.ulisses-regelwiki.de/index.php/KS_Baburin.html', NULL),
('Sonderfertigkeit', 525, 'Baliho-Stil', 'http://www.ulisses-regelwiki.de/index.php/KS_Baliho.html', NULL),
('Sonderfertigkeit', 526, 'Bornländisches Raufen', 'http://www.ulisses-regelwiki.de/index.php/KS_BornländischesRaufen.html', NULL),
('Sonderfertigkeit', 527, 'Cendrasch-Stil', 'http://www.ulisses-regelwiki.de/index.php/KS_Cendrasch.html', NULL),
('Sonderfertigkeit', 528, 'Dajin-Stil', 'http://www.ulisses-regelwiki.de/index.php/KS_Dajin.html', NULL),
('Sonderfertigkeit', 529, 'Elenvina-Stil', 'http://www.ulisses-regelwiki.de/index.php/KS_Elenvina.html', NULL),
('Sonderfertigkeit', 530, 'Fedorino-Stil', 'http://www.ulisses-regelwiki.de/index.php/KS_Fedorino.html', NULL),
('Sonderfertigkeit', 531, 'Gladiatoren-Stil', 'http://www.ulisses-regelwiki.de/index.php/KS_Gladiatoren.html', NULL),
('Sonderfertigkeit', 532, 'Hammerfaust-Stil', 'http://www.ulisses-regelwiki.de/index.php/KS_Hammerfaust.html', NULL),
('Sonderfertigkeit', 533, 'Hruruzat', 'http://www.ulisses-regelwiki.de/index.php/KS_Hruruzat.html', NULL),
('Sonderfertigkeit', 534, 'Hylailos-Stil', 'http://www.ulisses-regelwiki.de/index.php/KS_Hylailos.html', NULL),
('Sonderfertigkeit', 535, 'Marwan Sahib-Stil', 'http://www.ulisses-regelwiki.de/index.php/KS_MarwanSahib.html', NULL),
('Sonderfertigkeit', 536, 'Mengbilla-Stil', 'http://www.ulisses-regelwiki.de/index.php/KS_Mengbilla.html', NULL),
('Sonderfertigkeit', 537, 'Mercenario-Stil', 'http://www.ulisses-regelwiki.de/index.php/KS_Mercenario.html', NULL),
('Sonderfertigkeit', 538, 'Prem-Stil', 'http://www.ulisses-regelwiki.de/index.php/KS_Prem.html', NULL),
('Sonderfertigkeit', 539, 'Ritter des alten Wegs-Stil', 'http://www.ulisses-regelwiki.de/index.php/KS_RitterdesaltenWegs.html', NULL),
('Sonderfertigkeit', 540, 'Rondras Trutz-Stil', 'http://www.ulisses-regelwiki.de/index.php/KS_RondrasTrutz.html', NULL),
('Sonderfertigkeit', 541, 'Unauer Schule', 'http://www.ulisses-regelwiki.de/index.php/KS_UnauerSchule.html', NULL),
('Sonderfertigkeit', 542, 'Zyklopäisches Ringen', 'http://www.ulisses-regelwiki.de/index.php/KS_ZyklopäischesRingen.html', NULL),
('Sonderfertigkeit', 543, 'Backpfeifen-Sturm', 'http://www.ulisses-regelwiki.de/index.php/PSF_Backpfeifensturm.html', NULL),
('Sonderfertigkeit', 544, 'Durch die Wand', 'http://www.ulisses-regelwiki.de/index.php/PSF_DurchDieWand.html', NULL),
('Sonderfertigkeit', 545, 'Hose Herunterziehen/Hemd Hochziehen', 'http://www.ulisses-regelwiki.de/index.php/PSF_HoseHerunterziehen.html', NULL),
('Sonderfertigkeit', 546, 'Kneipen-Blutgrätsche', 'http://www.ulisses-regelwiki.de/index.php/PSF_KneipenBlutgraetsche.html', NULL),
('Sonderfertigkeit', 547, 'Kneipen-Geschossabwehr', 'http://www.ulisses-regelwiki.de/index.php/PSF_KneipenGeschossabwehr.html', NULL),
('Sonderfertigkeit', 548, 'Kneipen-Kopfstoß', 'http://www.ulisses-regelwiki.de/index.php/PSF_KneipenKopfstoss.html', NULL),
('Sonderfertigkeit', 549, 'Köpfe Aneinanderschlagen', 'http://www.ulisses-regelwiki.de/index.php/PSF_KöpfeAneinanderschlagen.html', NULL),
('Sonderfertigkeit', 550, 'Schlag auf den Kopf', 'http://www.ulisses-regelwiki.de/index.php/PSF_SchlagaufdenKopf.html', NULL),
('Sonderfertigkeit', 551, 'Tür gegen den Kopf Knallen', 'http://www.ulisses-regelwiki.de/index.php/PSF_TürgegendenKopfKnallen.html', NULL),
('Sonderfertigkeit', 552, 'Attacke verbessern', 'http://www.ulisses-regelwiki.de/index.php/SF_Attacke.html', NULL),
('Sonderfertigkeit', 553, 'Ausweichen verbessern', 'http://www.ulisses-regelwiki.de/index.php/SF_Ausweichen.html', NULL),
('Sonderfertigkeit', 554, 'Eigenschaft verbessern', 'http://www.ulisses-regelwiki.de/index.php/SF_Eigenschaft.html', NULL),
('Sonderfertigkeit', 555, 'Empathie', 'http://www.ulisses-regelwiki.de/index.php/SF_Empathie.html', NULL),
('Sonderfertigkeit', 556, 'Fernkampf verbessern', 'http://www.ulisses-regelwiki.de/index.php/SF_Fernkampf.html', NULL),
('Sonderfertigkeit', 557, 'Fleischwunde', 'http://www.ulisses-regelwiki.de/index.php/SF_Fleischwunde.html', NULL),
('Sonderfertigkeit', 558, 'Höhere Prophezeiung', 'http://www.ulisses-regelwiki.de/index.php/SF_HPro.html', NULL),
('Sonderfertigkeit', 559, 'Magiegespür', 'http://www.ulisses-regelwiki.de/index.php/SF_Magiegespür.html', NULL),
('Sonderfertigkeit', 560, 'Prophezeiung', 'http://www.ulisses-regelwiki.de/index.php/SF_Prophezeiung.html', NULL),
('Sonderfertigkeit', 561, 'Wachsamkeit', 'http://www.ulisses-regelwiki.de/index.php/SF_Wachsamkeit.html', NULL),
('Sonderfertigkeit', 562, 'Astraltransfer', 'http://www.ulisses-regelwiki.de/index.php/SSF_Astraltransfer.html', NULL),
('Sonderfertigkeit', 563, 'Astralentzug', 'http://www.ulisses-regelwiki.de/index.php/SSF_Astralentzug.html', NULL),
('Sonderfertigkeit', 564, 'Astralraub', 'http://www.ulisses-regelwiki.de/index.php/SSF_Astralraub.html', NULL),
('Sonderfertigkeit', 565, 'Bannstab des Adepten', 'http://www.ulisses-regelwiki.de/index.php/SSF_BannstabdesAdepten.html', NULL),
('Sonderfertigkeit', 566, 'Bannstab des Magus', 'http://www.ulisses-regelwiki.de/index.php/SSF_BannstabdesMagus.html', NULL),
('Sonderfertigkeit', 567, 'Bindung des Stabes', 'http://www.ulisses-regelwiki.de/index.php/SSF_BindungdesStabes.html', NULL),
('Sonderfertigkeit', 568, 'Doppeltes Maß', 'http://www.ulisses-regelwiki.de/index.php/SSF_DoppeltesMaß.html', NULL),
('Sonderfertigkeit', 569, 'Druckwelle', 'http://www.ulisses-regelwiki.de/index.php/SSF_Druckwelle.html', NULL),
('Sonderfertigkeit', 570, 'Energiestrahl', 'http://www.ulisses-regelwiki.de/index.php/SSF_Energiestrahl.html', NULL),
('Sonderfertigkeit', 571, 'Ewige Flamme', 'http://www.ulisses-regelwiki.de/index.php/SSF_EwigeFlamme.html', NULL),
('Sonderfertigkeit', 572, 'Flammenschwert', 'http://www.ulisses-regelwiki.de/index.php/SSF_Flammenschwert.html', NULL),
('Sonderfertigkeit', 573, 'Hammer des Adepten', 'http://www.ulisses-regelwiki.de/index.php/SSF_HammerdesAdepten.html', NULL),
('Sonderfertigkeit', 574, 'Halbes Maß', 'http://www.ulisses-regelwiki.de/index.php/SSF_HalbesMass.html', NULL),
('Sonderfertigkeit', 575, 'Hammer des Magus', 'http://www.ulisses-regelwiki.de/index.php/SSF_HammerdesMagus.html', NULL),
('Sonderfertigkeit', 576, 'Heilschlaf', 'http://www.ulisses-regelwiki.de/index.php/SSF_Heilschlaf.html', NULL),
('Sonderfertigkeit', 577, 'Kraftfokus', 'http://www.ulisses-regelwiki.de/index.php/SF_Kraftfokus.html', NULL),
('Sonderfertigkeit', 578, 'Machvolle Stabzauber', 'http://www.ulisses-regelwiki.de/index.php/SSF_MachvolleStabzauberI-IV.html', NULL),
('Sonderfertigkeit', 579, 'I', 'http://www.ulisses-regelwiki.de/index.php/SSF_MachvolleStabzauberI-IV.html', 578),
('Sonderfertigkeit', 580, 'II', 'http://www.ulisses-regelwiki.de/index.php/SSF_MachvolleStabzauberI-IV.html', 578),
('Sonderfertigkeit', 581, 'III', 'http://www.ulisses-regelwiki.de/index.php/SSF_MachvolleStabzauberI-IV.html', 578),
('Sonderfertigkeit', 582, 'IV', 'http://www.ulisses-regelwiki.de/index.php/SSF_MachvolleStabzauberI-IV.html', 578),
('Sonderfertigkeit', 583, 'Merkmalsfokus', 'http://www.ulisses-regelwiki.de/index.php/SSF_Merkmalsfokus.html', NULL),
('Sonderfertigkeit', 584, 'Modifikationsfokus', 'http://www.ulisses-regelwiki.de/index.php/SSF_Modifikationsfokus.html', NULL),
('Sonderfertigkeit', 585, 'Seil des Adepten', 'http://www.ulisses-regelwiki.de/index.php/SSF_SeildesAdepten.html', NULL),
('Sonderfertigkeit', 586, 'Seil des Magus', 'http://www.ulisses-regelwiki.de/index.php/SSF_SeildesMagus.html', NULL),
('Sonderfertigkeit', 587, 'Seilpeitsche', 'http://www.ulisses-regelwiki.de/index.php/SSF_Seilpeitsche.html', NULL),
('Sonderfertigkeit', 588, 'Seilschlange', 'http://www.ulisses-regelwiki.de/index.php/SSF_Seilschlange.html', NULL),
('Sonderfertigkeit', 589, 'Siegelbrecher', 'http://www.ulisses-regelwiki.de/index.php/SSF_Siegelbrecher.html', NULL),
('Sonderfertigkeit', 590, 'Stab-Apport', 'http://www.ulisses-regelwiki.de/index.php/SSF_Stab-Apport.html', NULL),
('Sonderfertigkeit', 591, 'Stabbohrer', 'http://www.ulisses-regelwiki.de/index.php/SSF_Stabbohrer.html', NULL),
('Sonderfertigkeit', 592, 'Stabexplosion', 'http://www.ulisses-regelwiki.de/index.php/SSF_Stabexplosion.html', NULL),
('Sonderfertigkeit', 593, 'Stabfixierung', 'http://www.ulisses-regelwiki.de/index.php/SSF_Stabfixierung.html', NULL),
('Sonderfertigkeit', 594, 'Telekineseschlag', 'http://www.ulisses-regelwiki.de/index.php/SSF_Telekineseschlag.html', NULL),
('Sonderfertigkeit', 595, 'Tierwandlung', 'http://www.ulisses-regelwiki.de/index.php/SSF_Tierwandlung.html', NULL),
('Sonderfertigkeit', 596, 'Volumenerweiterung des Zauberstabs', 'http://www.ulisses-regelwiki.de/index.php/SSF_VolumenerweiterungdesZauberstabsI-V.html', NULL),
('Sonderfertigkeit', 597, 'I', 'http://www.ulisses-regelwiki.de/index.php/SSF_VolumenerweiterungdesZauberstabsI-V.html', 596),
('Sonderfertigkeit', 598, 'II', 'http://www.ulisses-regelwiki.de/index.php/SSF_VolumenerweiterungdesZauberstabsI-V.html', 596),
('Sonderfertigkeit', 599, 'III', 'http://www.ulisses-regelwiki.de/index.php/SSF_VolumenerweiterungdesZauberstabsI-V.html', 596),
('Sonderfertigkeit', 600, 'IV', 'http://www.ulisses-regelwiki.de/index.php/SSF_VolumenerweiterungdesZauberstabsI-V.html', 596),
('Sonderfertigkeit', 601, 'V', 'http://www.ulisses-regelwiki.de/index.php/SSF_VolumenerweiterungdesZauberstabsI-V.html', 596),
('Sonderfertigkeit', 602, 'Zauberspeicher des Adepten', 'http://www.ulisses-regelwiki.de/index.php/SSF_ZauberspeicherdesAdepten.html', NULL),
('Sonderfertigkeit', 603, 'Angriff auf ungeschützte Stellen', 'http://www.ulisses-regelwiki.de/index.php/ffrefrefref.html', NULL),
('Sonderfertigkeit', 604, 'Anspringen', 'http://www.ulisses-regelwiki.de/index.php/frfrefrefe.html', NULL),
('Sonderfertigkeit', 605, 'Flugangriff', 'http://www.ulisses-regelwiki.de/index.php/errerefrere.html', NULL),
('Sonderfertigkeit', 606, 'Klammergriff', 'http://www.ulisses-regelwiki.de/index.php/regtrhzthztjhzt.html', NULL),
('Sonderfertigkeit', 607, 'Mächtiger Schlag', 'http://www.ulisses-regelwiki.de/index.php/regrtrhhg.html', NULL),
('Sonderfertigkeit', 608, 'Schwanz- oder Tentakelschwung', 'http://www.ulisses-regelwiki.de/index.php/bgbgreger.html', NULL),
('Sonderfertigkeit', 609, 'Trampeln', 'http://www.ulisses-regelwiki.de/index.php/fddfgdggr.html', NULL),
('Sonderfertigkeit', 610, 'Überrennen', 'http://www.ulisses-regelwiki.de/index.php/ghgfhfg.html', NULL),
('Sonderfertigkeit', 611, 'Verbeißen', 'http://www.ulisses-regelwiki.de/index.php/ghfghhghg.html', NULL),
('Sonderfertigkeit', 612, 'Dinge erspüren', 'http://www.ulisses-regelwiki.de/index.php/VSF_Dingeerspueren.html', NULL),
('Sonderfertigkeit', 613, 'Erster unter Gleichen', 'http://www.ulisses-regelwiki.de/index.php/VSF_ErsterunterGleichen.html', NULL),
('Sonderfertigkeit', 614, 'Fluchbote', 'http://www.ulisses-regelwiki.de/index.php/VSF_Fluchbote.html', NULL),
('Sonderfertigkeit', 615, 'Hexensinn', 'http://www.ulisses-regelwiki.de/index.php/VSF_Hexensinn.html', NULL),
('Sonderfertigkeit', 616, 'Kraftraub', 'http://www.ulisses-regelwiki.de/index.php/VSF_Kraftraub.html', NULL),
('Sonderfertigkeit', 617, 'Krötengift', 'http://www.ulisses-regelwiki.de/index.php/VSF_Kroetengift.html', NULL),
('Sonderfertigkeit', 618, 'Krötenschlag', 'http://www.ulisses-regelwiki.de/index.php/VSF_Kroetenschlag.html', NULL),
('Sonderfertigkeit', 619, 'Stimmungssinn', 'http://www.ulisses-regelwiki.de/index.php/VSF_Stimmungssinn.html', NULL),
('Sonderfertigkeit', 620, 'Tarnung', 'http://www.ulisses-regelwiki.de/index.php/VSF_Tarnung.html', NULL),
('Sonderfertigkeit', 621, 'Tiersinne', 'http://www.ulisses-regelwiki.de/index.php/VSF_Tiersinne.html', NULL),
('Sonderfertigkeit', 622, 'Ungesehener Beobachter', 'http://www.ulisses-regelwiki.de/index.php/VSF_UngesehenerBeobachter.html', NULL),
('Sonderfertigkeit', 623, 'Zwiegespräch', 'http://www.ulisses-regelwiki.de/index.php/VSF_Zwiegespraech.html', NULL),
('Sonderfertigkeit', 624, 'Kakophonie des Wahnsinns', 'http://www.ulisses-regelwiki.de/index.php/kako.html', NULL),
('Sonderfertigkeit', 625, 'Lied des Schmerzes', 'http://www.ulisses-regelwiki.de/index.php/lieddesschmerz.html', NULL),
('Sonderfertigkeit', 626, 'Schlachtlied', 'http://www.ulisses-regelwiki.de/index.php/Schlachtlied.html', NULL),
('Sonderfertigkeit', 627, 'Sklavenlied', 'http://www.ulisses-regelwiki.de/index.php/Sklavenlied.html', NULL),
('Sonderfertigkeit', 628, 'Sturmlied', 'http://www.ulisses-regelwiki.de/index.php/sturmlied.html', NULL),
('Sonderfertigkeit', 629, 'Scholar der Akademie der Geistigen Kraft zu Fasar', 'http://www.ulisses-regelwiki.de/index.php/ScholarFasar.html', NULL),
('Sonderfertigkeit', 630, 'Scholar der Akademie der Hohen Magie zu Punin', 'http://www.ulisses-regelwiki.de/index.php/ScholarPunin.html', NULL),
('Sonderfertigkeit', 631, 'Scholar der Akademie der Verformungen zu Lowangen', 'http://www.ulisses-regelwiki.de/index.php/ScholarLowangen.html', NULL),
('Sonderfertigkeit', 632, 'Scholar der Akademie Schwert und Stab zu Gareth', 'http://www.ulisses-regelwiki.de/index.php/ScholarGareth.html', NULL),
('Sonderfertigkeit', 633, 'Scholar der Halle der Antimagie zu Kuslik', 'http://www.ulisses-regelwiki.de/index.php/ScholarKuslik.html', NULL),
('Sonderfertigkeit', 634, 'Scholar der Halle der Erleuchtung zu Al’Anfa', 'http://www.ulisses-regelwiki.de/index.php/ScholarAlAnfa.html', NULL),
('Sonderfertigkeit', 635, 'Scholar der Khelbara ay Baburia', 'http://www.ulisses-regelwiki.de/index.php/ScholarBaburia.html', NULL),
('Sonderfertigkeit', 636, 'Scholar der Schule der Austreibung zu Perricum', 'http://www.ulisses-regelwiki.de/index.php/Scholar_Perricum.html', NULL),
('Sonderfertigkeit', 637, 'Scholar der Schule der Hellsicht zu Thorwal', 'http://www.ulisses-regelwiki.de/index.php/ScholarThorwal.html', NULL),
('Sonderfertigkeit', 638, 'Scholar der Schule des Direkten Weges zu Gerasim', 'http://www.ulisses-regelwiki.de/index.php/ScholarGerasim.html', NULL),
('Sonderfertigkeit', 639, 'Scholar der Schule des Seienden Scheins zu Zorgan', 'http://www.ulisses-regelwiki.de/index.php/ScholarZorgan.html', NULL),
('Sonderfertigkeit', 640, 'Scholar der Töchter Niobaras', 'http://www.ulisses-regelwiki.de/index.php/ScholarNiobaras.html', NULL),
('Sonderfertigkeit', 641, 'Scholar des Alrik Dagabor', 'http://www.ulisses-regelwiki.de/index.php/ScholarDagabor.html', NULL),
('Sonderfertigkeit', 642, 'Scholar des Demirion Ophenos', 'http://www.ulisses-regelwiki.de/index.php/ScholarOphenos.html', NULL),
('Sonderfertigkeit', 643, 'Scholar des Hesindius Lichtblick', 'http://www.ulisses-regelwiki.de/index.php/ScholarLichtblick.html', NULL),
('Sonderfertigkeit', 644, 'Scholar des Seminars der elfischen Verständigung und natürlichen Heilung zu Donnerbach', 'http://www.ulisses-regelwiki.de/index.php/ScholarDonnerbach.html', NULL),
('Sonderfertigkeit', 645, 'Scholar des Vadif sal Karim', 'http://www.ulisses-regelwiki.de/index.php/ScholarKarim.html', NULL),
('Segen', 646, 'Eidsegen', 'http://www.ulisses-regelwiki.de/index.php/Seg_Eidsegen.html', NULL),
('Segen', 647, 'Feuersegen', 'http://www.ulisses-regelwiki.de/index.php/Seg_Feuersegen.html', NULL),
('Segen', 648, 'Geburtssegen', 'http://www.ulisses-regelwiki.de/index.php/Seg_Geburtssegen.html', NULL),
('Segen', 649, 'Glückssegen', 'http://www.ulisses-regelwiki.de/index.php/Seg_Glückssegen.html', NULL),
('Segen', 650, 'Grabsegen', 'http://www.ulisses-regelwiki.de/index.php/Seg_Grabsegen.html', NULL),
('Segen', 651, 'Harmoniesegen', 'http://www.ulisses-regelwiki.de/index.php/Seg_Harmoniesegen.html', NULL),
('Segen', 652, 'Kleiner Heilsegen', 'http://www.ulisses-regelwiki.de/index.php/Seg_.html', NULL),
('Segen', 653, 'Kleiner Schutzsegen', 'http://www.ulisses-regelwiki.de/index.php/Seg_KleinerSchutzsegen.html', NULL),
('Segen', 654, 'Speisesegen', 'http://www.ulisses-regelwiki.de/index.php/Seg_Speisesegen.html', NULL),
('Segen', 655, 'Stärkungssegen', 'http://www.ulisses-regelwiki.de/index.php/Seg_Stärkungssegen.html', NULL),
('Segen', 656, 'Tranksegen', 'http://www.ulisses-regelwiki.de/index.php/Seg_Tranksegen.html', NULL),
('Segen', 657, 'Weisheitssegen', 'http://www.ulisses-regelwiki.de/index.php/SeG_Weisheitssegen.html', NULL),
('Zauber', 658, 'Ablativum', 'http://www.ulisses-regelwiki.de/index.php/ZS_Ablativum.html', NULL),
('Zauber', 659, 'Abvenenum', 'http://www.ulisses-regelwiki.de/index.php/ZS_Abvenenum.html', NULL),
('Zauber', 660, 'Adlerauge', 'http://www.ulisses-regelwiki.de/index.php/ZS_Adlerauge.html', NULL),
('Zauber', 661, 'Adlerschwinge', 'http://www.ulisses-regelwiki.de/index.php/ZS_Adlerschwinge.html', NULL),
('Zauber', 662, 'Aeolito', 'http://www.ulisses-regelwiki.de/index.php/ZS_Aeolito.html', NULL),
('Zauber', 663, 'Alpgestalt', 'http://www.ulisses-regelwiki.de/index.php/ZS_Alpgestalt.html', NULL),
('Zauber', 664, 'Altisonus', 'http://www.ulisses-regelwiki.de/index.php/ZS_Altisonus.html', NULL),
('Zauber', 665, 'Analys Arkanstruktur', 'http://www.ulisses-regelwiki.de/index.php/ZS_Analys.html', NULL),
('Zauber', 666, 'Angst auslösen', 'http://www.ulisses-regelwiki.de/index.php/ZS_Angstausloesen.html', NULL),
('Zauber', 667, 'Ängste lindern', 'http://www.ulisses-regelwiki.de/index.php/ZS_Ängste_lindern.html', NULL),
('Zauber', 668, 'Archofaxius', 'http://www.ulisses-regelwiki.de/index.php/ZS_Archofaxius.html', NULL),
('Zauber', 669, 'Archosphaero', 'http://www.ulisses-regelwiki.de/index.php/ZS_Archosphaero.html', NULL),
('Zauber', 670, 'Aromatis Illusionis', 'http://www.ulisses-regelwiki.de/index.php/ZS_AromatisIllusionis.html', NULL),
('Zauber', 671, 'Armatrutz', 'http://www.ulisses-regelwiki.de/index.php/ZS_Armatrutz.html', NULL),
('Zauber', 672, 'Atemnot', 'http://www.ulisses-regelwiki.de/index.php/ZS_Atemnot.html', NULL),
('Zauber', 673, 'Attributo (Charisma)', 'http://www.ulisses-regelwiki.de/index.php/ZS_AttributoCharisma.html', NULL),
('Zauber', 674, 'Attributo (Fingerfertigkeit)', 'http://www.ulisses-regelwiki.de/index.php/ZS_AttributoFingerfertigkeit.html', NULL),
('Zauber', 675, 'Attributo (Klugheit)', 'http://www.ulisses-regelwiki.de/index.php/ZS_AttributoKlugheit.html', NULL),
('Zauber', 676, 'Attributo (Körperkraft)', 'http://www.ulisses-regelwiki.de/index.php/ZS_Attributo_Körperkraft.html', NULL),
('Zauber', 677, 'Aufwecken', 'http://www.ulisses-regelwiki.de/index.php/ZS_Aufwecken.html', NULL),
('Zauber', 678, 'Auge des Limbus', 'http://www.ulisses-regelwiki.de/index.php/ZS_AugedesLimbus.html', NULL),
('Zauber', 679, 'Aureolus', 'http://www.ulisses-regelwiki.de/index.php/ZS_Aureolus.html', NULL),
('Zauber', 680, 'Auris Illusionis', 'http://www.ulisses-regelwiki.de/index.php/ZS_AurisIllusionis.html', NULL),
('Zauber', 681, 'Axxeleratus', 'http://www.ulisses-regelwiki.de/index.php/ZS_Axxeleratus.html', NULL),
('Zauber', 682, 'Balsam Salabunde', 'http://www.ulisses-regelwiki.de/index.php/ZS_Balsam.html', NULL),
('Zauber', 683, 'Bannbaladin', 'http://www.ulisses-regelwiki.de/index.php/ZS_Bannbaladin.html', NULL),
('Zauber', 684, 'Band und Fessel', 'http://www.ulisses-regelwiki.de/index.php/ZS_BandundFessel.html', NULL),
('Zauber', 685, 'Blick aufs Wesen', 'http://www.ulisses-regelwiki.de/index.php/ZS_BlickaufsWesen.html', NULL),
('Zauber', 686, 'Blick in die Gedanken', 'http://www.ulisses-regelwiki.de/index.php/ZS_Blick_in_die_Gedanken.html', NULL),
('Zauber', 687, 'Blindheit', 'http://www.ulisses-regelwiki.de/index.php/ZS_Blindheit.html', NULL),
('Zauber', 688, 'Blitz dich find', 'http://www.ulisses-regelwiki.de/index.php/ZS_Blitz.html', NULL),
('Zauber', 689, 'Chamaelioni', 'http://www.ulisses-regelwiki.de/index.php/ZS_Chamaelioni.html', NULL),
('Zauber', 690, 'Claudibus', 'http://www.ulisses-regelwiki.de/index.php/ZS_Claudibus.html', NULL),
('Zauber', 691, 'Corpofesso', 'http://www.ulisses-regelwiki.de/index.php/ZS_Corpofesso.html', NULL),
('Zauber', 692, 'Corpofrigo', 'http://www.ulisses-regelwiki.de/index.php/ZS_Corpofrigo.html', NULL),
('Zauber', 693, 'Dämonenbann', 'http://www.ulisses-regelwiki.de/index.php/ZS_Daemonenbann.html', NULL),
('Zauber', 694, 'Dämonenschild', 'http://www.ulisses-regelwiki.de/index.php/ZS_Daemonenschild.html', NULL),
('Zauber', 695, 'Debilitatio', 'http://www.ulisses-regelwiki.de/index.php/ZS_Debilitatio.html', NULL),
('Zauber', 696, 'Desintegratus', 'http://www.ulisses-regelwiki.de/index.php/ZS_Desintegratus.html', NULL),
('Zauber', 697, 'Disruptivo', 'http://www.ulisses-regelwiki.de/index.php/ZS_Disruptivo.html', NULL),
('Zauber', 698, 'Dunkelheit', 'http://www.ulisses-regelwiki.de/index.php/ZS_Dunkelheit.html', NULL),
('Zauber', 699, 'Duplicatus', 'http://www.ulisses-regelwiki.de/index.php/ZS_Duplicatus.html', NULL),
('Zauber', 700, 'Ecliptifactus', 'http://www.ulisses-regelwiki.de/index.php/ZS_Ecliptifactus.html', NULL),
('Zauber', 701, 'Einflussbann', 'http://www.ulisses-regelwiki.de/index.php/ZS_Einflussbann.html', NULL),
('Zauber', 702, 'Eigne Ängste', 'http://www.ulisses-regelwiki.de/index.php/ZS_EigeneAengste.html', NULL),
('Zauber', 703, 'Eisenrost', 'http://www.ulisses-regelwiki.de/index.php/ZS_Eisenrost.html', NULL),
('Zauber', 704, 'Elementarbann', 'http://www.ulisses-regelwiki.de/index.php/ZS_Elementarbann.html', NULL),
('Zauber', 705, 'Elfenstimme', 'http://www.ulisses-regelwiki.de/index.php/ZS_Elfenstimme.html', NULL),
('Zauber', 706, 'Erinnerung verlasse dich', 'http://www.ulisses-regelwiki.de/index.php/ZS_Erinnerungverlassedich.html', NULL),
('Zauber', 707, 'Exposami', 'http://www.ulisses-regelwiki.de/index.php/ZS_Exposami.html', NULL),
('Zauber', 708, 'Falkenauge', 'http://www.ulisses-regelwiki.de/index.php/SZ_Falkenauge.html', NULL),
('Zauber', 709, 'Favilludo', 'http://www.ulisses-regelwiki.de/index.php/ZS_Favilludo.html', NULL),
('Zauber', 710, 'Firnlauf', 'http://www.ulisses-regelwiki.de/index.php/ZS_Firnlauf.html', NULL),
('Zauber', 711, 'Fischflosse', 'http://www.ulisses-regelwiki.de/index.php/ZS_Fischflosse.html', NULL),
('Zauber', 712, 'Flim Flam', 'http://www.ulisses-regelwiki.de/index.php/ZS_Flim_Flam.html', NULL),
('Zauber', 713, 'Foramen', 'http://www.ulisses-regelwiki.de/index.php/ZS_Foramen.html', NULL),
('Zauber', 714, 'Fortifex', 'http://www.ulisses-regelwiki.de/index.php/ZS_Fortifex.html', NULL),
('Zauber', 715, 'Fulminictus', 'http://www.ulisses-regelwiki.de/index.php/ZS_Fulminictus.html', NULL),
('Zauber', 716, 'Gardianum', 'http://www.ulisses-regelwiki.de/index.php/ZS_Gardianium.html', NULL),
('Zauber', 717, 'Gedankenbilder', 'http://www.ulisses-regelwiki.de/index.php/ZS_Gedankenbilder.html', NULL),
('Zauber', 718, 'Gefunden', 'http://www.ulisses-regelwiki.de/index.php/ZS_Gefunden.html', NULL),
('Zauber', 719, 'Gletscherform', 'http://www.ulisses-regelwiki.de/index.php/ZS_Gletscherform.html', NULL),
('Zauber', 720, 'Große Gier', 'http://www.ulisses-regelwiki.de/index.php/ZS_GrosseGier.html', NULL),
('Zauber', 721, 'Große Verwirrung', 'http://www.ulisses-regelwiki.de/index.php/ZS_GrosseVerwirrung.html', NULL),
('Zauber', 722, 'Harmlose Gestalt', 'http://www.ulisses-regelwiki.de/index.php/ZS_Harmlose_Gestalt.html', NULL),
('Zauber', 723, 'Haselbusch', 'http://www.ulisses-regelwiki.de/index.php/ZS_Haselbusch.html', NULL),
('Zauber', 724, 'Heilungsbann', 'http://www.ulisses-regelwiki.de/index.php/ZS_Heilungsbann.html', NULL),
('Zauber', 725, 'Hellsichtbann', 'http://www.ulisses-regelwiki.de/index.php/ZS_Hellsichtbann.html', NULL),
('Zauber', 726, 'Herr über das Tierreich', 'http://www.ulisses-regelwiki.de/index.php/ZS_Herr_über_das_Tierreich.html', NULL),
('Zauber', 727, 'Heptagramma', 'http://www.ulisses-regelwiki.de/index.php/ZS_Heptagramma.html', NULL),
('Zauber', 728, 'Herzschlag ruhe', 'http://www.ulisses-regelwiki.de/index.php/ZS_Herzschlagruhe.html', NULL),
('Zauber', 729, 'Hexagramma', 'http://www.ulisses-regelwiki.de/index.php/ZS_Hexagramma.html', NULL),
('Zauber', 730, 'Hexenholz', 'http://www.ulisses-regelwiki.de/index.php/ZS_Hexenholz.html', NULL),
('Zauber', 731, 'Hexengalle', 'http://www.ulisses-regelwiki.de/index.php/ZS_Hexengalle.html', NULL),
('Zauber', 732, 'Hexenknoten', 'http://www.ulisses-regelwiki.de/index.php/ZS_Hexenknoten.html', NULL),
('Zauber', 733, 'Hexenkrallen', 'http://www.ulisses-regelwiki.de/index.php/ZS_Hexenkrallen.html', NULL),
('Zauber', 734, 'Höllenpein', 'http://www.ulisses-regelwiki.de/index.php/ZS_Höllenpein.html', NULL),
('Zauber', 735, 'Horriphobus', 'http://www.ulisses-regelwiki.de/index.php/ZS_Horriphobus.html', NULL),
('Zauber', 736, 'Ignifaxius', 'http://www.ulisses-regelwiki.de/index.php/ZS_Ignifaxius.html', NULL),
('Zauber', 737, 'Ignisphaero', 'http://www.ulisses-regelwiki.de/index.php/ZS_Ignisphaero.html', NULL),
('Zauber', 738, 'Ignorantia', 'http://www.ulisses-regelwiki.de/index.php/ZS_Ignorantia.html', NULL),
('Zauber', 739, 'Illusionsbann', 'http://www.ulisses-regelwiki.de/index.php/ZS_Illusionsbann.html', NULL),
('Zauber', 740, 'Imperavi', 'http://www.ulisses-regelwiki.de/index.php/ZS_Imperavi.html', NULL),
('Zauber', 741, 'Impersona', 'http://www.ulisses-regelwiki.de/index.php/ZS_Impersona.html', NULL),
('Zauber', 742, 'Incendio', 'http://www.ulisses-regelwiki.de/index.php/ZS_Incendio.html', NULL),
('Zauber', 743, 'Invercano', 'http://www.ulisses-regelwiki.de/index.php/ZS_Invercano.html', NULL),
('Zauber', 744, 'Invocatio Minima', 'http://www.ulisses-regelwiki.de/index.php/ZS_Invominima.html', NULL),
('Zauber', 745, 'Karnifilo', 'http://www.ulisses-regelwiki.de/index.php/ZS_Karnifilo.html', NULL),
('Zauber', 746, 'Katzenaugen', 'http://www.ulisses-regelwiki.de/index.php/ZS_Katzenaugen.html', NULL),
('Zauber', 747, 'Klarum Purum', 'http://www.ulisses-regelwiki.de/index.php/ZS_Klarum_Purum.html', NULL),
('Zauber', 748, 'Krötensprung', 'http://www.ulisses-regelwiki.de/index.php/ZS_Krötensprung.html', NULL),
('Zauber', 749, 'Kusch', 'http://www.ulisses-regelwiki.de/index.php/ZS_Kusch.html', NULL),
('Zauber', 750, 'Last des Alters', 'http://www.ulisses-regelwiki.de/index.php/ZS_LastdesAlters.html', NULL),
('Zauber', 751, 'Lunge des Leviatan', 'http://www.ulisses-regelwiki.de/index.php/ZS_LungedesLeviatan.html', NULL),
('Zauber', 752, 'Manifesto', 'http://www.ulisses-regelwiki.de/index.php/ZS_Manifesto.html', NULL),
('Zauber', 753, 'Manus Illusionis', 'http://www.ulisses-regelwiki.de/index.php/ZS_ManusIllusionis.html', NULL),
('Zauber', 754, 'Manus Miracula', 'http://www.ulisses-regelwiki.de/index.php/ZS_Manus_Miracula.html', NULL),
('Zauber', 755, 'Memorans', 'http://www.ulisses-regelwiki.de/index.php/ZS_Memorans.html', NULL),
('Zauber', 756, 'Menetekel', 'http://www.ulisses-regelwiki.de/index.php/ZS_Menetekel.html', NULL),
('Zauber', 757, 'Motoricus', 'http://www.ulisses-regelwiki.de/index.php/ZS_Motoricus.html', NULL),
('Zauber', 758, 'Nebelwand', 'http://www.ulisses-regelwiki.de/index.php/ZS_Nebelwand.html', NULL),
('Zauber', 759, 'Nuntiovolo', 'http://www.ulisses-regelwiki.de/index.php/ZS_Nuntiovolo.html', NULL),
('Zauber', 760, 'Objectobscuro', 'http://www.ulisses-regelwiki.de/index.php/ZS_Objectobscuro.html', NULL),
('Zauber', 761, 'Objectofixo', 'http://www.ulisses-regelwiki.de/index.php/ZS_Objectofixo.html', NULL),
('Zauber', 762, 'Objektbann', 'http://www.ulisses-regelwiki.de/index.php/ZS_Objektbann.html', NULL),
('Zauber', 763, 'Oculus Astralis', 'http://www.ulisses-regelwiki.de/index.php/ZS_OculusAstralis.html', NULL),
('Zauber', 764, 'Oculus Illusionis', 'http://www.ulisses-regelwiki.de/index.php/ZS_Oculus_llusionis.html', NULL),
('Zauber', 765, 'Odem Arcanum', 'http://www.ulisses-regelwiki.de/index.php/ZS_Odem_Arcanum.html', NULL),
('Zauber', 766, 'Orcanofaxius', 'http://www.ulisses-regelwiki.de/index.php/ZS_Orcanofaxius.html', NULL),
('Zauber', 767, 'Orcanosphaero', 'http://www.ulisses-regelwiki.de/index.php/ZS_Orcanosphaero.html', NULL),
('Zauber', 768, 'Paralysis', 'http://www.ulisses-regelwiki.de/index.php/paral.html', NULL),
('Zauber', 769, 'Penetrizzel', 'http://www.ulisses-regelwiki.de/index.php/ZS_Penetrizzel.html', NULL),
('Zauber', 770, 'Pentagramma', 'http://www.ulisses-regelwiki.de/index.php/ZS_Pentagramma.html', NULL),
('Zauber', 771, 'Pestilenz erspüren', 'http://www.ulisses-regelwiki.de/index.php/ZS_Pestilenz_erspüren.html', NULL),
('Zauber', 772, 'Physiostabilis', 'http://www.ulisses-regelwiki.de/index.php/ZS_Physiostabilis.html', NULL),
('Zauber', 773, 'Plumbumbarum', 'http://www.ulisses-regelwiki.de/index.php/ZS_Plumbumbarum.html', NULL),
('Zauber', 774, 'Projectimago', 'http://www.ulisses-regelwiki.de/index.php/ZS_Projectimago.html', NULL),
('Zauber', 775, 'Psychostabilis', 'http://www.ulisses-regelwiki.de/index.php/ZS_Psychostabilis.html', NULL),
('Zauber', 776, 'Radau', 'http://www.ulisses-regelwiki.de/index.php/ZS_Radau.html', NULL),
('Zauber', 777, 'Reflectimago', 'http://www.ulisses-regelwiki.de/index.php/ZS_Reflectimago.html', NULL),
('Zauber', 778, 'Regeneratio', 'http://www.ulisses-regelwiki.de/index.php/ZS_Regeneratio.html', NULL),
('Zauber', 779, 'Respondami', 'http://www.ulisses-regelwiki.de/index.php/ZS_Respondami.html', NULL),
('Zauber', 780, 'Salander', 'http://www.ulisses-regelwiki.de/index.php/ZS_Salander.html', NULL),
('Zauber', 781, 'Sanftmut', 'http://www.ulisses-regelwiki.de/index.php/ZS_Sanftmut.html', NULL),
('Zauber', 782, 'Sapefacta', 'http://www.ulisses-regelwiki.de/index.php/ZS_Sapefacta.html', NULL),
('Zauber', 783, 'Satuarias Herrlichkeit', 'http://www.ulisses-regelwiki.de/index.php/ZS_Satuarias_Herrlichkeit.html', NULL),
('Zauber', 784, 'Schlangenruf', 'http://www.ulisses-regelwiki.de/index.php/ZS_Schlangenruf.html', NULL),
('Zauber', 785, 'Schmerzen lindern', 'http://www.ulisses-regelwiki.de/index.php/ZS_Schmerzenlindern.html', NULL),
('Zauber', 786, 'Schwarzer Schrecken', 'http://www.ulisses-regelwiki.de/index.php/ZS_SchwarzerSchrecken.html', NULL),
('Zauber', 787, 'Schwarz und Rot', 'http://www.ulisses-regelwiki.de/index.php/ZS_SchwarzundRot.html', NULL),
('Zauber', 788, 'Sensibar', 'http://www.ulisses-regelwiki.de/index.php/ZS_Sensibar.html', NULL),
('Zauber', 789, 'Silentium', 'http://www.ulisses-regelwiki.de/index.php/ZS_Silentium.html', NULL),
('Zauber', 790, 'Skelettarius', 'http://www.ulisses-regelwiki.de/index.php/ZS_Skelettarius.html', NULL),
('Zauber', 791, 'Zaubererweiterungen', 'http://www.ulisses-regelwiki.de/index.php/ZS_Solidirid.html', NULL),
('Zauber', 792, 'Somnigravis', 'http://www.ulisses-regelwiki.de/index.php/ZS_Somnigravis.html', NULL),
('Zauber', 793, 'Spinnenlauf', 'http://www.ulisses-regelwiki.de/index.php/ZS_Spinnenlauf.html', NULL),
('Zauber', 794, 'Spurlos', 'http://www.ulisses-regelwiki.de/index.php/ZS_Spurlos.html', NULL),
('Zauber', 795, 'Stillstand', 'http://www.ulisses-regelwiki.de/index.php/ZS_Stillstand.html', NULL),
('Zauber', 796, 'Sumus Elixiere', 'http://www.ulisses-regelwiki.de/index.php/ZS_Sumus_Elixiere.html', NULL),
('Zauber', 797, 'Taubheit', 'http://www.ulisses-regelwiki.de/index.php/ZS_Taubheit.html', NULL),
('Zauber', 798, 'Telekinesebann', 'http://www.ulisses-regelwiki.de/index.php/ZS_Telekinesebann.html', NULL),
('Zauber', 799, 'Tiergedanken', 'http://www.ulisses-regelwiki.de/index.php/ZS_Tiergedanken.html', NULL),
('Zauber', 800, 'Transversalis', 'http://www.ulisses-regelwiki.de/index.php/ZS_Transversalis.html', NULL),
('Zauber', 801, 'Verwandlungsbann', 'http://www.ulisses-regelwiki.de/index.php/ZS_Verwandlungsbann.html', NULL),
('Zauber', 802, 'Vipernblick', 'http://www.ulisses-regelwiki.de/index.php/ZS_Vipernblick.html', NULL),
('Zauber', 803, 'Visibili', 'http://www.ulisses-regelwiki.de/index.php/ZS_Visibili.html', NULL),
('Zauber', 804, 'Vogelzwitschern', 'http://www.ulisses-regelwiki.de/index.php/ZS_Vogelzwitschern.html', NULL),
('Zauber', 805, 'Wasseratem', 'http://www.ulisses-regelwiki.de/index.php/ZS_Wasseratem.html', NULL),
('Zauber', 806, 'Wolfstatze', 'http://www.ulisses-regelwiki.de/index.php/ZS_Wolfstatze.html', NULL),
('Zauber', 807, 'Zunge betäuben', 'http://www.ulisses-regelwiki.de/index.php/ZS_Zunge_betäuben.html', NULL),
('Zauber', 808, 'Zwingtanz', 'http://www.ulisses-regelwiki.de/index.php/ZS_Zwingtanz.html', NULL),
('Zaubertrick', 809, 'Abkühlung', 'http://www.ulisses-regelwiki.de/index.php/ZT_Abkühlung.html', NULL),
('Zaubertrick', 810, 'Aranische Rasur', 'http://www.ulisses-regelwiki.de/index.php/ZT_AranischeRasur.html', NULL),
('Zaubertrick', 811, 'Bartwuchs', 'http://www.ulisses-regelwiki.de/index.php/ZT_Bartwuchs.html', NULL),
('Zaubertrick', 812, 'Bauchreden', 'http://www.ulisses-regelwiki.de/index.php/ZT_Bauchreden.html', NULL),
('Zaubertrick', 813, 'Beeren & Nüsse', 'http://www.ulisses-regelwiki.de/index.php/ZT_BeerenundNüsse.html', NULL),
('Zaubertrick', 814, 'Beruhigung', 'http://www.ulisses-regelwiki.de/index.php/ZT_Beruhigung.html', NULL),
('Zaubertrick', 815, 'Blütenduft', 'http://www.ulisses-regelwiki.de/index.php/ZT_Blütenduft.html', NULL),
('Zaubertrick', 816, 'Duft', 'http://www.ulisses-regelwiki.de/index.php/ZT_Duft.html', NULL),
('Zaubertrick', 817, 'Ehrfürchtiges Verhalten', 'http://www.ulisses-regelwiki.de/index.php/ZT_EhrfürchtigesVerhalten.html', NULL),
('Zaubertrick', 818, 'Feenfüße', 'http://www.ulisses-regelwiki.de/index.php/ZT_Feenfuesse.html', NULL),
('Zaubertrick', 819, 'Feuerfinger', 'http://www.ulisses-regelwiki.de/index.php/ZT_Feuerfinger.html', NULL),
('Zaubertrick', 820, 'Glücksgriff', 'http://www.ulisses-regelwiki.de/index.php/ZT_Glücksgriff.html', NULL),
('Zaubertrick', 821, 'Grußworte', 'http://www.ulisses-regelwiki.de/index.php/ZT_Grußworte.html', NULL),
('Zaubertrick', 822, 'Guten Morgen', 'http://www.ulisses-regelwiki.de/index.php/ZT_GutenMorgen.html', NULL),
('Zaubertrick', 823, 'Haarpracht', 'http://www.ulisses-regelwiki.de/index.php/ZT_Haarpracht.html', NULL),
('Zaubertrick', 824, 'Handwärmer', 'http://www.ulisses-regelwiki.de/index.php/ZT_Handwärmer.html', NULL),
('Zaubertrick', 825, 'Heller Stern', 'http://www.ulisses-regelwiki.de/index.php/ZT_HellerStern.html', NULL),
('Zaubertrick', 826, 'Hexenblick', 'http://www.ulisses-regelwiki.de/index.php/ZT_Hexenblick.html', NULL),
('Zaubertrick', 827, 'Hintergrundmusik', 'http://www.ulisses-regelwiki.de/index.php/ZT_Hintergrundmusik.html', NULL),
('Zaubertrick', 828, 'Insektenbann', 'http://www.ulisses-regelwiki.de/index.php/ZT_Insektenbann.html', NULL),
('Zaubertrick', 829, 'Kehrbesen', 'http://www.ulisses-regelwiki.de/index.php/ZT_Kehrbesen.html', NULL),
('Zaubertrick', 830, 'Leselampe', 'http://www.ulisses-regelwiki.de/index.php/ZT_Leselampe.html', NULL),
('Zaubertrick', 831, 'Luftstoß', 'http://www.ulisses-regelwiki.de/index.php/ZT_Luftstoß.html', NULL),
('Zaubertrick', 832, 'Lockruf', 'http://www.ulisses-regelwiki.de/index.php/ZT_Lockruf.html', NULL),
('Zaubertrick', 833, 'Nagellack', 'http://www.ulisses-regelwiki.de/index.php/ZT_Nagellack.html', NULL),
('Zaubertrick', 834, 'Ordentlich', 'http://www.ulisses-regelwiki.de/index.php/SF_Ordentlich.html', NULL),
('Zaubertrick', 835, 'Pflanzenempathie', 'http://www.ulisses-regelwiki.de/index.php/ZT_Pflanzenempathie.html', NULL),
('Zaubertrick', 836, 'Regenbogenaugen', 'http://www.ulisses-regelwiki.de/index.php/ZT_Regenbogenaugen.html', NULL),
('Zaubertrick', 837, 'Rohrstock', 'http://www.ulisses-regelwiki.de/index.php/ZT_Rohrstock.html', NULL),
('Zaubertrick', 838, 'Sandfigur', 'http://www.ulisses-regelwiki.de/index.php/ZT_Sandfigur.html', NULL),
('Zaubertrick', 839, 'Selbstarchivierung', 'http://www.ulisses-regelwiki.de/index.php/ZT_Selbstarchivierung.html', NULL),
('Zaubertrick', 840, 'Schlangenhände', 'http://www.ulisses-regelwiki.de/index.php/ZT_Schlangenhände.html', NULL),
('Zaubertrick', 841, 'Schminken', 'http://www.ulisses-regelwiki.de/index.php/ZT_Schminken.html', NULL),
('Zaubertrick', 842, 'Schnipsen', 'http://www.ulisses-regelwiki.de/index.php/ZT_Schnipsen.html', NULL),
('Zaubertrick', 843, 'Signatur', 'http://www.ulisses-regelwiki.de/index.php/ZT_Signatur.html', NULL),
('Zaubertrick', 844, 'Tätowierung', 'http://www.ulisses-regelwiki.de/index.php/ZT_Tätowierung.html', NULL),
('Zaubertrick', 845, 'Trocken', 'http://www.ulisses-regelwiki.de/index.php/ZT_Trocken.html', NULL),
('Zaubertrick', 846, 'Unheimliches Lachen', 'http://www.ulisses-regelwiki.de/index.php/ZT_UnheimlichesLachen.html', NULL),
('Zaubertrick', 847, 'Waffensäuberung', 'http://www.ulisses-regelwiki.de/index.php/ZT_Waffensäuberung.html', NULL),
('Zaubertrick', 848, 'Wasserhöhe', 'http://www.ulisses-regelwiki.de/index.php/ZT_Wasserhoehe.html', NULL),
('Zaubertrick', 849, 'Weisheit des Leytfadens', 'http://www.ulisses-regelwiki.de/index.php/ZT_WeisheitdesLeytfadens.html', NULL),
('Zaubertrick', 850, 'Würze', 'http://www.ulisses-regelwiki.de/index.php/ZT_Würze.html', NULL),
('Zaubertrick', 851, 'Zauberfeder', 'http://www.ulisses-regelwiki.de/index.php/ZT_Zauberfeder.html', NULL),
('Zeremonie', 852, 'Ackersegen', 'http://www.ulisses-regelwiki.de/index.php/Lit_Ackersegen.html', NULL),
('Zeremonie', 853, 'Empfängnis des Korsmals', 'http://www.ulisses-regelwiki.de/index.php/Zer_EmpfaengnisdesKorsmals.html', NULL),
('Zeremonie', 854, 'Exorzismus', 'http://www.ulisses-regelwiki.de/index.php/Zer_Exorzismus.html', NULL),
('Zeremonie', 855, 'Geweihter Panzer', 'http://www.ulisses-regelwiki.de/index.php/Lit_GeweihterPanzer.html', NULL),
('Zeremonie', 856, 'Löwengestalt', 'http://www.ulisses-regelwiki.de/index.php/Zer_Löwengestalt.html', NULL),
('Zeremonie', 857, 'Nebelleib', 'http://www.ulisses-regelwiki.de/index.php/Zer_Nebelleib.html', NULL),
('Zeremonie', 858, 'Objektweihe', 'http://www.ulisses-regelwiki.de/index.php/Zer_Objektweihe.html', NULL),
('Vorteil', 859, 'Adel', 'http://www.ulisses-regelwiki.de/index.php/V_Adel.html', NULL),
('Vorteil', 860, 'I', 'http://www.ulisses-regelwiki.de/index.php/V_Adel.html', 859),
('Vorteil', 861, 'II', 'http://www.ulisses-regelwiki.de/index.php/V_Adel.html', 859),
('Vorteil', 862, 'III', 'http://www.ulisses-regelwiki.de/index.php/V_Adel.html', 859),
('Vorteil', 863, 'Affinität zu Dämonen', 'http://www.ulisses-regelwiki.de/index.php/V_AffinitaetzuDaemonen.html', NULL),
('Vorteil', 864, 'Affinität zu Elementaren', 'http://www.ulisses-regelwiki.de/index.php/V_AffinitaetzuElementaren.html', NULL),
('Vorteil', 865, 'Allerweltsname', 'http://www.ulisses-regelwiki.de/index.php/aller.html', NULL),
('Vorteil', 866, 'Altersresistenz (*)', 'http://www.ulisses-regelwiki.de/index.php/V_Altersresistenz.html', NULL),
('Vorteil', 867, 'Angenehmer Geruch', 'http://www.ulisses-regelwiki.de/index.php/V_AngenehmerGeruch.html', NULL),
('Vorteil', 868, 'Basiliskentöter', 'http://www.ulisses-regelwiki.de/index.php/V_Basiliskentöter.html', NULL),
('Vorteil', 869, 'Begabung', 'http://www.ulisses-regelwiki.de/index.php/V_Begabung.html', NULL),
('Vorteil', 870, 'Fliegen', 'http://www.ulisses-regelwiki.de/index.php/V_Begabung.html', 869),
('Vorteil', 871, 'Gaukeleien', 'http://www.ulisses-regelwiki.de/index.php/V_Begabung.html', 869),
('Vorteil', 872, 'Klettern', 'http://www.ulisses-regelwiki.de/index.php/V_Begabung.html', 869),
('Vorteil', 873, 'Körperbeherrschung', 'http://www.ulisses-regelwiki.de/index.php/V_Begabung.html', 869),
('Vorteil', 874, 'Kraftakt', 'http://www.ulisses-regelwiki.de/index.php/V_Begabung.html', 869),
('Vorteil', 875, 'Reiten', 'http://www.ulisses-regelwiki.de/index.php/V_Begabung.html', 869),
('Vorteil', 876, 'Schwimmen', 'http://www.ulisses-regelwiki.de/index.php/V_Begabung.html', 869),
('Vorteil', 877, 'Selbstbeherrschung', 'http://www.ulisses-regelwiki.de/index.php/V_Begabung.html', 869),
('Vorteil', 878, 'Singen', 'http://www.ulisses-regelwiki.de/index.php/V_Begabung.html', 869),
('Vorteil', 879, 'Sinnesschärfe', 'http://www.ulisses-regelwiki.de/index.php/V_Begabung.html', 869),
('Vorteil', 880, 'Tanzen', 'http://www.ulisses-regelwiki.de/index.php/V_Begabung.html', 869),
('Vorteil', 881, 'Taschendiebstahl', 'http://www.ulisses-regelwiki.de/index.php/V_Begabung.html', 869),
('Vorteil', 882, 'Verbergen', 'http://www.ulisses-regelwiki.de/index.php/V_Begabung.html', 869),
('Vorteil', 883, 'Zechen', 'http://www.ulisses-regelwiki.de/index.php/V_Begabung.html', 869),
('Vorteil', 884, 'Bekehren & Überzeugen', 'http://www.ulisses-regelwiki.de/index.php/V_Begabung.html', 869),
('Vorteil', 885, 'Betören', 'http://www.ulisses-regelwiki.de/index.php/V_Begabung.html', 869),
('Vorteil', 886, 'Einschüchtern', 'http://www.ulisses-regelwiki.de/index.php/V_Begabung.html', 869),
('Vorteil', 887, 'Etikette', 'http://www.ulisses-regelwiki.de/index.php/V_Begabung.html', 869),
('Vorteil', 888, 'Gassenwissen', 'http://www.ulisses-regelwiki.de/index.php/V_Begabung.html', 869),
('Vorteil', 889, 'Menschenkenntnis', 'http://www.ulisses-regelwiki.de/index.php/V_Begabung.html', 869),
('Vorteil', 890, 'Überreden', 'http://www.ulisses-regelwiki.de/index.php/V_Begabung.html', 869),
('Vorteil', 891, 'Verkleiden', 'http://www.ulisses-regelwiki.de/index.php/V_Begabung.html', 869),
('Vorteil', 892, 'Willenskraft', 'http://www.ulisses-regelwiki.de/index.php/V_Begabung.html', 869),
('Vorteil', 893, 'Fährtensuchen', 'http://www.ulisses-regelwiki.de/index.php/V_Begabung.html', 869),
('Vorteil', 894, 'Fesseln', 'http://www.ulisses-regelwiki.de/index.php/V_Begabung.html', 869),
('Vorteil', 895, 'Fischen & Angeln', 'http://www.ulisses-regelwiki.de/index.php/V_Begabung.html', 869),
('Vorteil', 896, 'Orientierung', 'http://www.ulisses-regelwiki.de/index.php/V_Begabung.html', 869),
('Vorteil', 897, 'Pflanzenkunde', 'http://www.ulisses-regelwiki.de/index.php/V_Begabung.html', 869),
('Vorteil', 898, 'Tierkunde', 'http://www.ulisses-regelwiki.de/index.php/V_Begabung.html', 869),
('Vorteil', 899, 'Wildnisleben', 'http://www.ulisses-regelwiki.de/index.php/V_Begabung.html', 869),
('Vorteil', 900, 'Brett- & Glücksspiel', 'http://www.ulisses-regelwiki.de/index.php/V_Begabung.html', 869),
('Vorteil', 901, 'Geographie', 'http://www.ulisses-regelwiki.de/index.php/V_Begabung.html', 869),
('Vorteil', 902, 'Geschichtswissen', 'http://www.ulisses-regelwiki.de/index.php/V_Begabung.html', 869),
('Vorteil', 903, 'Götter & Kulte', 'http://www.ulisses-regelwiki.de/index.php/V_Begabung.html', 869),
('Vorteil', 904, 'Kriegskunst', 'http://www.ulisses-regelwiki.de/index.php/V_Begabung.html', 869),
('Vorteil', 905, 'Magiekunde', 'http://www.ulisses-regelwiki.de/index.php/V_Begabung.html', 869),
('Vorteil', 906, 'Mechanik', 'http://www.ulisses-regelwiki.de/index.php/V_Begabung.html', 869),
('Vorteil', 907, 'Rechnen', 'http://www.ulisses-regelwiki.de/index.php/V_Begabung.html', 869),
('Vorteil', 908, 'Rechtskunde', 'http://www.ulisses-regelwiki.de/index.php/V_Begabung.html', 869),
('Vorteil', 909, 'Sagen & Legenden', 'http://www.ulisses-regelwiki.de/index.php/V_Begabung.html', 869),
('Vorteil', 910, 'Sphärenkunde', 'http://www.ulisses-regelwiki.de/index.php/V_Begabung.html', 869),
('Vorteil', 911, 'Sternkunde', 'http://www.ulisses-regelwiki.de/index.php/V_Begabung.html', 869),
('Vorteil', 912, 'Alchimie', 'http://www.ulisses-regelwiki.de/index.php/V_Begabung.html', 869),
('Vorteil', 913, 'Boote & Schiffe', 'http://www.ulisses-regelwiki.de/index.php/V_Begabung.html', 869),
('Vorteil', 914, 'Fahrzeuge', 'http://www.ulisses-regelwiki.de/index.php/V_Begabung.html', 869),
('Vorteil', 915, 'Handel', 'http://www.ulisses-regelwiki.de/index.php/V_Begabung.html', 869),
('Vorteil', 916, 'Heilkunde Gift', 'http://www.ulisses-regelwiki.de/index.php/V_Begabung.html', 869),
('Vorteil', 917, 'Heilkunde Krankheiten', 'http://www.ulisses-regelwiki.de/index.php/V_Begabung.html', 869),
('Vorteil', 918, 'Heilkunde Seele', 'http://www.ulisses-regelwiki.de/index.php/V_Begabung.html', 869),
('Vorteil', 919, 'Heilkunde Wunden', 'http://www.ulisses-regelwiki.de/index.php/V_Begabung.html', 869),
('Vorteil', 920, 'Holzbearbeitung', 'http://www.ulisses-regelwiki.de/index.php/V_Begabung.html', 869),
('Vorteil', 921, 'Lebensmittelbearbeitung', 'http://www.ulisses-regelwiki.de/index.php/V_Begabung.html', 869),
('Vorteil', 922, 'Lederbearbeitung', 'http://www.ulisses-regelwiki.de/index.php/V_Begabung.html', 869),
('Vorteil', 923, 'Malen & Zeichnen', 'http://www.ulisses-regelwiki.de/index.php/V_Begabung.html', 869),
('Vorteil', 924, 'Metallbearbeitung', 'http://www.ulisses-regelwiki.de/index.php/V_Begabung.html', 869),
('Vorteil', 925, 'Musizieren', 'http://www.ulisses-regelwiki.de/index.php/V_Begabung.html', 869),
('Vorteil', 926, 'Schlösserknacken', 'http://www.ulisses-regelwiki.de/index.php/V_Begabung.html', 869),
('Vorteil', 927, 'Steinbearbeitung', 'http://www.ulisses-regelwiki.de/index.php/V_Begabung.html', 869),
('Vorteil', 928, 'Stoffbearbeitung', 'http://www.ulisses-regelwiki.de/index.php/V_Begabung.html', 869),
('Vorteil', 929, 'Bann der Dunkelheit', 'http://www.ulisses-regelwiki.de/index.php/V_Begabung.html', 869),
('Vorteil', 930, 'Bann der Furcht', 'http://www.ulisses-regelwiki.de/index.php/V_Begabung.html', 869),
('Vorteil', 931, 'Bann des Lichts', 'http://www.ulisses-regelwiki.de/index.php/V_Begabung.html', 869),
('Vorteil', 932, 'Blendstrahl', 'http://www.ulisses-regelwiki.de/index.php/V_Begabung.html', 869),
('Vorteil', 933, 'Des Einen bezaubernder Sphärenklang', 'http://www.ulisses-regelwiki.de/index.php/V_Begabung.html', 869);
INSERT INTO `property` (`type`, `id`, `name`, `wiki_url`, `subcategory_of_id`) VALUES
('Vorteil', 934, 'Ehrenhaftigkeit', 'http://www.ulisses-regelwiki.de/index.php/V_Begabung.html', 869),
('Vorteil', 935, 'Entzifferung', 'http://www.ulisses-regelwiki.de/index.php/V_Begabung.html', 869),
('Vorteil', 936, 'Ermutigung', 'http://www.ulisses-regelwiki.de/index.php/V_Begabung.html', 869),
('Vorteil', 937, 'Fall ins Nichts', 'http://www.ulisses-regelwiki.de/index.php/V_Begabung.html', 869),
('Vorteil', 938, 'Friedvolle Aura', 'http://www.ulisses-regelwiki.de/index.php/V_Begabung.html', 869),
('Vorteil', 939, 'Giftbann', 'http://www.ulisses-regelwiki.de/index.php/V_Begabung.html', 869),
('Vorteil', 940, 'Göttlicher Fingerzeig', 'http://www.ulisses-regelwiki.de/index.php/V_Begabung.html', 869),
('Vorteil', 941, 'Göttliches Zeichen', 'http://www.ulisses-regelwiki.de/index.php/V_Begabung.html', 869),
('Vorteil', 942, 'Heilsegen', 'http://www.ulisses-regelwiki.de/index.php/V_Begabung.html', 869),
('Vorteil', 943, 'Herbeirufung der Heerscharen des Rattenkindes', 'http://www.ulisses-regelwiki.de/index.php/V_Begabung.html', 869),
('Vorteil', 944, 'Kleiner Bann wider Untote', 'http://www.ulisses-regelwiki.de/index.php/V_Begabung.html', 869),
('Vorteil', 945, 'Kleiner Bannstrahl', 'http://www.ulisses-regelwiki.de/index.php/V_Begabung.html', 869),
('Vorteil', 946, 'Krankheitsbann', 'http://www.ulisses-regelwiki.de/index.php/V_Begabung.html', 869),
('Vorteil', 947, 'Lautlos', 'http://www.ulisses-regelwiki.de/index.php/V_Begabung.html', 869),
('Vorteil', 948, 'Magieschutz', 'http://www.ulisses-regelwiki.de/index.php/V_Begabung.html', 869),
('Vorteil', 949, 'Magiesicht', 'http://www.ulisses-regelwiki.de/index.php/V_Begabung.html', 869),
('Vorteil', 950, 'Mondsicht', 'http://www.ulisses-regelwiki.de/index.php/V_Begabung.html', 869),
('Vorteil', 951, 'Mondsilberzunge', 'http://www.ulisses-regelwiki.de/index.php/V_Begabung.html', 869),
('Vorteil', 952, 'Namenlose Kälte', 'http://www.ulisses-regelwiki.de/index.php/V_Begabung.html', 869),
('Vorteil', 953, 'Namenlose Raserei', 'http://www.ulisses-regelwiki.de/index.php/V_Begabung.html', 869),
('Vorteil', 954, 'Namenlose Zweifel', 'http://www.ulisses-regelwiki.de/index.php/V_Begabung.html', 869),
('Vorteil', 955, 'Namenloses Vergessen', 'http://www.ulisses-regelwiki.de/index.php/V_Begabung.html', 869),
('Vorteil', 956, 'Objektsegen', 'http://www.ulisses-regelwiki.de/index.php/V_Begabung.html', 869),
('Vorteil', 957, 'Ort der Ruhe', 'http://www.ulisses-regelwiki.de/index.php/V_Begabung.html', 869),
('Vorteil', 958, 'Pech-und-Schwefel-Strahl', 'http://www.ulisses-regelwiki.de/index.php/V_Begabung.html', 869),
('Vorteil', 959, 'Pflanzenwuchs', 'http://www.ulisses-regelwiki.de/index.php/V_Begabung.html', 869),
('Vorteil', 960, 'Rabenruf', 'http://www.ulisses-regelwiki.de/index.php/V_Begabung.html', 869),
('Vorteil', 961, 'Schlaf', 'http://www.ulisses-regelwiki.de/index.php/V_Begabung.html', 869),
('Vorteil', 962, 'Schlangenstab', 'http://www.ulisses-regelwiki.de/index.php/V_Begabung.html', 869),
('Vorteil', 963, 'Schlangenzunge', 'http://www.ulisses-regelwiki.de/index.php/V_Begabung.html', 869),
('Vorteil', 964, 'Schmerzresistenz', 'http://www.ulisses-regelwiki.de/index.php/V_Begabung.html', 869),
('Vorteil', 965, 'Schutz der Wehrlosen', 'http://www.ulisses-regelwiki.de/index.php/V_Begabung.html', 869),
('Vorteil', 966, 'Sternenglanz', 'http://www.ulisses-regelwiki.de/index.php/V_Begabung.html', 869),
('Vorteil', 967, 'Wahrheit', 'http://www.ulisses-regelwiki.de/index.php/V_Begabung.html', 869),
('Vorteil', 968, 'Wieselflink', 'http://www.ulisses-regelwiki.de/index.php/V_Begabung.html', 869),
('Vorteil', 969, 'Wundersame Verständigung', 'http://www.ulisses-regelwiki.de/index.php/V_Begabung.html', 869),
('Vorteil', 970, 'Ablativum', 'http://www.ulisses-regelwiki.de/index.php/V_Begabung.html', 869),
('Vorteil', 971, 'Abvenenum', 'http://www.ulisses-regelwiki.de/index.php/V_Begabung.html', 869),
('Vorteil', 972, 'Adlerauge', 'http://www.ulisses-regelwiki.de/index.php/V_Begabung.html', 869),
('Vorteil', 973, 'Adlerschwinge', 'http://www.ulisses-regelwiki.de/index.php/V_Begabung.html', 869),
('Vorteil', 974, 'Aeolito', 'http://www.ulisses-regelwiki.de/index.php/V_Begabung.html', 869),
('Vorteil', 975, 'Alpgestalt', 'http://www.ulisses-regelwiki.de/index.php/V_Begabung.html', 869),
('Vorteil', 976, 'Altisonus', 'http://www.ulisses-regelwiki.de/index.php/V_Begabung.html', 869),
('Vorteil', 977, 'Analys Arkanstruktur', 'http://www.ulisses-regelwiki.de/index.php/V_Begabung.html', 869),
('Vorteil', 978, 'Angst auslösen', 'http://www.ulisses-regelwiki.de/index.php/V_Begabung.html', 869),
('Vorteil', 979, 'Ängste lindern', 'http://www.ulisses-regelwiki.de/index.php/V_Begabung.html', 869),
('Vorteil', 980, 'Archofaxius', 'http://www.ulisses-regelwiki.de/index.php/V_Begabung.html', 869),
('Vorteil', 981, 'Archosphaero', 'http://www.ulisses-regelwiki.de/index.php/V_Begabung.html', 869),
('Vorteil', 982, 'Aromatis Illusionis', 'http://www.ulisses-regelwiki.de/index.php/V_Begabung.html', 869),
('Vorteil', 983, 'Armatrutz', 'http://www.ulisses-regelwiki.de/index.php/V_Begabung.html', 869),
('Vorteil', 984, 'Atemnot', 'http://www.ulisses-regelwiki.de/index.php/V_Begabung.html', 869),
('Vorteil', 985, 'Attributo (Charisma)', 'http://www.ulisses-regelwiki.de/index.php/V_Begabung.html', 869),
('Vorteil', 986, 'Attributo (Fingerfertigkeit)', 'http://www.ulisses-regelwiki.de/index.php/V_Begabung.html', 869),
('Vorteil', 987, 'Attributo (Klugheit)', 'http://www.ulisses-regelwiki.de/index.php/V_Begabung.html', 869),
('Vorteil', 988, 'Attributo (Körperkraft)', 'http://www.ulisses-regelwiki.de/index.php/V_Begabung.html', 869),
('Vorteil', 989, 'Aufwecken', 'http://www.ulisses-regelwiki.de/index.php/V_Begabung.html', 869),
('Vorteil', 990, 'Auge des Limbus', 'http://www.ulisses-regelwiki.de/index.php/V_Begabung.html', 869),
('Vorteil', 991, 'Aureolus', 'http://www.ulisses-regelwiki.de/index.php/V_Begabung.html', 869),
('Vorteil', 992, 'Auris Illusionis', 'http://www.ulisses-regelwiki.de/index.php/V_Begabung.html', 869),
('Vorteil', 993, 'Axxeleratus', 'http://www.ulisses-regelwiki.de/index.php/V_Begabung.html', 869),
('Vorteil', 994, 'Balsam Salabunde', 'http://www.ulisses-regelwiki.de/index.php/V_Begabung.html', 869),
('Vorteil', 995, 'Bannbaladin', 'http://www.ulisses-regelwiki.de/index.php/V_Begabung.html', 869),
('Vorteil', 996, 'Band und Fessel', 'http://www.ulisses-regelwiki.de/index.php/V_Begabung.html', 869),
('Vorteil', 997, 'Blick aufs Wesen', 'http://www.ulisses-regelwiki.de/index.php/V_Begabung.html', 869),
('Vorteil', 998, 'Blick in die Gedanken', 'http://www.ulisses-regelwiki.de/index.php/V_Begabung.html', 869),
('Vorteil', 999, 'Blindheit', 'http://www.ulisses-regelwiki.de/index.php/V_Begabung.html', 869),
('Vorteil', 1000, 'Blitz dich find', 'http://www.ulisses-regelwiki.de/index.php/V_Begabung.html', 869),
('Vorteil', 1001, 'Chamaelioni', 'http://www.ulisses-regelwiki.de/index.php/V_Begabung.html', 869),
('Vorteil', 1002, 'Claudibus', 'http://www.ulisses-regelwiki.de/index.php/V_Begabung.html', 869),
('Vorteil', 1003, 'Corpofesso', 'http://www.ulisses-regelwiki.de/index.php/V_Begabung.html', 869),
('Vorteil', 1004, 'Corpofrigo', 'http://www.ulisses-regelwiki.de/index.php/V_Begabung.html', 869),
('Vorteil', 1005, 'Dämonenbann', 'http://www.ulisses-regelwiki.de/index.php/V_Begabung.html', 869),
('Vorteil', 1006, 'Dämonenschild', 'http://www.ulisses-regelwiki.de/index.php/V_Begabung.html', 869),
('Vorteil', 1007, 'Debilitatio', 'http://www.ulisses-regelwiki.de/index.php/V_Begabung.html', 869),
('Vorteil', 1008, 'Desintegratus', 'http://www.ulisses-regelwiki.de/index.php/V_Begabung.html', 869),
('Vorteil', 1009, 'Disruptivo', 'http://www.ulisses-regelwiki.de/index.php/V_Begabung.html', 869),
('Vorteil', 1010, 'Dunkelheit', 'http://www.ulisses-regelwiki.de/index.php/V_Begabung.html', 869),
('Vorteil', 1011, 'Duplicatus', 'http://www.ulisses-regelwiki.de/index.php/V_Begabung.html', 869),
('Vorteil', 1012, 'Ecliptifactus', 'http://www.ulisses-regelwiki.de/index.php/V_Begabung.html', 869),
('Vorteil', 1013, 'Einflussbann', 'http://www.ulisses-regelwiki.de/index.php/V_Begabung.html', 869),
('Vorteil', 1014, 'Eigne Ängste', 'http://www.ulisses-regelwiki.de/index.php/V_Begabung.html', 869),
('Vorteil', 1015, 'Eisenrost', 'http://www.ulisses-regelwiki.de/index.php/V_Begabung.html', 869),
('Vorteil', 1016, 'Elementarbann', 'http://www.ulisses-regelwiki.de/index.php/V_Begabung.html', 869),
('Vorteil', 1017, 'Elfenstimme', 'http://www.ulisses-regelwiki.de/index.php/V_Begabung.html', 869),
('Vorteil', 1018, 'Erinnerung verlasse dich', 'http://www.ulisses-regelwiki.de/index.php/V_Begabung.html', 869),
('Vorteil', 1019, 'Exposami', 'http://www.ulisses-regelwiki.de/index.php/V_Begabung.html', 869),
('Vorteil', 1020, 'Falkenauge', 'http://www.ulisses-regelwiki.de/index.php/V_Begabung.html', 869),
('Vorteil', 1021, 'Favilludo', 'http://www.ulisses-regelwiki.de/index.php/V_Begabung.html', 869),
('Vorteil', 1022, 'Firnlauf', 'http://www.ulisses-regelwiki.de/index.php/V_Begabung.html', 869),
('Vorteil', 1023, 'Fischflosse', 'http://www.ulisses-regelwiki.de/index.php/V_Begabung.html', 869),
('Vorteil', 1024, 'Flim Flam', 'http://www.ulisses-regelwiki.de/index.php/V_Begabung.html', 869),
('Vorteil', 1025, 'Foramen', 'http://www.ulisses-regelwiki.de/index.php/V_Begabung.html', 869),
('Vorteil', 1026, 'Fortifex', 'http://www.ulisses-regelwiki.de/index.php/V_Begabung.html', 869),
('Vorteil', 1027, 'Fulminictus', 'http://www.ulisses-regelwiki.de/index.php/V_Begabung.html', 869),
('Vorteil', 1028, 'Gardianum', 'http://www.ulisses-regelwiki.de/index.php/V_Begabung.html', 869),
('Vorteil', 1029, 'Gedankenbilder', 'http://www.ulisses-regelwiki.de/index.php/V_Begabung.html', 869),
('Vorteil', 1030, 'Gefunden', 'http://www.ulisses-regelwiki.de/index.php/V_Begabung.html', 869),
('Vorteil', 1031, 'Gletscherform', 'http://www.ulisses-regelwiki.de/index.php/V_Begabung.html', 869),
('Vorteil', 1032, 'Große Gier', 'http://www.ulisses-regelwiki.de/index.php/V_Begabung.html', 869),
('Vorteil', 1033, 'Große Verwirrung', 'http://www.ulisses-regelwiki.de/index.php/V_Begabung.html', 869),
('Vorteil', 1034, 'Harmlose Gestalt', 'http://www.ulisses-regelwiki.de/index.php/V_Begabung.html', 869),
('Vorteil', 1035, 'Haselbusch', 'http://www.ulisses-regelwiki.de/index.php/V_Begabung.html', 869),
('Vorteil', 1036, 'Heilungsbann', 'http://www.ulisses-regelwiki.de/index.php/V_Begabung.html', 869),
('Vorteil', 1037, 'Hellsichtbann', 'http://www.ulisses-regelwiki.de/index.php/V_Begabung.html', 869),
('Vorteil', 1038, 'Herr über das Tierreich', 'http://www.ulisses-regelwiki.de/index.php/V_Begabung.html', 869),
('Vorteil', 1039, 'Heptagramma', 'http://www.ulisses-regelwiki.de/index.php/V_Begabung.html', 869),
('Vorteil', 1040, 'Herzschlag ruhe', 'http://www.ulisses-regelwiki.de/index.php/V_Begabung.html', 869),
('Vorteil', 1041, 'Hexagramma', 'http://www.ulisses-regelwiki.de/index.php/V_Begabung.html', 869),
('Vorteil', 1042, 'Hexenholz', 'http://www.ulisses-regelwiki.de/index.php/V_Begabung.html', 869),
('Vorteil', 1043, 'Hexengalle', 'http://www.ulisses-regelwiki.de/index.php/V_Begabung.html', 869),
('Vorteil', 1044, 'Hexenknoten', 'http://www.ulisses-regelwiki.de/index.php/V_Begabung.html', 869),
('Vorteil', 1045, 'Hexenkrallen', 'http://www.ulisses-regelwiki.de/index.php/V_Begabung.html', 869),
('Vorteil', 1046, 'Höllenpein', 'http://www.ulisses-regelwiki.de/index.php/V_Begabung.html', 869),
('Vorteil', 1047, 'Horriphobus', 'http://www.ulisses-regelwiki.de/index.php/V_Begabung.html', 869),
('Vorteil', 1048, 'Ignifaxius', 'http://www.ulisses-regelwiki.de/index.php/V_Begabung.html', 869),
('Vorteil', 1049, 'Ignisphaero', 'http://www.ulisses-regelwiki.de/index.php/V_Begabung.html', 869),
('Vorteil', 1050, 'Ignorantia', 'http://www.ulisses-regelwiki.de/index.php/V_Begabung.html', 869),
('Vorteil', 1051, 'Illusionsbann', 'http://www.ulisses-regelwiki.de/index.php/V_Begabung.html', 869),
('Vorteil', 1052, 'Imperavi', 'http://www.ulisses-regelwiki.de/index.php/V_Begabung.html', 869),
('Vorteil', 1053, 'Impersona', 'http://www.ulisses-regelwiki.de/index.php/V_Begabung.html', 869),
('Vorteil', 1054, 'Incendio', 'http://www.ulisses-regelwiki.de/index.php/V_Begabung.html', 869),
('Vorteil', 1055, 'Invercano', 'http://www.ulisses-regelwiki.de/index.php/V_Begabung.html', 869),
('Vorteil', 1056, 'Invocatio Minima', 'http://www.ulisses-regelwiki.de/index.php/V_Begabung.html', 869),
('Vorteil', 1057, 'Karnifilo', 'http://www.ulisses-regelwiki.de/index.php/V_Begabung.html', 869),
('Vorteil', 1058, 'Katzenaugen', 'http://www.ulisses-regelwiki.de/index.php/V_Begabung.html', 869),
('Vorteil', 1059, 'Klarum Purum', 'http://www.ulisses-regelwiki.de/index.php/V_Begabung.html', 869),
('Vorteil', 1060, 'Krötensprung', 'http://www.ulisses-regelwiki.de/index.php/V_Begabung.html', 869),
('Vorteil', 1061, 'Kusch', 'http://www.ulisses-regelwiki.de/index.php/V_Begabung.html', 869),
('Vorteil', 1062, 'Last des Alters', 'http://www.ulisses-regelwiki.de/index.php/V_Begabung.html', 869),
('Vorteil', 1063, 'Lunge des Leviatan', 'http://www.ulisses-regelwiki.de/index.php/V_Begabung.html', 869),
('Vorteil', 1064, 'Manifesto', 'http://www.ulisses-regelwiki.de/index.php/V_Begabung.html', 869),
('Vorteil', 1065, 'Manus Illusionis', 'http://www.ulisses-regelwiki.de/index.php/V_Begabung.html', 869),
('Vorteil', 1066, 'Manus Miracula', 'http://www.ulisses-regelwiki.de/index.php/V_Begabung.html', 869),
('Vorteil', 1067, 'Memorans', 'http://www.ulisses-regelwiki.de/index.php/V_Begabung.html', 869),
('Vorteil', 1068, 'Menetekel', 'http://www.ulisses-regelwiki.de/index.php/V_Begabung.html', 869),
('Vorteil', 1069, 'Motoricus', 'http://www.ulisses-regelwiki.de/index.php/V_Begabung.html', 869),
('Vorteil', 1070, 'Nebelwand', 'http://www.ulisses-regelwiki.de/index.php/V_Begabung.html', 869),
('Vorteil', 1071, 'Nuntiovolo', 'http://www.ulisses-regelwiki.de/index.php/V_Begabung.html', 869),
('Vorteil', 1072, 'Objectobscuro', 'http://www.ulisses-regelwiki.de/index.php/V_Begabung.html', 869),
('Vorteil', 1073, 'Objectofixo', 'http://www.ulisses-regelwiki.de/index.php/V_Begabung.html', 869),
('Vorteil', 1074, 'Objektbann', 'http://www.ulisses-regelwiki.de/index.php/V_Begabung.html', 869),
('Vorteil', 1075, 'Oculus Astralis', 'http://www.ulisses-regelwiki.de/index.php/V_Begabung.html', 869),
('Vorteil', 1076, 'Oculus Illusionis', 'http://www.ulisses-regelwiki.de/index.php/V_Begabung.html', 869),
('Vorteil', 1077, 'Odem Arcanum', 'http://www.ulisses-regelwiki.de/index.php/V_Begabung.html', 869),
('Vorteil', 1078, 'Orcanofaxius', 'http://www.ulisses-regelwiki.de/index.php/V_Begabung.html', 869),
('Vorteil', 1079, 'Orcanosphaero', 'http://www.ulisses-regelwiki.de/index.php/V_Begabung.html', 869),
('Vorteil', 1080, 'Paralysis', 'http://www.ulisses-regelwiki.de/index.php/V_Begabung.html', 869),
('Vorteil', 1081, 'Penetrizzel', 'http://www.ulisses-regelwiki.de/index.php/V_Begabung.html', 869),
('Vorteil', 1082, 'Pentagramma', 'http://www.ulisses-regelwiki.de/index.php/V_Begabung.html', 869),
('Vorteil', 1083, 'Pestilenz erspüren', 'http://www.ulisses-regelwiki.de/index.php/V_Begabung.html', 869),
('Vorteil', 1084, 'Physiostabilis', 'http://www.ulisses-regelwiki.de/index.php/V_Begabung.html', 869),
('Vorteil', 1085, 'Plumbumbarum', 'http://www.ulisses-regelwiki.de/index.php/V_Begabung.html', 869),
('Vorteil', 1086, 'Projectimago', 'http://www.ulisses-regelwiki.de/index.php/V_Begabung.html', 869),
('Vorteil', 1087, 'Psychostabilis', 'http://www.ulisses-regelwiki.de/index.php/V_Begabung.html', 869),
('Vorteil', 1088, 'Radau', 'http://www.ulisses-regelwiki.de/index.php/V_Begabung.html', 869),
('Vorteil', 1089, 'Reflectimago', 'http://www.ulisses-regelwiki.de/index.php/V_Begabung.html', 869),
('Vorteil', 1090, 'Regeneratio', 'http://www.ulisses-regelwiki.de/index.php/V_Begabung.html', 869),
('Vorteil', 1091, 'Respondami', 'http://www.ulisses-regelwiki.de/index.php/V_Begabung.html', 869),
('Vorteil', 1092, 'Salander', 'http://www.ulisses-regelwiki.de/index.php/V_Begabung.html', 869),
('Vorteil', 1093, 'Sanftmut', 'http://www.ulisses-regelwiki.de/index.php/V_Begabung.html', 869),
('Vorteil', 1094, 'Sapefacta', 'http://www.ulisses-regelwiki.de/index.php/V_Begabung.html', 869),
('Vorteil', 1095, 'Satuarias Herrlichkeit', 'http://www.ulisses-regelwiki.de/index.php/V_Begabung.html', 869),
('Vorteil', 1096, 'Schlangenruf', 'http://www.ulisses-regelwiki.de/index.php/V_Begabung.html', 869),
('Vorteil', 1097, 'Schmerzen lindern', 'http://www.ulisses-regelwiki.de/index.php/V_Begabung.html', 869),
('Vorteil', 1098, 'Schwarzer Schrecken', 'http://www.ulisses-regelwiki.de/index.php/V_Begabung.html', 869),
('Vorteil', 1099, 'Schwarz und Rot', 'http://www.ulisses-regelwiki.de/index.php/V_Begabung.html', 869),
('Vorteil', 1100, 'Sensibar', 'http://www.ulisses-regelwiki.de/index.php/V_Begabung.html', 869),
('Vorteil', 1101, 'Silentium', 'http://www.ulisses-regelwiki.de/index.php/V_Begabung.html', 869),
('Vorteil', 1102, 'Skelettarius', 'http://www.ulisses-regelwiki.de/index.php/V_Begabung.html', 869),
('Vorteil', 1103, 'Zaubererweiterungen', 'http://www.ulisses-regelwiki.de/index.php/V_Begabung.html', 869),
('Vorteil', 1104, 'Somnigravis', 'http://www.ulisses-regelwiki.de/index.php/V_Begabung.html', 869),
('Vorteil', 1105, 'Spinnenlauf', 'http://www.ulisses-regelwiki.de/index.php/V_Begabung.html', 869),
('Vorteil', 1106, 'Spurlos', 'http://www.ulisses-regelwiki.de/index.php/V_Begabung.html', 869),
('Vorteil', 1107, 'Stillstand', 'http://www.ulisses-regelwiki.de/index.php/V_Begabung.html', 869),
('Vorteil', 1108, 'Sumus Elixiere', 'http://www.ulisses-regelwiki.de/index.php/V_Begabung.html', 869),
('Vorteil', 1109, 'Taubheit', 'http://www.ulisses-regelwiki.de/index.php/V_Begabung.html', 869),
('Vorteil', 1110, 'Telekinesebann', 'http://www.ulisses-regelwiki.de/index.php/V_Begabung.html', 869),
('Vorteil', 1111, 'Tiergedanken', 'http://www.ulisses-regelwiki.de/index.php/V_Begabung.html', 869),
('Vorteil', 1112, 'Transversalis', 'http://www.ulisses-regelwiki.de/index.php/V_Begabung.html', 869),
('Vorteil', 1113, 'Verwandlungsbann', 'http://www.ulisses-regelwiki.de/index.php/V_Begabung.html', 869),
('Vorteil', 1114, 'Vipernblick', 'http://www.ulisses-regelwiki.de/index.php/V_Begabung.html', 869),
('Vorteil', 1115, 'Visibili', 'http://www.ulisses-regelwiki.de/index.php/V_Begabung.html', 869),
('Vorteil', 1116, 'Vogelzwitschern', 'http://www.ulisses-regelwiki.de/index.php/V_Begabung.html', 869),
('Vorteil', 1117, 'Wasseratem', 'http://www.ulisses-regelwiki.de/index.php/V_Begabung.html', 869),
('Vorteil', 1118, 'Wolfstatze', 'http://www.ulisses-regelwiki.de/index.php/V_Begabung.html', 869),
('Vorteil', 1119, 'Zunge betäuben', 'http://www.ulisses-regelwiki.de/index.php/V_Begabung.html', 869),
('Vorteil', 1120, 'Zwingtanz', 'http://www.ulisses-regelwiki.de/index.php/V_Begabung.html', 869),
('Vorteil', 1121, 'Accuratum', 'http://www.ulisses-regelwiki.de/index.php/V_Begabung.html', 869),
('Vorteil', 1122, 'Arcanovi', 'http://www.ulisses-regelwiki.de/index.php/V_Begabung.html', 869),
('Vorteil', 1123, 'Aufmerksamer Wächter', 'http://www.ulisses-regelwiki.de/index.php/V_Begabung.html', 869),
('Vorteil', 1124, 'Caldofrigo', 'http://www.ulisses-regelwiki.de/index.php/V_Begabung.html', 869),
('Vorteil', 1125, 'Dschinnenruf', 'http://www.ulisses-regelwiki.de/index.php/V_Begabung.html', 869),
('Vorteil', 1126, 'Elementarer Diener', 'http://www.ulisses-regelwiki.de/index.php/V_Begabung.html', 869),
('Vorteil', 1127, 'Hagelschlag und Sturmgebrüll', 'http://www.ulisses-regelwiki.de/index.php/V_Begabung.html', 869),
('Vorteil', 1128, 'Hartes schmelze', 'http://www.ulisses-regelwiki.de/index.php/V_Begabung.html', 869),
('Vorteil', 1129, 'Invovatio maior', 'http://www.ulisses-regelwiki.de/index.php/V_Begabung.html', 869),
('Vorteil', 1130, 'Invocatio Minor', 'http://www.ulisses-regelwiki.de/index.php/V_Begabung.html', 869),
('Vorteil', 1131, 'Leidensbund', 'http://www.ulisses-regelwiki.de/index.php/V_Begabung.html', 869),
('Vorteil', 1132, 'Magischer Raub', 'http://www.ulisses-regelwiki.de/index.php/V_Begabung.html', 869),
('Vorteil', 1133, 'Memorabia Falsifir', 'http://www.ulisses-regelwiki.de/index.php/V_Begabung.html', 869),
('Vorteil', 1134, 'Movimento', 'http://www.ulisses-regelwiki.de/index.php/V_Begabung.html', 869),
('Vorteil', 1135, 'Nihilogravo', 'http://www.ulisses-regelwiki.de/index.php/V_Begabung.html', 869),
('Vorteil', 1136, 'Orvai Kurims Kriegstrommel', 'http://www.ulisses-regelwiki.de/index.php/V_Begabung.html', 869),
('Vorteil', 1137, 'Ruf des Bienenstocks', 'http://www.ulisses-regelwiki.de/index.php/V_Begabung.html', 869),
('Vorteil', 1138, 'Ruhe Körper', 'http://www.ulisses-regelwiki.de/index.php/V_Begabung.html', 869),
('Vorteil', 1139, 'Traumgestalt', 'http://www.ulisses-regelwiki.de/index.php/V_Begabung.html', 869),
('Vorteil', 1140, 'Unberührt von Satinav', 'http://www.ulisses-regelwiki.de/index.php/V_Begabung.html', 869),
('Vorteil', 1141, 'Widerwille', 'http://www.ulisses-regelwiki.de/index.php/V_Begabung.html', 869),
('Vorteil', 1142, 'Wirbelform', 'http://www.ulisses-regelwiki.de/index.php/V_Begabung.html', 869),
('Vorteil', 1143, 'Xenographus', 'http://www.ulisses-regelwiki.de/index.php/V_Begabung.html', 869),
('Vorteil', 1144, 'Zauberklinge Geisterspeer', 'http://www.ulisses-regelwiki.de/index.php/V_Begabung.html', 869),
('Vorteil', 1145, 'Ackersegen', 'http://www.ulisses-regelwiki.de/index.php/V_Begabung.html', 869),
('Vorteil', 1146, 'Empfängnis des Korsmals', 'http://www.ulisses-regelwiki.de/index.php/V_Begabung.html', 869),
('Vorteil', 1147, 'Exorzismus', 'http://www.ulisses-regelwiki.de/index.php/V_Begabung.html', 869),
('Vorteil', 1148, 'Geweihter Panzer', 'http://www.ulisses-regelwiki.de/index.php/V_Begabung.html', 869),
('Vorteil', 1149, 'Löwengestalt', 'http://www.ulisses-regelwiki.de/index.php/V_Begabung.html', 869),
('Vorteil', 1150, 'Nebelleib', 'http://www.ulisses-regelwiki.de/index.php/V_Begabung.html', 869),
('Vorteil', 1151, 'Objektweihe', 'http://www.ulisses-regelwiki.de/index.php/V_Begabung.html', 869),
('Vorteil', 1152, 'Beidhändig', 'http://www.ulisses-regelwiki.de/index.php/V_Beidhändig.html', NULL),
('Vorteil', 1153, 'Drachentöter', 'http://www.ulisses-regelwiki.de/index.php/V_Drachentöter.html', NULL),
('Vorteil', 1154, 'Dunkelsicht', 'http://www.ulisses-regelwiki.de/index.php/V_Dunkelsicht.html', NULL),
('Vorteil', 1155, 'I', 'http://www.ulisses-regelwiki.de/index.php/V_Dunkelsicht.html', 1154),
('Vorteil', 1156, 'II', 'http://www.ulisses-regelwiki.de/index.php/V_Dunkelsicht.html', 1154),
('Vorteil', 1157, 'Eisenaffine Aura', 'http://www.ulisses-regelwiki.de/index.php/V_EisenaffineAura.html', NULL),
('Vorteil', 1158, 'Eisern', 'http://www.ulisses-regelwiki.de/index.php/Eisern.html', NULL),
('Vorteil', 1159, 'Entfernungssinn', 'http://www.ulisses-regelwiki.de/index.php/V_Entfernungssinn.html', NULL),
('Vorteil', 1160, 'Feenfreund', 'http://www.ulisses-regelwiki.de/index.php/V_Feenfreund.html', NULL),
('Vorteil', 1161, 'Flink', 'http://www.ulisses-regelwiki.de/index.php/V_Flink.html', NULL),
('Vorteil', 1162, 'Fuchssinn', 'http://www.ulisses-regelwiki.de/index.php/V_Fuchssinn.html', NULL),
('Vorteil', 1163, 'Geborener Redner', 'http://www.ulisses-regelwiki.de/index.php/V_GeborenerRedner.html', NULL),
('Vorteil', 1164, 'Geweihter', 'http://www.ulisses-regelwiki.de/index.php/V_Geweihter.html', NULL),
('Vorteil', 1165, 'Giftresistenz', 'http://www.ulisses-regelwiki.de/index.php/V_Giftresistenz.html', NULL),
('Vorteil', 1166, 'I', 'http://www.ulisses-regelwiki.de/index.php/V_Giftresistenz.html', 1165),
('Vorteil', 1167, 'II', 'http://www.ulisses-regelwiki.de/index.php/V_Giftresistenz.html', 1165),
('Vorteil', 1168, 'Glück', 'http://www.ulisses-regelwiki.de/index.php/V_Glück.html', NULL),
('Vorteil', 1169, 'I', 'http://www.ulisses-regelwiki.de/index.php/V_Glück.html', 1168),
('Vorteil', 1170, 'II', 'http://www.ulisses-regelwiki.de/index.php/V_Glück.html', 1168),
('Vorteil', 1171, 'III', 'http://www.ulisses-regelwiki.de/index.php/V_Glück.html', 1168),
('Vorteil', 1172, 'Große Zauberauswahl', 'http://www.ulisses-regelwiki.de/index.php/V_GroßeZauberauswahlI-II.html', NULL),
('Vorteil', 1173, 'I', 'http://www.ulisses-regelwiki.de/index.php/V_GroßeZauberauswahlI-II.html', 1172),
('Vorteil', 1174, 'II', 'http://www.ulisses-regelwiki.de/index.php/V_GroßeZauberauswahlI-II.html', 1172),
('Vorteil', 1175, 'Gutaussehend', 'http://www.ulisses-regelwiki.de/index.php/V_Gutaussehend.html', NULL),
('Vorteil', 1176, 'I', 'http://www.ulisses-regelwiki.de/index.php/V_Gutaussehend.html', 1175),
('Vorteil', 1177, 'II', 'http://www.ulisses-regelwiki.de/index.php/V_Gutaussehend.html', 1175),
('Vorteil', 1178, 'Gutes Namensgedächtnis', 'http://www.ulisses-regelwiki.de/index.php/gutesbame.html', NULL),
('Vorteil', 1179, 'Hart im Nehmen', 'http://www.ulisses-regelwiki.de/index.php/Hartim.html', NULL),
('Vorteil', 1180, 'Hass auf', 'http://www.ulisses-regelwiki.de/index.php/V_Hass_auf.html', NULL),
('Vorteil', 1181, 'Heldenhafter Name', 'http://www.ulisses-regelwiki.de/index.php/heldenname.html', NULL),
('Vorteil', 1182, 'Herausragende Fertigkeit', 'http://www.ulisses-regelwiki.de/index.php/V_Fertigkeit.html', NULL),
('Vorteil', 1183, 'Fliegen', 'http://www.ulisses-regelwiki.de/index.php/V_Fertigkeit.html', 1182),
('Vorteil', 1184, 'Gaukeleien', 'http://www.ulisses-regelwiki.de/index.php/V_Fertigkeit.html', 1182),
('Vorteil', 1185, 'Klettern', 'http://www.ulisses-regelwiki.de/index.php/V_Fertigkeit.html', 1182),
('Vorteil', 1186, 'Körperbeherrschung', 'http://www.ulisses-regelwiki.de/index.php/V_Fertigkeit.html', 1182),
('Vorteil', 1187, 'Kraftakt', 'http://www.ulisses-regelwiki.de/index.php/V_Fertigkeit.html', 1182),
('Vorteil', 1188, 'Reiten', 'http://www.ulisses-regelwiki.de/index.php/V_Fertigkeit.html', 1182),
('Vorteil', 1189, 'Schwimmen', 'http://www.ulisses-regelwiki.de/index.php/V_Fertigkeit.html', 1182),
('Vorteil', 1190, 'Selbstbeherrschung', 'http://www.ulisses-regelwiki.de/index.php/V_Fertigkeit.html', 1182),
('Vorteil', 1191, 'Singen', 'http://www.ulisses-regelwiki.de/index.php/V_Fertigkeit.html', 1182),
('Vorteil', 1192, 'Sinnesschärfe', 'http://www.ulisses-regelwiki.de/index.php/V_Fertigkeit.html', 1182),
('Vorteil', 1193, 'Tanzen', 'http://www.ulisses-regelwiki.de/index.php/V_Fertigkeit.html', 1182),
('Vorteil', 1194, 'Taschendiebstahl', 'http://www.ulisses-regelwiki.de/index.php/V_Fertigkeit.html', 1182),
('Vorteil', 1195, 'Verbergen', 'http://www.ulisses-regelwiki.de/index.php/V_Fertigkeit.html', 1182),
('Vorteil', 1196, 'Zechen', 'http://www.ulisses-regelwiki.de/index.php/V_Fertigkeit.html', 1182),
('Vorteil', 1197, 'Bekehren & Überzeugen', 'http://www.ulisses-regelwiki.de/index.php/V_Fertigkeit.html', 1182),
('Vorteil', 1198, 'Betören', 'http://www.ulisses-regelwiki.de/index.php/V_Fertigkeit.html', 1182),
('Vorteil', 1199, 'Einschüchtern', 'http://www.ulisses-regelwiki.de/index.php/V_Fertigkeit.html', 1182),
('Vorteil', 1200, 'Etikette', 'http://www.ulisses-regelwiki.de/index.php/V_Fertigkeit.html', 1182),
('Vorteil', 1201, 'Gassenwissen', 'http://www.ulisses-regelwiki.de/index.php/V_Fertigkeit.html', 1182),
('Vorteil', 1202, 'Menschenkenntnis', 'http://www.ulisses-regelwiki.de/index.php/V_Fertigkeit.html', 1182),
('Vorteil', 1203, 'Überreden', 'http://www.ulisses-regelwiki.de/index.php/V_Fertigkeit.html', 1182),
('Vorteil', 1204, 'Verkleiden', 'http://www.ulisses-regelwiki.de/index.php/V_Fertigkeit.html', 1182),
('Vorteil', 1205, 'Willenskraft', 'http://www.ulisses-regelwiki.de/index.php/V_Fertigkeit.html', 1182),
('Vorteil', 1206, 'Fährtensuchen', 'http://www.ulisses-regelwiki.de/index.php/V_Fertigkeit.html', 1182),
('Vorteil', 1207, 'Fesseln', 'http://www.ulisses-regelwiki.de/index.php/V_Fertigkeit.html', 1182),
('Vorteil', 1208, 'Fischen & Angeln', 'http://www.ulisses-regelwiki.de/index.php/V_Fertigkeit.html', 1182),
('Vorteil', 1209, 'Orientierung', 'http://www.ulisses-regelwiki.de/index.php/V_Fertigkeit.html', 1182),
('Vorteil', 1210, 'Pflanzenkunde', 'http://www.ulisses-regelwiki.de/index.php/V_Fertigkeit.html', 1182),
('Vorteil', 1211, 'Tierkunde', 'http://www.ulisses-regelwiki.de/index.php/V_Fertigkeit.html', 1182),
('Vorteil', 1212, 'Wildnisleben', 'http://www.ulisses-regelwiki.de/index.php/V_Fertigkeit.html', 1182),
('Vorteil', 1213, 'Brett- & Glücksspiel', 'http://www.ulisses-regelwiki.de/index.php/V_Fertigkeit.html', 1182),
('Vorteil', 1214, 'Geographie', 'http://www.ulisses-regelwiki.de/index.php/V_Fertigkeit.html', 1182),
('Vorteil', 1215, 'Geschichtswissen', 'http://www.ulisses-regelwiki.de/index.php/V_Fertigkeit.html', 1182),
('Vorteil', 1216, 'Götter & Kulte', 'http://www.ulisses-regelwiki.de/index.php/V_Fertigkeit.html', 1182),
('Vorteil', 1217, 'Kriegskunst', 'http://www.ulisses-regelwiki.de/index.php/V_Fertigkeit.html', 1182),
('Vorteil', 1218, 'Magiekunde', 'http://www.ulisses-regelwiki.de/index.php/V_Fertigkeit.html', 1182),
('Vorteil', 1219, 'Mechanik', 'http://www.ulisses-regelwiki.de/index.php/V_Fertigkeit.html', 1182),
('Vorteil', 1220, 'Rechnen', 'http://www.ulisses-regelwiki.de/index.php/V_Fertigkeit.html', 1182),
('Vorteil', 1221, 'Rechtskunde', 'http://www.ulisses-regelwiki.de/index.php/V_Fertigkeit.html', 1182),
('Vorteil', 1222, 'Sagen & Legenden', 'http://www.ulisses-regelwiki.de/index.php/V_Fertigkeit.html', 1182),
('Vorteil', 1223, 'Sphärenkunde', 'http://www.ulisses-regelwiki.de/index.php/V_Fertigkeit.html', 1182),
('Vorteil', 1224, 'Sternkunde', 'http://www.ulisses-regelwiki.de/index.php/V_Fertigkeit.html', 1182),
('Vorteil', 1225, 'Alchimie', 'http://www.ulisses-regelwiki.de/index.php/V_Fertigkeit.html', 1182),
('Vorteil', 1226, 'Boote & Schiffe', 'http://www.ulisses-regelwiki.de/index.php/V_Fertigkeit.html', 1182),
('Vorteil', 1227, 'Fahrzeuge', 'http://www.ulisses-regelwiki.de/index.php/V_Fertigkeit.html', 1182),
('Vorteil', 1228, 'Handel', 'http://www.ulisses-regelwiki.de/index.php/V_Fertigkeit.html', 1182),
('Vorteil', 1229, 'Heilkunde Gift', 'http://www.ulisses-regelwiki.de/index.php/V_Fertigkeit.html', 1182),
('Vorteil', 1230, 'Heilkunde Krankheiten', 'http://www.ulisses-regelwiki.de/index.php/V_Fertigkeit.html', 1182),
('Vorteil', 1231, 'Heilkunde Seele', 'http://www.ulisses-regelwiki.de/index.php/V_Fertigkeit.html', 1182),
('Vorteil', 1232, 'Heilkunde Wunden', 'http://www.ulisses-regelwiki.de/index.php/V_Fertigkeit.html', 1182),
('Vorteil', 1233, 'Holzbearbeitung', 'http://www.ulisses-regelwiki.de/index.php/V_Fertigkeit.html', 1182),
('Vorteil', 1234, 'Lebensmittelbearbeitung', 'http://www.ulisses-regelwiki.de/index.php/V_Fertigkeit.html', 1182),
('Vorteil', 1235, 'Lederbearbeitung', 'http://www.ulisses-regelwiki.de/index.php/V_Fertigkeit.html', 1182),
('Vorteil', 1236, 'Malen & Zeichnen', 'http://www.ulisses-regelwiki.de/index.php/V_Fertigkeit.html', 1182),
('Vorteil', 1237, 'Metallbearbeitung', 'http://www.ulisses-regelwiki.de/index.php/V_Fertigkeit.html', 1182),
('Vorteil', 1238, 'Musizieren', 'http://www.ulisses-regelwiki.de/index.php/V_Fertigkeit.html', 1182),
('Vorteil', 1239, 'Schlösserknacken', 'http://www.ulisses-regelwiki.de/index.php/V_Fertigkeit.html', 1182),
('Vorteil', 1240, 'Steinbearbeitung', 'http://www.ulisses-regelwiki.de/index.php/V_Fertigkeit.html', 1182),
('Vorteil', 1241, 'Stoffbearbeitung', 'http://www.ulisses-regelwiki.de/index.php/V_Fertigkeit.html', 1182),
('Vorteil', 1242, 'Bann der Dunkelheit', 'http://www.ulisses-regelwiki.de/index.php/V_Fertigkeit.html', 1182),
('Vorteil', 1243, 'Bann der Furcht', 'http://www.ulisses-regelwiki.de/index.php/V_Fertigkeit.html', 1182),
('Vorteil', 1244, 'Bann des Lichts', 'http://www.ulisses-regelwiki.de/index.php/V_Fertigkeit.html', 1182),
('Vorteil', 1245, 'Blendstrahl', 'http://www.ulisses-regelwiki.de/index.php/V_Fertigkeit.html', 1182),
('Vorteil', 1246, 'Des Einen bezaubernder Sphärenklang', 'http://www.ulisses-regelwiki.de/index.php/V_Fertigkeit.html', 1182),
('Vorteil', 1247, 'Ehrenhaftigkeit', 'http://www.ulisses-regelwiki.de/index.php/V_Fertigkeit.html', 1182),
('Vorteil', 1248, 'Entzifferung', 'http://www.ulisses-regelwiki.de/index.php/V_Fertigkeit.html', 1182),
('Vorteil', 1249, 'Ermutigung', 'http://www.ulisses-regelwiki.de/index.php/V_Fertigkeit.html', 1182),
('Vorteil', 1250, 'Fall ins Nichts', 'http://www.ulisses-regelwiki.de/index.php/V_Fertigkeit.html', 1182),
('Vorteil', 1251, 'Friedvolle Aura', 'http://www.ulisses-regelwiki.de/index.php/V_Fertigkeit.html', 1182),
('Vorteil', 1252, 'Giftbann', 'http://www.ulisses-regelwiki.de/index.php/V_Fertigkeit.html', 1182),
('Vorteil', 1253, 'Göttlicher Fingerzeig', 'http://www.ulisses-regelwiki.de/index.php/V_Fertigkeit.html', 1182),
('Vorteil', 1254, 'Göttliches Zeichen', 'http://www.ulisses-regelwiki.de/index.php/V_Fertigkeit.html', 1182),
('Vorteil', 1255, 'Heilsegen', 'http://www.ulisses-regelwiki.de/index.php/V_Fertigkeit.html', 1182),
('Vorteil', 1256, 'Herbeirufung der Heerscharen des Rattenkindes', 'http://www.ulisses-regelwiki.de/index.php/V_Fertigkeit.html', 1182),
('Vorteil', 1257, 'Kleiner Bann wider Untote', 'http://www.ulisses-regelwiki.de/index.php/V_Fertigkeit.html', 1182),
('Vorteil', 1258, 'Kleiner Bannstrahl', 'http://www.ulisses-regelwiki.de/index.php/V_Fertigkeit.html', 1182),
('Vorteil', 1259, 'Krankheitsbann', 'http://www.ulisses-regelwiki.de/index.php/V_Fertigkeit.html', 1182),
('Vorteil', 1260, 'Lautlos', 'http://www.ulisses-regelwiki.de/index.php/V_Fertigkeit.html', 1182),
('Vorteil', 1261, 'Magieschutz', 'http://www.ulisses-regelwiki.de/index.php/V_Fertigkeit.html', 1182),
('Vorteil', 1262, 'Magiesicht', 'http://www.ulisses-regelwiki.de/index.php/V_Fertigkeit.html', 1182),
('Vorteil', 1263, 'Mondsicht', 'http://www.ulisses-regelwiki.de/index.php/V_Fertigkeit.html', 1182),
('Vorteil', 1264, 'Mondsilberzunge', 'http://www.ulisses-regelwiki.de/index.php/V_Fertigkeit.html', 1182),
('Vorteil', 1265, 'Namenlose Kälte', 'http://www.ulisses-regelwiki.de/index.php/V_Fertigkeit.html', 1182),
('Vorteil', 1266, 'Namenlose Raserei', 'http://www.ulisses-regelwiki.de/index.php/V_Fertigkeit.html', 1182),
('Vorteil', 1267, 'Namenlose Zweifel', 'http://www.ulisses-regelwiki.de/index.php/V_Fertigkeit.html', 1182),
('Vorteil', 1268, 'Namenloses Vergessen', 'http://www.ulisses-regelwiki.de/index.php/V_Fertigkeit.html', 1182),
('Vorteil', 1269, 'Objektsegen', 'http://www.ulisses-regelwiki.de/index.php/V_Fertigkeit.html', 1182),
('Vorteil', 1270, 'Ort der Ruhe', 'http://www.ulisses-regelwiki.de/index.php/V_Fertigkeit.html', 1182),
('Vorteil', 1271, 'Pech-und-Schwefel-Strahl', 'http://www.ulisses-regelwiki.de/index.php/V_Fertigkeit.html', 1182),
('Vorteil', 1272, 'Pflanzenwuchs', 'http://www.ulisses-regelwiki.de/index.php/V_Fertigkeit.html', 1182),
('Vorteil', 1273, 'Rabenruf', 'http://www.ulisses-regelwiki.de/index.php/V_Fertigkeit.html', 1182),
('Vorteil', 1274, 'Schlaf', 'http://www.ulisses-regelwiki.de/index.php/V_Fertigkeit.html', 1182),
('Vorteil', 1275, 'Schlangenstab', 'http://www.ulisses-regelwiki.de/index.php/V_Fertigkeit.html', 1182),
('Vorteil', 1276, 'Schlangenzunge', 'http://www.ulisses-regelwiki.de/index.php/V_Fertigkeit.html', 1182),
('Vorteil', 1277, 'Schmerzresistenz', 'http://www.ulisses-regelwiki.de/index.php/V_Fertigkeit.html', 1182),
('Vorteil', 1278, 'Schutz der Wehrlosen', 'http://www.ulisses-regelwiki.de/index.php/V_Fertigkeit.html', 1182),
('Vorteil', 1279, 'Sternenglanz', 'http://www.ulisses-regelwiki.de/index.php/V_Fertigkeit.html', 1182),
('Vorteil', 1280, 'Wahrheit', 'http://www.ulisses-regelwiki.de/index.php/V_Fertigkeit.html', 1182),
('Vorteil', 1281, 'Wieselflink', 'http://www.ulisses-regelwiki.de/index.php/V_Fertigkeit.html', 1182),
('Vorteil', 1282, 'Wundersame Verständigung', 'http://www.ulisses-regelwiki.de/index.php/V_Fertigkeit.html', 1182),
('Vorteil', 1283, 'Ablativum', 'http://www.ulisses-regelwiki.de/index.php/V_Fertigkeit.html', 1182),
('Vorteil', 1284, 'Abvenenum', 'http://www.ulisses-regelwiki.de/index.php/V_Fertigkeit.html', 1182),
('Vorteil', 1285, 'Adlerauge', 'http://www.ulisses-regelwiki.de/index.php/V_Fertigkeit.html', 1182),
('Vorteil', 1286, 'Adlerschwinge', 'http://www.ulisses-regelwiki.de/index.php/V_Fertigkeit.html', 1182),
('Vorteil', 1287, 'Aeolito', 'http://www.ulisses-regelwiki.de/index.php/V_Fertigkeit.html', 1182),
('Vorteil', 1288, 'Alpgestalt', 'http://www.ulisses-regelwiki.de/index.php/V_Fertigkeit.html', 1182),
('Vorteil', 1289, 'Altisonus', 'http://www.ulisses-regelwiki.de/index.php/V_Fertigkeit.html', 1182),
('Vorteil', 1290, 'Analys Arkanstruktur', 'http://www.ulisses-regelwiki.de/index.php/V_Fertigkeit.html', 1182),
('Vorteil', 1291, 'Angst auslösen', 'http://www.ulisses-regelwiki.de/index.php/V_Fertigkeit.html', 1182),
('Vorteil', 1292, 'Ängste lindern', 'http://www.ulisses-regelwiki.de/index.php/V_Fertigkeit.html', 1182),
('Vorteil', 1293, 'Archofaxius', 'http://www.ulisses-regelwiki.de/index.php/V_Fertigkeit.html', 1182),
('Vorteil', 1294, 'Archosphaero', 'http://www.ulisses-regelwiki.de/index.php/V_Fertigkeit.html', 1182),
('Vorteil', 1295, 'Aromatis Illusionis', 'http://www.ulisses-regelwiki.de/index.php/V_Fertigkeit.html', 1182),
('Vorteil', 1296, 'Armatrutz', 'http://www.ulisses-regelwiki.de/index.php/V_Fertigkeit.html', 1182),
('Vorteil', 1297, 'Atemnot', 'http://www.ulisses-regelwiki.de/index.php/V_Fertigkeit.html', 1182),
('Vorteil', 1298, 'Attributo (Charisma)', 'http://www.ulisses-regelwiki.de/index.php/V_Fertigkeit.html', 1182),
('Vorteil', 1299, 'Attributo (Fingerfertigkeit)', 'http://www.ulisses-regelwiki.de/index.php/V_Fertigkeit.html', 1182),
('Vorteil', 1300, 'Attributo (Klugheit)', 'http://www.ulisses-regelwiki.de/index.php/V_Fertigkeit.html', 1182),
('Vorteil', 1301, 'Attributo (Körperkraft)', 'http://www.ulisses-regelwiki.de/index.php/V_Fertigkeit.html', 1182),
('Vorteil', 1302, 'Aufwecken', 'http://www.ulisses-regelwiki.de/index.php/V_Fertigkeit.html', 1182),
('Vorteil', 1303, 'Auge des Limbus', 'http://www.ulisses-regelwiki.de/index.php/V_Fertigkeit.html', 1182),
('Vorteil', 1304, 'Aureolus', 'http://www.ulisses-regelwiki.de/index.php/V_Fertigkeit.html', 1182),
('Vorteil', 1305, 'Auris Illusionis', 'http://www.ulisses-regelwiki.de/index.php/V_Fertigkeit.html', 1182),
('Vorteil', 1306, 'Axxeleratus', 'http://www.ulisses-regelwiki.de/index.php/V_Fertigkeit.html', 1182),
('Vorteil', 1307, 'Balsam Salabunde', 'http://www.ulisses-regelwiki.de/index.php/V_Fertigkeit.html', 1182),
('Vorteil', 1308, 'Bannbaladin', 'http://www.ulisses-regelwiki.de/index.php/V_Fertigkeit.html', 1182),
('Vorteil', 1309, 'Band und Fessel', 'http://www.ulisses-regelwiki.de/index.php/V_Fertigkeit.html', 1182),
('Vorteil', 1310, 'Blick aufs Wesen', 'http://www.ulisses-regelwiki.de/index.php/V_Fertigkeit.html', 1182),
('Vorteil', 1311, 'Blick in die Gedanken', 'http://www.ulisses-regelwiki.de/index.php/V_Fertigkeit.html', 1182),
('Vorteil', 1312, 'Blindheit', 'http://www.ulisses-regelwiki.de/index.php/V_Fertigkeit.html', 1182),
('Vorteil', 1313, 'Blitz dich find', 'http://www.ulisses-regelwiki.de/index.php/V_Fertigkeit.html', 1182),
('Vorteil', 1314, 'Chamaelioni', 'http://www.ulisses-regelwiki.de/index.php/V_Fertigkeit.html', 1182),
('Vorteil', 1315, 'Claudibus', 'http://www.ulisses-regelwiki.de/index.php/V_Fertigkeit.html', 1182),
('Vorteil', 1316, 'Corpofesso', 'http://www.ulisses-regelwiki.de/index.php/V_Fertigkeit.html', 1182),
('Vorteil', 1317, 'Corpofrigo', 'http://www.ulisses-regelwiki.de/index.php/V_Fertigkeit.html', 1182),
('Vorteil', 1318, 'Dämonenbann', 'http://www.ulisses-regelwiki.de/index.php/V_Fertigkeit.html', 1182),
('Vorteil', 1319, 'Dämonenschild', 'http://www.ulisses-regelwiki.de/index.php/V_Fertigkeit.html', 1182),
('Vorteil', 1320, 'Debilitatio', 'http://www.ulisses-regelwiki.de/index.php/V_Fertigkeit.html', 1182),
('Vorteil', 1321, 'Desintegratus', 'http://www.ulisses-regelwiki.de/index.php/V_Fertigkeit.html', 1182),
('Vorteil', 1322, 'Disruptivo', 'http://www.ulisses-regelwiki.de/index.php/V_Fertigkeit.html', 1182),
('Vorteil', 1323, 'Dunkelheit', 'http://www.ulisses-regelwiki.de/index.php/V_Fertigkeit.html', 1182),
('Vorteil', 1324, 'Duplicatus', 'http://www.ulisses-regelwiki.de/index.php/V_Fertigkeit.html', 1182),
('Vorteil', 1325, 'Ecliptifactus', 'http://www.ulisses-regelwiki.de/index.php/V_Fertigkeit.html', 1182),
('Vorteil', 1326, 'Einflussbann', 'http://www.ulisses-regelwiki.de/index.php/V_Fertigkeit.html', 1182),
('Vorteil', 1327, 'Eigne Ängste', 'http://www.ulisses-regelwiki.de/index.php/V_Fertigkeit.html', 1182),
('Vorteil', 1328, 'Eisenrost', 'http://www.ulisses-regelwiki.de/index.php/V_Fertigkeit.html', 1182),
('Vorteil', 1329, 'Elementarbann', 'http://www.ulisses-regelwiki.de/index.php/V_Fertigkeit.html', 1182),
('Vorteil', 1330, 'Elfenstimme', 'http://www.ulisses-regelwiki.de/index.php/V_Fertigkeit.html', 1182),
('Vorteil', 1331, 'Erinnerung verlasse dich', 'http://www.ulisses-regelwiki.de/index.php/V_Fertigkeit.html', 1182),
('Vorteil', 1332, 'Exposami', 'http://www.ulisses-regelwiki.de/index.php/V_Fertigkeit.html', 1182),
('Vorteil', 1333, 'Falkenauge', 'http://www.ulisses-regelwiki.de/index.php/V_Fertigkeit.html', 1182),
('Vorteil', 1334, 'Favilludo', 'http://www.ulisses-regelwiki.de/index.php/V_Fertigkeit.html', 1182),
('Vorteil', 1335, 'Firnlauf', 'http://www.ulisses-regelwiki.de/index.php/V_Fertigkeit.html', 1182),
('Vorteil', 1336, 'Fischflosse', 'http://www.ulisses-regelwiki.de/index.php/V_Fertigkeit.html', 1182),
('Vorteil', 1337, 'Flim Flam', 'http://www.ulisses-regelwiki.de/index.php/V_Fertigkeit.html', 1182),
('Vorteil', 1338, 'Foramen', 'http://www.ulisses-regelwiki.de/index.php/V_Fertigkeit.html', 1182),
('Vorteil', 1339, 'Fortifex', 'http://www.ulisses-regelwiki.de/index.php/V_Fertigkeit.html', 1182),
('Vorteil', 1340, 'Fulminictus', 'http://www.ulisses-regelwiki.de/index.php/V_Fertigkeit.html', 1182),
('Vorteil', 1341, 'Gardianum', 'http://www.ulisses-regelwiki.de/index.php/V_Fertigkeit.html', 1182),
('Vorteil', 1342, 'Gedankenbilder', 'http://www.ulisses-regelwiki.de/index.php/V_Fertigkeit.html', 1182),
('Vorteil', 1343, 'Gefunden', 'http://www.ulisses-regelwiki.de/index.php/V_Fertigkeit.html', 1182),
('Vorteil', 1344, 'Gletscherform', 'http://www.ulisses-regelwiki.de/index.php/V_Fertigkeit.html', 1182),
('Vorteil', 1345, 'Große Gier', 'http://www.ulisses-regelwiki.de/index.php/V_Fertigkeit.html', 1182),
('Vorteil', 1346, 'Große Verwirrung', 'http://www.ulisses-regelwiki.de/index.php/V_Fertigkeit.html', 1182),
('Vorteil', 1347, 'Harmlose Gestalt', 'http://www.ulisses-regelwiki.de/index.php/V_Fertigkeit.html', 1182),
('Vorteil', 1348, 'Haselbusch', 'http://www.ulisses-regelwiki.de/index.php/V_Fertigkeit.html', 1182),
('Vorteil', 1349, 'Heilungsbann', 'http://www.ulisses-regelwiki.de/index.php/V_Fertigkeit.html', 1182),
('Vorteil', 1350, 'Hellsichtbann', 'http://www.ulisses-regelwiki.de/index.php/V_Fertigkeit.html', 1182),
('Vorteil', 1351, 'Herr über das Tierreich', 'http://www.ulisses-regelwiki.de/index.php/V_Fertigkeit.html', 1182),
('Vorteil', 1352, 'Heptagramma', 'http://www.ulisses-regelwiki.de/index.php/V_Fertigkeit.html', 1182),
('Vorteil', 1353, 'Herzschlag ruhe', 'http://www.ulisses-regelwiki.de/index.php/V_Fertigkeit.html', 1182),
('Vorteil', 1354, 'Hexagramma', 'http://www.ulisses-regelwiki.de/index.php/V_Fertigkeit.html', 1182),
('Vorteil', 1355, 'Hexenholz', 'http://www.ulisses-regelwiki.de/index.php/V_Fertigkeit.html', 1182),
('Vorteil', 1356, 'Hexengalle', 'http://www.ulisses-regelwiki.de/index.php/V_Fertigkeit.html', 1182),
('Vorteil', 1357, 'Hexenknoten', 'http://www.ulisses-regelwiki.de/index.php/V_Fertigkeit.html', 1182),
('Vorteil', 1358, 'Hexenkrallen', 'http://www.ulisses-regelwiki.de/index.php/V_Fertigkeit.html', 1182),
('Vorteil', 1359, 'Höllenpein', 'http://www.ulisses-regelwiki.de/index.php/V_Fertigkeit.html', 1182),
('Vorteil', 1360, 'Horriphobus', 'http://www.ulisses-regelwiki.de/index.php/V_Fertigkeit.html', 1182),
('Vorteil', 1361, 'Ignifaxius', 'http://www.ulisses-regelwiki.de/index.php/V_Fertigkeit.html', 1182),
('Vorteil', 1362, 'Ignisphaero', 'http://www.ulisses-regelwiki.de/index.php/V_Fertigkeit.html', 1182),
('Vorteil', 1363, 'Ignorantia', 'http://www.ulisses-regelwiki.de/index.php/V_Fertigkeit.html', 1182),
('Vorteil', 1364, 'Illusionsbann', 'http://www.ulisses-regelwiki.de/index.php/V_Fertigkeit.html', 1182),
('Vorteil', 1365, 'Imperavi', 'http://www.ulisses-regelwiki.de/index.php/V_Fertigkeit.html', 1182),
('Vorteil', 1366, 'Impersona', 'http://www.ulisses-regelwiki.de/index.php/V_Fertigkeit.html', 1182),
('Vorteil', 1367, 'Incendio', 'http://www.ulisses-regelwiki.de/index.php/V_Fertigkeit.html', 1182),
('Vorteil', 1368, 'Invercano', 'http://www.ulisses-regelwiki.de/index.php/V_Fertigkeit.html', 1182),
('Vorteil', 1369, 'Invocatio Minima', 'http://www.ulisses-regelwiki.de/index.php/V_Fertigkeit.html', 1182),
('Vorteil', 1370, 'Karnifilo', 'http://www.ulisses-regelwiki.de/index.php/V_Fertigkeit.html', 1182),
('Vorteil', 1371, 'Katzenaugen', 'http://www.ulisses-regelwiki.de/index.php/V_Fertigkeit.html', 1182),
('Vorteil', 1372, 'Klarum Purum', 'http://www.ulisses-regelwiki.de/index.php/V_Fertigkeit.html', 1182),
('Vorteil', 1373, 'Krötensprung', 'http://www.ulisses-regelwiki.de/index.php/V_Fertigkeit.html', 1182),
('Vorteil', 1374, 'Kusch', 'http://www.ulisses-regelwiki.de/index.php/V_Fertigkeit.html', 1182),
('Vorteil', 1375, 'Last des Alters', 'http://www.ulisses-regelwiki.de/index.php/V_Fertigkeit.html', 1182),
('Vorteil', 1376, 'Lunge des Leviatan', 'http://www.ulisses-regelwiki.de/index.php/V_Fertigkeit.html', 1182),
('Vorteil', 1377, 'Manifesto', 'http://www.ulisses-regelwiki.de/index.php/V_Fertigkeit.html', 1182),
('Vorteil', 1378, 'Manus Illusionis', 'http://www.ulisses-regelwiki.de/index.php/V_Fertigkeit.html', 1182),
('Vorteil', 1379, 'Manus Miracula', 'http://www.ulisses-regelwiki.de/index.php/V_Fertigkeit.html', 1182),
('Vorteil', 1380, 'Memorans', 'http://www.ulisses-regelwiki.de/index.php/V_Fertigkeit.html', 1182),
('Vorteil', 1381, 'Menetekel', 'http://www.ulisses-regelwiki.de/index.php/V_Fertigkeit.html', 1182),
('Vorteil', 1382, 'Motoricus', 'http://www.ulisses-regelwiki.de/index.php/V_Fertigkeit.html', 1182),
('Vorteil', 1383, 'Nebelwand', 'http://www.ulisses-regelwiki.de/index.php/V_Fertigkeit.html', 1182),
('Vorteil', 1384, 'Nuntiovolo', 'http://www.ulisses-regelwiki.de/index.php/V_Fertigkeit.html', 1182),
('Vorteil', 1385, 'Objectobscuro', 'http://www.ulisses-regelwiki.de/index.php/V_Fertigkeit.html', 1182),
('Vorteil', 1386, 'Objectofixo', 'http://www.ulisses-regelwiki.de/index.php/V_Fertigkeit.html', 1182),
('Vorteil', 1387, 'Objektbann', 'http://www.ulisses-regelwiki.de/index.php/V_Fertigkeit.html', 1182),
('Vorteil', 1388, 'Oculus Astralis', 'http://www.ulisses-regelwiki.de/index.php/V_Fertigkeit.html', 1182),
('Vorteil', 1389, 'Oculus Illusionis', 'http://www.ulisses-regelwiki.de/index.php/V_Fertigkeit.html', 1182),
('Vorteil', 1390, 'Odem Arcanum', 'http://www.ulisses-regelwiki.de/index.php/V_Fertigkeit.html', 1182),
('Vorteil', 1391, 'Orcanofaxius', 'http://www.ulisses-regelwiki.de/index.php/V_Fertigkeit.html', 1182),
('Vorteil', 1392, 'Orcanosphaero', 'http://www.ulisses-regelwiki.de/index.php/V_Fertigkeit.html', 1182),
('Vorteil', 1393, 'Paralysis', 'http://www.ulisses-regelwiki.de/index.php/V_Fertigkeit.html', 1182),
('Vorteil', 1394, 'Penetrizzel', 'http://www.ulisses-regelwiki.de/index.php/V_Fertigkeit.html', 1182),
('Vorteil', 1395, 'Pentagramma', 'http://www.ulisses-regelwiki.de/index.php/V_Fertigkeit.html', 1182),
('Vorteil', 1396, 'Pestilenz erspüren', 'http://www.ulisses-regelwiki.de/index.php/V_Fertigkeit.html', 1182),
('Vorteil', 1397, 'Physiostabilis', 'http://www.ulisses-regelwiki.de/index.php/V_Fertigkeit.html', 1182),
('Vorteil', 1398, 'Plumbumbarum', 'http://www.ulisses-regelwiki.de/index.php/V_Fertigkeit.html', 1182),
('Vorteil', 1399, 'Projectimago', 'http://www.ulisses-regelwiki.de/index.php/V_Fertigkeit.html', 1182),
('Vorteil', 1400, 'Psychostabilis', 'http://www.ulisses-regelwiki.de/index.php/V_Fertigkeit.html', 1182),
('Vorteil', 1401, 'Radau', 'http://www.ulisses-regelwiki.de/index.php/V_Fertigkeit.html', 1182),
('Vorteil', 1402, 'Reflectimago', 'http://www.ulisses-regelwiki.de/index.php/V_Fertigkeit.html', 1182),
('Vorteil', 1403, 'Regeneratio', 'http://www.ulisses-regelwiki.de/index.php/V_Fertigkeit.html', 1182),
('Vorteil', 1404, 'Respondami', 'http://www.ulisses-regelwiki.de/index.php/V_Fertigkeit.html', 1182),
('Vorteil', 1405, 'Salander', 'http://www.ulisses-regelwiki.de/index.php/V_Fertigkeit.html', 1182),
('Vorteil', 1406, 'Sanftmut', 'http://www.ulisses-regelwiki.de/index.php/V_Fertigkeit.html', 1182),
('Vorteil', 1407, 'Sapefacta', 'http://www.ulisses-regelwiki.de/index.php/V_Fertigkeit.html', 1182),
('Vorteil', 1408, 'Satuarias Herrlichkeit', 'http://www.ulisses-regelwiki.de/index.php/V_Fertigkeit.html', 1182),
('Vorteil', 1409, 'Schlangenruf', 'http://www.ulisses-regelwiki.de/index.php/V_Fertigkeit.html', 1182),
('Vorteil', 1410, 'Schmerzen lindern', 'http://www.ulisses-regelwiki.de/index.php/V_Fertigkeit.html', 1182),
('Vorteil', 1411, 'Schwarzer Schrecken', 'http://www.ulisses-regelwiki.de/index.php/V_Fertigkeit.html', 1182),
('Vorteil', 1412, 'Schwarz und Rot', 'http://www.ulisses-regelwiki.de/index.php/V_Fertigkeit.html', 1182),
('Vorteil', 1413, 'Sensibar', 'http://www.ulisses-regelwiki.de/index.php/V_Fertigkeit.html', 1182),
('Vorteil', 1414, 'Silentium', 'http://www.ulisses-regelwiki.de/index.php/V_Fertigkeit.html', 1182),
('Vorteil', 1415, 'Skelettarius', 'http://www.ulisses-regelwiki.de/index.php/V_Fertigkeit.html', 1182),
('Vorteil', 1416, 'Zaubererweiterungen', 'http://www.ulisses-regelwiki.de/index.php/V_Fertigkeit.html', 1182),
('Vorteil', 1417, 'Somnigravis', 'http://www.ulisses-regelwiki.de/index.php/V_Fertigkeit.html', 1182),
('Vorteil', 1418, 'Spinnenlauf', 'http://www.ulisses-regelwiki.de/index.php/V_Fertigkeit.html', 1182),
('Vorteil', 1419, 'Spurlos', 'http://www.ulisses-regelwiki.de/index.php/V_Fertigkeit.html', 1182),
('Vorteil', 1420, 'Stillstand', 'http://www.ulisses-regelwiki.de/index.php/V_Fertigkeit.html', 1182),
('Vorteil', 1421, 'Sumus Elixiere', 'http://www.ulisses-regelwiki.de/index.php/V_Fertigkeit.html', 1182),
('Vorteil', 1422, 'Taubheit', 'http://www.ulisses-regelwiki.de/index.php/V_Fertigkeit.html', 1182),
('Vorteil', 1423, 'Telekinesebann', 'http://www.ulisses-regelwiki.de/index.php/V_Fertigkeit.html', 1182),
('Vorteil', 1424, 'Tiergedanken', 'http://www.ulisses-regelwiki.de/index.php/V_Fertigkeit.html', 1182),
('Vorteil', 1425, 'Transversalis', 'http://www.ulisses-regelwiki.de/index.php/V_Fertigkeit.html', 1182),
('Vorteil', 1426, 'Verwandlungsbann', 'http://www.ulisses-regelwiki.de/index.php/V_Fertigkeit.html', 1182);
INSERT INTO `property` (`type`, `id`, `name`, `wiki_url`, `subcategory_of_id`) VALUES
('Vorteil', 1427, 'Vipernblick', 'http://www.ulisses-regelwiki.de/index.php/V_Fertigkeit.html', 1182),
('Vorteil', 1428, 'Visibili', 'http://www.ulisses-regelwiki.de/index.php/V_Fertigkeit.html', 1182),
('Vorteil', 1429, 'Vogelzwitschern', 'http://www.ulisses-regelwiki.de/index.php/V_Fertigkeit.html', 1182),
('Vorteil', 1430, 'Wasseratem', 'http://www.ulisses-regelwiki.de/index.php/V_Fertigkeit.html', 1182),
('Vorteil', 1431, 'Wolfstatze', 'http://www.ulisses-regelwiki.de/index.php/V_Fertigkeit.html', 1182),
('Vorteil', 1432, 'Zunge betäuben', 'http://www.ulisses-regelwiki.de/index.php/V_Fertigkeit.html', 1182),
('Vorteil', 1433, 'Zwingtanz', 'http://www.ulisses-regelwiki.de/index.php/V_Fertigkeit.html', 1182),
('Vorteil', 1434, 'Accuratum', 'http://www.ulisses-regelwiki.de/index.php/V_Fertigkeit.html', 1182),
('Vorteil', 1435, 'Arcanovi', 'http://www.ulisses-regelwiki.de/index.php/V_Fertigkeit.html', 1182),
('Vorteil', 1436, 'Aufmerksamer Wächter', 'http://www.ulisses-regelwiki.de/index.php/V_Fertigkeit.html', 1182),
('Vorteil', 1437, 'Caldofrigo', 'http://www.ulisses-regelwiki.de/index.php/V_Fertigkeit.html', 1182),
('Vorteil', 1438, 'Dschinnenruf', 'http://www.ulisses-regelwiki.de/index.php/V_Fertigkeit.html', 1182),
('Vorteil', 1439, 'Elementarer Diener', 'http://www.ulisses-regelwiki.de/index.php/V_Fertigkeit.html', 1182),
('Vorteil', 1440, 'Hagelschlag und Sturmgebrüll', 'http://www.ulisses-regelwiki.de/index.php/V_Fertigkeit.html', 1182),
('Vorteil', 1441, 'Hartes schmelze', 'http://www.ulisses-regelwiki.de/index.php/V_Fertigkeit.html', 1182),
('Vorteil', 1442, 'Invovatio maior', 'http://www.ulisses-regelwiki.de/index.php/V_Fertigkeit.html', 1182),
('Vorteil', 1443, 'Invocatio Minor', 'http://www.ulisses-regelwiki.de/index.php/V_Fertigkeit.html', 1182),
('Vorteil', 1444, 'Leidensbund', 'http://www.ulisses-regelwiki.de/index.php/V_Fertigkeit.html', 1182),
('Vorteil', 1445, 'Magischer Raub', 'http://www.ulisses-regelwiki.de/index.php/V_Fertigkeit.html', 1182),
('Vorteil', 1446, 'Memorabia Falsifir', 'http://www.ulisses-regelwiki.de/index.php/V_Fertigkeit.html', 1182),
('Vorteil', 1447, 'Movimento', 'http://www.ulisses-regelwiki.de/index.php/V_Fertigkeit.html', 1182),
('Vorteil', 1448, 'Nihilogravo', 'http://www.ulisses-regelwiki.de/index.php/V_Fertigkeit.html', 1182),
('Vorteil', 1449, 'Orvai Kurims Kriegstrommel', 'http://www.ulisses-regelwiki.de/index.php/V_Fertigkeit.html', 1182),
('Vorteil', 1450, 'Ruf des Bienenstocks', 'http://www.ulisses-regelwiki.de/index.php/V_Fertigkeit.html', 1182),
('Vorteil', 1451, 'Ruhe Körper', 'http://www.ulisses-regelwiki.de/index.php/V_Fertigkeit.html', 1182),
('Vorteil', 1452, 'Traumgestalt', 'http://www.ulisses-regelwiki.de/index.php/V_Fertigkeit.html', 1182),
('Vorteil', 1453, 'Unberührt von Satinav', 'http://www.ulisses-regelwiki.de/index.php/V_Fertigkeit.html', 1182),
('Vorteil', 1454, 'Widerwille', 'http://www.ulisses-regelwiki.de/index.php/V_Fertigkeit.html', 1182),
('Vorteil', 1455, 'Wirbelform', 'http://www.ulisses-regelwiki.de/index.php/V_Fertigkeit.html', 1182),
('Vorteil', 1456, 'Xenographus', 'http://www.ulisses-regelwiki.de/index.php/V_Fertigkeit.html', 1182),
('Vorteil', 1457, 'Zauberklinge Geisterspeer', 'http://www.ulisses-regelwiki.de/index.php/V_Fertigkeit.html', 1182),
('Vorteil', 1458, 'Ackersegen', 'http://www.ulisses-regelwiki.de/index.php/V_Fertigkeit.html', 1182),
('Vorteil', 1459, 'Empfängnis des Korsmals', 'http://www.ulisses-regelwiki.de/index.php/V_Fertigkeit.html', 1182),
('Vorteil', 1460, 'Exorzismus', 'http://www.ulisses-regelwiki.de/index.php/V_Fertigkeit.html', 1182),
('Vorteil', 1461, 'Geweihter Panzer', 'http://www.ulisses-regelwiki.de/index.php/V_Fertigkeit.html', 1182),
('Vorteil', 1462, 'Löwengestalt', 'http://www.ulisses-regelwiki.de/index.php/V_Fertigkeit.html', 1182),
('Vorteil', 1463, 'Nebelleib', 'http://www.ulisses-regelwiki.de/index.php/V_Fertigkeit.html', 1182),
('Vorteil', 1464, 'Objektweihe', 'http://www.ulisses-regelwiki.de/index.php/V_Fertigkeit.html', 1182),
('Vorteil', 1465, 'Herausragende Kampftechnik', 'http://www.ulisses-regelwiki.de/index.php/V_Kampftechnik.html', NULL),
('Vorteil', 1466, 'Armbrüste', 'http://www.ulisses-regelwiki.de/index.php/V_Kampftechnik.html', 1465),
('Vorteil', 1467, 'Blasrohre', 'http://www.ulisses-regelwiki.de/index.php/V_Kampftechnik.html', 1465),
('Vorteil', 1468, 'Bögen', 'http://www.ulisses-regelwiki.de/index.php/V_Kampftechnik.html', 1465),
('Vorteil', 1469, 'Dikusse', 'http://www.ulisses-regelwiki.de/index.php/V_Kampftechnik.html', 1465),
('Vorteil', 1470, 'Feierspeien', 'http://www.ulisses-regelwiki.de/index.php/V_Kampftechnik.html', 1465),
('Vorteil', 1471, 'Schleudern', 'http://www.ulisses-regelwiki.de/index.php/V_Kampftechnik.html', 1465),
('Vorteil', 1472, 'Wurfwaffen', 'http://www.ulisses-regelwiki.de/index.php/V_Kampftechnik.html', 1465),
('Vorteil', 1473, 'Dolche', 'http://www.ulisses-regelwiki.de/index.php/V_Kampftechnik.html', 1465),
('Vorteil', 1474, 'Fechtwaffen', 'http://www.ulisses-regelwiki.de/index.php/V_Kampftechnik.html', 1465),
('Vorteil', 1475, 'Hiebwaffen', 'http://www.ulisses-regelwiki.de/index.php/V_Kampftechnik.html', 1465),
('Vorteil', 1476, 'Kettenwaffen', 'http://www.ulisses-regelwiki.de/index.php/V_Kampftechnik.html', 1465),
('Vorteil', 1477, 'Lanzen', 'http://www.ulisses-regelwiki.de/index.php/V_Kampftechnik.html', 1465),
('Vorteil', 1478, 'Peitschen', 'http://www.ulisses-regelwiki.de/index.php/V_Kampftechnik.html', 1465),
('Vorteil', 1479, 'Raufen', 'http://www.ulisses-regelwiki.de/index.php/V_Kampftechnik.html', 1465),
('Vorteil', 1480, 'Schilde', 'http://www.ulisses-regelwiki.de/index.php/V_Kampftechnik.html', 1465),
('Vorteil', 1481, 'Schwerter', 'http://www.ulisses-regelwiki.de/index.php/V_Kampftechnik.html', 1465),
('Vorteil', 1482, 'Stangenwaffen', 'http://www.ulisses-regelwiki.de/index.php/V_Kampftechnik.html', 1465),
('Vorteil', 1483, 'Zweihandhiebwaffen', 'http://www.ulisses-regelwiki.de/index.php/V_Kampftechnik.html', 1465),
('Vorteil', 1484, 'Zweihandschwerter', 'http://www.ulisses-regelwiki.de/index.php/V_Kampftechnik.html', 1465),
('Vorteil', 1485, 'Herausragender Sinn', 'http://www.ulisses-regelwiki.de/index.php/V_Sinn.html', NULL),
('Vorteil', 1486, 'Hitzeresistenz', 'http://www.ulisses-regelwiki.de/index.php/V_Hitzeresistenz.html', NULL),
('Vorteil', 1487, 'Hohe Astralkraft', 'http://www.ulisses-regelwiki.de/index.php/V_HoheAstralkraft.html', NULL),
('Vorteil', 1488, 'I', 'http://www.ulisses-regelwiki.de/index.php/V_HoheAstralkraft.html', 1487),
('Vorteil', 1489, 'II', 'http://www.ulisses-regelwiki.de/index.php/V_HoheAstralkraft.html', 1487),
('Vorteil', 1490, 'III', 'http://www.ulisses-regelwiki.de/index.php/V_HoheAstralkraft.html', 1487),
('Vorteil', 1491, 'IV', 'http://www.ulisses-regelwiki.de/index.php/V_HoheAstralkraft.html', 1487),
('Vorteil', 1492, 'V', 'http://www.ulisses-regelwiki.de/index.php/V_HoheAstralkraft.html', 1487),
('Vorteil', 1493, 'VI', 'http://www.ulisses-regelwiki.de/index.php/V_HoheAstralkraft.html', 1487),
('Vorteil', 1494, 'VII', 'http://www.ulisses-regelwiki.de/index.php/V_HoheAstralkraft.html', 1487),
('Vorteil', 1495, 'Hohe Karmalkraft', 'http://www.ulisses-regelwiki.de/index.php/V_HoheKarmalkraft.html', NULL),
('Vorteil', 1496, 'I', 'http://www.ulisses-regelwiki.de/index.php/V_HoheKarmalkraft.html', 1495),
('Vorteil', 1497, 'II', 'http://www.ulisses-regelwiki.de/index.php/V_HoheKarmalkraft.html', 1495),
('Vorteil', 1498, 'III', 'http://www.ulisses-regelwiki.de/index.php/V_HoheKarmalkraft.html', 1495),
('Vorteil', 1499, 'IV', 'http://www.ulisses-regelwiki.de/index.php/V_HoheKarmalkraft.html', 1495),
('Vorteil', 1500, 'V', 'http://www.ulisses-regelwiki.de/index.php/V_HoheKarmalkraft.html', 1495),
('Vorteil', 1501, 'VI', 'http://www.ulisses-regelwiki.de/index.php/V_HoheKarmalkraft.html', 1495),
('Vorteil', 1502, 'VII', 'http://www.ulisses-regelwiki.de/index.php/V_HoheKarmalkraft.html', 1495),
('Vorteil', 1503, 'Hohe Lebenskraft', 'http://www.ulisses-regelwiki.de/index.php/V_HoheLebenskraft.html', NULL),
('Vorteil', 1504, 'I', 'http://www.ulisses-regelwiki.de/index.php/V_HoheLebenskraft.html', 1503),
('Vorteil', 1505, 'II', 'http://www.ulisses-regelwiki.de/index.php/V_HoheLebenskraft.html', 1503),
('Vorteil', 1506, 'III', 'http://www.ulisses-regelwiki.de/index.php/V_HoheLebenskraft.html', 1503),
('Vorteil', 1507, 'IV', 'http://www.ulisses-regelwiki.de/index.php/V_HoheLebenskraft.html', 1503),
('Vorteil', 1508, 'V', 'http://www.ulisses-regelwiki.de/index.php/V_HoheLebenskraft.html', 1503),
('Vorteil', 1509, 'VI', 'http://www.ulisses-regelwiki.de/index.php/V_HoheLebenskraft.html', 1503),
('Vorteil', 1510, 'VII', 'http://www.ulisses-regelwiki.de/index.php/V_HoheLebenskraft.html', 1503),
('Vorteil', 1511, 'Hohe Seelenkraft', 'http://www.ulisses-regelwiki.de/index.php/V_HoheSeelenkraft.html', NULL),
('Vorteil', 1512, 'Hohe Zähigkeit', 'http://www.ulisses-regelwiki.de/index.php/V_HoheZähugkeit.html', NULL),
('Vorteil', 1513, 'Immunität gegen (Gift)', 'http://www.ulisses-regelwiki.de/index.php/V_ImmunitätGift.html', NULL),
('Vorteil', 1514, 'Immunität gegen (Krankheit)', 'http://www.ulisses-regelwiki.de/index.php/V_ImmunitätKrankheit.html', NULL),
('Vorteil', 1515, 'Kälteresistenz', 'http://www.ulisses-regelwiki.de/index.php/V_Kälteresistenz.html', NULL),
('Vorteil', 1516, 'Kein Bann des Eisens', 'http://www.ulisses-regelwiki.de/index.php/V_KeinBanndesEisens.html', NULL),
('Vorteil', 1517, 'Krankheitsresistenz', 'http://www.ulisses-regelwiki.de/index.php/V_Krankheitsresistenz.html', NULL),
('Vorteil', 1518, 'I', 'http://www.ulisses-regelwiki.de/index.php/V_Krankheitsresistenz.html', 1517),
('Vorteil', 1519, 'II', 'http://www.ulisses-regelwiki.de/index.php/V_Krankheitsresistenz.html', 1517),
('Vorteil', 1520, 'Machtvolle Zaubermelodien', 'http://www.ulisses-regelwiki.de/index.php/V_MachtvolleZaubermelodien.html', NULL),
('Vorteil', 1521, 'Magische Einstimmung', 'http://www.ulisses-regelwiki.de/index.php/V_MagischeEinstimmung.html', NULL),
('Vorteil', 1522, 'Mystiker', 'http://www.ulisses-regelwiki.de/index.php/V_Mystiker.html', NULL),
('Vorteil', 1523, 'Nichtschläfer (*)', 'http://www.ulisses-regelwiki.de/index.php/V_Nichtschläfer.html', NULL),
('Vorteil', 1524, 'Pragmatiker', 'http://www.ulisses-regelwiki.de/index.php/V_Pragmatiker.html', NULL),
('Vorteil', 1525, 'Reich', 'http://www.ulisses-regelwiki.de/index.php/V_Reich.html', NULL),
('Vorteil', 1526, 'I', 'http://www.ulisses-regelwiki.de/index.php/V_Reich.html', 1525),
('Vorteil', 1527, 'II', 'http://www.ulisses-regelwiki.de/index.php/V_Reich.html', 1525),
('Vorteil', 1528, 'III', 'http://www.ulisses-regelwiki.de/index.php/V_Reich.html', 1525),
('Vorteil', 1529, 'IV', 'http://www.ulisses-regelwiki.de/index.php/V_Reich.html', 1525),
('Vorteil', 1530, 'V', 'http://www.ulisses-regelwiki.de/index.php/V_Reich.html', 1525),
('Vorteil', 1531, 'VI', 'http://www.ulisses-regelwiki.de/index.php/V_Reich.html', 1525),
('Vorteil', 1532, 'VII', 'http://www.ulisses-regelwiki.de/index.php/V_Reich.html', 1525),
('Vorteil', 1533, 'VIII', 'http://www.ulisses-regelwiki.de/index.php/V_Reich.html', 1525),
('Vorteil', 1534, 'IX', 'http://www.ulisses-regelwiki.de/index.php/V_Reich.html', 1525),
('Vorteil', 1535, 'X', 'http://www.ulisses-regelwiki.de/index.php/V_Reich.html', 1525),
('Vorteil', 1536, 'Richtungssinn', 'http://www.ulisses-regelwiki.de/index.php/V_Richtungssinn.html', NULL),
('Vorteil', 1537, 'Saumagen', 'http://www.ulisses-regelwiki.de/index.php/V_Saumagen.html', NULL),
('Vorteil', 1538, 'I', 'http://www.ulisses-regelwiki.de/index.php/V_Saumagen.html', 1537),
('Vorteil', 1539, 'II', 'http://www.ulisses-regelwiki.de/index.php/V_Saumagen.html', 1537),
('Vorteil', 1540, 'Schlangenmensch', 'http://www.ulisses-regelwiki.de/index.php/V_Schlangenmensch.html', NULL),
('Vorteil', 1541, '', 'http://www.ulisses-regelwiki.de/index.php/SF_SchnellwiederaufdenBeinen.html', NULL),
('Vorteil', 1542, 'Schutzgeist', 'http://www.ulisses-regelwiki.de/index.php/V_Schutzgeist.html', NULL),
('Vorteil', 1543, 'Schwer zu verzaubern (*)', 'http://www.ulisses-regelwiki.de/index.php/V_Schwerzuverzaubern.html', NULL),
('Vorteil', 1544, 'Soziale Anpassungsfähigkeit', 'http://www.ulisses-regelwiki.de/index.php/V_SozialeAnpassungsfähigkeit.html', NULL),
('Vorteil', 1545, 'Tierfreund', 'http://www.ulisses-regelwiki.de/index.php/V_Tierfreund.html', NULL),
('Vorteil', 1546, 'Unscheinbar', 'http://www.ulisses-regelwiki.de/index.php/V_Unscheinbar.html', NULL),
('Vorteil', 1547, 'Verbesserte Regeneration (Astralenergie)', 'http://www.ulisses-regelwiki.de/index.php/V_verbRegAsP.html', NULL),
('Vorteil', 1548, 'I', 'http://www.ulisses-regelwiki.de/index.php/V_verbRegAsP.html', 1547),
('Vorteil', 1549, 'II', 'http://www.ulisses-regelwiki.de/index.php/V_verbRegAsP.html', 1547),
('Vorteil', 1550, 'III', 'http://www.ulisses-regelwiki.de/index.php/V_verbRegAsP.html', 1547),
('Vorteil', 1551, 'Verbesserte Regeneration (Karmaenergie)', 'http://www.ulisses-regelwiki.de/index.php/V_VerbRegKaP.html', NULL),
('Vorteil', 1552, 'I', 'http://www.ulisses-regelwiki.de/index.php/V_VerbRegKaP.html', 1551),
('Vorteil', 1553, 'II', 'http://www.ulisses-regelwiki.de/index.php/V_VerbRegKaP.html', 1551),
('Vorteil', 1554, 'III', 'http://www.ulisses-regelwiki.de/index.php/V_VerbRegKaP.html', 1551),
('Vorteil', 1555, 'Verbesserte Regeneration (Lebensenergie)', 'http://www.ulisses-regelwiki.de/index.php/V_VerbRegLeP.html', NULL),
('Vorteil', 1556, 'I', 'http://www.ulisses-regelwiki.de/index.php/V_VerbRegLeP.html', 1555),
('Vorteil', 1557, 'II', 'http://www.ulisses-regelwiki.de/index.php/V_VerbRegLeP.html', 1555),
('Vorteil', 1558, 'III', 'http://www.ulisses-regelwiki.de/index.php/V_VerbRegLeP.html', 1555),
('Vorteil', 1559, 'Verhüllte Aura', 'http://www.ulisses-regelwiki.de/index.php/V_VerhüllteAura.html', NULL),
('Vorteil', 1560, 'Vertrauenerweckend', 'http://www.ulisses-regelwiki.de/index.php/V_Vertrauenerweckend.html', NULL),
('Vorteil', 1561, 'Waffenbegabung', 'http://www.ulisses-regelwiki.de/index.php/V_Waffenbegabung.html', NULL),
('Vorteil', 1562, 'Armbrüste', 'http://www.ulisses-regelwiki.de/index.php/V_Waffenbegabung.html', 1561),
('Vorteil', 1563, 'Blasrohre', 'http://www.ulisses-regelwiki.de/index.php/V_Waffenbegabung.html', 1561),
('Vorteil', 1564, 'Bögen', 'http://www.ulisses-regelwiki.de/index.php/V_Waffenbegabung.html', 1561),
('Vorteil', 1565, 'Dikusse', 'http://www.ulisses-regelwiki.de/index.php/V_Waffenbegabung.html', 1561),
('Vorteil', 1566, 'Feierspeien', 'http://www.ulisses-regelwiki.de/index.php/V_Waffenbegabung.html', 1561),
('Vorteil', 1567, 'Schleudern', 'http://www.ulisses-regelwiki.de/index.php/V_Waffenbegabung.html', 1561),
('Vorteil', 1568, 'Wurfwaffen', 'http://www.ulisses-regelwiki.de/index.php/V_Waffenbegabung.html', 1561),
('Vorteil', 1569, 'Dolche', 'http://www.ulisses-regelwiki.de/index.php/V_Waffenbegabung.html', 1561),
('Vorteil', 1570, 'Fechtwaffen', 'http://www.ulisses-regelwiki.de/index.php/V_Waffenbegabung.html', 1561),
('Vorteil', 1571, 'Hiebwaffen', 'http://www.ulisses-regelwiki.de/index.php/V_Waffenbegabung.html', 1561),
('Vorteil', 1572, 'Kettenwaffen', 'http://www.ulisses-regelwiki.de/index.php/V_Waffenbegabung.html', 1561),
('Vorteil', 1573, 'Lanzen', 'http://www.ulisses-regelwiki.de/index.php/V_Waffenbegabung.html', 1561),
('Vorteil', 1574, 'Peitschen', 'http://www.ulisses-regelwiki.de/index.php/V_Waffenbegabung.html', 1561),
('Vorteil', 1575, 'Raufen', 'http://www.ulisses-regelwiki.de/index.php/V_Waffenbegabung.html', 1561),
('Vorteil', 1576, 'Schilde', 'http://www.ulisses-regelwiki.de/index.php/V_Waffenbegabung.html', 1561),
('Vorteil', 1577, 'Schwerter', 'http://www.ulisses-regelwiki.de/index.php/V_Waffenbegabung.html', 1561),
('Vorteil', 1578, 'Stangenwaffen', 'http://www.ulisses-regelwiki.de/index.php/V_Waffenbegabung.html', 1561),
('Vorteil', 1579, 'Zweihandhiebwaffen', 'http://www.ulisses-regelwiki.de/index.php/V_Waffenbegabung.html', 1561),
('Vorteil', 1580, 'Zweihandschwerter', 'http://www.ulisses-regelwiki.de/index.php/V_Waffenbegabung.html', 1561),
('Vorteil', 1581, 'Wasserlebewesen (*)', 'http://www.ulisses-regelwiki.de/index.php/V_Wasserlebewesen.html', NULL),
('Vorteil', 1582, 'Weitreichende Zaubermelodien', 'http://www.ulisses-regelwiki.de/index.php/V_WeitreichendeZaubermelodienI-III.html', NULL),
('Vorteil', 1583, 'I', 'http://www.ulisses-regelwiki.de/index.php/V_WeitreichendeZaubermelodienI-III.html', 1582),
('Vorteil', 1584, 'II', 'http://www.ulisses-regelwiki.de/index.php/V_WeitreichendeZaubermelodienI-III.html', 1582),
('Vorteil', 1585, 'III', 'http://www.ulisses-regelwiki.de/index.php/V_WeitreichendeZaubermelodienI-III.html', 1582),
('Vorteil', 1586, 'Wohlklang', 'http://www.ulisses-regelwiki.de/index.php/V_Wohlklang.html', NULL),
('Vorteil', 1587, 'Zäher Hund', 'http://www.ulisses-regelwiki.de/index.php/V_ZäherHund.html', NULL),
('Vorteil', 1588, 'Zauberer', 'http://www.ulisses-regelwiki.de/index.php/V_Zauberer.html', NULL),
('Vorteil', 1589, 'Zeitgefühl', 'http://www.ulisses-regelwiki.de/index.php/V_Zeitgefühl.html', NULL),
('Vorteil', 1590, 'Zweistimmiger Gesang (*)', 'http://www.ulisses-regelwiki.de/index.php/V_ZweistimmigerGesang.html', NULL),
('Vorteil', 1591, 'Zwergennase', 'http://www.ulisses-regelwiki.de/index.php/V_Zwergennase.html', NULL),
('Vorteil', 1592, 'Angst vor …', 'http://www.ulisses-regelwiki.de/index.php/N_Angst.html', NULL),
('Vorteil', 1593, 'I', 'http://www.ulisses-regelwiki.de/index.php/N_Angst.html', 1592),
('Vorteil', 1594, 'II', 'http://www.ulisses-regelwiki.de/index.php/N_Angst.html', 1592),
('Vorteil', 1595, 'III', 'http://www.ulisses-regelwiki.de/index.php/N_Angst.html', 1592),
('Vorteil', 1596, 'Arm', 'http://www.ulisses-regelwiki.de/index.php/N_Arm.html', NULL),
('Vorteil', 1597, 'I', 'http://www.ulisses-regelwiki.de/index.php/N_Arm.html', 1596),
('Vorteil', 1598, 'II', 'http://www.ulisses-regelwiki.de/index.php/N_Arm.html', 1596),
('Vorteil', 1599, 'III', 'http://www.ulisses-regelwiki.de/index.php/N_Arm.html', 1596),
('Vorteil', 1600, 'Artefaktgebunden', 'http://www.ulisses-regelwiki.de/index.php/N_Artefaktgebunden.html', NULL),
('Vorteil', 1601, 'Behäbig', 'http://www.ulisses-regelwiki.de/index.php/N_Behäbig.html', NULL),
('Vorteil', 1602, 'Blind', 'http://www.ulisses-regelwiki.de/index.php/N_Blind.html', NULL),
('Vorteil', 1603, 'Blutrausch', 'http://www.ulisses-regelwiki.de/index.php/N_Blutrausch.html', NULL),
('Vorteil', 1604, 'Böser Namensvetter', 'http://www.ulisses-regelwiki.de/index.php/namensvetter.html', NULL),
('Vorteil', 1605, 'Eingeschränkter Sinn', 'http://www.ulisses-regelwiki.de/index.php/N_EingeschränkterSinn.html', NULL),
('Vorteil', 1606, 'Empfindlichkeit (unedle Metalle)', 'http://www.ulisses-regelwiki.de/index.php/N_EmpfindlichkeitunedleMetalle.html', NULL),
('Vorteil', 1607, 'Farbenblind', 'http://www.ulisses-regelwiki.de/index.php/N_Farbenblind.html', NULL),
('Vorteil', 1608, 'Fettleibig', 'http://www.ulisses-regelwiki.de/index.php/N_Fettleibig.html', NULL),
('Vorteil', 1609, 'Giftanfällig', 'http://www.ulisses-regelwiki.de/index.php/N_Giftanfällig.html', NULL),
('Vorteil', 1610, 'I', 'http://www.ulisses-regelwiki.de/index.php/N_Giftanfällig.html', 1609),
('Vorteil', 1611, 'II', 'http://www.ulisses-regelwiki.de/index.php/N_Giftanfällig.html', 1609),
('Vorteil', 1612, 'Gläsern', 'http://www.ulisses-regelwiki.de/index.php/Glaesern.html', NULL),
('Vorteil', 1613, 'Hässlich', 'http://www.ulisses-regelwiki.de/index.php/N_Hässlich.html', NULL),
('Vorteil', 1614, 'I', 'http://www.ulisses-regelwiki.de/index.php/N_Hässlich.html', 1613),
('Vorteil', 1615, 'II', 'http://www.ulisses-regelwiki.de/index.php/N_Hässlich.html', 1613),
('Vorteil', 1616, 'Hitzeempfindlich', 'http://www.ulisses-regelwiki.de/index.php/N_Hitzeempfindlich.html', NULL),
('Vorteil', 1617, 'Hitzeempfindlich II*', 'http://www.ulisses-regelwiki.de/index.php/N_HitzeempfindlichII.html', NULL),
('Vorteil', 1618, 'Instabiler Zauberer', 'http://www.ulisses-regelwiki.de/index.php/N_InstabilerZauberer.html', NULL),
('Vorteil', 1619, 'Jagdwildgeruch', 'http://www.ulisses-regelwiki.de/index.php/N_Jagdwildgeruch.html', NULL),
('Vorteil', 1620, 'Kälteempfindlich', 'http://www.ulisses-regelwiki.de/index.php/N_Kälteempfindlich.html', NULL),
('Vorteil', 1621, 'Keine Flugsalbe (*)', 'http://www.ulisses-regelwiki.de/index.php/N_KeineFlugsalbe.html', NULL),
('Vorteil', 1622, 'Kein Vertrauter (*)', 'http://www.ulisses-regelwiki.de/index.php/N_KeinVertrauter.html', NULL),
('Vorteil', 1623, 'Kleine Zauberauswahl', 'http://www.ulisses-regelwiki.de/index.php/N_KleineZauberauswahlI-II.html', NULL),
('Vorteil', 1624, 'I', 'http://www.ulisses-regelwiki.de/index.php/N_KleineZauberauswahlI-II.html', 1623),
('Vorteil', 1625, 'II', 'http://www.ulisses-regelwiki.de/index.php/N_KleineZauberauswahlI-II.html', 1623),
('Vorteil', 1626, 'Körpergebundene Kraft', 'http://www.ulisses-regelwiki.de/index.php/N_KörpergebundeneKraft.html', NULL),
('Vorteil', 1627, 'Körperliche Auffälligkeit', 'http://www.ulisses-regelwiki.de/index.php/N_KörperlicheAuffälligkeit.html', NULL),
('Vorteil', 1628, 'Krankheitsanfällig', 'http://www.ulisses-regelwiki.de/index.php/N_Krankheitsanfällig.html', NULL),
('Vorteil', 1629, 'I', 'http://www.ulisses-regelwiki.de/index.php/N_Krankheitsanfällig.html', 1628),
('Vorteil', 1630, 'II', 'http://www.ulisses-regelwiki.de/index.php/N_Krankheitsanfällig.html', 1628),
('Vorteil', 1631, 'Lächerlicher Name', 'http://www.ulisses-regelwiki.de/index.php/laechname.html', NULL),
('Vorteil', 1632, 'Lästige Mindergeister', 'http://www.ulisses-regelwiki.de/index.php/N_LästigeMindergeister.html', NULL),
('Vorteil', 1633, 'Lichtempfindlich', 'http://www.ulisses-regelwiki.de/index.php/N_Lichtempfindlich.html', NULL),
('Vorteil', 1634, 'Lichtempfindlich II', 'http://www.ulisses-regelwiki.de/index.php/N_LichtempfindlichII.html', NULL),
('Vorteil', 1635, 'Magische Einschränkung', 'http://www.ulisses-regelwiki.de/index.php/N_MagischeEimschränkung.html', NULL),
('Vorteil', 1636, 'Nachtblind', 'http://www.ulisses-regelwiki.de/index.php/N_Nachtblind.html', NULL),
('Vorteil', 1637, 'Niedrige Astralkraft', 'http://www.ulisses-regelwiki.de/index.php/N_NiedrigeAstralkraft.html', NULL),
('Vorteil', 1638, 'I', 'http://www.ulisses-regelwiki.de/index.php/N_NiedrigeAstralkraft.html', 1637),
('Vorteil', 1639, 'II', 'http://www.ulisses-regelwiki.de/index.php/N_NiedrigeAstralkraft.html', 1637),
('Vorteil', 1640, 'III', 'http://www.ulisses-regelwiki.de/index.php/N_NiedrigeAstralkraft.html', 1637),
('Vorteil', 1641, 'IV', 'http://www.ulisses-regelwiki.de/index.php/N_NiedrigeAstralkraft.html', 1637),
('Vorteil', 1642, 'V', 'http://www.ulisses-regelwiki.de/index.php/N_NiedrigeAstralkraft.html', 1637),
('Vorteil', 1643, 'VI', 'http://www.ulisses-regelwiki.de/index.php/N_NiedrigeAstralkraft.html', 1637),
('Vorteil', 1644, 'VII', 'http://www.ulisses-regelwiki.de/index.php/N_NiedrigeAstralkraft.html', 1637),
('Vorteil', 1645, 'Niedrige Karmalkraft', 'http://www.ulisses-regelwiki.de/index.php/N_NiedrigeKarmalkraft.html', NULL),
('Vorteil', 1646, 'I', 'http://www.ulisses-regelwiki.de/index.php/N_NiedrigeKarmalkraft.html', 1645),
('Vorteil', 1647, 'II', 'http://www.ulisses-regelwiki.de/index.php/N_NiedrigeKarmalkraft.html', 1645),
('Vorteil', 1648, 'III', 'http://www.ulisses-regelwiki.de/index.php/N_NiedrigeKarmalkraft.html', 1645),
('Vorteil', 1649, 'IV', 'http://www.ulisses-regelwiki.de/index.php/N_NiedrigeKarmalkraft.html', 1645),
('Vorteil', 1650, 'V', 'http://www.ulisses-regelwiki.de/index.php/N_NiedrigeKarmalkraft.html', 1645),
('Vorteil', 1651, 'VI', 'http://www.ulisses-regelwiki.de/index.php/N_NiedrigeKarmalkraft.html', 1645),
('Vorteil', 1652, 'VII', 'http://www.ulisses-regelwiki.de/index.php/N_NiedrigeKarmalkraft.html', 1645),
('Vorteil', 1653, 'Niedrige Lebenskraft', 'http://www.ulisses-regelwiki.de/index.php/N_NiedrigeLebenskraft.html', NULL),
('Vorteil', 1654, 'I', 'http://www.ulisses-regelwiki.de/index.php/N_NiedrigeLebenskraft.html', 1653),
('Vorteil', 1655, 'II', 'http://www.ulisses-regelwiki.de/index.php/N_NiedrigeLebenskraft.html', 1653),
('Vorteil', 1656, 'III', 'http://www.ulisses-regelwiki.de/index.php/N_NiedrigeLebenskraft.html', 1653),
('Vorteil', 1657, 'IV', 'http://www.ulisses-regelwiki.de/index.php/N_NiedrigeLebenskraft.html', 1653),
('Vorteil', 1658, 'V', 'http://www.ulisses-regelwiki.de/index.php/N_NiedrigeLebenskraft.html', 1653),
('Vorteil', 1659, 'VI', 'http://www.ulisses-regelwiki.de/index.php/N_NiedrigeLebenskraft.html', 1653),
('Vorteil', 1660, 'VII', 'http://www.ulisses-regelwiki.de/index.php/N_NiedrigeLebenskraft.html', 1653),
('Vorteil', 1661, 'Niedrige Seelenkraft', 'http://www.ulisses-regelwiki.de/index.php/N_NiedrigeSeelenkraft.html', NULL),
('Vorteil', 1662, 'Niedrige Zähigkeit', 'http://www.ulisses-regelwiki.de/index.php/N_NiedrigeZähigkeit.html', NULL),
('Vorteil', 1663, 'Pech', 'http://www.ulisses-regelwiki.de/index.php/N_Pech.html', NULL),
('Vorteil', 1664, 'I', 'http://www.ulisses-regelwiki.de/index.php/N_Pech.html', 1663),
('Vorteil', 1665, 'II', 'http://www.ulisses-regelwiki.de/index.php/N_Pech.html', 1663),
('Vorteil', 1666, 'III', 'http://www.ulisses-regelwiki.de/index.php/N_Pech.html', 1663),
('Vorteil', 1667, 'Pechmagnet', 'http://www.ulisses-regelwiki.de/index.php/N_Pechmagnet.html', NULL),
('Vorteil', 1668, 'Persönlichkeitsschwäche', 'http://www.ulisses-regelwiki.de/index.php/N_Persönlichkeitsschwäche.html', NULL),
('Vorteil', 1669, 'Prinzipientreue', 'http://www.ulisses-regelwiki.de/index.php/N_Prinzipientreue.html', NULL),
('Vorteil', 1670, 'I', 'http://www.ulisses-regelwiki.de/index.php/N_Prinzipientreue.html', 1669),
('Vorteil', 1671, 'II', 'http://www.ulisses-regelwiki.de/index.php/N_Prinzipientreue.html', 1669),
('Vorteil', 1672, 'III', 'http://www.ulisses-regelwiki.de/index.php/N_Prinzipientreue.html', 1669),
('Vorteil', 1673, 'Raubtiergeruch', 'http://www.ulisses-regelwiki.de/index.php/N_Raubtiergeruch.html', NULL),
('Vorteil', 1674, 'Schlafwandler', 'http://www.ulisses-regelwiki.de/index.php/N_Schlafwandler.html', NULL),
('Vorteil', 1675, 'Schlechte Angewohnheit', 'http://www.ulisses-regelwiki.de/index.php/N_Schlechteangewohnheit.html', NULL),
('Vorteil', 1676, 'Schlechte Eigenschaft', 'http://www.ulisses-regelwiki.de/index.php/N_SchlechteEigenschaft.html', NULL),
('Vorteil', 1677, 'Schlechte Regeneration (Astralenergie)', 'http://www.ulisses-regelwiki.de/index.php/N_SchRegAsP.html', NULL),
('Vorteil', 1678, 'I', 'http://www.ulisses-regelwiki.de/index.php/N_SchRegAsP.html', 1677),
('Vorteil', 1679, 'II', 'http://www.ulisses-regelwiki.de/index.php/N_SchRegAsP.html', 1677),
('Vorteil', 1680, 'III', 'http://www.ulisses-regelwiki.de/index.php/N_SchRegAsP.html', 1677),
('Vorteil', 1681, 'Schlechte Regeneration (Karmaenergie)', 'http://www.ulisses-regelwiki.de/index.php/SchRegKaP.html', NULL),
('Vorteil', 1682, 'I', 'http://www.ulisses-regelwiki.de/index.php/SchRegKaP.html', 1681),
('Vorteil', 1683, 'II', 'http://www.ulisses-regelwiki.de/index.php/SchRegKaP.html', 1681),
('Vorteil', 1684, 'III', 'http://www.ulisses-regelwiki.de/index.php/SchRegKaP.html', 1681),
('Vorteil', 1685, 'Schlechte Regeneration (Lebensenergie)', 'http://www.ulisses-regelwiki.de/index.php/SchRegLeP.html', NULL),
('Vorteil', 1686, 'I', 'http://www.ulisses-regelwiki.de/index.php/SchRegLeP.html', 1685),
('Vorteil', 1687, 'II', 'http://www.ulisses-regelwiki.de/index.php/SchRegLeP.html', 1685),
('Vorteil', 1688, 'III', 'http://www.ulisses-regelwiki.de/index.php/SchRegLeP.html', 1685),
('Vorteil', 1689, 'Schlechtes Namensgedächtnis', 'http://www.ulisses-regelwiki.de/index.php/schlechtnamens.html', NULL),
('Vorteil', 1690, 'Schurkenname', 'http://www.ulisses-regelwiki.de/index.php/schurkenname.html', NULL),
('Vorteil', 1691, 'Schwacher Astralkörper', 'http://www.ulisses-regelwiki.de/index.php/N_SchwacherAstralkörper.html', NULL),
('Vorteil', 1692, 'Schwacher Karmalkörper', 'http://www.ulisses-regelwiki.de/index.php/N_SchwacherKarmalkörper.html', NULL),
('Vorteil', 1693, 'Schwache Zaubermelodien', 'http://www.ulisses-regelwiki.de/index.php/N_SchwacheZaubermelodien.html', NULL),
('Vorteil', 1694, 'Schwache Zaubertänze', 'http://www.ulisses-regelwiki.de/index.php/N_SchwacheZaubertaenze.html', NULL),
('Vorteil', 1695, 'Sensibler Geruchssinn (*)', 'http://www.ulisses-regelwiki.de/index.php/N_SensiblerGeruchssinn.html', NULL),
('Vorteil', 1696, 'Sprachfehler', 'http://www.ulisses-regelwiki.de/index.php/N_Sprachfehler.html', NULL),
('Vorteil', 1697, 'Stigma', 'http://www.ulisses-regelwiki.de/index.php/N_Stigma.html', NULL),
('Vorteil', 1698, 'Stumm', 'http://www.ulisses-regelwiki.de/index.php/N_Stumm.html', NULL),
('Vorteil', 1699, 'Taub', 'http://www.ulisses-regelwiki.de/index.php/N_Taub.html', NULL),
('Vorteil', 1700, 'Unfähig', 'http://www.ulisses-regelwiki.de/index.php/N_Unfähig.html', NULL),
('Vorteil', 1701, 'Fliegen', 'http://www.ulisses-regelwiki.de/index.php/N_Unfähig.html', 1700),
('Vorteil', 1702, 'Gaukeleien', 'http://www.ulisses-regelwiki.de/index.php/N_Unfähig.html', 1700),
('Vorteil', 1703, 'Klettern', 'http://www.ulisses-regelwiki.de/index.php/N_Unfähig.html', 1700),
('Vorteil', 1704, 'Körperbeherrschung', 'http://www.ulisses-regelwiki.de/index.php/N_Unfähig.html', 1700),
('Vorteil', 1705, 'Kraftakt', 'http://www.ulisses-regelwiki.de/index.php/N_Unfähig.html', 1700),
('Vorteil', 1706, 'Reiten', 'http://www.ulisses-regelwiki.de/index.php/N_Unfähig.html', 1700),
('Vorteil', 1707, 'Schwimmen', 'http://www.ulisses-regelwiki.de/index.php/N_Unfähig.html', 1700),
('Vorteil', 1708, 'Selbstbeherrschung', 'http://www.ulisses-regelwiki.de/index.php/N_Unfähig.html', 1700),
('Vorteil', 1709, 'Singen', 'http://www.ulisses-regelwiki.de/index.php/N_Unfähig.html', 1700),
('Vorteil', 1710, 'Sinnesschärfe', 'http://www.ulisses-regelwiki.de/index.php/N_Unfähig.html', 1700),
('Vorteil', 1711, 'Tanzen', 'http://www.ulisses-regelwiki.de/index.php/N_Unfähig.html', 1700),
('Vorteil', 1712, 'Taschendiebstahl', 'http://www.ulisses-regelwiki.de/index.php/N_Unfähig.html', 1700),
('Vorteil', 1713, 'Verbergen', 'http://www.ulisses-regelwiki.de/index.php/N_Unfähig.html', 1700),
('Vorteil', 1714, 'Zechen', 'http://www.ulisses-regelwiki.de/index.php/N_Unfähig.html', 1700),
('Vorteil', 1715, 'Bekehren & Überzeugen', 'http://www.ulisses-regelwiki.de/index.php/N_Unfähig.html', 1700),
('Vorteil', 1716, 'Betören', 'http://www.ulisses-regelwiki.de/index.php/N_Unfähig.html', 1700),
('Vorteil', 1717, 'Einschüchtern', 'http://www.ulisses-regelwiki.de/index.php/N_Unfähig.html', 1700),
('Vorteil', 1718, 'Etikette', 'http://www.ulisses-regelwiki.de/index.php/N_Unfähig.html', 1700),
('Vorteil', 1719, 'Gassenwissen', 'http://www.ulisses-regelwiki.de/index.php/N_Unfähig.html', 1700),
('Vorteil', 1720, 'Menschenkenntnis', 'http://www.ulisses-regelwiki.de/index.php/N_Unfähig.html', 1700),
('Vorteil', 1721, 'Überreden', 'http://www.ulisses-regelwiki.de/index.php/N_Unfähig.html', 1700),
('Vorteil', 1722, 'Verkleiden', 'http://www.ulisses-regelwiki.de/index.php/N_Unfähig.html', 1700),
('Vorteil', 1723, 'Willenskraft', 'http://www.ulisses-regelwiki.de/index.php/N_Unfähig.html', 1700),
('Vorteil', 1724, 'Fährtensuchen', 'http://www.ulisses-regelwiki.de/index.php/N_Unfähig.html', 1700),
('Vorteil', 1725, 'Fesseln', 'http://www.ulisses-regelwiki.de/index.php/N_Unfähig.html', 1700),
('Vorteil', 1726, 'Fischen & Angeln', 'http://www.ulisses-regelwiki.de/index.php/N_Unfähig.html', 1700),
('Vorteil', 1727, 'Orientierung', 'http://www.ulisses-regelwiki.de/index.php/N_Unfähig.html', 1700),
('Vorteil', 1728, 'Pflanzenkunde', 'http://www.ulisses-regelwiki.de/index.php/N_Unfähig.html', 1700),
('Vorteil', 1729, 'Tierkunde', 'http://www.ulisses-regelwiki.de/index.php/N_Unfähig.html', 1700),
('Vorteil', 1730, 'Wildnisleben', 'http://www.ulisses-regelwiki.de/index.php/N_Unfähig.html', 1700),
('Vorteil', 1731, 'Brett- & Glücksspiel', 'http://www.ulisses-regelwiki.de/index.php/N_Unfähig.html', 1700),
('Vorteil', 1732, 'Geographie', 'http://www.ulisses-regelwiki.de/index.php/N_Unfähig.html', 1700),
('Vorteil', 1733, 'Geschichtswissen', 'http://www.ulisses-regelwiki.de/index.php/N_Unfähig.html', 1700),
('Vorteil', 1734, 'Götter & Kulte', 'http://www.ulisses-regelwiki.de/index.php/N_Unfähig.html', 1700),
('Vorteil', 1735, 'Kriegskunst', 'http://www.ulisses-regelwiki.de/index.php/N_Unfähig.html', 1700),
('Vorteil', 1736, 'Magiekunde', 'http://www.ulisses-regelwiki.de/index.php/N_Unfähig.html', 1700),
('Vorteil', 1737, 'Mechanik', 'http://www.ulisses-regelwiki.de/index.php/N_Unfähig.html', 1700),
('Vorteil', 1738, 'Rechnen', 'http://www.ulisses-regelwiki.de/index.php/N_Unfähig.html', 1700),
('Vorteil', 1739, 'Rechtskunde', 'http://www.ulisses-regelwiki.de/index.php/N_Unfähig.html', 1700),
('Vorteil', 1740, 'Sagen & Legenden', 'http://www.ulisses-regelwiki.de/index.php/N_Unfähig.html', 1700),
('Vorteil', 1741, 'Sphärenkunde', 'http://www.ulisses-regelwiki.de/index.php/N_Unfähig.html', 1700),
('Vorteil', 1742, 'Sternkunde', 'http://www.ulisses-regelwiki.de/index.php/N_Unfähig.html', 1700),
('Vorteil', 1743, 'Alchimie', 'http://www.ulisses-regelwiki.de/index.php/N_Unfähig.html', 1700),
('Vorteil', 1744, 'Boote & Schiffe', 'http://www.ulisses-regelwiki.de/index.php/N_Unfähig.html', 1700),
('Vorteil', 1745, 'Fahrzeuge', 'http://www.ulisses-regelwiki.de/index.php/N_Unfähig.html', 1700),
('Vorteil', 1746, 'Handel', 'http://www.ulisses-regelwiki.de/index.php/N_Unfähig.html', 1700),
('Vorteil', 1747, 'Heilkunde Gift', 'http://www.ulisses-regelwiki.de/index.php/N_Unfähig.html', 1700),
('Vorteil', 1748, 'Heilkunde Krankheiten', 'http://www.ulisses-regelwiki.de/index.php/N_Unfähig.html', 1700),
('Vorteil', 1749, 'Heilkunde Seele', 'http://www.ulisses-regelwiki.de/index.php/N_Unfähig.html', 1700),
('Vorteil', 1750, 'Heilkunde Wunden', 'http://www.ulisses-regelwiki.de/index.php/N_Unfähig.html', 1700),
('Vorteil', 1751, 'Holzbearbeitung', 'http://www.ulisses-regelwiki.de/index.php/N_Unfähig.html', 1700),
('Vorteil', 1752, 'Lebensmittelbearbeitung', 'http://www.ulisses-regelwiki.de/index.php/N_Unfähig.html', 1700),
('Vorteil', 1753, 'Lederbearbeitung', 'http://www.ulisses-regelwiki.de/index.php/N_Unfähig.html', 1700),
('Vorteil', 1754, 'Malen & Zeichnen', 'http://www.ulisses-regelwiki.de/index.php/N_Unfähig.html', 1700),
('Vorteil', 1755, 'Metallbearbeitung', 'http://www.ulisses-regelwiki.de/index.php/N_Unfähig.html', 1700),
('Vorteil', 1756, 'Musizieren', 'http://www.ulisses-regelwiki.de/index.php/N_Unfähig.html', 1700),
('Vorteil', 1757, 'Schlösserknacken', 'http://www.ulisses-regelwiki.de/index.php/N_Unfähig.html', 1700),
('Vorteil', 1758, 'Steinbearbeitung', 'http://www.ulisses-regelwiki.de/index.php/N_Unfähig.html', 1700),
('Vorteil', 1759, 'Stoffbearbeitung', 'http://www.ulisses-regelwiki.de/index.php/N_Unfähig.html', 1700),
('Vorteil', 1760, 'Bann der Dunkelheit', 'http://www.ulisses-regelwiki.de/index.php/N_Unfähig.html', 1700),
('Vorteil', 1761, 'Bann der Furcht', 'http://www.ulisses-regelwiki.de/index.php/N_Unfähig.html', 1700),
('Vorteil', 1762, 'Bann des Lichts', 'http://www.ulisses-regelwiki.de/index.php/N_Unfähig.html', 1700),
('Vorteil', 1763, 'Blendstrahl', 'http://www.ulisses-regelwiki.de/index.php/N_Unfähig.html', 1700),
('Vorteil', 1764, 'Des Einen bezaubernder Sphärenklang', 'http://www.ulisses-regelwiki.de/index.php/N_Unfähig.html', 1700),
('Vorteil', 1765, 'Ehrenhaftigkeit', 'http://www.ulisses-regelwiki.de/index.php/N_Unfähig.html', 1700),
('Vorteil', 1766, 'Entzifferung', 'http://www.ulisses-regelwiki.de/index.php/N_Unfähig.html', 1700),
('Vorteil', 1767, 'Ermutigung', 'http://www.ulisses-regelwiki.de/index.php/N_Unfähig.html', 1700),
('Vorteil', 1768, 'Fall ins Nichts', 'http://www.ulisses-regelwiki.de/index.php/N_Unfähig.html', 1700),
('Vorteil', 1769, 'Friedvolle Aura', 'http://www.ulisses-regelwiki.de/index.php/N_Unfähig.html', 1700),
('Vorteil', 1770, 'Giftbann', 'http://www.ulisses-regelwiki.de/index.php/N_Unfähig.html', 1700),
('Vorteil', 1771, 'Göttlicher Fingerzeig', 'http://www.ulisses-regelwiki.de/index.php/N_Unfähig.html', 1700),
('Vorteil', 1772, 'Göttliches Zeichen', 'http://www.ulisses-regelwiki.de/index.php/N_Unfähig.html', 1700),
('Vorteil', 1773, 'Heilsegen', 'http://www.ulisses-regelwiki.de/index.php/N_Unfähig.html', 1700),
('Vorteil', 1774, 'Herbeirufung der Heerscharen des Rattenkindes', 'http://www.ulisses-regelwiki.de/index.php/N_Unfähig.html', 1700),
('Vorteil', 1775, 'Kleiner Bann wider Untote', 'http://www.ulisses-regelwiki.de/index.php/N_Unfähig.html', 1700),
('Vorteil', 1776, 'Kleiner Bannstrahl', 'http://www.ulisses-regelwiki.de/index.php/N_Unfähig.html', 1700),
('Vorteil', 1777, 'Krankheitsbann', 'http://www.ulisses-regelwiki.de/index.php/N_Unfähig.html', 1700),
('Vorteil', 1778, 'Lautlos', 'http://www.ulisses-regelwiki.de/index.php/N_Unfähig.html', 1700),
('Vorteil', 1779, 'Magieschutz', 'http://www.ulisses-regelwiki.de/index.php/N_Unfähig.html', 1700),
('Vorteil', 1780, 'Magiesicht', 'http://www.ulisses-regelwiki.de/index.php/N_Unfähig.html', 1700),
('Vorteil', 1781, 'Mondsicht', 'http://www.ulisses-regelwiki.de/index.php/N_Unfähig.html', 1700),
('Vorteil', 1782, 'Mondsilberzunge', 'http://www.ulisses-regelwiki.de/index.php/N_Unfähig.html', 1700),
('Vorteil', 1783, 'Namenlose Kälte', 'http://www.ulisses-regelwiki.de/index.php/N_Unfähig.html', 1700),
('Vorteil', 1784, 'Namenlose Raserei', 'http://www.ulisses-regelwiki.de/index.php/N_Unfähig.html', 1700),
('Vorteil', 1785, 'Namenlose Zweifel', 'http://www.ulisses-regelwiki.de/index.php/N_Unfähig.html', 1700),
('Vorteil', 1786, 'Namenloses Vergessen', 'http://www.ulisses-regelwiki.de/index.php/N_Unfähig.html', 1700),
('Vorteil', 1787, 'Objektsegen', 'http://www.ulisses-regelwiki.de/index.php/N_Unfähig.html', 1700),
('Vorteil', 1788, 'Ort der Ruhe', 'http://www.ulisses-regelwiki.de/index.php/N_Unfähig.html', 1700),
('Vorteil', 1789, 'Pech-und-Schwefel-Strahl', 'http://www.ulisses-regelwiki.de/index.php/N_Unfähig.html', 1700),
('Vorteil', 1790, 'Pflanzenwuchs', 'http://www.ulisses-regelwiki.de/index.php/N_Unfähig.html', 1700),
('Vorteil', 1791, 'Rabenruf', 'http://www.ulisses-regelwiki.de/index.php/N_Unfähig.html', 1700),
('Vorteil', 1792, 'Schlaf', 'http://www.ulisses-regelwiki.de/index.php/N_Unfähig.html', 1700),
('Vorteil', 1793, 'Schlangenstab', 'http://www.ulisses-regelwiki.de/index.php/N_Unfähig.html', 1700),
('Vorteil', 1794, 'Schlangenzunge', 'http://www.ulisses-regelwiki.de/index.php/N_Unfähig.html', 1700),
('Vorteil', 1795, 'Schmerzresistenz', 'http://www.ulisses-regelwiki.de/index.php/N_Unfähig.html', 1700),
('Vorteil', 1796, 'Schutz der Wehrlosen', 'http://www.ulisses-regelwiki.de/index.php/N_Unfähig.html', 1700),
('Vorteil', 1797, 'Sternenglanz', 'http://www.ulisses-regelwiki.de/index.php/N_Unfähig.html', 1700),
('Vorteil', 1798, 'Wahrheit', 'http://www.ulisses-regelwiki.de/index.php/N_Unfähig.html', 1700),
('Vorteil', 1799, 'Wieselflink', 'http://www.ulisses-regelwiki.de/index.php/N_Unfähig.html', 1700),
('Vorteil', 1800, 'Wundersame Verständigung', 'http://www.ulisses-regelwiki.de/index.php/N_Unfähig.html', 1700),
('Vorteil', 1801, 'Ablativum', 'http://www.ulisses-regelwiki.de/index.php/N_Unfähig.html', 1700),
('Vorteil', 1802, 'Abvenenum', 'http://www.ulisses-regelwiki.de/index.php/N_Unfähig.html', 1700),
('Vorteil', 1803, 'Adlerauge', 'http://www.ulisses-regelwiki.de/index.php/N_Unfähig.html', 1700),
('Vorteil', 1804, 'Adlerschwinge', 'http://www.ulisses-regelwiki.de/index.php/N_Unfähig.html', 1700),
('Vorteil', 1805, 'Aeolito', 'http://www.ulisses-regelwiki.de/index.php/N_Unfähig.html', 1700),
('Vorteil', 1806, 'Alpgestalt', 'http://www.ulisses-regelwiki.de/index.php/N_Unfähig.html', 1700),
('Vorteil', 1807, 'Altisonus', 'http://www.ulisses-regelwiki.de/index.php/N_Unfähig.html', 1700),
('Vorteil', 1808, 'Analys Arkanstruktur', 'http://www.ulisses-regelwiki.de/index.php/N_Unfähig.html', 1700),
('Vorteil', 1809, 'Angst auslösen', 'http://www.ulisses-regelwiki.de/index.php/N_Unfähig.html', 1700),
('Vorteil', 1810, 'Ängste lindern', 'http://www.ulisses-regelwiki.de/index.php/N_Unfähig.html', 1700),
('Vorteil', 1811, 'Archofaxius', 'http://www.ulisses-regelwiki.de/index.php/N_Unfähig.html', 1700),
('Vorteil', 1812, 'Archosphaero', 'http://www.ulisses-regelwiki.de/index.php/N_Unfähig.html', 1700),
('Vorteil', 1813, 'Aromatis Illusionis', 'http://www.ulisses-regelwiki.de/index.php/N_Unfähig.html', 1700),
('Vorteil', 1814, 'Armatrutz', 'http://www.ulisses-regelwiki.de/index.php/N_Unfähig.html', 1700),
('Vorteil', 1815, 'Atemnot', 'http://www.ulisses-regelwiki.de/index.php/N_Unfähig.html', 1700),
('Vorteil', 1816, 'Attributo (Charisma)', 'http://www.ulisses-regelwiki.de/index.php/N_Unfähig.html', 1700),
('Vorteil', 1817, 'Attributo (Fingerfertigkeit)', 'http://www.ulisses-regelwiki.de/index.php/N_Unfähig.html', 1700),
('Vorteil', 1818, 'Attributo (Klugheit)', 'http://www.ulisses-regelwiki.de/index.php/N_Unfähig.html', 1700),
('Vorteil', 1819, 'Attributo (Körperkraft)', 'http://www.ulisses-regelwiki.de/index.php/N_Unfähig.html', 1700),
('Vorteil', 1820, 'Aufwecken', 'http://www.ulisses-regelwiki.de/index.php/N_Unfähig.html', 1700),
('Vorteil', 1821, 'Auge des Limbus', 'http://www.ulisses-regelwiki.de/index.php/N_Unfähig.html', 1700),
('Vorteil', 1822, 'Aureolus', 'http://www.ulisses-regelwiki.de/index.php/N_Unfähig.html', 1700),
('Vorteil', 1823, 'Auris Illusionis', 'http://www.ulisses-regelwiki.de/index.php/N_Unfähig.html', 1700),
('Vorteil', 1824, 'Axxeleratus', 'http://www.ulisses-regelwiki.de/index.php/N_Unfähig.html', 1700),
('Vorteil', 1825, 'Balsam Salabunde', 'http://www.ulisses-regelwiki.de/index.php/N_Unfähig.html', 1700),
('Vorteil', 1826, 'Bannbaladin', 'http://www.ulisses-regelwiki.de/index.php/N_Unfähig.html', 1700),
('Vorteil', 1827, 'Band und Fessel', 'http://www.ulisses-regelwiki.de/index.php/N_Unfähig.html', 1700),
('Vorteil', 1828, 'Blick aufs Wesen', 'http://www.ulisses-regelwiki.de/index.php/N_Unfähig.html', 1700),
('Vorteil', 1829, 'Blick in die Gedanken', 'http://www.ulisses-regelwiki.de/index.php/N_Unfähig.html', 1700),
('Vorteil', 1830, 'Blindheit', 'http://www.ulisses-regelwiki.de/index.php/N_Unfähig.html', 1700),
('Vorteil', 1831, 'Blitz dich find', 'http://www.ulisses-regelwiki.de/index.php/N_Unfähig.html', 1700),
('Vorteil', 1832, 'Chamaelioni', 'http://www.ulisses-regelwiki.de/index.php/N_Unfähig.html', 1700),
('Vorteil', 1833, 'Claudibus', 'http://www.ulisses-regelwiki.de/index.php/N_Unfähig.html', 1700),
('Vorteil', 1834, 'Corpofesso', 'http://www.ulisses-regelwiki.de/index.php/N_Unfähig.html', 1700),
('Vorteil', 1835, 'Corpofrigo', 'http://www.ulisses-regelwiki.de/index.php/N_Unfähig.html', 1700),
('Vorteil', 1836, 'Dämonenbann', 'http://www.ulisses-regelwiki.de/index.php/N_Unfähig.html', 1700),
('Vorteil', 1837, 'Dämonenschild', 'http://www.ulisses-regelwiki.de/index.php/N_Unfähig.html', 1700),
('Vorteil', 1838, 'Debilitatio', 'http://www.ulisses-regelwiki.de/index.php/N_Unfähig.html', 1700),
('Vorteil', 1839, 'Desintegratus', 'http://www.ulisses-regelwiki.de/index.php/N_Unfähig.html', 1700),
('Vorteil', 1840, 'Disruptivo', 'http://www.ulisses-regelwiki.de/index.php/N_Unfähig.html', 1700),
('Vorteil', 1841, 'Dunkelheit', 'http://www.ulisses-regelwiki.de/index.php/N_Unfähig.html', 1700),
('Vorteil', 1842, 'Duplicatus', 'http://www.ulisses-regelwiki.de/index.php/N_Unfähig.html', 1700),
('Vorteil', 1843, 'Ecliptifactus', 'http://www.ulisses-regelwiki.de/index.php/N_Unfähig.html', 1700),
('Vorteil', 1844, 'Einflussbann', 'http://www.ulisses-regelwiki.de/index.php/N_Unfähig.html', 1700),
('Vorteil', 1845, 'Eigne Ängste', 'http://www.ulisses-regelwiki.de/index.php/N_Unfähig.html', 1700),
('Vorteil', 1846, 'Eisenrost', 'http://www.ulisses-regelwiki.de/index.php/N_Unfähig.html', 1700),
('Vorteil', 1847, 'Elementarbann', 'http://www.ulisses-regelwiki.de/index.php/N_Unfähig.html', 1700),
('Vorteil', 1848, 'Elfenstimme', 'http://www.ulisses-regelwiki.de/index.php/N_Unfähig.html', 1700),
('Vorteil', 1849, 'Erinnerung verlasse dich', 'http://www.ulisses-regelwiki.de/index.php/N_Unfähig.html', 1700),
('Vorteil', 1850, 'Exposami', 'http://www.ulisses-regelwiki.de/index.php/N_Unfähig.html', 1700),
('Vorteil', 1851, 'Falkenauge', 'http://www.ulisses-regelwiki.de/index.php/N_Unfähig.html', 1700),
('Vorteil', 1852, 'Favilludo', 'http://www.ulisses-regelwiki.de/index.php/N_Unfähig.html', 1700),
('Vorteil', 1853, 'Firnlauf', 'http://www.ulisses-regelwiki.de/index.php/N_Unfähig.html', 1700),
('Vorteil', 1854, 'Fischflosse', 'http://www.ulisses-regelwiki.de/index.php/N_Unfähig.html', 1700),
('Vorteil', 1855, 'Flim Flam', 'http://www.ulisses-regelwiki.de/index.php/N_Unfähig.html', 1700),
('Vorteil', 1856, 'Foramen', 'http://www.ulisses-regelwiki.de/index.php/N_Unfähig.html', 1700),
('Vorteil', 1857, 'Fortifex', 'http://www.ulisses-regelwiki.de/index.php/N_Unfähig.html', 1700),
('Vorteil', 1858, 'Fulminictus', 'http://www.ulisses-regelwiki.de/index.php/N_Unfähig.html', 1700),
('Vorteil', 1859, 'Gardianum', 'http://www.ulisses-regelwiki.de/index.php/N_Unfähig.html', 1700),
('Vorteil', 1860, 'Gedankenbilder', 'http://www.ulisses-regelwiki.de/index.php/N_Unfähig.html', 1700),
('Vorteil', 1861, 'Gefunden', 'http://www.ulisses-regelwiki.de/index.php/N_Unfähig.html', 1700),
('Vorteil', 1862, 'Gletscherform', 'http://www.ulisses-regelwiki.de/index.php/N_Unfähig.html', 1700),
('Vorteil', 1863, 'Große Gier', 'http://www.ulisses-regelwiki.de/index.php/N_Unfähig.html', 1700),
('Vorteil', 1864, 'Große Verwirrung', 'http://www.ulisses-regelwiki.de/index.php/N_Unfähig.html', 1700),
('Vorteil', 1865, 'Harmlose Gestalt', 'http://www.ulisses-regelwiki.de/index.php/N_Unfähig.html', 1700),
('Vorteil', 1866, 'Haselbusch', 'http://www.ulisses-regelwiki.de/index.php/N_Unfähig.html', 1700),
('Vorteil', 1867, 'Heilungsbann', 'http://www.ulisses-regelwiki.de/index.php/N_Unfähig.html', 1700),
('Vorteil', 1868, 'Hellsichtbann', 'http://www.ulisses-regelwiki.de/index.php/N_Unfähig.html', 1700),
('Vorteil', 1869, 'Herr über das Tierreich', 'http://www.ulisses-regelwiki.de/index.php/N_Unfähig.html', 1700),
('Vorteil', 1870, 'Heptagramma', 'http://www.ulisses-regelwiki.de/index.php/N_Unfähig.html', 1700),
('Vorteil', 1871, 'Herzschlag ruhe', 'http://www.ulisses-regelwiki.de/index.php/N_Unfähig.html', 1700),
('Vorteil', 1872, 'Hexagramma', 'http://www.ulisses-regelwiki.de/index.php/N_Unfähig.html', 1700),
('Vorteil', 1873, 'Hexenholz', 'http://www.ulisses-regelwiki.de/index.php/N_Unfähig.html', 1700),
('Vorteil', 1874, 'Hexengalle', 'http://www.ulisses-regelwiki.de/index.php/N_Unfähig.html', 1700),
('Vorteil', 1875, 'Hexenknoten', 'http://www.ulisses-regelwiki.de/index.php/N_Unfähig.html', 1700),
('Vorteil', 1876, 'Hexenkrallen', 'http://www.ulisses-regelwiki.de/index.php/N_Unfähig.html', 1700),
('Vorteil', 1877, 'Höllenpein', 'http://www.ulisses-regelwiki.de/index.php/N_Unfähig.html', 1700),
('Vorteil', 1878, 'Horriphobus', 'http://www.ulisses-regelwiki.de/index.php/N_Unfähig.html', 1700),
('Vorteil', 1879, 'Ignifaxius', 'http://www.ulisses-regelwiki.de/index.php/N_Unfähig.html', 1700),
('Vorteil', 1880, 'Ignisphaero', 'http://www.ulisses-regelwiki.de/index.php/N_Unfähig.html', 1700),
('Vorteil', 1881, 'Ignorantia', 'http://www.ulisses-regelwiki.de/index.php/N_Unfähig.html', 1700),
('Vorteil', 1882, 'Illusionsbann', 'http://www.ulisses-regelwiki.de/index.php/N_Unfähig.html', 1700),
('Vorteil', 1883, 'Imperavi', 'http://www.ulisses-regelwiki.de/index.php/N_Unfähig.html', 1700),
('Vorteil', 1884, 'Impersona', 'http://www.ulisses-regelwiki.de/index.php/N_Unfähig.html', 1700),
('Vorteil', 1885, 'Incendio', 'http://www.ulisses-regelwiki.de/index.php/N_Unfähig.html', 1700),
('Vorteil', 1886, 'Invercano', 'http://www.ulisses-regelwiki.de/index.php/N_Unfähig.html', 1700),
('Vorteil', 1887, 'Invocatio Minima', 'http://www.ulisses-regelwiki.de/index.php/N_Unfähig.html', 1700),
('Vorteil', 1888, 'Karnifilo', 'http://www.ulisses-regelwiki.de/index.php/N_Unfähig.html', 1700),
('Vorteil', 1889, 'Katzenaugen', 'http://www.ulisses-regelwiki.de/index.php/N_Unfähig.html', 1700),
('Vorteil', 1890, 'Klarum Purum', 'http://www.ulisses-regelwiki.de/index.php/N_Unfähig.html', 1700),
('Vorteil', 1891, 'Krötensprung', 'http://www.ulisses-regelwiki.de/index.php/N_Unfähig.html', 1700),
('Vorteil', 1892, 'Kusch', 'http://www.ulisses-regelwiki.de/index.php/N_Unfähig.html', 1700),
('Vorteil', 1893, 'Last des Alters', 'http://www.ulisses-regelwiki.de/index.php/N_Unfähig.html', 1700),
('Vorteil', 1894, 'Lunge des Leviatan', 'http://www.ulisses-regelwiki.de/index.php/N_Unfähig.html', 1700),
('Vorteil', 1895, 'Manifesto', 'http://www.ulisses-regelwiki.de/index.php/N_Unfähig.html', 1700),
('Vorteil', 1896, 'Manus Illusionis', 'http://www.ulisses-regelwiki.de/index.php/N_Unfähig.html', 1700),
('Vorteil', 1897, 'Manus Miracula', 'http://www.ulisses-regelwiki.de/index.php/N_Unfähig.html', 1700),
('Vorteil', 1898, 'Memorans', 'http://www.ulisses-regelwiki.de/index.php/N_Unfähig.html', 1700),
('Vorteil', 1899, 'Menetekel', 'http://www.ulisses-regelwiki.de/index.php/N_Unfähig.html', 1700),
('Vorteil', 1900, 'Motoricus', 'http://www.ulisses-regelwiki.de/index.php/N_Unfähig.html', 1700),
('Vorteil', 1901, 'Nebelwand', 'http://www.ulisses-regelwiki.de/index.php/N_Unfähig.html', 1700),
('Vorteil', 1902, 'Nuntiovolo', 'http://www.ulisses-regelwiki.de/index.php/N_Unfähig.html', 1700),
('Vorteil', 1903, 'Objectobscuro', 'http://www.ulisses-regelwiki.de/index.php/N_Unfähig.html', 1700),
('Vorteil', 1904, 'Objectofixo', 'http://www.ulisses-regelwiki.de/index.php/N_Unfähig.html', 1700),
('Vorteil', 1905, 'Objektbann', 'http://www.ulisses-regelwiki.de/index.php/N_Unfähig.html', 1700),
('Vorteil', 1906, 'Oculus Astralis', 'http://www.ulisses-regelwiki.de/index.php/N_Unfähig.html', 1700),
('Vorteil', 1907, 'Oculus Illusionis', 'http://www.ulisses-regelwiki.de/index.php/N_Unfähig.html', 1700),
('Vorteil', 1908, 'Odem Arcanum', 'http://www.ulisses-regelwiki.de/index.php/N_Unfähig.html', 1700),
('Vorteil', 1909, 'Orcanofaxius', 'http://www.ulisses-regelwiki.de/index.php/N_Unfähig.html', 1700),
('Vorteil', 1910, 'Orcanosphaero', 'http://www.ulisses-regelwiki.de/index.php/N_Unfähig.html', 1700),
('Vorteil', 1911, 'Paralysis', 'http://www.ulisses-regelwiki.de/index.php/N_Unfähig.html', 1700),
('Vorteil', 1912, 'Penetrizzel', 'http://www.ulisses-regelwiki.de/index.php/N_Unfähig.html', 1700),
('Vorteil', 1913, 'Pentagramma', 'http://www.ulisses-regelwiki.de/index.php/N_Unfähig.html', 1700),
('Vorteil', 1914, 'Pestilenz erspüren', 'http://www.ulisses-regelwiki.de/index.php/N_Unfähig.html', 1700),
('Vorteil', 1915, 'Physiostabilis', 'http://www.ulisses-regelwiki.de/index.php/N_Unfähig.html', 1700),
('Vorteil', 1916, 'Plumbumbarum', 'http://www.ulisses-regelwiki.de/index.php/N_Unfähig.html', 1700);
INSERT INTO `property` (`type`, `id`, `name`, `wiki_url`, `subcategory_of_id`) VALUES
('Vorteil', 1917, 'Projectimago', 'http://www.ulisses-regelwiki.de/index.php/N_Unfähig.html', 1700),
('Vorteil', 1918, 'Psychostabilis', 'http://www.ulisses-regelwiki.de/index.php/N_Unfähig.html', 1700),
('Vorteil', 1919, 'Radau', 'http://www.ulisses-regelwiki.de/index.php/N_Unfähig.html', 1700),
('Vorteil', 1920, 'Reflectimago', 'http://www.ulisses-regelwiki.de/index.php/N_Unfähig.html', 1700),
('Vorteil', 1921, 'Regeneratio', 'http://www.ulisses-regelwiki.de/index.php/N_Unfähig.html', 1700),
('Vorteil', 1922, 'Respondami', 'http://www.ulisses-regelwiki.de/index.php/N_Unfähig.html', 1700),
('Vorteil', 1923, 'Salander', 'http://www.ulisses-regelwiki.de/index.php/N_Unfähig.html', 1700),
('Vorteil', 1924, 'Sanftmut', 'http://www.ulisses-regelwiki.de/index.php/N_Unfähig.html', 1700),
('Vorteil', 1925, 'Sapefacta', 'http://www.ulisses-regelwiki.de/index.php/N_Unfähig.html', 1700),
('Vorteil', 1926, 'Satuarias Herrlichkeit', 'http://www.ulisses-regelwiki.de/index.php/N_Unfähig.html', 1700),
('Vorteil', 1927, 'Schlangenruf', 'http://www.ulisses-regelwiki.de/index.php/N_Unfähig.html', 1700),
('Vorteil', 1928, 'Schmerzen lindern', 'http://www.ulisses-regelwiki.de/index.php/N_Unfähig.html', 1700),
('Vorteil', 1929, 'Schwarzer Schrecken', 'http://www.ulisses-regelwiki.de/index.php/N_Unfähig.html', 1700),
('Vorteil', 1930, 'Schwarz und Rot', 'http://www.ulisses-regelwiki.de/index.php/N_Unfähig.html', 1700),
('Vorteil', 1931, 'Sensibar', 'http://www.ulisses-regelwiki.de/index.php/N_Unfähig.html', 1700),
('Vorteil', 1932, 'Silentium', 'http://www.ulisses-regelwiki.de/index.php/N_Unfähig.html', 1700),
('Vorteil', 1933, 'Skelettarius', 'http://www.ulisses-regelwiki.de/index.php/N_Unfähig.html', 1700),
('Vorteil', 1934, 'Zaubererweiterungen', 'http://www.ulisses-regelwiki.de/index.php/N_Unfähig.html', 1700),
('Vorteil', 1935, 'Somnigravis', 'http://www.ulisses-regelwiki.de/index.php/N_Unfähig.html', 1700),
('Vorteil', 1936, 'Spinnenlauf', 'http://www.ulisses-regelwiki.de/index.php/N_Unfähig.html', 1700),
('Vorteil', 1937, 'Spurlos', 'http://www.ulisses-regelwiki.de/index.php/N_Unfähig.html', 1700),
('Vorteil', 1938, 'Stillstand', 'http://www.ulisses-regelwiki.de/index.php/N_Unfähig.html', 1700),
('Vorteil', 1939, 'Sumus Elixiere', 'http://www.ulisses-regelwiki.de/index.php/N_Unfähig.html', 1700),
('Vorteil', 1940, 'Taubheit', 'http://www.ulisses-regelwiki.de/index.php/N_Unfähig.html', 1700),
('Vorteil', 1941, 'Telekinesebann', 'http://www.ulisses-regelwiki.de/index.php/N_Unfähig.html', 1700),
('Vorteil', 1942, 'Tiergedanken', 'http://www.ulisses-regelwiki.de/index.php/N_Unfähig.html', 1700),
('Vorteil', 1943, 'Transversalis', 'http://www.ulisses-regelwiki.de/index.php/N_Unfähig.html', 1700),
('Vorteil', 1944, 'Verwandlungsbann', 'http://www.ulisses-regelwiki.de/index.php/N_Unfähig.html', 1700),
('Vorteil', 1945, 'Vipernblick', 'http://www.ulisses-regelwiki.de/index.php/N_Unfähig.html', 1700),
('Vorteil', 1946, 'Visibili', 'http://www.ulisses-regelwiki.de/index.php/N_Unfähig.html', 1700),
('Vorteil', 1947, 'Vogelzwitschern', 'http://www.ulisses-regelwiki.de/index.php/N_Unfähig.html', 1700),
('Vorteil', 1948, 'Wasseratem', 'http://www.ulisses-regelwiki.de/index.php/N_Unfähig.html', 1700),
('Vorteil', 1949, 'Wolfstatze', 'http://www.ulisses-regelwiki.de/index.php/N_Unfähig.html', 1700),
('Vorteil', 1950, 'Zunge betäuben', 'http://www.ulisses-regelwiki.de/index.php/N_Unfähig.html', 1700),
('Vorteil', 1951, 'Zwingtanz', 'http://www.ulisses-regelwiki.de/index.php/N_Unfähig.html', 1700),
('Vorteil', 1952, 'Accuratum', 'http://www.ulisses-regelwiki.de/index.php/N_Unfähig.html', 1700),
('Vorteil', 1953, 'Arcanovi', 'http://www.ulisses-regelwiki.de/index.php/N_Unfähig.html', 1700),
('Vorteil', 1954, 'Aufmerksamer Wächter', 'http://www.ulisses-regelwiki.de/index.php/N_Unfähig.html', 1700),
('Vorteil', 1955, 'Caldofrigo', 'http://www.ulisses-regelwiki.de/index.php/N_Unfähig.html', 1700),
('Vorteil', 1956, 'Dschinnenruf', 'http://www.ulisses-regelwiki.de/index.php/N_Unfähig.html', 1700),
('Vorteil', 1957, 'Elementarer Diener', 'http://www.ulisses-regelwiki.de/index.php/N_Unfähig.html', 1700),
('Vorteil', 1958, 'Hagelschlag und Sturmgebrüll', 'http://www.ulisses-regelwiki.de/index.php/N_Unfähig.html', 1700),
('Vorteil', 1959, 'Hartes schmelze', 'http://www.ulisses-regelwiki.de/index.php/N_Unfähig.html', 1700),
('Vorteil', 1960, 'Invovatio maior', 'http://www.ulisses-regelwiki.de/index.php/N_Unfähig.html', 1700),
('Vorteil', 1961, 'Invocatio Minor', 'http://www.ulisses-regelwiki.de/index.php/N_Unfähig.html', 1700),
('Vorteil', 1962, 'Leidensbund', 'http://www.ulisses-regelwiki.de/index.php/N_Unfähig.html', 1700),
('Vorteil', 1963, 'Magischer Raub', 'http://www.ulisses-regelwiki.de/index.php/N_Unfähig.html', 1700),
('Vorteil', 1964, 'Memorabia Falsifir', 'http://www.ulisses-regelwiki.de/index.php/N_Unfähig.html', 1700),
('Vorteil', 1965, 'Movimento', 'http://www.ulisses-regelwiki.de/index.php/N_Unfähig.html', 1700),
('Vorteil', 1966, 'Nihilogravo', 'http://www.ulisses-regelwiki.de/index.php/N_Unfähig.html', 1700),
('Vorteil', 1967, 'Orvai Kurims Kriegstrommel', 'http://www.ulisses-regelwiki.de/index.php/N_Unfähig.html', 1700),
('Vorteil', 1968, 'Ruf des Bienenstocks', 'http://www.ulisses-regelwiki.de/index.php/N_Unfähig.html', 1700),
('Vorteil', 1969, 'Ruhe Körper', 'http://www.ulisses-regelwiki.de/index.php/N_Unfähig.html', 1700),
('Vorteil', 1970, 'Traumgestalt', 'http://www.ulisses-regelwiki.de/index.php/N_Unfähig.html', 1700),
('Vorteil', 1971, 'Unberührt von Satinav', 'http://www.ulisses-regelwiki.de/index.php/N_Unfähig.html', 1700),
('Vorteil', 1972, 'Widerwille', 'http://www.ulisses-regelwiki.de/index.php/N_Unfähig.html', 1700),
('Vorteil', 1973, 'Wirbelform', 'http://www.ulisses-regelwiki.de/index.php/N_Unfähig.html', 1700),
('Vorteil', 1974, 'Xenographus', 'http://www.ulisses-regelwiki.de/index.php/N_Unfähig.html', 1700),
('Vorteil', 1975, 'Zauberklinge Geisterspeer', 'http://www.ulisses-regelwiki.de/index.php/N_Unfähig.html', 1700),
('Vorteil', 1976, 'Ackersegen', 'http://www.ulisses-regelwiki.de/index.php/N_Unfähig.html', 1700),
('Vorteil', 1977, 'Empfängnis des Korsmals', 'http://www.ulisses-regelwiki.de/index.php/N_Unfähig.html', 1700),
('Vorteil', 1978, 'Exorzismus', 'http://www.ulisses-regelwiki.de/index.php/N_Unfähig.html', 1700),
('Vorteil', 1979, 'Geweihter Panzer', 'http://www.ulisses-regelwiki.de/index.php/N_Unfähig.html', 1700),
('Vorteil', 1980, 'Löwengestalt', 'http://www.ulisses-regelwiki.de/index.php/N_Unfähig.html', 1700),
('Vorteil', 1981, 'Nebelleib', 'http://www.ulisses-regelwiki.de/index.php/N_Unfähig.html', 1700),
('Vorteil', 1982, 'Objektweihe', 'http://www.ulisses-regelwiki.de/index.php/N_Unfähig.html', 1700),
('Vorteil', 1983, 'Unfrei', 'http://www.ulisses-regelwiki.de/index.php/N_Unfrei.html', NULL),
('Vorteil', 1984, 'Unpassender Name', 'http://www.ulisses-regelwiki.de/index.php/unpass.html', NULL),
('Vorteil', 1985, 'Verminderte Zaubermelodien', 'http://www.ulisses-regelwiki.de/index.php/N_VerminderteZaubermelodienI-III.html', NULL),
('Vorteil', 1986, 'I', 'http://www.ulisses-regelwiki.de/index.php/N_VerminderteZaubermelodienI-III.html', 1985),
('Vorteil', 1987, 'II', 'http://www.ulisses-regelwiki.de/index.php/N_VerminderteZaubermelodienI-III.html', 1985),
('Vorteil', 1988, 'III', 'http://www.ulisses-regelwiki.de/index.php/N_VerminderteZaubermelodienI-III.html', 1985),
('Vorteil', 1989, 'Verminderte Zaubertänze', 'http://www.ulisses-regelwiki.de/index.php/N_VerminderteZaubertaenzeI-III.html', NULL),
('Vorteil', 1990, 'I', 'http://www.ulisses-regelwiki.de/index.php/N_VerminderteZaubertaenzeI-III.html', 1989),
('Vorteil', 1991, 'II', 'http://www.ulisses-regelwiki.de/index.php/N_VerminderteZaubertaenzeI-III.html', 1989),
('Vorteil', 1992, 'III', 'http://www.ulisses-regelwiki.de/index.php/N_VerminderteZaubertaenzeI-III.html', 1989),
('Vorteil', 1993, 'Verpflichtungen', 'http://www.ulisses-regelwiki.de/index.php/N_Verpflichtungen.html', NULL),
('Vorteil', 1994, 'I', 'http://www.ulisses-regelwiki.de/index.php/N_Verpflichtungen.html', 1993),
('Vorteil', 1995, 'II', 'http://www.ulisses-regelwiki.de/index.php/N_Verpflichtungen.html', 1993),
('Vorteil', 1996, 'III', 'http://www.ulisses-regelwiki.de/index.php/N_Verpflichtungen.html', 1993),
('Vorteil', 1997, 'Verstümmelt', 'http://www.ulisses-regelwiki.de/index.php/N_Verstümmelt.html', NULL),
('Vorteil', 1998, 'Verweichlicht', 'http://www.ulisses-regelwiki.de/index.php/Verweich.html', NULL),
('Vorteil', 1999, 'Wahrer Name', 'http://www.ulisses-regelwiki.de/index.php/N_WahrerName.html', NULL),
('Vorteil', 2000, 'Wilde Magie', 'http://www.ulisses-regelwiki.de/index.php/N_WildeMagie.html', NULL),
('Vorteil', 2001, 'Zauberanfällig', 'http://www.ulisses-regelwiki.de/index.php/N_Zauberanfällig.html', NULL),
('Vorteil', 2002, 'I', 'http://www.ulisses-regelwiki.de/index.php/N_Zauberanfällig.html', 2001),
('Vorteil', 2003, 'II', 'http://www.ulisses-regelwiki.de/index.php/N_Zauberanfällig.html', 2001),
('Vorteil', 2004, 'Zerbrechlich', 'http://www.ulisses-regelwiki.de/index.php/N_Zerbrechlich.html', NULL);

--
-- Daten für Tabelle `property_publication`
--

INSERT INTO `property_publication` (`property_id`, `publication_id`) VALUES
(68, 1),
(69, 2),
(70, 1),
(71, 3),
(72, 4),
(73, 5),
(73, 3),
(74, 1),
(75, 6),
(76, 6),
(77, 6),
(78, 6),
(79, 6),
(80, 5),
(80, 3),
(81, 6),
(82, 7),
(83, 7),
(84, 7),
(85, 7),
(86, 7),
(87, 8),
(88, 8),
(89, 8),
(90, 8),
(91, 9),
(92, 10),
(93, 10),
(94, 10),
(95, 10),
(96, 10),
(97, 10),
(98, 11),
(99, 11),
(100, 11),
(101, 9),
(102, 12),
(103, 12),
(104, 12),
(105, 12),
(106, 13),
(107, 13),
(108, 13),
(109, 13),
(110, 14),
(111, 15),
(112, 16),
(112, 14),
(113, 9),
(113, 14),
(114, 13),
(115, 17),
(116, 18),
(116, 14),
(117, 17),
(118, 17),
(119, 17),
(120, 17),
(121, 19),
(122, 19),
(123, 19),
(124, 19),
(125, 20),
(126, 20),
(127, 19),
(129, 21),
(130, 22),
(131, 23),
(132, 21),
(133, 21),
(136, 21),
(137, 21),
(142, 23),
(143, 24),
(144, 25),
(146, 26),
(151, 27),
(152, 28),
(153, 28),
(154, 28),
(155, 28),
(156, 28),
(157, 28),
(158, 28),
(159, 28),
(160, 28),
(161, 29),
(162, 29),
(163, 29),
(164, 29),
(165, 30),
(166, 31),
(167, 32),
(168, 33),
(169, 33),
(170, 34),
(171, 34),
(172, 35),
(175, 35),
(177, 36),
(178, 37),
(188, 37),
(193, 37),
(195, 37),
(201, 37),
(202, 38),
(209, 39),
(211, 38),
(212, 39),
(214, 37),
(215, 40),
(216, 41),
(217, 42),
(218, 43),
(219, 44),
(220, 45),
(221, 39),
(222, 46),
(224, 38),
(231, 39),
(232, 47),
(233, 47),
(234, 47),
(235, 48),
(236, 49),
(237, 50),
(238, 50),
(239, 50),
(240, 51),
(241, 52),
(242, 53),
(243, 49),
(244, 52),
(245, 54),
(246, 52),
(247, 52),
(248, 35),
(248, 55),
(249, 52),
(250, 56),
(251, 4),
(252, 56),
(255, 4),
(256, 56),
(257, 56),
(258, 56),
(259, 4),
(260, 56),
(261, 4),
(262, 57),
(263, 4),
(264, 57),
(265, 4),
(266, 57),
(267, 57),
(268, 57),
(269, 4),
(270, 58),
(271, 57),
(272, 57),
(273, 59),
(274, 58),
(275, 60),
(276, 60),
(277, 58),
(278, 61),
(283, 58),
(284, 60),
(285, 58),
(286, 58),
(287, 58),
(288, 62),
(289, 62),
(290, 62),
(291, 63),
(292, 62),
(293, 60),
(294, 60),
(295, 62),
(296, 59),
(297, 64),
(298, 64),
(299, 64),
(300, 64),
(301, 60),
(302, 64),
(303, 65),
(304, 65),
(305, 65),
(306, 60),
(307, 65),
(308, 66),
(309, 65),
(310, 66),
(311, 67),
(312, 66),
(313, 67),
(314, 66),
(315, 66),
(316, 67),
(317, 67),
(318, 67),
(319, 66),
(323, 67),
(324, 67),
(325, 68),
(326, 68),
(327, 69),
(328, 69),
(329, 69),
(330, 69),
(331, 68),
(332, 68),
(333, 70),
(334, 70),
(335, 70),
(336, 70),
(337, 71),
(338, 71),
(339, 72),
(340, 72),
(341, 72),
(342, 72),
(343, 38),
(344, 73),
(345, 73),
(346, 73),
(347, 73),
(348, 74),
(349, 75),
(350, 75),
(351, 75),
(352, 75),
(353, 76),
(354, 76),
(355, 76),
(356, 76),
(357, 76),
(358, 76),
(359, 76),
(360, 77),
(361, 77),
(362, 77),
(363, 77),
(364, 78),
(365, 78),
(366, 78),
(367, 78),
(368, 78),
(369, 78),
(370, 79),
(371, 79),
(372, 79),
(373, 71),
(374, 71),
(375, 71),
(376, 40),
(377, 40),
(378, 36),
(379, 36),
(380, 36),
(381, 36),
(417, 80),
(418, 80),
(419, 80),
(420, 80),
(421, 80),
(422, 81),
(423, 81),
(424, 81),
(425, 81),
(426, 81),
(427, 81),
(428, 81),
(429, 81),
(430, 81),
(431, 81),
(432, 82),
(433, 82),
(436, 83),
(437, 82),
(438, 83),
(441, 83),
(444, 82),
(445, 84),
(446, 84),
(447, 82),
(448, 85),
(449, 85),
(452, 86),
(453, 84),
(454, 85),
(457, 84),
(458, 84),
(459, 85),
(460, 84),
(464, 85),
(465, 87),
(466, 88),
(467, 88),
(468, 87),
(469, 87),
(470, 88),
(474, 87),
(475, 88),
(476, 89),
(477, 88),
(478, 88),
(479, 89),
(480, 89),
(481, 89),
(482, 89),
(483, 88),
(487, 88),
(491, 90),
(492, 90),
(495, 91),
(498, 90),
(499, 90),
(499, 91),
(500, 90),
(501, 91),
(502, 90),
(503, 92),
(504, 91),
(507, 92),
(511, 93),
(512, 92),
(513, 93),
(514, 92),
(515, 92),
(519, 92),
(520, 92),
(521, 93),
(522, 93),
(523, 94),
(524, 93),
(525, 93),
(526, 95),
(527, 95),
(528, 95),
(529, 95),
(530, 96),
(531, 96),
(532, 96),
(533, 96),
(534, 97),
(535, 97),
(536, 97),
(537, 97),
(538, 97),
(539, 74),
(540, 74),
(541, 74),
(542, 74),
(543, 98),
(544, 98),
(545, 98),
(546, 99),
(547, 99),
(548, 99),
(549, 99),
(550, 99),
(551, 99),
(552, 100),
(553, 100),
(554, 100),
(555, 101),
(556, 100),
(557, 101),
(558, 101),
(559, 101),
(560, 102),
(561, 100),
(562, 103),
(563, 104),
(564, 104),
(567, 105),
(568, 105),
(571, 106),
(572, 106),
(577, 106),
(583, 106),
(585, 106),
(590, 43),
(603, 107),
(604, 107),
(605, 107),
(606, 107),
(607, 107),
(608, 108),
(609, 108),
(610, 108),
(611, 108),
(612, 46),
(613, 46),
(614, 46),
(615, 46),
(616, 109),
(617, 109),
(618, 109),
(619, 109),
(620, 109),
(621, 109),
(622, 109),
(623, 109),
(624, 44),
(625, 110),
(626, 44),
(627, 110),
(628, 110),
(646, 111),
(647, 111),
(648, 111),
(649, 112),
(650, 112),
(651, 112),
(652, 112),
(653, 112),
(654, 112),
(655, 112),
(656, 112),
(657, 112),
(660, 113),
(665, 113),
(667, 114),
(671, 115),
(672, 114),
(676, 116),
(676, 117),
(681, 115),
(682, 115),
(683, 115),
(686, 118),
(688, 118),
(689, 117),
(690, 116),
(691, 118),
(692, 116),
(692, 117),
(697, 118),
(698, 116),
(699, 119),
(700, 116),
(702, 120),
(707, 121),
(707, 120),
(708, 122),
(710, 120),
(712, 122),
(713, 121),
(714, 123),
(715, 122),
(716, 122),
(719, 124),
(720, 122),
(721, 123),
(722, 125),
(726, 123),
(730, 126),
(731, 125),
(732, 126),
(733, 125),
(734, 126),
(734, 124),
(735, 127),
(736, 127),
(737, 126),
(744, 127),
(745, 124),
(746, 128),
(747, 129),
(748, 128),
(752, 128),
(754, 128),
(755, 129),
(757, 128),
(758, 130),
(764, 130),
(765, 130),
(768, 131),
(769, 131),
(771, 129),
(775, 131),
(776, 131),
(779, 132),
(780, 132),
(781, 132),
(783, 132),
(784, 129),
(786, 15),
(788, 133),
(789, 134),
(792, 134),
(793, 134),
(794, 135),
(795, 15),
(796, 133),
(800, 135),
(802, 133),
(803, 135),
(805, 21),
(807, 23),
(808, 23),
(809, 136),
(811, 73),
(812, 136),
(813, 73),
(816, 136),
(819, 136),
(820, 136),
(824, 136),
(826, 137),
(829, 137),
(830, 137),
(832, 113),
(835, 114),
(836, 113),
(840, 113),
(842, 113),
(843, 113),
(845, 113),
(847, 114),
(850, 114),
(852, 20),
(853, 138),
(854, 20),
(855, 20),
(856, 139),
(857, 139),
(858, 140),
(859, 141),
(863, 142),
(864, 142),
(865, 143),
(866, 141),
(867, 141),
(868, 144),
(869, 141),
(1152, 145),
(1153, 144),
(1154, 145),
(1157, 145),
(1158, 146),
(1159, 145),
(1160, 144),
(1161, 147),
(1162, 147),
(1163, 147),
(1164, 147),
(1165, 147),
(1168, 147),
(1172, 142),
(1175, 147),
(1178, 143),
(1179, 146),
(1180, 144),
(1181, 143),
(1182, 148),
(1465, 148),
(1485, 148),
(1486, 148),
(1487, 148),
(1495, 148),
(1503, 148),
(1511, 148),
(1512, 149),
(1513, 149),
(1514, 149),
(1515, 149),
(1516, 142),
(1517, 149),
(1520, 142),
(1521, 149),
(1522, 149),
(1523, 150),
(1524, 150),
(1525, 150),
(1536, 150),
(1537, 151),
(1540, 150),
(1541, 61),
(1542, 152),
(1543, 150),
(1544, 150),
(1545, 151),
(1546, 153),
(1547, 153),
(1551, 153),
(1555, 153),
(1559, 153),
(1560, 153),
(1561, 153),
(1581, 151),
(1582, 152),
(1586, 153),
(1587, 153),
(1588, 153),
(1589, 154),
(1590, 154),
(1591, 154),
(1592, 154),
(1596, 154),
(1600, 154),
(1601, 155),
(1602, 155),
(1603, 155),
(1605, 155),
(1606, 110),
(1607, 155),
(1608, 155),
(1609, 155),
(1612, 156),
(1613, 157),
(1616, 157),
(1617, 110),
(1618, 152),
(1620, 157),
(1621, 157),
(1622, 157),
(1623, 152),
(1626, 157),
(1627, 157),
(1628, 157),
(1631, 158),
(1632, 159),
(1633, 159),
(1634, 110),
(1635, 159),
(1636, 159),
(1637, 160),
(1645, 160),
(1653, 160),
(1661, 160),
(1662, 160),
(1663, 160),
(1667, 160),
(1668, 160),
(1669, 161),
(1674, 161),
(1675, 161),
(1676, 162),
(1677, 162),
(1681, 162),
(1685, 163),
(1689, 158),
(1690, 164),
(1691, 163),
(1692, 163),
(1693, 152),
(1694, 152),
(1695, 163),
(1696, 163),
(1697, 165),
(1698, 165),
(1699, 165),
(1700, 165),
(1983, 165),
(1984, 158),
(1985, 152),
(1989, 152),
(1993, 165),
(1997, 166),
(1998, 156),
(1999, 166),
(2000, 166),
(2001, 166),
(2004, 166);

--
-- Daten für Tabelle `publication`
--

INSERT INTO `publication` (`id`, `page`, `book_id`) VALUES
(1, 245, 1),
(2, 121, 2),
(3, 122, 2),
(4, 105, 3),
(5, 227, 3),
(6, 235, 1),
(7, 236, 1),
(8, 324, 1),
(9, 61, 4),
(10, 325, 1),
(11, 326, 1),
(12, 327, 1),
(13, 328, 1),
(14, 111, 5),
(15, 110, 5),
(16, 62, 6),
(17, 329, 1),
(18, 14, 7),
(19, 330, 1),
(20, 331, 1),
(21, 300, 1),
(22, 61, 8),
(23, 168, 9),
(24, 9, 8),
(25, 5, 8),
(26, 33, 10),
(27, 301, 1),
(28, 172, 9),
(29, 321, 1),
(30, 318, 1),
(31, 319, 1),
(32, 62, 4),
(33, 320, 1),
(34, 317, 1),
(35, 156, 9),
(36, 284, 1),
(37, 157, 9),
(38, 158, 9),
(39, 285, 1),
(40, 283, 1),
(41, 274, 1),
(42, 35, 8),
(43, 278, 1),
(44, 105, 5),
(45, 40, 8),
(46, 279, 1),
(47, 102, 3),
(48, 214, 1),
(49, 215, 1),
(50, 103, 3),
(51, 46, 8),
(52, 104, 3),
(53, 40, 5),
(54, 41, 8),
(55, 7, 11),
(56, 216, 1),
(57, 217, 1),
(58, 106, 3),
(59, 92, 12),
(60, 218, 1),
(61, 13, 13),
(62, 107, 3),
(63, 88, 14),
(64, 108, 3),
(65, 109, 3),
(66, 219, 1),
(67, 110, 3),
(68, 220, 1),
(69, 111, 3),
(70, 266, 1),
(71, 166, 3),
(72, 167, 3),
(73, 159, 9),
(74, 160, 3),
(75, 161, 3),
(76, 162, 3),
(77, 163, 3),
(78, 164, 3),
(79, 165, 3),
(80, 170, 9),
(81, 282, 1),
(82, 151, 3),
(83, 246, 1),
(84, 247, 1),
(85, 152, 3),
(86, 20, 10),
(87, 153, 3),
(88, 248, 1),
(89, 154, 3),
(90, 249, 1),
(91, 155, 3),
(92, 250, 1),
(93, 156, 3),
(94, 123, 2),
(95, 157, 3),
(96, 158, 3),
(97, 159, 3),
(98, 28, 13),
(99, 29, 13),
(100, 222, 1),
(101, 112, 3),
(102, 113, 3),
(103, 20, 15),
(104, 21, 15),
(105, 276, 1),
(106, 277, 1),
(107, 7, 16),
(108, 8, 16),
(109, 280, 1),
(110, 106, 5),
(111, 322, 1),
(112, 323, 1),
(113, 287, 1),
(114, 161, 9),
(115, 288, 1),
(116, 162, 9),
(117, 107, 5),
(118, 289, 1),
(119, 290, 1),
(120, 108, 5),
(121, 163, 9),
(122, 291, 1),
(123, 164, 9),
(124, 109, 5),
(125, 292, 1),
(126, 165, 9),
(127, 293, 1),
(128, 294, 1),
(129, 166, 9),
(130, 295, 1),
(131, 296, 1),
(132, 297, 1),
(133, 167, 9),
(134, 298, 1),
(135, 299, 1),
(136, 286, 1),
(137, 160, 9),
(138, 54, 17),
(139, 332, 1),
(140, 333, 1),
(141, 163, 1),
(142, 225, 15),
(143, 89, 12),
(144, 120, 16),
(145, 164, 1),
(146, 132, 3),
(147, 165, 1),
(148, 166, 1),
(149, 167, 1),
(150, 168, 1),
(151, 121, 16),
(152, 226, 15),
(153, 169, 1),
(154, 170, 1),
(155, 171, 1),
(156, 133, 3),
(157, 172, 1),
(158, 90, 12),
(159, 173, 1),
(160, 174, 1),
(161, 175, 1),
(162, 176, 1),
(163, 177, 1),
(164, 90, 18),
(165, 178, 1),
(166, 179, 1);

--
-- Daten für Tabelle `ranges`
--

INSERT INTO `ranges` (`id`, `name`) VALUES
(1, 'selbst'),
(2, 'Berührung'),
(3, '8 Schritt'),
(4, '4 Schritt'),
(5, '32 Schritt'),
(6, '16 Schritt'),
(7, 'QS x 3 in Meilen (nicht modifizierbar)'),
(8, 'Sichtweite des Tieres'),
(9, 'FW x 50 Meilen'),
(10, '32 Schritt*'),
(11, '1 Schritt'),
(12, 'QS x 20 Schritt'),
(13, 'Berührung (Reichweite ist nicht modifizierbar) '),
(14, '2 Schritt'),
(15, '64 Schritt'),
(16, 'Sicht'),
(17, '1 Schritt Radius'),
(18, '200 Schritt, darüber hinaus sind Distanzschätzungen ungenauer'),
(19, '10 Schritt');

--
-- Daten für Tabelle `ritual`
--

INSERT INTO `ritual` (`improvement_chart`, `id`, `cast_time_id`, `check1_id`, `check2_id`, `check3_id`, `cost_id`, `duration_id`, `range_id`) VALUES
('A', 128, 7, NULL, NULL, NULL, 15, 14, 2),
('D', 129, 8, 2, 3, 5, 16, 2, 3),
('B', 130, 9, 3, 4, 5, 17, 14, 8),
('B', 131, 7, 3, 4, 7, 15, 15, 4),
('C', 132, 8, 1, 4, 7, 18, 2, 3),
('B', 133, 9, 1, 4, 7, 16, 2, 3),
('D', 134, 7, 1, 4, 7, 18, 16, 1),
('B', 135, 9, 1, 3, 7, 19, 15, 4),
('C', 136, 8, 1, 4, 7, 18, 2, 3),
('B', 137, 9, 1, 4, 7, 16, 2, 3),
('A', 138, 7, 1, 3, 7, 15, 2, 2),
('C', 139, 9, 1, 2, 7, 20, 17, 2),
('C', 140, 10, 2, 3, 4, 17, 12, 2),
('A', 141, 7, 1, 3, 7, 15, 18, 1),
('B', 142, 7, 2, 3, 7, 16, 19, 3),
('C', 143, 9, 3, 5, 7, 16, 20, 2),
('C', 144, 9, 2, 3, 5, 16, 2, 9),
('B', 145, 7, 2, 4, 7, 21, 2, 2),
('C', 146, 7, 1, 3, 4, 16, 21, 10),
('B', 147, 9, 2, 3, 5, 16, 22, 2),
('B', 148, 9, 3, 4, 6, 17, 16, 6),
('B', 149, 7, 2, 5, 8, 16, 21, 1),
('A', 150, 7, 1, 2, 3, 17, 19, 1),
('C', 151, 8, 2, 3, 5, 22, 23, 3);

--
-- Daten für Tabelle `ritual_targets`
--

INSERT INTO `ritual_targets` (`ritual_id`, `targets_id`) VALUES
(128, 13),
(129, 14),
(129, 15),
(130, 16),
(131, 17),
(132, 18),
(133, 18),
(134, 3),
(135, 17),
(136, 7),
(137, 7),
(138, 2),
(139, 2),
(140, 2),
(141, 2),
(142, 3),
(143, 19),
(144, 15),
(145, 1),
(146, 2),
(147, 13),
(148, 13),
(149, 3),
(150, 1),
(151, 8);

--
-- Daten für Tabelle `skill`
--

INSERT INTO `skill` (`gruppe`, `improvement_chart`, `id`, `check1_id`, `check2_id`, `check3_id`) VALUES
('KOERPER', 'B', 9, 1, 3, 6),
('KOERPER', 'A', 10, 1, 4, 5),
('KOERPER', 'B', 11, 1, 6, 8),
('KOERPER', 'D', 12, 6, 6, 7),
('KOERPER', 'B', 13, 7, 8, 8),
('KOERPER', 'B', 14, 4, 6, 8),
('KOERPER', 'B', 15, 6, 7, 8),
('KOERPER', 'D', 16, 1, 1, 7),
('KOERPER', 'A', 17, 2, 4, 7),
('KOERPER', 'D', 18, 2, 3, 3),
('KOERPER', 'A', 19, 2, 4, 6),
('KOERPER', 'B', 20, 1, 5, 6),
('KOERPER', 'C', 21, 1, 3, 6),
('KOERPER', 'A', 22, 2, 7, 8),
('GESELLSCHAFT', 'B', 23, 1, 2, 4),
('GESELLSCHAFT', 'B', 24, 1, 4, 4),
('GESELLSCHAFT', 'B', 25, 1, 3, 4),
('GESELLSCHAFT', 'B', 26, 2, 3, 4),
('GESELLSCHAFT', 'C', 27, 2, 3, 4),
('GESELLSCHAFT', 'C', 28, 2, 3, 4),
('GESELLSCHAFT', 'C', 29, 1, 3, 4),
('GESELLSCHAFT', 'B', 30, 3, 4, 6),
('GESELLSCHAFT', 'D', 31, 1, 3, 4),
('NATUR', 'C', 32, 1, 3, 6),
('NATUR', 'A', 33, 2, 5, 8),
('NATUR', 'A', 34, 5, 6, 7),
('NATUR', 'B', 35, 2, 3, 3),
('NATUR', 'C', 36, 2, 5, 7),
('NATUR', 'C', 37, 1, 1, 7),
('NATUR', 'C', 38, 1, 6, 7),
('WISSEN', 'A', 39, 2, 2, 3),
('WISSEN', 'B', 40, 2, 2, 3),
('WISSEN', 'B', 41, 2, 2, 3),
('WISSEN', 'B', 42, 2, 2, 3),
('WISSEN', 'B', 43, 1, 2, 3),
('WISSEN', 'C', 44, 2, 2, 3),
('WISSEN', 'B', 45, 2, 2, 5),
('WISSEN', 'A', 46, 2, 2, 5),
('WISSEN', 'A', 47, 2, 2, 3),
('WISSEN', 'B', 48, 2, 2, 3),
('WISSEN', 'B', 49, 2, 2, 3),
('WISSEN', 'A', 50, 2, 2, 3),
('HANDWERK', 'C', 51, 1, 2, 5),
('HANDWERK', 'B', 52, 5, 6, 8),
('HANDWERK', 'A', 53, 4, 5, 7),
('HANDWERK', 'B', 54, 2, 3, 4),
('HANDWERK', 'B', 55, 1, 2, 3),
('HANDWERK', 'B', 56, 1, 3, 7),
('HANDWERK', 'B', 57, 3, 4, 7),
('HANDWERK', 'D', 58, 2, 5, 5),
('HANDWERK', 'B', 59, 5, 6, 8),
('HANDWERK', 'A', 60, 3, 5, 5),
('HANDWERK', 'B', 61, 5, 6, 7),
('HANDWERK', 'A', 62, 3, 5, 5),
('HANDWERK', 'C', 63, 5, 7, 8),
('HANDWERK', 'A', 64, 4, 5, 7),
('HANDWERK', 'C', 65, 3, 5, 5),
('HANDWERK', 'A', 66, 5, 5, 8),
('HANDWERK', 'A', 67, 2, 5, 5);

--
-- Daten für Tabelle `special_ability`
--

INSERT INTO `special_ability` (`ap`, `special_ability_group`, `improvement_chart`, `id`, `cast_time_id`, `check1_id`, `check2_id`, `check3_id`, `cost_id`, `duration_id`, `range_id`) VALUES
(4, 'MAGISCH', NULL, 152, NULL, NULL, NULL, NULL, 15, NULL, NULL),
(4, 'MAGISCH', NULL, 153, NULL, NULL, NULL, NULL, 15, NULL, NULL),
(3, 'MAGISCH', NULL, 154, NULL, NULL, NULL, NULL, 15, NULL, NULL),
(2, 'MAGISCH', NULL, 155, NULL, NULL, NULL, NULL, 23, NULL, NULL),
(3, 'MAGISCH', NULL, 156, NULL, NULL, NULL, NULL, 15, NULL, NULL),
(8, 'MAGISCH', NULL, 157, NULL, NULL, NULL, NULL, 15, NULL, NULL),
(8, 'MAGISCH', NULL, 158, NULL, NULL, NULL, NULL, 17, NULL, NULL),
(8, 'MAGISCH', NULL, 159, NULL, NULL, NULL, NULL, 17, NULL, NULL),
(8, 'MAGISCH', NULL, 160, NULL, NULL, NULL, NULL, 16, NULL, NULL),
(15, 'KARMAL', NULL, 161, NULL, NULL, NULL, NULL, NULL, NULL, NULL),
(8, 'KARMAL', NULL, 162, NULL, NULL, NULL, NULL, NULL, NULL, NULL),
(10, 'KARMAL', NULL, 163, NULL, NULL, NULL, NULL, NULL, NULL, NULL),
(2, 'KARMAL', NULL, 164, NULL, NULL, NULL, NULL, NULL, NULL, NULL),
(130, 'KARMAL', NULL, 165, NULL, NULL, NULL, NULL, NULL, NULL, NULL),
(130, 'KARMAL', NULL, 166, NULL, NULL, NULL, NULL, NULL, NULL, NULL),
(170, 'KARMAL', NULL, 167, NULL, NULL, NULL, NULL, NULL, NULL, NULL),
(110, 'KARMAL', NULL, 168, NULL, NULL, NULL, NULL, NULL, NULL, NULL),
(150, 'KARMAL', NULL, 169, NULL, NULL, NULL, NULL, NULL, NULL, NULL),
(130, 'KARMAL', NULL, 170, NULL, NULL, NULL, NULL, NULL, NULL, NULL),
(150, 'KARMAL', NULL, 171, NULL, NULL, NULL, NULL, NULL, NULL, NULL),
(5, 'MAGISCH', NULL, 172, NULL, NULL, NULL, NULL, NULL, NULL, NULL),
(0, 'MAGISCH', NULL, 173, NULL, NULL, NULL, NULL, NULL, NULL, NULL),
(10, 'MAGISCH', NULL, 174, NULL, NULL, NULL, NULL, NULL, NULL, NULL),
(15, 'MAGISCH', NULL, 175, NULL, NULL, NULL, NULL, NULL, NULL, NULL),
(12, 'MAGISCH', NULL, 176, NULL, NULL, NULL, NULL, NULL, NULL, NULL),
(20, 'MAGISCH', NULL, 177, NULL, NULL, NULL, NULL, NULL, NULL, NULL),
(10, 'MAGISCH', NULL, 178, NULL, NULL, NULL, NULL, NULL, NULL, NULL),
(10, 'MAGISCH', NULL, 179, NULL, NULL, NULL, NULL, NULL, NULL, NULL),
(5, 'MAGISCH', NULL, 180, NULL, NULL, NULL, NULL, NULL, NULL, NULL),
(5, 'MAGISCH', NULL, 181, NULL, NULL, NULL, NULL, NULL, NULL, NULL),
(5, 'MAGISCH', NULL, 182, NULL, NULL, NULL, NULL, NULL, NULL, NULL),
(10, 'MAGISCH', NULL, 183, NULL, NULL, NULL, NULL, NULL, NULL, NULL),
(10, 'MAGISCH', NULL, 184, NULL, NULL, NULL, NULL, NULL, NULL, NULL),
(20, 'MAGISCH', NULL, 185, NULL, NULL, NULL, NULL, NULL, NULL, NULL),
(30, 'MAGISCH', NULL, 186, NULL, NULL, NULL, NULL, NULL, NULL, NULL),
(3, 'MAGISCH', NULL, 187, NULL, NULL, NULL, NULL, NULL, NULL, NULL),
(15, 'MAGISCH', NULL, 188, NULL, NULL, NULL, NULL, NULL, NULL, NULL),
(15, 'MAGISCH', NULL, 189, NULL, NULL, NULL, NULL, NULL, NULL, NULL),
(10, 'MAGISCH', NULL, 190, NULL, NULL, NULL, NULL, NULL, NULL, NULL),
(15, 'MAGISCH', NULL, 191, NULL, NULL, NULL, NULL, NULL, NULL, NULL),
(10, 'MAGISCH', NULL, 192, NULL, NULL, NULL, NULL, NULL, NULL, NULL),
(5, 'MAGISCH', NULL, 193, NULL, NULL, NULL, NULL, NULL, NULL, NULL),
(10, 'MAGISCH', NULL, 194, NULL, NULL, NULL, NULL, NULL, NULL, NULL),
(8, 'MAGISCH', NULL, 195, NULL, NULL, NULL, NULL, NULL, NULL, NULL),
(20, 'MAGISCH', NULL, 196, NULL, NULL, NULL, NULL, NULL, NULL, NULL),
(0, 'MAGISCH', NULL, 197, NULL, NULL, NULL, NULL, NULL, NULL, NULL),
(10, 'MAGISCH', NULL, 198, NULL, NULL, NULL, NULL, NULL, NULL, NULL),
(10, 'MAGISCH', NULL, 199, NULL, NULL, NULL, NULL, NULL, NULL, NULL),
(0, 'MAGISCH', NULL, 200, NULL, NULL, NULL, NULL, NULL, NULL, NULL),
(12, 'MAGISCH', NULL, 201, NULL, NULL, NULL, NULL, NULL, NULL, NULL),
(10, 'MAGISCH', NULL, 202, NULL, NULL, NULL, NULL, NULL, NULL, NULL),
(20, 'MAGISCH', NULL, 203, NULL, NULL, NULL, NULL, NULL, NULL, NULL),
(10, 'MAGISCH', NULL, 204, NULL, NULL, NULL, NULL, NULL, NULL, NULL),
(1, 'MAGISCH', NULL, 205, NULL, NULL, NULL, NULL, NULL, NULL, NULL),
(1, 'MAGISCH', NULL, 206, NULL, NULL, NULL, NULL, NULL, NULL, NULL),
(2, 'MAGISCH', NULL, 207, NULL, NULL, NULL, NULL, NULL, NULL, NULL),
(3, 'MAGISCH', NULL, 208, NULL, NULL, NULL, NULL, NULL, NULL, NULL),
(10, 'MAGISCH', NULL, 209, NULL, NULL, NULL, NULL, NULL, NULL, NULL),
(15, 'MAGISCH', NULL, 210, NULL, NULL, NULL, NULL, NULL, NULL, NULL),
(10, 'MAGISCH', NULL, 211, NULL, NULL, NULL, NULL, NULL, NULL, NULL),
(2, 'MAGISCH', NULL, 212, NULL, NULL, NULL, NULL, NULL, NULL, NULL),
(5, 'MAGISCH', NULL, 213, NULL, NULL, NULL, NULL, NULL, NULL, NULL),
(125, 'MAGISCH', NULL, 214, NULL, NULL, NULL, NULL, NULL, NULL, NULL),
(125, 'MAGISCH', NULL, 215, NULL, NULL, NULL, NULL, NULL, NULL, NULL),
(155, 'MAGISCH', NULL, 216, NULL, NULL, NULL, NULL, NULL, NULL, NULL),
(100, 'MAGISCH', NULL, 217, NULL, NULL, NULL, NULL, NULL, NULL, NULL),
(135, 'MAGISCH', NULL, 218, NULL, NULL, NULL, NULL, NULL, NULL, NULL),
(135, 'MAGISCH', NULL, 219, NULL, NULL, NULL, NULL, NULL, NULL, NULL),
(80, 'MAGISCH', NULL, 220, NULL, NULL, NULL, NULL, NULL, NULL, NULL),
(10, 'MAGISCH', NULL, 221, NULL, NULL, NULL, NULL, NULL, NULL, NULL),
(20, 'MAGISCH', NULL, 222, NULL, NULL, NULL, NULL, NULL, NULL, NULL),
(12, 'MAGISCH', NULL, 223, NULL, NULL, NULL, NULL, NULL, NULL, NULL),
(12, 'MAGISCH', NULL, 224, NULL, NULL, NULL, NULL, NULL, NULL, NULL),
(20, 'MAGISCH', NULL, 225, NULL, NULL, NULL, NULL, NULL, NULL, NULL),
(0, 'MAGISCH', NULL, 226, NULL, NULL, NULL, NULL, NULL, NULL, NULL),
(0, 'MAGISCH', NULL, 227, NULL, NULL, NULL, NULL, NULL, NULL, NULL),
(0, 'MAGISCH', NULL, 228, NULL, NULL, NULL, NULL, NULL, NULL, NULL),
(50, 'MAGISCH', NULL, 229, NULL, NULL, NULL, NULL, NULL, NULL, NULL),
(20, 'MAGISCH', NULL, 230, NULL, NULL, NULL, NULL, NULL, NULL, NULL),
(20, 'MAGISCH', NULL, 231, NULL, NULL, NULL, NULL, NULL, NULL, NULL),
(5, 'PROFAN', NULL, 232, NULL, NULL, NULL, NULL, NULL, NULL, NULL),
(8, 'PROFAN', NULL, 233, NULL, NULL, NULL, NULL, NULL, NULL, NULL),
(2, 'PROFAN', NULL, 234, NULL, NULL, NULL, NULL, NULL, NULL, NULL),
(5, 'PROFAN', NULL, 235, NULL, NULL, NULL, NULL, NULL, NULL, NULL),
(10, 'PROFAN', NULL, 236, NULL, NULL, NULL, NULL, NULL, NULL, NULL),
(10, 'PROFAN', NULL, 237, NULL, NULL, NULL, NULL, NULL, NULL, NULL),
(3, 'PROFAN', NULL, 238, NULL, NULL, NULL, NULL, NULL, NULL, NULL),
(20, 'PROFAN', NULL, 239, NULL, NULL, NULL, NULL, NULL, NULL, NULL),
(5, 'PROFAN', NULL, 240, NULL, NULL, NULL, NULL, NULL, NULL, NULL),
(5, 'PROFAN', NULL, 241, NULL, NULL, NULL, NULL, NULL, NULL, NULL),
(3, 'PROFAN', NULL, 242, NULL, NULL, NULL, NULL, NULL, NULL, NULL),
(0, 'PROFAN', NULL, 243, NULL, NULL, NULL, NULL, NULL, NULL, NULL),
(2, 'PROFAN', NULL, 244, NULL, NULL, NULL, NULL, NULL, NULL, NULL),
(5, 'PROFAN', NULL, 245, NULL, NULL, NULL, NULL, NULL, NULL, NULL),
(5, 'PROFAN', NULL, 246, NULL, NULL, NULL, NULL, NULL, NULL, NULL),
(3, 'PROFAN', NULL, 247, NULL, NULL, NULL, NULL, NULL, NULL, NULL),
(2, 'PROFAN', NULL, 248, NULL, NULL, NULL, NULL, NULL, NULL, NULL),
(2, 'PROFAN', NULL, 249, NULL, NULL, NULL, NULL, NULL, NULL, NULL),
(5, 'PROFAN', NULL, 250, NULL, NULL, NULL, NULL, NULL, NULL, NULL),
(10, 'PROFAN', NULL, 251, NULL, NULL, NULL, NULL, NULL, NULL, NULL),
(15, 'PROFAN', NULL, 252, NULL, NULL, NULL, NULL, NULL, NULL, NULL),
(15, 'PROFAN', NULL, 253, NULL, NULL, NULL, NULL, NULL, NULL, NULL),
(30, 'PROFAN', NULL, 254, NULL, NULL, NULL, NULL, NULL, NULL, NULL),
(10, 'PROFAN', NULL, 255, NULL, NULL, NULL, NULL, NULL, NULL, NULL),
(3, 'PROFAN', NULL, 256, NULL, NULL, NULL, NULL, NULL, NULL, NULL),
(5, 'PROFAN', NULL, 257, NULL, NULL, NULL, NULL, NULL, NULL, NULL),
(5, 'PROFAN', NULL, 258, NULL, NULL, NULL, NULL, NULL, NULL, NULL),
(10, 'PROFAN', NULL, 259, NULL, NULL, NULL, NULL, NULL, NULL, NULL),
(0, 'PROFAN', NULL, 260, NULL, NULL, NULL, NULL, NULL, NULL, NULL),
(5, 'PROFAN', NULL, 261, NULL, NULL, NULL, NULL, NULL, NULL, NULL),
(3, 'PROFAN', NULL, 262, NULL, NULL, NULL, NULL, NULL, NULL, NULL),
(6, 'PROFAN', NULL, 263, NULL, NULL, NULL, NULL, NULL, NULL, NULL),
(3, 'PROFAN', NULL, 264, NULL, NULL, NULL, NULL, NULL, NULL, NULL),
(5, 'PROFAN', NULL, 265, NULL, NULL, NULL, NULL, NULL, NULL, NULL),
(15, 'PROFAN', NULL, 266, NULL, NULL, NULL, NULL, NULL, NULL, NULL),
(2, 'PROFAN', NULL, 267, NULL, NULL, NULL, NULL, NULL, NULL, NULL),
(2, 'PROFAN', NULL, 268, NULL, NULL, NULL, NULL, NULL, NULL, NULL),
(3, 'PROFAN', NULL, 269, NULL, NULL, NULL, NULL, NULL, NULL, NULL),
(8, 'PROFAN', NULL, 270, NULL, NULL, NULL, NULL, NULL, NULL, NULL),
(5, 'PROFAN', NULL, 271, NULL, NULL, NULL, NULL, NULL, NULL, NULL),
(2, 'PROFAN', NULL, 272, NULL, NULL, NULL, NULL, NULL, NULL, NULL),
(2, 'PROFAN', NULL, 273, NULL, NULL, NULL, NULL, NULL, NULL, NULL),
(5, 'PROFAN', NULL, 274, NULL, NULL, NULL, NULL, NULL, NULL, NULL),
(2, 'PROFAN', NULL, 275, NULL, NULL, NULL, NULL, NULL, NULL, NULL),
(5, 'PROFAN', NULL, 276, NULL, NULL, NULL, NULL, NULL, NULL, NULL),
(2, 'PROFAN', NULL, 277, NULL, NULL, NULL, NULL, NULL, NULL, NULL),
(2, 'PROFAN', NULL, 278, NULL, NULL, NULL, NULL, NULL, NULL, NULL),
(2, 'PROFAN', NULL, 279, NULL, NULL, NULL, NULL, NULL, NULL, NULL),
(4, 'PROFAN', NULL, 280, NULL, NULL, NULL, NULL, NULL, NULL, NULL),
(6, 'PROFAN', NULL, 281, NULL, NULL, NULL, NULL, NULL, NULL, NULL),
(8, 'PROFAN', NULL, 282, NULL, NULL, NULL, NULL, NULL, NULL, NULL),
(2, 'PROFAN', NULL, 283, NULL, NULL, NULL, NULL, NULL, NULL, NULL),
(5, 'PROFAN', NULL, 284, NULL, NULL, NULL, NULL, NULL, NULL, NULL),
(2, 'PROFAN', NULL, 285, NULL, NULL, NULL, NULL, NULL, NULL, NULL),
(2, 'PROFAN', NULL, 286, NULL, NULL, NULL, NULL, NULL, NULL, NULL),
(2, 'PROFAN', NULL, 287, NULL, NULL, NULL, NULL, NULL, NULL, NULL),
(2, 'PROFAN', NULL, 288, NULL, NULL, NULL, NULL, NULL, NULL, NULL),
(5, 'PROFAN', NULL, 289, NULL, NULL, NULL, NULL, NULL, NULL, NULL),
(3, 'PROFAN', NULL, 290, NULL, NULL, NULL, NULL, NULL, NULL, NULL),
(2, 'PROFAN', NULL, 291, NULL, NULL, NULL, NULL, NULL, NULL, NULL),
(4, 'PROFAN', NULL, 292, NULL, NULL, NULL, NULL, NULL, NULL, NULL),
(10, 'PROFAN', NULL, 293, NULL, NULL, NULL, NULL, NULL, NULL, NULL),
(10, 'PROFAN', NULL, 294, NULL, NULL, NULL, NULL, NULL, NULL, NULL),
(2, 'PROFAN', NULL, 295, NULL, NULL, NULL, NULL, NULL, NULL, NULL),
(8, 'PROFAN', NULL, 296, NULL, NULL, NULL, NULL, NULL, NULL, NULL),
(10, 'PROFAN', NULL, 297, NULL, NULL, NULL, NULL, NULL, NULL, NULL),
(2, 'PROFAN', NULL, 298, NULL, NULL, NULL, NULL, NULL, NULL, NULL),
(2, 'PROFAN', NULL, 299, NULL, NULL, NULL, NULL, NULL, NULL, NULL),
(3, 'PROFAN', NULL, 300, NULL, NULL, NULL, NULL, NULL, NULL, NULL),
(2, 'PROFAN', NULL, 301, NULL, NULL, NULL, NULL, NULL, NULL, NULL),
(12, 'PROFAN', NULL, 302, NULL, NULL, NULL, NULL, NULL, NULL, NULL),
(2, 'PROFAN', NULL, 303, NULL, NULL, NULL, NULL, NULL, NULL, NULL),
(5, 'PROFAN', NULL, 304, NULL, NULL, NULL, NULL, NULL, NULL, NULL),
(3, 'PROFAN', NULL, 305, NULL, NULL, NULL, NULL, NULL, NULL, NULL),
(4, 'PROFAN', NULL, 306, NULL, NULL, NULL, NULL, NULL, NULL, NULL),
(15, 'PROFAN', NULL, 307, NULL, NULL, NULL, NULL, NULL, NULL, NULL),
(2, 'PROFAN', NULL, 308, NULL, NULL, NULL, NULL, NULL, NULL, NULL),
(10, 'PROFAN', NULL, 309, NULL, NULL, NULL, NULL, NULL, NULL, NULL),
(20, 'PROFAN', NULL, 310, NULL, NULL, NULL, NULL, NULL, NULL, NULL),
(2, 'PROFAN', NULL, 311, NULL, NULL, NULL, NULL, NULL, NULL, NULL),
(2, 'PROFAN', NULL, 312, NULL, NULL, NULL, NULL, NULL, NULL, NULL),
(2, 'PROFAN', NULL, 313, NULL, NULL, NULL, NULL, NULL, NULL, NULL),
(0, 'PROFAN', NULL, 314, NULL, NULL, NULL, NULL, NULL, NULL, NULL),
(2, 'PROFAN', NULL, 315, NULL, NULL, NULL, NULL, NULL, NULL, NULL),
(2, 'PROFAN', NULL, 316, NULL, NULL, NULL, NULL, NULL, NULL, NULL),
(4, 'PROFAN', NULL, 317, NULL, NULL, NULL, NULL, NULL, NULL, NULL),
(3, 'PROFAN', NULL, 318, NULL, NULL, NULL, NULL, NULL, NULL, NULL),
(2, 'PROFAN', NULL, 319, NULL, NULL, NULL, NULL, NULL, NULL, NULL),
(2, 'PROFAN', NULL, 320, NULL, NULL, NULL, NULL, NULL, NULL, NULL),
(4, 'PROFAN', NULL, 321, NULL, NULL, NULL, NULL, NULL, NULL, NULL),
(6, 'PROFAN', NULL, 322, NULL, NULL, NULL, NULL, NULL, NULL, NULL),
(4, 'PROFAN', NULL, 323, NULL, NULL, NULL, NULL, NULL, NULL, NULL),
(2, 'PROFAN', NULL, 324, NULL, NULL, NULL, NULL, NULL, NULL, NULL),
(5, 'PROFAN', NULL, 325, NULL, NULL, NULL, NULL, NULL, NULL, NULL),
(2, 'PROFAN', NULL, 326, NULL, NULL, NULL, NULL, NULL, NULL, NULL),
(5, 'PROFAN', NULL, 327, NULL, NULL, NULL, NULL, NULL, NULL, NULL),
(2, 'PROFAN', NULL, 328, NULL, NULL, NULL, NULL, NULL, NULL, NULL),
(12, 'PROFAN', NULL, 329, NULL, NULL, NULL, NULL, NULL, NULL, NULL),
(2, 'PROFAN', NULL, 330, NULL, NULL, NULL, NULL, NULL, NULL, NULL),
(2, 'PROFAN', NULL, 331, NULL, NULL, NULL, NULL, NULL, NULL, NULL),
(2, 'PROFAN', NULL, 332, NULL, NULL, NULL, NULL, NULL, NULL, NULL),
(15, 'MAGISCH', NULL, 333, NULL, NULL, NULL, NULL, 17, NULL, NULL),
(5, 'MAGISCH', NULL, 334, NULL, NULL, NULL, NULL, 15, NULL, NULL),
(15, 'MAGISCH', NULL, 335, NULL, NULL, NULL, NULL, 17, NULL, NULL),
(10, 'MAGISCH', NULL, 336, NULL, NULL, NULL, NULL, 15, NULL, NULL),
(12, 'KAMPF', NULL, 337, NULL, NULL, NULL, NULL, NULL, NULL, NULL),
(12, 'KAMPF', NULL, 338, NULL, NULL, NULL, NULL, NULL, NULL, NULL),
(10, 'KAMPF', NULL, 339, NULL, NULL, NULL, NULL, NULL, NULL, NULL),
(10, 'KAMPF', NULL, 340, NULL, NULL, NULL, NULL, NULL, NULL, NULL),
(15, 'KAMPF', NULL, 341, NULL, NULL, NULL, NULL, NULL, NULL, NULL),
(12, 'KAMPF', NULL, 342, NULL, NULL, NULL, NULL, NULL, NULL, NULL),
(10, 'MAGISCH', NULL, 343, NULL, NULL, NULL, NULL, NULL, NULL, NULL),
(15, 'MAGISCH', NULL, 344, NULL, NULL, NULL, NULL, 24, NULL, NULL),
(10, 'MAGISCH', NULL, 345, NULL, NULL, NULL, NULL, 15, NULL, NULL),
(10, 'MAGISCH', NULL, 346, NULL, NULL, NULL, NULL, 25, NULL, NULL),
(5, 'MAGISCH', NULL, 347, NULL, NULL, NULL, NULL, 24, NULL, NULL),
(20, 'KAMPF', NULL, 348, NULL, NULL, NULL, NULL, NULL, NULL, NULL),
(25, 'KAMPF', NULL, 349, NULL, NULL, NULL, NULL, NULL, NULL, NULL),
(15, 'KAMPF', NULL, 350, NULL, NULL, NULL, NULL, NULL, NULL, NULL),
(5, 'KAMPF', NULL, 351, NULL, NULL, NULL, NULL, NULL, NULL, NULL),
(25, 'KAMPF', NULL, 352, NULL, NULL, NULL, NULL, NULL, NULL, NULL),
(15, 'KAMPF', NULL, 353, NULL, NULL, NULL, NULL, NULL, NULL, NULL),
(5, 'KAMPF', NULL, 354, NULL, NULL, NULL, NULL, NULL, NULL, NULL),
(10, 'KAMPF', NULL, 355, NULL, NULL, NULL, NULL, NULL, NULL, NULL),
(15, 'KAMPF', NULL, 356, NULL, NULL, NULL, NULL, NULL, NULL, NULL),
(5, 'KAMPF', NULL, 357, NULL, NULL, NULL, NULL, NULL, NULL, NULL),
(5, 'KAMPF', NULL, 358, NULL, NULL, NULL, NULL, NULL, NULL, NULL),
(10, 'KAMPF', NULL, 359, NULL, NULL, NULL, NULL, NULL, NULL, NULL),
(10, 'KAMPF', NULL, 360, NULL, NULL, NULL, NULL, NULL, NULL, NULL),
(5, 'KAMPF', NULL, 361, NULL, NULL, NULL, NULL, NULL, NULL, NULL),
(8, 'KAMPF', NULL, 362, NULL, NULL, NULL, NULL, NULL, NULL, NULL),
(8, 'KAMPF', NULL, 363, NULL, NULL, NULL, NULL, NULL, NULL, NULL),
(20, 'KAMPF', NULL, 364, NULL, NULL, NULL, NULL, NULL, NULL, NULL),
(20, 'KAMPF', NULL, 365, NULL, NULL, NULL, NULL, NULL, NULL, NULL),
(10, 'KAMPF', NULL, 366, NULL, NULL, NULL, NULL, NULL, NULL, NULL),
(10, 'KAMPF', NULL, 367, NULL, NULL, NULL, NULL, NULL, NULL, NULL),
(10, 'KAMPF', NULL, 368, NULL, NULL, NULL, NULL, NULL, NULL, NULL),
(15, 'KAMPF', NULL, 369, NULL, NULL, NULL, NULL, NULL, NULL, NULL),
(5, 'KAMPF', NULL, 370, NULL, NULL, NULL, NULL, NULL, NULL, NULL),
(15, 'KAMPF', NULL, 371, NULL, NULL, NULL, NULL, NULL, NULL, NULL),
(25, 'KAMPF', NULL, 372, NULL, NULL, NULL, NULL, NULL, NULL, NULL),
(15, 'KAMPF', NULL, 373, NULL, NULL, NULL, NULL, NULL, NULL, NULL),
(5, 'KAMPF', NULL, 374, NULL, NULL, NULL, NULL, NULL, NULL, NULL),
(5, 'KAMPF', NULL, 375, NULL, NULL, NULL, NULL, NULL, NULL, NULL),
(0, 'PROFAN', 'A', 376, NULL, 2, 3, 3, 26, NULL, NULL),
(0, 'PROFAN', 'A', 377, NULL, 1, 3, 4, 27, NULL, NULL),
(0, 'PROFAN', 'A', 378, NULL, 3, 4, 4, 28, NULL, NULL),
(0, 'PROFAN', 'B', 379, NULL, 3, 3, 4, 29, NULL, NULL),
(0, 'PROFAN', 'A', 380, NULL, 1, 3, 3, 27, NULL, NULL),
(0, 'PROFAN', 'B', 381, NULL, 1, 3, 4, 17, NULL, NULL),
(15, 'MAGISCH', NULL, 382, NULL, NULL, NULL, NULL, NULL, NULL, NULL),
(10, 'MAGISCH', NULL, 383, NULL, NULL, NULL, NULL, NULL, NULL, NULL),
(5, 'MAGISCH', NULL, 384, NULL, NULL, NULL, NULL, NULL, NULL, NULL),
(25, 'MAGISCH', NULL, 385, NULL, NULL, NULL, NULL, NULL, NULL, NULL),
(15, 'MAGISCH', NULL, 386, NULL, NULL, NULL, NULL, NULL, NULL, NULL),
(8, 'MAGISCH', NULL, 387, NULL, NULL, NULL, NULL, NULL, NULL, NULL),
(15, 'MAGISCH', NULL, 388, NULL, NULL, NULL, NULL, NULL, NULL, NULL),
(25, 'MAGISCH', NULL, 389, NULL, NULL, NULL, NULL, NULL, NULL, NULL),
(12, 'MAGISCH', NULL, 390, NULL, NULL, NULL, NULL, NULL, NULL, NULL),
(10, 'MAGISCH', NULL, 391, NULL, NULL, NULL, NULL, NULL, NULL, NULL),
(20, 'MAGISCH', NULL, 392, NULL, NULL, NULL, NULL, NULL, NULL, NULL),
(20, 'MAGISCH', NULL, 393, NULL, NULL, NULL, NULL, NULL, NULL, NULL),
(20, 'MAGISCH', NULL, 394, NULL, NULL, NULL, NULL, NULL, NULL, NULL),
(25, 'MAGISCH', NULL, 395, NULL, NULL, NULL, NULL, NULL, NULL, NULL),
(0, 'MAGISCH', NULL, 396, NULL, NULL, NULL, NULL, NULL, NULL, NULL),
(0, 'MAGISCH', NULL, 397, NULL, NULL, NULL, NULL, NULL, NULL, NULL),
(0, 'MAGISCH', NULL, 398, NULL, NULL, NULL, NULL, NULL, NULL, NULL),
(0, 'MAGISCH', NULL, 399, NULL, NULL, NULL, NULL, NULL, NULL, NULL),
(0, 'MAGISCH', NULL, 400, NULL, NULL, NULL, NULL, NULL, NULL, NULL),
(0, 'MAGISCH', NULL, 401, NULL, NULL, NULL, NULL, NULL, NULL, NULL),
(0, 'MAGISCH', NULL, 402, NULL, NULL, NULL, NULL, NULL, NULL, NULL),
(0, 'MAGISCH', NULL, 403, NULL, NULL, NULL, NULL, NULL, NULL, NULL),
(0, 'MAGISCH', NULL, 404, NULL, NULL, NULL, NULL, NULL, NULL, NULL),
(0, 'MAGISCH', NULL, 405, NULL, NULL, NULL, NULL, NULL, NULL, NULL),
(0, 'MAGISCH', NULL, 406, NULL, NULL, NULL, NULL, NULL, NULL, NULL),
(0, 'MAGISCH', NULL, 407, NULL, NULL, NULL, NULL, NULL, NULL, NULL),
(0, 'MAGISCH', NULL, 408, NULL, NULL, NULL, NULL, NULL, NULL, NULL),
(0, 'MAGISCH', NULL, 409, NULL, NULL, NULL, NULL, NULL, NULL, NULL),
(0, 'MAGISCH', NULL, 410, NULL, NULL, NULL, NULL, NULL, NULL, NULL),
(0, 'MAGISCH', NULL, 411, NULL, NULL, NULL, NULL, NULL, NULL, NULL),
(0, 'MAGISCH', NULL, 412, NULL, NULL, NULL, NULL, NULL, NULL, NULL),
(0, 'MAGISCH', NULL, 413, NULL, NULL, NULL, NULL, NULL, NULL, NULL),
(0, 'MAGISCH', NULL, 414, NULL, NULL, NULL, NULL, NULL, NULL, NULL),
(0, 'MAGISCH', NULL, 415, NULL, NULL, NULL, NULL, NULL, NULL, NULL),
(0, 'MAGISCH', NULL, 416, NULL, NULL, NULL, NULL, NULL, NULL, NULL),
(0, 'MAGISCH', NULL, 417, NULL, 1, 3, 4, 17, 24, NULL),
(0, 'MAGISCH', NULL, 418, NULL, 1, 3, 4, 17, 25, NULL),
(0, 'MAGISCH', NULL, 419, NULL, 1, 2, 4, 17, 26, NULL),
(0, 'MAGISCH', NULL, 420, NULL, 2, 3, 4, 17, 27, NULL),
(0, 'MAGISCH', NULL, 421, NULL, 1, 2, 3, 18, 16, NULL),
(0, 'MAGISCH', NULL, 422, NULL, 2, 3, 5, 30, 20, NULL),
(0, 'MAGISCH', NULL, 423, NULL, 2, 3, 4, 30, 20, NULL),
(0, 'MAGISCH', NULL, 424, NULL, 1, 3, 4, 31, 13, NULL),
(0, 'MAGISCH', NULL, 425, NULL, 3, 5, 7, 30, 11, NULL),
(0, 'MAGISCH', NULL, 426, NULL, 2, 3, 4, 32, 20, NULL),
(0, 'MAGISCH', NULL, 427, NULL, 1, 4, 6, 33, 28, NULL),
(0, 'MAGISCH', NULL, 428, NULL, 2, 3, 4, 30, 20, NULL),
(0, 'MAGISCH', NULL, 429, NULL, 3, 5, 7, 30, 29, NULL),
(0, 'MAGISCH', NULL, 430, NULL, 3, 5, 7, 32, 20, NULL),
(0, 'MAGISCH', NULL, 431, NULL, 2, 3, 4, 30, 11, NULL),
(5, 'KAMPF', NULL, 432, NULL, NULL, NULL, NULL, NULL, NULL, NULL),
(0, 'KAMPF', NULL, 433, NULL, NULL, NULL, NULL, NULL, NULL, NULL),
(0, 'KAMPF', NULL, 434, NULL, NULL, NULL, NULL, NULL, NULL, NULL),
(0, 'KAMPF', NULL, 435, NULL, NULL, NULL, NULL, NULL, NULL, NULL),
(10, 'KAMPF', NULL, 436, NULL, NULL, NULL, NULL, NULL, NULL, NULL),
(10, 'KAMPF', NULL, 437, NULL, NULL, NULL, NULL, NULL, NULL, NULL),
(0, 'KAMPF', NULL, 438, NULL, NULL, NULL, NULL, NULL, NULL, NULL),
(0, 'KAMPF', NULL, 439, NULL, NULL, NULL, NULL, NULL, NULL, NULL),
(0, 'KAMPF', NULL, 440, NULL, NULL, NULL, NULL, NULL, NULL, NULL),
(0, 'KAMPF', NULL, 441, NULL, NULL, NULL, NULL, NULL, NULL, NULL),
(0, 'KAMPF', NULL, 442, NULL, NULL, NULL, NULL, NULL, NULL, NULL),
(0, 'KAMPF', NULL, 443, NULL, NULL, NULL, NULL, NULL, NULL, NULL),
(10, 'KAMPF', NULL, 444, NULL, NULL, NULL, NULL, NULL, NULL, NULL),
(20, 'KAMPF', NULL, 445, NULL, NULL, NULL, NULL, NULL, NULL, NULL),
(10, 'KAMPF', NULL, 446, NULL, NULL, NULL, NULL, NULL, NULL, NULL),
(20, 'KAMPF', NULL, 447, NULL, NULL, NULL, NULL, NULL, NULL, NULL),
(15, 'KAMPF', NULL, 448, NULL, NULL, NULL, NULL, NULL, NULL, NULL),
(0, 'KAMPF', NULL, 449, NULL, NULL, NULL, NULL, NULL, NULL, NULL),
(0, 'KAMPF', NULL, 450, NULL, NULL, NULL, NULL, NULL, NULL, NULL),
(0, 'KAMPF', NULL, 451, NULL, NULL, NULL, NULL, NULL, NULL, NULL),
(10, 'KAMPF', NULL, 452, NULL, NULL, NULL, NULL, NULL, NULL, NULL),
(10, 'KAMPF', NULL, 453, NULL, NULL, NULL, NULL, NULL, NULL, NULL),
(0, 'KAMPF', NULL, 454, NULL, NULL, NULL, NULL, NULL, NULL, NULL),
(0, 'KAMPF', NULL, 455, NULL, NULL, NULL, NULL, NULL, NULL, NULL),
(0, 'KAMPF', NULL, 456, NULL, NULL, NULL, NULL, NULL, NULL, NULL),
(40, 'KAMPF', NULL, 457, NULL, NULL, NULL, NULL, NULL, NULL, NULL),
(10, 'KAMPF', NULL, 458, NULL, NULL, NULL, NULL, NULL, NULL, NULL),
(20, 'KAMPF', NULL, 459, NULL, NULL, NULL, NULL, NULL, NULL, NULL),
(0, 'KAMPF', NULL, 460, NULL, NULL, NULL, NULL, NULL, NULL, NULL),
(0, 'KAMPF', NULL, 461, NULL, NULL, NULL, NULL, NULL, NULL, NULL),
(0, 'KAMPF', NULL, 462, NULL, NULL, NULL, NULL, NULL, NULL, NULL),
(0, 'KAMPF', NULL, 463, NULL, NULL, NULL, NULL, NULL, NULL, NULL),
(10, 'KAMPF', NULL, 464, NULL, NULL, NULL, NULL, NULL, NULL, NULL),
(10, 'KAMPF', NULL, 465, NULL, NULL, NULL, NULL, NULL, NULL, NULL),
(5, 'KAMPF', NULL, 466, NULL, NULL, NULL, NULL, NULL, NULL, NULL),
(25, 'KAMPF', NULL, 467, NULL, NULL, NULL, NULL, NULL, NULL, NULL),
(12, 'KAMPF', NULL, 468, NULL, NULL, NULL, NULL, NULL, NULL, NULL),
(8, 'KAMPF', NULL, 469, NULL, NULL, NULL, NULL, NULL, NULL, NULL),
(0, 'KAMPF', NULL, 470, NULL, NULL, NULL, NULL, NULL, NULL, NULL),
(0, 'KAMPF', NULL, 471, NULL, NULL, NULL, NULL, NULL, NULL, NULL),
(0, 'KAMPF', NULL, 472, NULL, NULL, NULL, NULL, NULL, NULL, NULL),
(0, 'KAMPF', NULL, 473, NULL, NULL, NULL, NULL, NULL, NULL, NULL),
(50, 'KAMPF', NULL, 474, NULL, NULL, NULL, NULL, NULL, NULL, NULL),
(10, 'KAMPF', NULL, 475, NULL, NULL, NULL, NULL, NULL, NULL, NULL),
(25, 'KAMPF', NULL, 476, NULL, NULL, NULL, NULL, NULL, NULL, NULL),
(10, 'KAMPF', NULL, 477, NULL, NULL, NULL, NULL, NULL, NULL, NULL),
(10, 'KAMPF', NULL, 478, NULL, NULL, NULL, NULL, NULL, NULL, NULL),
(10, 'KAMPF', NULL, 479, NULL, NULL, NULL, NULL, NULL, NULL, NULL),
(15, 'KAMPF', NULL, 480, NULL, NULL, NULL, NULL, NULL, NULL, NULL),
(25, 'KAMPF', NULL, 481, NULL, NULL, NULL, NULL, NULL, NULL, NULL),
(10, 'KAMPF', NULL, 482, NULL, NULL, NULL, NULL, NULL, NULL, NULL),
(0, 'KAMPF', NULL, 483, NULL, NULL, NULL, NULL, NULL, NULL, NULL),
(0, 'KAMPF', NULL, 484, NULL, NULL, NULL, NULL, NULL, NULL, NULL),
(0, 'KAMPF', NULL, 485, NULL, NULL, NULL, NULL, NULL, NULL, NULL),
(0, 'KAMPF', NULL, 486, NULL, NULL, NULL, NULL, NULL, NULL, NULL),
(0, 'KAMPF', NULL, 487, NULL, NULL, NULL, NULL, NULL, NULL, NULL),
(0, 'KAMPF', NULL, 488, NULL, NULL, NULL, NULL, NULL, NULL, NULL),
(0, 'KAMPF', NULL, 489, NULL, NULL, NULL, NULL, NULL, NULL, NULL),
(0, 'KAMPF', NULL, 490, NULL, NULL, NULL, NULL, NULL, NULL, NULL),
(40, 'KAMPF', NULL, 491, NULL, NULL, NULL, NULL, NULL, NULL, NULL),
(0, 'KAMPF', NULL, 492, NULL, NULL, NULL, NULL, NULL, NULL, NULL),
(0, 'KAMPF', NULL, 493, NULL, NULL, NULL, NULL, NULL, NULL, NULL),
(0, 'KAMPF', NULL, 494, NULL, NULL, NULL, NULL, NULL, NULL, NULL),
(0, 'KAMPF', NULL, 495, NULL, NULL, NULL, NULL, NULL, NULL, NULL),
(0, 'KAMPF', NULL, 496, NULL, NULL, NULL, NULL, NULL, NULL, NULL),
(0, 'KAMPF', NULL, 497, NULL, NULL, NULL, NULL, NULL, NULL, NULL),
(15, 'KAMPF', NULL, 498, NULL, NULL, NULL, NULL, NULL, NULL, NULL),
(0, 'KAMPF', NULL, 499, NULL, NULL, NULL, NULL, NULL, NULL, NULL),
(10, 'KAMPF', NULL, 500, NULL, NULL, NULL, NULL, NULL, NULL, NULL),
(10, 'KAMPF', NULL, 501, NULL, NULL, NULL, NULL, NULL, NULL, NULL),
(25, 'KAMPF', NULL, 502, NULL, NULL, NULL, NULL, NULL, NULL, NULL),
(30, 'KAMPF', NULL, 503, NULL, NULL, NULL, NULL, NULL, NULL, NULL),
(0, 'KAMPF', NULL, 504, NULL, NULL, NULL, NULL, NULL, NULL, NULL),
(0, 'KAMPF', NULL, 505, NULL, NULL, NULL, NULL, NULL, NULL, NULL),
(0, 'KAMPF', NULL, 506, NULL, NULL, NULL, NULL, NULL, NULL, NULL),
(15, 'KAMPF', NULL, 507, NULL, NULL, NULL, NULL, NULL, NULL, NULL),
(15, 'KAMPF', NULL, 508, NULL, NULL, NULL, NULL, NULL, NULL, NULL),
(30, 'KAMPF', NULL, 509, NULL, NULL, NULL, NULL, NULL, NULL, NULL),
(45, 'KAMPF', NULL, 510, NULL, NULL, NULL, NULL, NULL, NULL, NULL),
(10, 'KAMPF', NULL, 511, NULL, NULL, NULL, NULL, NULL, NULL, NULL),
(10, 'KAMPF', NULL, 512, NULL, NULL, NULL, NULL, NULL, NULL, NULL),
(10, 'KAMPF', NULL, 513, NULL, NULL, NULL, NULL, NULL, NULL, NULL),
(10, 'KAMPF', NULL, 514, NULL, NULL, NULL, NULL, NULL, NULL, NULL),
(0, 'KAMPF', NULL, 515, NULL, NULL, NULL, NULL, NULL, NULL, NULL),
(0, 'KAMPF', NULL, 516, NULL, NULL, NULL, NULL, NULL, NULL, NULL),
(0, 'KAMPF', NULL, 517, NULL, NULL, NULL, NULL, NULL, NULL, NULL),
(0, 'KAMPF', NULL, 518, NULL, NULL, NULL, NULL, NULL, NULL, NULL),
(10, 'KAMPF', NULL, 519, NULL, NULL, NULL, NULL, NULL, NULL, NULL),
(20, 'KAMPF', NULL, 520, NULL, NULL, NULL, NULL, NULL, NULL, NULL),
(5, 'KAMPF', NULL, 521, NULL, NULL, NULL, NULL, NULL, NULL, NULL),
(15, 'KAMPF', NULL, 522, NULL, NULL, NULL, NULL, NULL, NULL, NULL),
(15, 'KAMPF', NULL, 523, NULL, NULL, NULL, NULL, NULL, NULL, NULL),
(10, 'KAMPF', NULL, 524, NULL, NULL, NULL, NULL, NULL, NULL, NULL),
(12, 'KAMPF', NULL, 525, NULL, NULL, NULL, NULL, NULL, NULL, NULL),
(5, 'KAMPF', NULL, 526, NULL, NULL, NULL, NULL, NULL, NULL, NULL),
(15, 'KAMPF', NULL, 527, NULL, NULL, NULL, NULL, NULL, NULL, NULL),
(15, 'KAMPF', NULL, 528, NULL, NULL, NULL, NULL, NULL, NULL, NULL),
(15, 'KAMPF', NULL, 529, NULL, NULL, NULL, NULL, NULL, NULL, NULL),
(20, 'KAMPF', NULL, 530, NULL, NULL, NULL, NULL, NULL, NULL, NULL),
(5, 'KAMPF', NULL, 531, NULL, NULL, NULL, NULL, NULL, NULL, NULL),
(10, 'KAMPF', NULL, 532, NULL, NULL, NULL, NULL, NULL, NULL, NULL),
(12, 'KAMPF', NULL, 533, NULL, NULL, NULL, NULL, NULL, NULL, NULL),
(15, 'KAMPF', NULL, 534, NULL, NULL, NULL, NULL, NULL, NULL, NULL),
(10, 'KAMPF', NULL, 535, NULL, NULL, NULL, NULL, NULL, NULL, NULL),
(15, 'KAMPF', NULL, 536, NULL, NULL, NULL, NULL, NULL, NULL, NULL),
(8, 'KAMPF', NULL, 537, NULL, NULL, NULL, NULL, NULL, NULL, NULL),
(10, 'KAMPF', NULL, 538, NULL, NULL, NULL, NULL, NULL, NULL, NULL),
(12, 'KAMPF', NULL, 539, NULL, NULL, NULL, NULL, NULL, NULL, NULL),
(10, 'KAMPF', NULL, 540, NULL, NULL, NULL, NULL, NULL, NULL, NULL),
(10, 'KAMPF', NULL, 541, NULL, NULL, NULL, NULL, NULL, NULL, NULL),
(10, 'KAMPF', NULL, 542, NULL, NULL, NULL, NULL, NULL, NULL, NULL),
(2, 'PROFAN', NULL, 543, NULL, NULL, NULL, NULL, NULL, NULL, NULL),
(1, 'PROFAN', NULL, 544, NULL, NULL, NULL, NULL, NULL, NULL, NULL),
(1, 'PROFAN', NULL, 545, NULL, NULL, NULL, NULL, NULL, NULL, NULL),
(3, 'PROFAN', NULL, 546, NULL, NULL, NULL, NULL, NULL, NULL, NULL),
(2, 'PROFAN', NULL, 547, NULL, NULL, NULL, NULL, NULL, NULL, NULL),
(1, 'PROFAN', NULL, 548, NULL, NULL, NULL, NULL, NULL, NULL, NULL),
(3, 'PROFAN', NULL, 549, NULL, NULL, NULL, NULL, NULL, NULL, NULL),
(1, 'PROFAN', NULL, 550, NULL, NULL, NULL, NULL, NULL, NULL, NULL),
(3, 'PROFAN', NULL, 551, NULL, NULL, NULL, NULL, NULL, NULL, NULL),
(5, 'PROFAN', NULL, 552, NULL, NULL, NULL, NULL, NULL, NULL, NULL),
(5, 'PROFAN', NULL, 553, NULL, NULL, NULL, NULL, NULL, NULL, NULL),
(5, 'PROFAN', NULL, 554, NULL, NULL, NULL, NULL, NULL, NULL, NULL),
(10, 'PROFAN', NULL, 555, NULL, NULL, NULL, NULL, NULL, NULL, NULL),
(5, 'PROFAN', NULL, 556, NULL, NULL, NULL, NULL, NULL, NULL, NULL),
(15, 'PROFAN', NULL, 557, NULL, NULL, NULL, NULL, NULL, NULL, NULL),
(25, 'PROFAN', NULL, 558, NULL, NULL, NULL, NULL, NULL, NULL, NULL),
(10, 'PROFAN', NULL, 559, NULL, NULL, NULL, NULL, NULL, NULL, NULL),
(5, 'PROFAN', NULL, 560, NULL, NULL, NULL, NULL, NULL, NULL, NULL),
(10, 'PROFAN', NULL, 561, NULL, NULL, NULL, NULL, NULL, NULL, NULL),
(10, 'MAGISCH', NULL, 562, NULL, NULL, NULL, NULL, 34, NULL, NULL),
(15, 'MAGISCH', NULL, 563, NULL, NULL, NULL, NULL, 35, NULL, NULL),
(20, 'MAGISCH', NULL, 564, NULL, NULL, NULL, NULL, 36, NULL, NULL),
(0, 'MAGISCH', NULL, 565, NULL, NULL, NULL, NULL, NULL, NULL, NULL),
(0, 'MAGISCH', NULL, 566, NULL, NULL, NULL, NULL, NULL, NULL, NULL),
(10, 'MAGISCH', NULL, 567, NULL, NULL, NULL, NULL, NULL, NULL, NULL),
(5, 'MAGISCH', NULL, 568, NULL, NULL, NULL, NULL, 24, NULL, NULL),
(0, 'MAGISCH', NULL, 569, NULL, NULL, NULL, NULL, NULL, NULL, NULL),
(0, 'MAGISCH', NULL, 570, NULL, NULL, NULL, NULL, NULL, NULL, NULL),
(10, 'MAGISCH', NULL, 571, NULL, NULL, NULL, NULL, 24, NULL, NULL),
(35, 'MAGISCH', NULL, 572, NULL, NULL, NULL, NULL, 37, NULL, NULL),
(0, 'MAGISCH', NULL, 573, NULL, NULL, NULL, NULL, NULL, NULL, NULL),
(0, 'MAGISCH', NULL, 574, NULL, NULL, NULL, NULL, NULL, NULL, NULL),
(0, 'MAGISCH', NULL, 575, NULL, NULL, NULL, NULL, NULL, NULL, NULL),
(0, 'MAGISCH', NULL, 576, NULL, NULL, NULL, NULL, NULL, NULL, NULL),
(30, 'MAGISCH', NULL, 577, NULL, NULL, NULL, NULL, 38, NULL, NULL),
(0, 'MAGISCH', NULL, 578, NULL, NULL, NULL, NULL, 39, NULL, NULL),
(0, 'MAGISCH', NULL, 579, NULL, NULL, NULL, NULL, 39, NULL, NULL),
(0, 'MAGISCH', NULL, 580, NULL, NULL, NULL, NULL, 39, NULL, NULL),
(0, 'MAGISCH', NULL, 581, NULL, NULL, NULL, NULL, 39, NULL, NULL),
(0, 'MAGISCH', NULL, 582, NULL, NULL, NULL, NULL, 39, NULL, NULL),
(35, 'MAGISCH', NULL, 583, NULL, NULL, NULL, NULL, 38, NULL, NULL),
(0, 'MAGISCH', NULL, 584, NULL, NULL, NULL, NULL, NULL, NULL, NULL),
(10, 'MAGISCH', NULL, 585, NULL, NULL, NULL, NULL, 24, NULL, NULL),
(0, 'MAGISCH', NULL, 586, NULL, NULL, NULL, NULL, NULL, NULL, NULL),
(0, 'MAGISCH', NULL, 587, NULL, NULL, NULL, NULL, NULL, NULL, NULL),
(0, 'MAGISCH', NULL, 588, NULL, NULL, NULL, NULL, NULL, NULL, NULL),
(0, 'MAGISCH', NULL, 589, NULL, NULL, NULL, NULL, NULL, NULL, NULL),
(15, 'MAGISCH', NULL, 590, NULL, NULL, NULL, NULL, 24, NULL, NULL),
(0, 'MAGISCH', NULL, 591, NULL, NULL, NULL, NULL, NULL, NULL, NULL),
(0, 'MAGISCH', NULL, 592, NULL, NULL, NULL, NULL, NULL, NULL, NULL),
(0, 'MAGISCH', NULL, 593, NULL, NULL, NULL, NULL, NULL, NULL, NULL),
(0, 'MAGISCH', NULL, 594, NULL, NULL, NULL, NULL, NULL, NULL, NULL),
(0, 'MAGISCH', NULL, 595, NULL, NULL, NULL, NULL, NULL, NULL, NULL),
(0, 'MAGISCH', NULL, 596, NULL, NULL, NULL, NULL, NULL, NULL, NULL),
(0, 'MAGISCH', NULL, 597, NULL, NULL, NULL, NULL, NULL, NULL, NULL),
(0, 'MAGISCH', NULL, 598, NULL, NULL, NULL, NULL, NULL, NULL, NULL),
(0, 'MAGISCH', NULL, 599, NULL, NULL, NULL, NULL, NULL, NULL, NULL),
(0, 'MAGISCH', NULL, 600, NULL, NULL, NULL, NULL, NULL, NULL, NULL),
(0, 'MAGISCH', NULL, 601, NULL, NULL, NULL, NULL, NULL, NULL, NULL),
(0, 'MAGISCH', NULL, 602, NULL, NULL, NULL, NULL, NULL, NULL, NULL),
(0, 'PROFAN', NULL, 603, NULL, NULL, NULL, NULL, NULL, NULL, NULL),
(0, 'PROFAN', NULL, 604, NULL, NULL, NULL, NULL, NULL, NULL, NULL),
(0, 'PROFAN', NULL, 605, NULL, NULL, NULL, NULL, NULL, NULL, NULL),
(0, 'PROFAN', NULL, 606, NULL, NULL, NULL, NULL, NULL, NULL, NULL),
(0, 'PROFAN', NULL, 607, NULL, NULL, NULL, NULL, NULL, NULL, NULL),
(0, 'PROFAN', NULL, 608, NULL, NULL, NULL, NULL, NULL, NULL, NULL),
(0, 'PROFAN', NULL, 609, NULL, NULL, NULL, NULL, NULL, NULL, NULL),
(0, 'PROFAN', NULL, 610, NULL, NULL, NULL, NULL, NULL, NULL, NULL),
(0, 'PROFAN', NULL, 611, NULL, NULL, NULL, NULL, NULL, NULL, NULL),
(10, 'PROFAN', NULL, 612, NULL, NULL, NULL, NULL, 24, 30, NULL),
(5, 'PROFAN', NULL, 613, NULL, NULL, NULL, NULL, 36, 30, NULL),
(15, 'PROFAN', NULL, 614, NULL, NULL, NULL, NULL, 24, 2, NULL),
(0, 'PROFAN', NULL, 615, NULL, NULL, NULL, NULL, 24, 30, NULL),
(15, 'PROFAN', NULL, 616, NULL, NULL, NULL, NULL, 36, 1, NULL),
(10, 'PROFAN', NULL, 617, NULL, NULL, NULL, NULL, 36, 31, NULL),
(25, 'PROFAN', NULL, 618, NULL, NULL, NULL, NULL, 40, 2, NULL),
(20, 'PROFAN', NULL, 619, NULL, NULL, NULL, NULL, 26, 1, NULL),
(10, 'PROFAN', NULL, 620, NULL, NULL, NULL, NULL, 26, 1, NULL),
(10, 'PROFAN', NULL, 621, NULL, NULL, NULL, NULL, 26, 1, NULL),
(35, 'PROFAN', NULL, 622, NULL, NULL, NULL, NULL, 41, 1, NULL),
(0, 'PROFAN', NULL, 623, NULL, NULL, NULL, NULL, 41, 1, NULL),
(0, 'MAGISCH', 'C', 624, NULL, 1, 2, 4, 42, NULL, NULL),
(0, 'MAGISCH', 'D', 625, NULL, 1, 2, 3, 42, NULL, NULL),
(0, 'MAGISCH', 'B', 626, NULL, 1, 3, 4, 43, NULL, NULL),
(0, 'MAGISCH', 'D', 627, NULL, 1, 3, 4, 44, NULL, NULL),
(0, 'MAGISCH', 'B', 628, NULL, 1, 3, 7, 45, NULL, NULL),
(25, 'MAGISCH', NULL, 629, NULL, NULL, NULL, NULL, NULL, NULL, NULL),
(20, 'MAGISCH', NULL, 630, NULL, NULL, NULL, NULL, NULL, NULL, NULL),
(12, 'MAGISCH', NULL, 631, NULL, NULL, NULL, NULL, NULL, NULL, NULL),
(15, 'MAGISCH', NULL, 632, NULL, NULL, NULL, NULL, NULL, NULL, NULL),
(15, 'MAGISCH', NULL, 633, NULL, NULL, NULL, NULL, NULL, NULL, NULL),
(10, 'MAGISCH', NULL, 634, NULL, NULL, NULL, NULL, NULL, NULL, NULL),
(10, 'MAGISCH', NULL, 635, NULL, NULL, NULL, NULL, NULL, NULL, NULL),
(12, 'MAGISCH', NULL, 636, NULL, NULL, NULL, NULL, NULL, NULL, NULL),
(15, 'MAGISCH', NULL, 637, NULL, NULL, NULL, NULL, NULL, NULL, NULL),
(15, 'MAGISCH', NULL, 638, NULL, NULL, NULL, NULL, NULL, NULL, NULL),
(12, 'MAGISCH', NULL, 639, NULL, NULL, NULL, NULL, NULL, NULL, NULL),
(10, 'MAGISCH', NULL, 640, NULL, NULL, NULL, NULL, NULL, NULL, NULL),
(10, 'MAGISCH', NULL, 641, NULL, NULL, NULL, NULL, NULL, NULL, NULL),
(10, 'MAGISCH', NULL, 642, NULL, NULL, NULL, NULL, NULL, NULL, NULL),
(10, 'MAGISCH', NULL, 643, NULL, NULL, NULL, NULL, NULL, NULL, NULL),
(10, 'MAGISCH', NULL, 644, NULL, NULL, NULL, NULL, NULL, NULL, NULL),
(10, 'MAGISCH', NULL, 645, NULL, NULL, NULL, NULL, NULL, NULL, NULL);

--
-- Daten für Tabelle `spell`
--

INSERT INTO `spell` (`improvement_chart`, `id`, `cast_time_id`, `check1_id`, `check2_id`, `check3_id`, `cost_id`, `duration_id`, `range_id`) VALUES
('D', 658, 1, 1, 2, 4, 14, 32, 1),
('A', 659, 4, 2, 3, 5, 15, 2, 11),
('B', 660, 2, 2, 3, 5, 46, 1, 1),
('C', 661, 4, 1, 3, 6, 47, 1, 1),
('B', 662, 1, 2, 4, 7, 14, 2, 6),
('A', 663, 1, 1, 4, 6, 15, 38, 3),
('A', 664, 3, 1, 4, 7, 15, 19, 1),
('C', 665, 11, 2, 2, 3, 16, 2, 2),
('C', 666, 3, 1, 4, 6, 48, 39, 1),
('B', 667, 3, 1, 3, 4, 17, 2, 2),
('C', 668, 2, 1, 2, 4, 14, 2, 6),
('D', 669, 3, 1, 2, 7, 49, 2, 5),
('A', 670, 3, 2, 3, 4, 46, 1, 3),
('C', 671, 1, 2, 3, 5, 50, 4, 1),
('B', 672, 1, 2, 4, 7, 15, 3, 3),
('B', 673, 4, 2, 3, 4, 51, 1, 2),
('B', 674, 4, 2, 3, 5, 51, 1, 2),
('B', 675, 4, 2, 2, 3, 51, 1, 2),
('B', 676, 4, 2, 3, 8, 52, 1, 2),
('A', 677, 2, 1, 3, 4, 15, 2, 6),
('D', 678, 5, 1, 3, 8, 49, 38, 5),
('A', 679, 3, 3, 4, 5, 53, 16, 2),
('B', 680, 3, 2, 3, 4, 46, 1, 3),
('B', 681, 1, 2, 3, 5, 17, 40, 2),
('B', 682, 5, 2, 3, 5, 54, 2, 2),
('B', 683, 3, 1, 3, 4, 17, 4, 4),
('B', 684, 5, 2, 4, 8, 17, 41, 3),
('A', 685, 3, 2, 3, 4, 15, 2, 3),
('C', 686, 3, 1, 2, 3, 55, 1, 4),
('C', 687, 5, 2, 3, 4, 16, 19, 3),
('A', 688, 1, 1, 3, 4, 15, 3, 3),
('B', 689, 2, 3, 4, 6, 17, 42, 1),
('B', 690, 2, 2, 3, 5, 15, 10, 2),
('C', 691, 2, 2, 3, 7, 16, 43, 3),
('B', 692, 2, 2, 4, 7, 14, 2, 6),
('B', 693, 3, 1, 4, 7, 56, 2, 3),
('B', 694, 1, 1, 2, 4, 57, 32, 1),
('B', 695, 2, 1, 2, 4, 16, 44, 1),
('B', 696, 4, 2, 4, 8, 16, 2, 3),
('B', 697, 4, 1, 2, 4, 58, 1, 1),
('B', 698, 4, 1, 2, 4, 59, 1, 1),
('C', 699, 2, 2, 3, 4, 60, 44, 2),
('C', 700, 2, 1, 3, 4, 61, 1, 1),
('B', 701, 3, 2, 3, 4, 56, 2, 3),
('C', 702, 3, 1, 3, 4, 16, 32, 4),
('C', 703, 12, 2, 4, 6, 17, 2, 4),
('B', 704, 3, 3, 4, 7, 56, 2, 3),
('A', 705, 2, 3, 4, 7, 15, 44, 4),
('B', 706, 3, 1, 3, 4, 17, 19, 2),
('A', 707, 2, 2, 3, 4, 15, 45, 12),
('B', 708, 2, 1, 2, 3, 15, 46, 2),
('A', 709, 1, 3, 5, 4, 15, 38, 1),
('B', 710, 4, 1, 2, 6, 17, 4, 1),
('C', 711, 4, 1, 3, 6, 47, 1, 1),
('A', 712, 1, 1, 2, 4, 62, 1, 3),
('C', 713, 2, 2, 3, 5, 17, 32, 2),
('B', 714, 3, 1, 3, 7, 16, 47, 3),
('C', 715, 1, 2, 3, 7, 14, 2, 3),
('B', 716, 1, 1, 2, 4, 57, 32, 1),
('A', 717, 2, 3, 4, 7, 15, 44, 4),
('A', 718, 4, 2, 3, 6, 23, 2, 1),
('C', 719, 7, 2, 5, 8, 16, 21, 1),
('B', 720, 2, 1, 3, 4, 17, 13, 13),
('C', 721, 2, 1, 2, 4, 16, 48, 3),
('B', 722, 3, 2, 3, 4, 63, 1, 1),
('B', 723, 5, 3, 4, 5, 15, 49, 14),
('B', 724, 3, 2, 4, 5, 56, 2, 3),
('B', 725, 3, 2, 3, 4, 56, 2, 3),
('C', 726, 3, 1, 3, 4, 64, 24, 3),
('B', 727, 13, 1, 2, 4, 17, 2, 3),
('C', 728, 3, 1, 4, 8, 16, 44, 2),
('C', 729, 13, 1, 2, 4, 16, 2, 3),
('B', 730, 1, 2, 5, 8, 65, 1, 6),
('B', 731, 1, 2, 3, 7, 21, 2, 1),
('C', 732, 3, 1, 3, 4, 16, 50, 6),
('A', 733, 1, 2, 3, 7, 15, 5, 1),
('B', 734, 3, 1, 3, 4, 17, 32, 2),
('B', 735, 2, 1, 3, 4, 17, 4, 3),
('C', 736, 2, 1, 2, 4, 14, 2, 6),
('D', 737, 3, 1, 2, 7, 49, 2, 5),
('B', 738, 3, 3, 4, 6, 17, 42, 6),
('B', 739, 3, 2, 3, 4, 56, 2, 3),
('C', 740, 5, 1, 2, 4, 16, 4, 2),
('B', 741, 3, 3, 4, 5, 66, 1, 1),
('B', 742, 1, 2, 4, 7, 14, 2, 6),
('C', 743, 2, 1, 3, 5, 17, 51, 1),
('A', 744, 3, 1, 4, 7, 15, NULL, 11),
('B', 745, 3, 1, 3, 4, 16, 52, 3),
('A', 746, 3, 2, 3, 7, 67, 1, 1),
('B', 747, 3, 2, 3, 4, 68, 2, 4),
('A', 748, 2, 2, 3, 7, 23, 2, 2),
('A', 749, 1, 1, 3, 4, 15, 4, 3),
('C', 750, 3, 3, 4, 7, 69, 4, 2),
('A', 751, 2, 1, 3, 7, 15, 38, 1),
('A', 752, 3, 1, 2, 4, 15, 2, 11),
('A', 753, 3, 2, 3, 4, 46, 1, 3),
('A', 754, 2, 2, 5, 8, 46, 1, 1),
('A', 755, 3, 2, 2, 3, 15, 12, 3),
('A', 756, 3, 2, 4, 5, 23, 17, 3),
('B', 757, 2, 2, 5, 8, 70, 1, 3),
('C', 758, 2, 1, 2, 4, 57, 53, 6),
('B', 759, 4, 1, 2, 4, 17, 2, 4),
('B', 760, 3, 2, 5, 7, 58, 1, 2),
('A', 761, 2, 1, 2, 8, 15, 42, 2),
('B', 762, 3, 2, 3, 5, 56, 2, 3),
('B', 763, 2, 2, 3, 4, 17, 4, 1),
('B', 764, 3, 2, 3, 4, 46, 1, 3),
('A', 765, 2, 2, 3, 3, 15, 9, 3),
('C', 766, 2, 1, 2, 4, 14, 2, 6),
('D', 767, 3, 1, 2, 7, 49, 2, 5),
('B', 768, 2, 2, 3, 7, 17, 54, 3),
('B', 769, 2, 1, 2, 3, 71, 1, 1),
('C', 770, 13, 1, 2, 4, 16, 2, 3),
('A', 771, 3, 1, 2, 3, 17, 2, 11),
('B', 772, 4, 2, 3, 5, 66, 1, 2),
('B', 773, 14, 1, 4, 6, 14, 31, 3),
('B', 774, 4, 1, 3, 4, 72, 4, 1),
('B', 775, 4, 2, 3, 5, 66, 1, 2),
('B', 776, 2, 2, 5, 8, 61, 1, 6),
('A', 777, 3, 2, 4, 5, 23, 4, 4),
('D', 778, 15, 3, 4, 7, 73, 1, 1),
('B', 779, 2, 1, 3, 4, 17, 55, 2),
('C', 780, 4, 2, 3, 7, 16, 11, 2),
('A', 781, 2, 1, 3, 4, 15, 4, 3),
('A', 782, 3, 2, 4, 5, 15, 2, 1),
('B', 783, 3, 2, 3, 7, 17, 11, 1),
('C', 784, 3, 1, 4, 4, 16, 56, 3),
('B', 785, 3, 1, 3, 4, 17, 2, 2),
('B', 786, 3, 1, 3, 4, 17, 16, 3),
('C', 787, 2, 1, 4, 7, 16, 57, 2),
('B', 788, 3, 1, 3, 4, 74, 1, 4),
('B', 789, 4, 2, 5, 8, 46, 1, 1),
('B', 790, 2, 1, 2, 4, 17, 51, 3),
('C', 791, 3, 1, 3, 7, 17, 4, 1),
('B', 792, 4, 1, 3, 4, 17, 5, 3),
('A', 793, 3, 2, 3, 7, 46, 1, 1),
('B', 794, 3, 2, 5, 8, 46, 1, 1),
('C', 795, 2, 1, 3, 7, 16, 44, 6),
('A', 796, 3, 2, 3, 3, 17, 58, 2),
('B', 797, 3, 2, 3, 4, 15, 19, 3),
('B', 798, 3, 2, 3, 5, 56, 2, 3),
('A', 799, 3, 1, 3, 4, 75, 1, 4),
('C', 800, 4, 1, 4, 7, 76, 2, 1),
('B', 801, 3, 2, 4, 5, 56, 2, 3),
('C', 802, 3, 1, 1, 4, 77, 59, 3),
('B', 803, 3, 2, 3, 7, 58, 1, 2),
('A', 804, 2, 1, 3, 6, 15, 4, 1),
('B', 805, 4, 2, 3, 7, 46, 1, 2),
('C', 806, 4, 1, 3, 6, 47, 1, 1),
('C', 807, 2, 2, 3, 4, 17, 19, 3),
('C', 808, 3, 1, 2, 4, 16, 60, 3);

--
-- Daten für Tabelle `spell_targets`
--

INSERT INTO `spell_targets` (`spell_id`, `targets_id`) VALUES
(658, 3),
(659, 13),
(660, 20),
(661, 2),
(662, 1),
(663, 1),
(664, 20),
(665, 20),
(665, 13),
(666, 2),
(667, 2),
(668, 9),
(669, 3),
(670, 21),
(671, 20),
(672, 1),
(673, 2),
(674, 2),
(675, 2),
(676, 2),
(677, 1),
(678, 3),
(679, 13),
(680, 22),
(681, 1),
(682, 2),
(683, 2),
(683, 4),
(684, 1),
(685, 20),
(686, 2),
(686, 4),
(687, 2),
(688, 1),
(689, 1),
(690, 23),
(691, 1),
(692, 1),
(693, 9),
(694, 3),
(695, 3),
(696, 15),
(697, 3),
(698, 3),
(699, 1),
(700, 1),
(701, 9),
(702, 1),
(703, 15),
(704, 9),
(705, 1),
(706, 2),
(707, 24),
(707, 25),
(707, 20),
(707, 26),
(708, 1),
(709, 2),
(710, 2),
(711, 2),
(712, 3),
(713, 23),
(714, 3),
(715, 1),
(716, 3),
(717, 1),
(718, 13),
(719, 3),
(720, 1),
(721, 1),
(722, 20),
(723, 27),
(724, 9),
(725, 9),
(726, 28),
(726, 29),
(726, 30),
(727, 31),
(727, 32),
(728, 1),
(729, 18),
(730, 33),
(731, 20),
(732, 3),
(733, 20),
(734, 1),
(735, 1),
(736, 9),
(737, 3),
(738, 2),
(739, 9),
(740, 2),
(741, 2),
(742, 1),
(743, 34),
(744, 8),
(745, 2),
(746, 20),
(747, 1),
(748, 1),
(749, 11),
(750, 2),
(751, 1),
(752, 8),
(753, 35),
(754, 20),
(755, 36),
(756, 3),
(757, 8),
(758, 3),
(759, 7),
(760, 13),
(761, 13),
(762, 9),
(763, 20),
(764, 3),
(765, 20),
(765, 8),
(766, 9),
(767, 3),
(768, 1),
(769, 9),
(770, 7),
(771, 2),
(772, 1),
(773, 2),
(774, 2),
(775, 1),
(776, 8),
(777, 13),
(778, 1),
(779, 1),
(780, 1),
(781, 11),
(782, 2),
(783, 20),
(784, 3),
(785, 2),
(786, 2),
(787, 2),
(788, 2),
(789, 3),
(790, 37),
(791, 3),
(792, 1),
(793, 1),
(794, 20),
(795, 3),
(796, 38),
(797, 2),
(798, 9),
(799, 11),
(800, 8),
(800, 20),
(801, 9),
(802, 2),
(803, 1),
(804, 3),
(805, 1),
(806, 2),
(807, 2),
(808, 2);

--
-- Daten für Tabelle `target`
--

INSERT INTO `target` (`id`, `name`) VALUES
(1, 'Lebewesen'),
(2, 'Kulturschaffende'),
(3, 'Zone'),
(4, 'übernatürliche Wesen'),
(5, 'Tiere (Ratten)'),
(6, 'Untote'),
(7, 'Dämonen'),
(8, 'Objekt'),
(9, 'alle'),
(10, 'Pflanzen'),
(11, 'Tiere'),
(12, 'Tiere (nur Schlangen)'),
(13, 'Objekte'),
(14, 'geweihte Objekte'),
(15, 'profane Objekte'),
(16, 'profane Objekte (Tierbild)'),
(17, 'Objekt (profane Objekte bis zur Größe einer Truhe)'),
(18, 'Elementare'),
(19, 'profane Objekte (Trommeln)'),
(20, 'Wesen'),
(21, 'Zone (Radius 3 x 3 Schritt)'),
(22, 'Zone (Radius von 5 x 5 Schritt)'),
(23, 'Objekte (Schlösser)'),
(24, 'Lebewesen (außer Pflanzen'),
(25, 'Pilze'),
(26, 'die kleiner als eine Ratte sind)'),
(27, 'Pflanze'),
(28, 'Tiere (domestizierte Tiere'),
(29, 'Wildtiere der Größenkategorie groß'),
(30, 'kleiner)'),
(31, 'Beseelte'),
(32, 'Geister'),
(33, 'Objekt (Holz)'),
(34, 'selbst'),
(35, 'Zone (max. 3 x 3 Schritt)'),
(36, 'Kulturschaffende (selbst)'),
(37, 'Kulturschaffende (Verstorbene)'),
(38, 'Objekte (Zutaten für Alchimica)'),
(39, 'Objekte (Besen)'),
(40, 'Objekte (kleine Flammen)'),
(41, 'Objekte (Kleidung)'),
(42, 'Objekte (Sand)'),
(43, 'Objekte (Bücher)'),
(44, 'Objekte (Waffen)'),
(45, 'Objekte (Essen)'),
(46, 'Objekte (Federkiele)'),
(47, 'Lebewesen (nur der Geweihte selbst)');

-- activate foreign key checks. Keep this in the last line!
SET foreign_key_checks = 1;
