--
-- Delete all old data
--

SET foreign_key_checks = 0;

DELETE FROM `advantage`;
DELETE FROM `aspect`;
DELETE FROM `attribute`;
DELETE FROM `bless`;
DELETE FROM `bless_aspects`;
DELETE FROM `bless_targets`;
DELETE FROM `book`;
DELETE FROM `cantrip`;
DELETE FROM `cantrip_targets`;
DELETE FROM `cast_time`;
DELETE FROM `ceremony`;
DELETE FROM `ceremony_targets`;
DELETE FROM `combat_technique`;
DELETE FROM `combat_technique_primary_attributes`;
DELETE FROM `conditions`;
DELETE FROM `conditions_conditions`;
DELETE FROM `cost`;
DELETE FROM `dependency`;
DELETE FROM `duration`;
DELETE FROM `effect`;
DELETE FROM `experience`;
DELETE FROM `level_check`;
DELETE FROM `level_check_experience`;
DELETE FROM `level_check_fixed`;
DELETE FROM `liturgical_chant`;
DELETE FROM `liturgical_chant_targets`;
DELETE FROM `property`;
DELETE FROM `property_publication`;
DELETE FROM `publication`;
DELETE FROM `ranges`;
DELETE FROM `ritual`;
DELETE FROM `ritual_targets`;
DELETE FROM `skill`;
DELETE FROM `special_ability`;
DELETE FROM `species`;
DELETE FROM `spell`;
DELETE FROM `spell_targets`;
DELETE FROM `target`;



--
-- Daten für Tabelle `advantage`
--

INSERT INTO `advantage` (`ap`, `id`, `range_id`) VALUES
(5, 859, NULL),
(5, 860, NULL),
(10, 861, NULL),
(15, 862, NULL),
(10, 863, NULL),
(10, 864, NULL),
(2, 865, NULL),
(5, 866, NULL),
(6, 867, 17),
(10, 868, NULL),
(0, 869, NULL),
(12, 870, NULL),
(6, 871, NULL),
(12, 872, NULL),
(24, 873, NULL),
(12, 874, NULL),
(12, 875, NULL),
(12, 876, NULL),
(24, 877, NULL),
(6, 878, NULL),
(24, 879, NULL),
(6, 880, NULL),
(12, 881, NULL),
(18, 882, NULL),
(6, 883, NULL),
(12, 884, NULL),
(12, 885, NULL),
(12, 886, NULL),
(12, 887, NULL),
(18, 888, NULL),
(18, 889, NULL),
(18, 890, NULL),
(12, 891, NULL),
(24, 892, NULL),
(18, 893, NULL),
(6, 894, NULL),
(6, 895, NULL),
(12, 896, NULL),
(18, 897, NULL),
(18, 898, NULL),
(18, 899, NULL),
(6, 900, NULL),
(12, 901, NULL),
(12, 902, NULL),
(12, 903, NULL),
(12, 904, NULL),
(18, 905, NULL),
(12, 906, NULL),
(6, 907, NULL),
(6, 908, NULL),
(12, 909, NULL),
(12, 910, NULL),
(6, 911, NULL),
(18, 912, NULL),
(12, 913, NULL),
(6, 914, NULL),
(12, 915, NULL),
(12, 916, NULL),
(12, 917, NULL),
(12, 918, NULL),
(24, 919, NULL),
(12, 920, NULL),
(6, 921, NULL),
(12, 922, NULL),
(6, 923, NULL),
(18, 924, NULL),
(6, 925, NULL),
(18, 926, NULL),
(6, 927, NULL),
(6, 928, NULL),
(6, 929, NULL),
(12, 930, NULL),
(12, 931, NULL),
(6, 932, NULL),
(0, 933, NULL),
(12, 934, NULL),
(6, 935, NULL),
(12, 936, NULL),
(6, 937, NULL),
(12, 938, NULL),
(12, 939, NULL),
(6, 940, NULL),
(6, 941, NULL),
(12, 942, NULL),
(0, 943, NULL),
(12, 944, NULL),
(12, 945, NULL),
(12, 946, NULL),
(12, 947, NULL),
(18, 948, NULL),
(6, 949, NULL),
(6, 950, NULL),
(12, 951, NULL),
(18, 952, NULL),
(12, 953, NULL),
(12, 954, NULL),
(0, 955, NULL),
(12, 956, NULL),
(6, 957, NULL),
(0, 958, NULL),
(6, 959, NULL),
(6, 960, NULL),
(12, 961, NULL),
(12, 962, NULL),
(6, 963, NULL),
(18, 964, NULL),
(12, 965, NULL),
(6, 966, NULL),
(18, 967, NULL),
(12, 968, NULL),
(12, 969, NULL),
(24, 970, NULL),
(6, 971, NULL),
(12, 972, NULL),
(18, 973, NULL),
(12, 974, NULL),
(6, 975, NULL),
(6, 976, NULL),
(18, 977, NULL),
(18, 978, NULL),
(12, 979, NULL),
(18, 980, NULL),
(24, 981, NULL),
(6, 982, NULL),
(18, 983, NULL),
(12, 984, NULL),
(12, 985, NULL),
(12, 986, NULL),
(12, 987, NULL),
(12, 988, NULL),
(6, 989, NULL),
(24, 990, NULL),
(6, 991, NULL),
(12, 992, NULL),
(12, 993, NULL),
(12, 994, NULL),
(12, 995, NULL),
(12, 996, NULL),
(6, 997, NULL),
(18, 998, NULL),
(18, 999, NULL),
(6, 1000, NULL),
(12, 1001, NULL),
(12, 1002, NULL),
(18, 1003, NULL),
(12, 1004, NULL),
(12, 1005, NULL),
(12, 1006, NULL),
(12, 1007, NULL),
(12, 1008, NULL),
(12, 1009, NULL),
(12, 1010, NULL),
(18, 1011, NULL),
(18, 1012, NULL),
(12, 1013, NULL),
(18, 1014, NULL),
(18, 1015, NULL),
(12, 1016, NULL),
(6, 1017, NULL),
(12, 1018, NULL),
(6, 1019, NULL),
(12, 1020, NULL),
(6, 1021, NULL),
(12, 1022, NULL),
(18, 1023, NULL),
(6, 1024, NULL),
(18, 1025, NULL),
(12, 1026, NULL),
(18, 1027, NULL),
(12, 1028, NULL),
(6, 1029, NULL),
(6, 1030, NULL),
(18, 1031, NULL),
(12, 1032, NULL),
(18, 1033, NULL),
(12, 1034, NULL),
(12, 1035, NULL),
(12, 1036, NULL),
(12, 1037, NULL),
(18, 1038, NULL),
(12, 1039, NULL),
(18, 1040, NULL),
(18, 1041, NULL),
(12, 1042, NULL),
(12, 1043, NULL),
(18, 1044, NULL),
(6, 1045, NULL),
(12, 1046, NULL),
(12, 1047, NULL),
(18, 1048, NULL),
(24, 1049, NULL),
(12, 1050, NULL),
(12, 1051, NULL),
(18, 1052, NULL),
(12, 1053, NULL),
(12, 1054, NULL),
(18, 1055, NULL),
(6, 1056, NULL),
(12, 1057, NULL),
(6, 1058, NULL),
(12, 1059, NULL),
(6, 1060, NULL),
(6, 1061, NULL),
(18, 1062, NULL),
(6, 1063, NULL),
(6, 1064, NULL),
(6, 1065, NULL),
(6, 1066, NULL),
(6, 1067, NULL),
(6, 1068, NULL),
(12, 1069, NULL),
(18, 1070, NULL),
(12, 1071, NULL),
(12, 1072, NULL),
(6, 1073, NULL),
(12, 1074, NULL),
(12, 1075, NULL),
(12, 1076, NULL),
(6, 1077, NULL),
(18, 1078, NULL),
(24, 1079, NULL),
(12, 1080, NULL),
(12, 1081, NULL),
(18, 1082, NULL),
(6, 1083, NULL),
(12, 1084, NULL),
(12, 1085, NULL),
(12, 1086, NULL),
(12, 1087, NULL),
(12, 1088, NULL),
(6, 1089, NULL),
(24, 1090, NULL),
(12, 1091, NULL),
(18, 1092, NULL),
(6, 1093, NULL),
(6, 1094, NULL),
(12, 1095, NULL),
(18, 1096, NULL),
(12, 1097, NULL),
(12, 1098, NULL),
(18, 1099, NULL),
(12, 1100, NULL),
(12, 1101, NULL),
(12, 1102, NULL),
(18, 1103, NULL),
(12, 1104, NULL),
(6, 1105, NULL),
(12, 1106, NULL),
(18, 1107, NULL),
(6, 1108, NULL),
(12, 1109, NULL),
(12, 1110, NULL),
(6, 1111, NULL),
(18, 1112, NULL),
(12, 1113, NULL),
(18, 1114, NULL),
(12, 1115, NULL),
(6, 1116, NULL),
(12, 1117, NULL),
(18, 1118, NULL),
(18, 1119, NULL),
(18, 1120, NULL),
(6, 1121, NULL),
(24, 1122, NULL),
(12, 1123, NULL),
(12, 1124, NULL),
(18, 1125, NULL),
(12, 1126, NULL),
(24, 1127, NULL),
(12, 1128, NULL),
(18, 1129, NULL),
(12, 1130, NULL),
(6, 1131, NULL),
(18, 1132, NULL),
(18, 1133, NULL),
(6, 1134, NULL),
(12, 1135, NULL),
(18, 1136, NULL),
(18, 1137, NULL),
(12, 1138, NULL),
(18, 1139, NULL),
(12, 1140, NULL),
(12, 1141, NULL),
(12, 1142, NULL),
(6, 1143, NULL),
(18, 1144, NULL),
(12, 1145, NULL),
(24, 1146, NULL),
(12, 1147, NULL),
(12, 1148, NULL),
(12, 1149, NULL),
(12, 1150, NULL),
(18, 1151, NULL),
(15, 1152, NULL),
(10, 1153, NULL),
(10, 1154, NULL),
(10, 1155, NULL),
(20, 1156, NULL),
(15, 1157, NULL),
(5, 1158, NULL),
(10, 1159, 18),
(3, 1160, NULL),
(8, 1161, NULL),
(15, 1162, 19),
(4, 1163, NULL),
(25, 1164, NULL),
(10, 1165, NULL),
(10, 1166, NULL),
(20, 1167, NULL),
(30, 1168, NULL),
(30, 1169, NULL),
(60, 1170, NULL),
(90, 1171, NULL),
(8, 1172, NULL),
(8, 1173, NULL),
(16, 1174, NULL),
(20, 1175, NULL),
(20, 1176, NULL),
(40, 1177, NULL),
(2, 1178, NULL),
(3, 1179, NULL),
(0, 1180, NULL),
(8, 1181, NULL),
(0, 1182, NULL),
(4, 1183, NULL),
(2, 1184, NULL),
(4, 1185, NULL),
(8, 1186, NULL),
(4, 1187, NULL),
(4, 1188, NULL),
(4, 1189, NULL),
(8, 1190, NULL),
(2, 1191, NULL),
(8, 1192, NULL),
(2, 1193, NULL),
(4, 1194, NULL),
(6, 1195, NULL),
(2, 1196, NULL),
(4, 1197, NULL),
(4, 1198, NULL),
(4, 1199, NULL),
(4, 1200, NULL),
(6, 1201, NULL),
(6, 1202, NULL),
(6, 1203, NULL),
(4, 1204, NULL),
(8, 1205, NULL),
(6, 1206, NULL),
(2, 1207, NULL),
(2, 1208, NULL),
(4, 1209, NULL),
(6, 1210, NULL),
(6, 1211, NULL),
(6, 1212, NULL),
(2, 1213, NULL),
(4, 1214, NULL),
(4, 1215, NULL),
(4, 1216, NULL),
(4, 1217, NULL),
(6, 1218, NULL),
(4, 1219, NULL),
(2, 1220, NULL),
(2, 1221, NULL),
(4, 1222, NULL),
(4, 1223, NULL),
(2, 1224, NULL),
(6, 1225, NULL),
(4, 1226, NULL),
(2, 1227, NULL),
(4, 1228, NULL),
(4, 1229, NULL),
(4, 1230, NULL),
(4, 1231, NULL),
(8, 1232, NULL),
(4, 1233, NULL),
(2, 1234, NULL),
(4, 1235, NULL),
(2, 1236, NULL),
(6, 1237, NULL),
(2, 1238, NULL),
(6, 1239, NULL),
(2, 1240, NULL),
(2, 1241, NULL),
(2, 1242, NULL),
(4, 1243, NULL),
(4, 1244, NULL),
(2, 1245, NULL),
(0, 1246, NULL),
(4, 1247, NULL),
(2, 1248, NULL),
(4, 1249, NULL),
(2, 1250, NULL),
(4, 1251, NULL),
(4, 1252, NULL),
(2, 1253, NULL),
(2, 1254, NULL),
(4, 1255, NULL),
(0, 1256, NULL),
(4, 1257, NULL),
(4, 1258, NULL),
(4, 1259, NULL),
(4, 1260, NULL),
(6, 1261, NULL),
(2, 1262, NULL),
(2, 1263, NULL),
(4, 1264, NULL),
(6, 1265, NULL),
(4, 1266, NULL),
(4, 1267, NULL),
(0, 1268, NULL),
(4, 1269, NULL),
(2, 1270, NULL),
(0, 1271, NULL),
(2, 1272, NULL),
(2, 1273, NULL),
(4, 1274, NULL),
(4, 1275, NULL),
(2, 1276, NULL),
(6, 1277, NULL),
(4, 1278, NULL),
(2, 1279, NULL),
(6, 1280, NULL),
(4, 1281, NULL),
(4, 1282, NULL),
(8, 1283, NULL),
(2, 1284, NULL),
(4, 1285, NULL),
(6, 1286, NULL),
(4, 1287, NULL),
(2, 1288, NULL),
(2, 1289, NULL),
(6, 1290, NULL),
(6, 1291, NULL),
(4, 1292, NULL),
(6, 1293, NULL),
(8, 1294, NULL),
(2, 1295, NULL),
(6, 1296, NULL),
(4, 1297, NULL),
(4, 1298, NULL),
(4, 1299, NULL),
(4, 1300, NULL),
(4, 1301, NULL),
(2, 1302, NULL),
(8, 1303, NULL),
(2, 1304, NULL),
(4, 1305, NULL),
(4, 1306, NULL),
(4, 1307, NULL),
(4, 1308, NULL),
(4, 1309, NULL),
(2, 1310, NULL),
(6, 1311, NULL),
(6, 1312, NULL),
(2, 1313, NULL),
(4, 1314, NULL),
(4, 1315, NULL),
(6, 1316, NULL),
(4, 1317, NULL),
(4, 1318, NULL),
(4, 1319, NULL),
(4, 1320, NULL),
(4, 1321, NULL),
(4, 1322, NULL),
(4, 1323, NULL),
(6, 1324, NULL),
(6, 1325, NULL),
(4, 1326, NULL),
(6, 1327, NULL),
(6, 1328, NULL),
(4, 1329, NULL),
(2, 1330, NULL),
(4, 1331, NULL),
(2, 1332, NULL),
(4, 1333, NULL),
(2, 1334, NULL),
(4, 1335, NULL),
(6, 1336, NULL),
(2, 1337, NULL),
(6, 1338, NULL),
(4, 1339, NULL),
(6, 1340, NULL),
(4, 1341, NULL),
(2, 1342, NULL),
(2, 1343, NULL),
(6, 1344, NULL),
(4, 1345, NULL),
(6, 1346, NULL),
(4, 1347, NULL),
(4, 1348, NULL),
(4, 1349, NULL),
(4, 1350, NULL),
(6, 1351, NULL),
(4, 1352, NULL),
(6, 1353, NULL),
(6, 1354, NULL),
(4, 1355, NULL),
(4, 1356, NULL),
(6, 1357, NULL),
(2, 1358, NULL),
(4, 1359, NULL),
(4, 1360, NULL),
(6, 1361, NULL),
(8, 1362, NULL),
(4, 1363, NULL),
(4, 1364, NULL),
(6, 1365, NULL),
(4, 1366, NULL),
(4, 1367, NULL),
(6, 1368, NULL),
(2, 1369, NULL),
(4, 1370, NULL),
(2, 1371, NULL),
(4, 1372, NULL),
(2, 1373, NULL),
(2, 1374, NULL),
(6, 1375, NULL),
(2, 1376, NULL),
(2, 1377, NULL),
(2, 1378, NULL),
(2, 1379, NULL),
(2, 1380, NULL),
(2, 1381, NULL),
(4, 1382, NULL),
(6, 1383, NULL),
(4, 1384, NULL),
(4, 1385, NULL),
(2, 1386, NULL),
(4, 1387, NULL),
(4, 1388, NULL),
(4, 1389, NULL),
(2, 1390, NULL),
(6, 1391, NULL),
(8, 1392, NULL),
(4, 1393, NULL),
(4, 1394, NULL),
(6, 1395, NULL),
(2, 1396, NULL),
(4, 1397, NULL),
(4, 1398, NULL),
(4, 1399, NULL),
(4, 1400, NULL),
(4, 1401, NULL),
(2, 1402, NULL),
(8, 1403, NULL),
(4, 1404, NULL),
(6, 1405, NULL),
(2, 1406, NULL),
(2, 1407, NULL),
(4, 1408, NULL),
(6, 1409, NULL),
(4, 1410, NULL),
(4, 1411, NULL),
(6, 1412, NULL),
(4, 1413, NULL),
(4, 1414, NULL),
(4, 1415, NULL),
(6, 1416, NULL),
(4, 1417, NULL),
(2, 1418, NULL),
(4, 1419, NULL),
(6, 1420, NULL),
(2, 1421, NULL),
(4, 1422, NULL),
(4, 1423, NULL),
(2, 1424, NULL),
(6, 1425, NULL),
(4, 1426, NULL),
(6, 1427, NULL),
(4, 1428, NULL),
(2, 1429, NULL),
(4, 1430, NULL),
(6, 1431, NULL),
(6, 1432, NULL),
(6, 1433, NULL),
(2, 1434, NULL),
(8, 1435, NULL),
(4, 1436, NULL),
(4, 1437, NULL),
(6, 1438, NULL),
(4, 1439, NULL),
(8, 1440, NULL),
(4, 1441, NULL),
(6, 1442, NULL),
(4, 1443, NULL),
(2, 1444, NULL),
(6, 1445, NULL),
(6, 1446, NULL),
(2, 1447, NULL),
(4, 1448, NULL),
(6, 1449, NULL),
(6, 1450, NULL),
(4, 1451, NULL),
(6, 1452, NULL),
(4, 1453, NULL),
(4, 1454, NULL),
(4, 1455, NULL),
(2, 1456, NULL),
(6, 1457, NULL),
(4, 1458, NULL),
(8, 1459, NULL),
(4, 1460, NULL),
(4, 1461, NULL),
(4, 1462, NULL),
(4, 1463, NULL),
(6, 1464, NULL),
(0, 1465, NULL),
(8, 1466, NULL),
(8, 1467, NULL),
(12, 1468, NULL),
(12, 1469, NULL),
(8, 1470, NULL),
(8, 1471, NULL),
(8, 1472, NULL),
(8, 1473, NULL),
(12, 1474, NULL),
(12, 1475, NULL),
(12, 1476, NULL),
(8, 1477, NULL),
(8, 1478, NULL),
(8, 1479, NULL),
(12, 1480, NULL),
(12, 1481, NULL),
(12, 1482, NULL),
(12, 1483, NULL),
(12, 1484, NULL),
(0, 1485, NULL),
(5, 1486, NULL),
(6, 1487, NULL),
(6, 1488, NULL),
(12, 1489, NULL),
(18, 1490, NULL),
(24, 1491, NULL),
(30, 1492, NULL),
(36, 1493, NULL),
(42, 1494, NULL),
(6, 1495, NULL),
(6, 1496, NULL),
(12, 1497, NULL),
(18, 1498, NULL),
(24, 1499, NULL),
(30, 1500, NULL),
(36, 1501, NULL),
(42, 1502, NULL),
(6, 1503, NULL),
(6, 1504, NULL),
(12, 1505, NULL),
(18, 1506, NULL),
(24, 1507, NULL),
(30, 1508, NULL),
(36, 1509, NULL),
(42, 1510, NULL),
(25, 1511, NULL),
(25, 1512, NULL),
(0, 1513, NULL),
(0, 1514, NULL),
(5, 1515, NULL),
(25, 1516, NULL),
(10, 1517, NULL),
(10, 1518, NULL),
(20, 1519, NULL),
(15, 1520, NULL),
(40, 1521, NULL),
(20, 1522, NULL),
(8, 1523, NULL),
(10, 1524, NULL),
(1, 1525, NULL),
(1, 1526, NULL),
(2, 1527, NULL),
(3, 1528, NULL),
(4, 1529, NULL),
(5, 1530, NULL),
(6, 1531, NULL),
(7, 1532, NULL),
(8, 1533, NULL),
(9, 1534, NULL),
(10, 1535, NULL),
(10, 1536, NULL),
(2, 1537, NULL),
(2, 1538, NULL),
(4, 1539, NULL),
(6, 1540, NULL),
(2, 1541, NULL),
(10, 1542, NULL),
(15, 1543, NULL),
(10, 1544, NULL),
(10, 1545, NULL),
(4, 1546, NULL),
(10, 1547, NULL),
(10, 1548, NULL),
(20, 1549, NULL),
(30, 1550, NULL),
(10, 1551, NULL),
(10, 1552, NULL),
(20, 1553, NULL),
(30, 1554, NULL),
(10, 1555, NULL),
(10, 1556, NULL),
(20, 1557, NULL),
(30, 1558, NULL),
(20, 1559, NULL),
(25, 1560, NULL),
(0, 1561, NULL),
(5, 1562, NULL),
(5, 1563, NULL),
(10, 1564, NULL),
(10, 1565, NULL),
(5, 1566, NULL),
(5, 1567, NULL),
(5, 1568, NULL),
(5, 1569, NULL),
(10, 1570, NULL),
(10, 1571, NULL),
(10, 1572, NULL),
(5, 1573, NULL),
(5, 1574, NULL),
(5, 1575, NULL),
(10, 1576, NULL),
(10, 1577, NULL),
(10, 1578, NULL),
(10, 1579, NULL),
(10, 1580, NULL),
(15, 1581, NULL),
(5, 1582, NULL),
(5, 1583, NULL),
(10, 1584, NULL),
(15, 1585, NULL),
(5, 1586, NULL),
(20, 1587, NULL),
(25, 1588, NULL),
(2, 1589, NULL),
(5, 1590, NULL),
(8, 1591, NULL),
(-8, 1592, NULL),
(-8, 1593, NULL),
(-16, 1594, NULL),
(-24, 1595, NULL),
(-1, 1596, NULL),
(-1, 1597, NULL),
(-2, 1598, NULL),
(-3, 1599, NULL),
(-10, 1600, NULL),
(-4, 1601, NULL),
(-50, 1602, NULL),
(-10, 1603, NULL),
(-10, 1604, NULL),
(0, 1605, NULL),
(-30, 1606, NULL),
(-2, 1607, NULL),
(-25, 1608, NULL),
(-5, 1609, NULL),
(-5, 1610, NULL),
(-10, 1611, NULL),
(3, 1612, NULL),
(-10, 1613, NULL),
(-10, 1614, NULL),
(-20, 1615, NULL),
(-3, 1616, NULL),
(-6, 1617, NULL),
(0, 1618, NULL),
(-10, 1619, NULL),
(-3, 1620, NULL),
(-25, 1621, NULL),
(-25, 1622, NULL),
(0, 1623, NULL),
(0, 1624, NULL),
(0, 1625, NULL),
(-5, 1626, NULL),
(-2, 1627, NULL),
(-5, 1628, NULL),
(-5, 1629, NULL),
(-10, 1630, NULL),
(-3, 1631, NULL),
(-20, 1632, NULL),
(-20, 1633, NULL),
(-30, 1634, NULL),
(-30, 1635, NULL),
(-10, 1636, NULL),
(-2, 1637, NULL),
(-2, 1638, NULL),
(-4, 1639, NULL),
(-6, 1640, NULL),
(-8, 1641, NULL),
(-10, 1642, NULL),
(-12, 1643, NULL),
(-14, 1644, NULL),
(-2, 1645, NULL),
(-2, 1646, NULL),
(-4, 1647, NULL),
(-6, 1648, NULL),
(-8, 1649, NULL),
(-10, 1650, NULL),
(-12, 1651, NULL),
(-14, 1652, NULL),
(-4, 1653, NULL),
(-4, 1654, NULL),
(-8, 1655, NULL),
(-12, 1656, NULL),
(-16, 1657, NULL),
(-20, 1658, NULL),
(-24, 1659, NULL),
(-28, 1660, NULL),
(-25, 1661, NULL),
(-25, 1662, NULL),
(-20, 1663, NULL),
(-20, 1664, NULL),
(-40, 1665, NULL),
(-60, 1666, NULL),
(-5, 1667, NULL),
(-10, 1668, NULL),
(-10, 1669, NULL),
(-10, 1670, NULL),
(-20, 1671, NULL),
(-30, 1672, NULL),
(-3, 1673, NULL),
(-10, 1674, NULL),
(-2, 1675, NULL),
(-5, 1676, NULL),
(-10, 1677, NULL),
(-10, 1678, NULL),
(-20, 1679, NULL),
(-30, 1680, NULL),
(-10, 1681, NULL),
(-10, 1682, NULL),
(-20, 1683, NULL),
(-30, 1684, NULL),
(-10, 1685, NULL),
(-10, 1686, NULL),
(-20, 1687, NULL),
(-30, 1688, NULL),
(-2, 1689, NULL),
(-2, 1690, NULL),
(-15, 1691, NULL),
(-15, 1692, NULL),
(0, 1693, NULL),
(0, 1694, NULL),
(-10, 1695, NULL),
(-15, 1696, NULL),
(-10, 1697, NULL),
(-40, 1698, NULL),
(-40, 1699, NULL),
(0, 1700, NULL),
(-2, 1701, NULL),
(-1, 1702, NULL),
(-2, 1703, NULL),
(-4, 1704, NULL),
(-2, 1705, NULL),
(-2, 1706, NULL),
(-2, 1707, NULL),
(-4, 1708, NULL),
(-1, 1709, NULL),
(-4, 1710, NULL),
(-1, 1711, NULL),
(-2, 1712, NULL),
(-3, 1713, NULL),
(-1, 1714, NULL),
(-2, 1715, NULL),
(-2, 1716, NULL),
(-2, 1717, NULL),
(-2, 1718, NULL),
(-3, 1719, NULL),
(-3, 1720, NULL),
(-3, 1721, NULL),
(-2, 1722, NULL),
(-4, 1723, NULL),
(-3, 1724, NULL),
(-1, 1725, NULL),
(-1, 1726, NULL),
(-2, 1727, NULL),
(-3, 1728, NULL),
(-3, 1729, NULL),
(-3, 1730, NULL),
(-1, 1731, NULL),
(-2, 1732, NULL),
(-2, 1733, NULL),
(-2, 1734, NULL),
(-2, 1735, NULL),
(-3, 1736, NULL),
(-2, 1737, NULL),
(-1, 1738, NULL),
(-1, 1739, NULL),
(-2, 1740, NULL),
(-2, 1741, NULL),
(-1, 1742, NULL),
(-3, 1743, NULL),
(-2, 1744, NULL),
(-1, 1745, NULL),
(-2, 1746, NULL),
(-2, 1747, NULL),
(-2, 1748, NULL),
(-2, 1749, NULL),
(-4, 1750, NULL),
(-2, 1751, NULL),
(-1, 1752, NULL),
(-2, 1753, NULL),
(-1, 1754, NULL),
(-3, 1755, NULL),
(-1, 1756, NULL),
(-3, 1757, NULL),
(-1, 1758, NULL),
(-1, 1759, NULL),
(-1, 1760, NULL),
(-2, 1761, NULL),
(-2, 1762, NULL),
(-1, 1763, NULL),
(0, 1764, NULL),
(-2, 1765, NULL),
(-1, 1766, NULL),
(-2, 1767, NULL),
(-1, 1768, NULL),
(-2, 1769, NULL),
(-2, 1770, NULL),
(-1, 1771, NULL),
(-1, 1772, NULL),
(-2, 1773, NULL),
(0, 1774, NULL),
(-2, 1775, NULL),
(-2, 1776, NULL),
(-2, 1777, NULL),
(-2, 1778, NULL),
(-3, 1779, NULL),
(-1, 1780, NULL),
(-1, 1781, NULL),
(-2, 1782, NULL),
(-3, 1783, NULL),
(-2, 1784, NULL),
(-2, 1785, NULL),
(0, 1786, NULL),
(-2, 1787, NULL),
(-1, 1788, NULL),
(0, 1789, NULL),
(-1, 1790, NULL),
(-1, 1791, NULL),
(-2, 1792, NULL),
(-2, 1793, NULL),
(-1, 1794, NULL),
(-3, 1795, NULL),
(-2, 1796, NULL),
(-1, 1797, NULL),
(-3, 1798, NULL),
(-2, 1799, NULL),
(-2, 1800, NULL),
(-4, 1801, NULL),
(-1, 1802, NULL),
(-2, 1803, NULL),
(-3, 1804, NULL),
(-2, 1805, NULL),
(-1, 1806, NULL),
(-1, 1807, NULL),
(-3, 1808, NULL),
(-3, 1809, NULL),
(-2, 1810, NULL),
(-3, 1811, NULL),
(-4, 1812, NULL),
(-1, 1813, NULL),
(-3, 1814, NULL),
(-2, 1815, NULL),
(-2, 1816, NULL),
(-2, 1817, NULL),
(-2, 1818, NULL),
(-2, 1819, NULL),
(-1, 1820, NULL),
(-4, 1821, NULL),
(-1, 1822, NULL),
(-2, 1823, NULL),
(-2, 1824, NULL),
(-2, 1825, NULL),
(-2, 1826, NULL),
(-2, 1827, NULL),
(-1, 1828, NULL),
(-3, 1829, NULL),
(-3, 1830, NULL),
(-1, 1831, NULL),
(-2, 1832, NULL),
(-2, 1833, NULL),
(-3, 1834, NULL),
(-2, 1835, NULL),
(-2, 1836, NULL),
(-2, 1837, NULL),
(-2, 1838, NULL),
(-2, 1839, NULL),
(-2, 1840, NULL),
(-2, 1841, NULL),
(-3, 1842, NULL),
(-3, 1843, NULL),
(-2, 1844, NULL),
(-3, 1845, NULL),
(-3, 1846, NULL),
(-2, 1847, NULL),
(-1, 1848, NULL),
(-2, 1849, NULL),
(-1, 1850, NULL),
(-2, 1851, NULL),
(-1, 1852, NULL),
(-2, 1853, NULL),
(-3, 1854, NULL),
(-1, 1855, NULL),
(-3, 1856, NULL),
(-2, 1857, NULL),
(-3, 1858, NULL),
(-2, 1859, NULL),
(-1, 1860, NULL),
(-1, 1861, NULL),
(-3, 1862, NULL),
(-2, 1863, NULL),
(-3, 1864, NULL),
(-2, 1865, NULL),
(-2, 1866, NULL),
(-2, 1867, NULL),
(-2, 1868, NULL),
(-3, 1869, NULL),
(-2, 1870, NULL),
(-3, 1871, NULL),
(-3, 1872, NULL),
(-2, 1873, NULL),
(-2, 1874, NULL),
(-3, 1875, NULL),
(-1, 1876, NULL),
(-2, 1877, NULL),
(-2, 1878, NULL),
(-3, 1879, NULL),
(-4, 1880, NULL),
(-2, 1881, NULL),
(-2, 1882, NULL),
(-3, 1883, NULL),
(-2, 1884, NULL),
(-2, 1885, NULL),
(-3, 1886, NULL),
(-1, 1887, NULL),
(-2, 1888, NULL),
(-1, 1889, NULL),
(-2, 1890, NULL),
(-1, 1891, NULL),
(-1, 1892, NULL),
(-3, 1893, NULL),
(-1, 1894, NULL),
(-1, 1895, NULL),
(-1, 1896, NULL),
(-1, 1897, NULL),
(-1, 1898, NULL),
(-1, 1899, NULL),
(-2, 1900, NULL),
(-3, 1901, NULL),
(-2, 1902, NULL),
(-2, 1903, NULL),
(-1, 1904, NULL),
(-2, 1905, NULL),
(-2, 1906, NULL),
(-2, 1907, NULL),
(-1, 1908, NULL),
(-3, 1909, NULL),
(-4, 1910, NULL),
(-2, 1911, NULL),
(-2, 1912, NULL),
(-3, 1913, NULL),
(-1, 1914, NULL),
(-2, 1915, NULL),
(-2, 1916, NULL),
(-2, 1917, NULL),
(-2, 1918, NULL),
(-2, 1919, NULL),
(-1, 1920, NULL),
(-4, 1921, NULL),
(-2, 1922, NULL),
(-3, 1923, NULL),
(-1, 1924, NULL),
(-1, 1925, NULL),
(-2, 1926, NULL),
(-3, 1927, NULL),
(-2, 1928, NULL),
(-2, 1929, NULL),
(-3, 1930, NULL),
(-2, 1931, NULL),
(-2, 1932, NULL),
(-2, 1933, NULL),
(-3, 1934, NULL),
(-2, 1935, NULL),
(-1, 1936, NULL),
(-2, 1937, NULL),
(-3, 1938, NULL),
(-1, 1939, NULL),
(-2, 1940, NULL),
(-2, 1941, NULL),
(-1, 1942, NULL),
(-3, 1943, NULL),
(-2, 1944, NULL),
(-3, 1945, NULL),
(-2, 1946, NULL),
(-1, 1947, NULL),
(-2, 1948, NULL),
(-3, 1949, NULL),
(-3, 1950, NULL),
(-3, 1951, NULL),
(-1, 1952, NULL),
(-4, 1953, NULL),
(-2, 1954, NULL),
(-2, 1955, NULL),
(-3, 1956, NULL),
(-2, 1957, NULL),
(-4, 1958, NULL),
(-2, 1959, NULL),
(-3, 1960, NULL),
(-2, 1961, NULL),
(-1, 1962, NULL),
(-3, 1963, NULL),
(-3, 1964, NULL),
(-1, 1965, NULL),
(-2, 1966, NULL),
(-3, 1967, NULL),
(-3, 1968, NULL),
(-2, 1969, NULL),
(-3, 1970, NULL),
(-2, 1971, NULL),
(-2, 1972, NULL),
(-2, 1973, NULL),
(-1, 1974, NULL),
(-3, 1975, NULL),
(-2, 1976, NULL),
(-4, 1977, NULL),
(-2, 1978, NULL),
(-2, 1979, NULL),
(-2, 1980, NULL),
(-2, 1981, NULL),
(-3, 1982, NULL),
(-8, 1983, NULL),
(-4, 1984, NULL),
(-2, 1985, NULL),
(-2, 1986, NULL),
(-4, 1987, NULL),
(-6, 1988, NULL),
(-2, 1989, NULL),
(-2, 1990, NULL),
(-4, 1991, NULL),
(-6, 1992, NULL),
(-10, 1993, NULL),
(-10, 1994, NULL),
(-20, 1995, NULL),
(-30, 1996, NULL),
(0, 1997, NULL),
(3, 1998, NULL),
(-10, 1999, NULL),
(-10, 2000, NULL),
(-12, 2001, NULL),
(-12, 2002, NULL),
(-24, 2003, NULL),
(-20, 2004, NULL);

--
-- Daten für Tabelle `aspect`
--

INSERT INTO `aspect` (`id`, `name`) VALUES
(1, 'allgemein');

--
-- Daten für Tabelle `attribute`
--

INSERT INTO `attribute` (`improvement_chart`, `id`) VALUES
('E', 1),
('E', 2),
('E', 3),
('E', 4),
('E', 5),
('E', 6),
('E', 7),
('E', 8);

--
-- Daten für Tabelle `bless`
--

INSERT INTO `bless` (`id`, `cost_id`, `duration_id`, `range_id`) VALUES
(646, NULL, 12, 4),
(647, NULL, 32, 1),
(648, NULL, 33, 2),
(649, NULL, 34, 2),
(650, NULL, 35, 2),
(651, NULL, 34, 2),
(652, NULL, 2, 2),
(653, NULL, 36, 4),
(654, NULL, 2, 2),
(655, NULL, 37, 1),
(656, NULL, 2, 2),
(657, NULL, 34, 2);

--
-- Daten für Tabelle `bless_aspects`
--

INSERT INTO `bless_aspects` (`bless_id`, `aspects_id`) VALUES
(646, 1),
(647, 1),
(648, 1),
(649, 1),
(650, 1),
(651, 1),
(652, 1),
(653, 1),
(654, 1),
(655, 1),
(656, 1),
(657, 1);

--
-- Daten für Tabelle `bless_targets`
--

INSERT INTO `bless_targets` (`bless_id`, `targets_id`) VALUES
(646, 2),
(647, 2),
(648, 2),
(649, 2),
(650, 3),
(651, 2),
(652, 2),
(653, 3),
(654, 8),
(655, 2),
(656, 8),
(657, 2);

--
-- Daten für Tabelle `book`
--

INSERT INTO `book` (`id`, `is_required`, `name`, `shop_url`) VALUES
(1, TRUE, 'Regelwerk', 'https://www.ulisses-ebooks.de/product/151474'),
(2, FALSE, 'Aventurische Rüstkammer', 'https://www.ulisses-ebooks.de/product'),
(3, FALSE, 'Aventurisches Kompendium', 'https://www.ulisses-ebooks.de/product/186397'),
(4, FALSE, 'Offenbarung des Himmels', 'https://www.ulisses-ebooks.de/product/155457'),
(5, NULL, 'Klingen der Nacht', NULL),
(6, NULL, 'Der grüne Zug', NULL),
(7, NULL, 'Kaiser der Diebe', NULL),
(8, NULL, 'Der Weiße See', NULL),
(9, NULL, 'Die Streitenden Königreiche', NULL),
(10, NULL, 'Der schwarze Forst', NULL),
(11, NULL, 'Deicherbe', NULL),
(12, NULL, 'Aventurische Namen', NULL),
(13, NULL, 'DSA5-Meisterschirm', NULL),
(14, NULL, 'Drachenwerk & Räuberpack', NULL),
(15, NULL, 'Aventurische Magie', NULL),
(16, NULL, 'Aventurisches Bestiarium', NULL),
(17, NULL, 'Das blaue Buch', NULL),
(18, NULL, 'Aveturische Namen', NULL);

--
-- Daten für Tabelle `cantrip`
--

INSERT INTO `cantrip` (`id`, `duration_id`, `range_id`) VALUES
(809, 2, 2),
(810, 2, 2),
(811, 2, 1),
(812, 61, 3),
(813, 2, 15),
(814, 62, 2),
(815, 9, 1),
(816, 32, 1),
(817, 63, 3),
(818, 32, 6),
(819, 32, 1),
(820, 2, 1),
(821, 2, 3),
(822, 2, 4),
(823, 2, 1),
(824, 32, 2),
(825, 64, 3),
(826, 2, 3),
(827, 32, 1),
(828, 65, 1),
(829, 10, 3),
(830, 10, 11),
(831, 2, 1),
(832, 32, 4),
(833, 2, 1),
(834, 65, 1),
(835, 2, 2),
(836, 32, 1),
(837, 2, 4),
(838, 9, 11),
(839, 2, 6),
(840, 32, 1),
(841, 2, 1),
(842, 2, 4),
(843, 2, 2),
(844, 62, 2),
(845, 32, 1),
(846, 2, 1),
(847, 2, 2),
(848, 2, 4),
(849, 66, 1),
(850, 2, 11),
(851, 67, 11);

--
-- Daten für Tabelle `cantrip_targets`
--

INSERT INTO `cantrip_targets` (`cantrip_id`, `targets_id`) VALUES
(809, 8),
(810, 2),
(811, 2),
(812, 3),
(813, 11),
(814, 2),
(815, 2),
(816, 2),
(817, 2),
(818, 13),
(819, 2),
(820, 8),
(821, 2),
(822, 2),
(823, 2),
(824, 8),
(825, 2),
(826, 2),
(827, 3),
(828, 2),
(829, 39),
(830, 2),
(831, 40),
(832, 11),
(833, 2),
(834, 41),
(835, 10),
(836, 2),
(837, 2),
(838, 42),
(839, 43),
(840, 2),
(841, 2),
(842, 8),
(842, 20),
(843, 8),
(844, 2),
(845, 8),
(845, 2),
(846, 2),
(847, 44),
(848, 3),
(849, 2),
(850, 45),
(851, 46);

--
-- Daten für Tabelle `cast_time`
--

INSERT INTO `cast_time` (`id`, `name`) VALUES
(1, '1 Aktion'),
(2, '2 Aktionen'),
(3, '4 Aktionen'),
(4, '8 Aktionen'),
(5, '16 Aktionen'),
(6, '4 Aktion'),
(7, '5 Minuten'),
(8, '8 Stunden'),
(9, '30 Minuten'),
(10, '2 Stunden'),
(11, '32 Aktionen'),
(12, '4 Aktionen (kann nicht modifiziert werden)'),
(13, '8 Aktionen (Zauberdauer ist nicht modifizierbar)'),
(14, '2 Aktionen (Zauberdauer ist nicht modifizierbar)'),
(15, '4 Aktionen (Zauberdauer ist nicht modifizierbar)'),
(16, '2 Stunden (Zeremoniedauer nicht modifizierbar)');

--
-- Daten für Tabelle `ceremony`
--

INSERT INTO `ceremony` (`improvement_chart`, `id`, `cast_time_id`, `check1_id`, `check2_id`, `check3_id`, `cost_id`, `duration_id`, `range_id`) VALUES
('B', 852, 10, 1, 2, 3, 13, 68, 16),
('D', 853, 16, 1, 3, 7, 78, 69, 5),
('B', 854, 8, 1, 3, 4, 79, 2, 4),
('B', 855, 9, 1, 3, 4, 13, 13, 1),
('B', 856, 9, 1, 2, 3, 13, 11, 1),
('B', 857, 9, 2, 3, 4, 13, 21, 1),
('C', 858, 10, 2, 3, 4, 80, 70, 4);

--
-- Daten für Tabelle `ceremony_targets`
--

INSERT INTO `ceremony_targets` (`ceremony_id`, `targets_id`) VALUES
(852, 10),
(853, 2),
(854, 7),
(854, 32),
(855, 2),
(856, 47),
(857, 2),
(858, 8);

--
-- Daten für Tabelle `combat_technique`
--

INSERT INTO `combat_technique` (`improvement_chart`, `is_ranged_combat`, `id`) VALUES
('B', TRUE, 68),
('B', TRUE, 69),
('C', TRUE, 70),
('C', TRUE, 71),
('B', TRUE, 72),
('B', TRUE, 73),
('B', TRUE, 74),
('B', FALSE, 75),
('C', FALSE, 76),
('C', FALSE, 77),
('C', FALSE, 78),
('B', FALSE, 79),
('B', FALSE, 80),
('B', FALSE, 81),
('C', FALSE, 82),
('C', FALSE, 83),
('C', FALSE, 84),
('C', FALSE, 85),
('C', FALSE, 86);

--
-- Daten für Tabelle `combat_technique_primary_attributes`
--

INSERT INTO `combat_technique_primary_attributes` (`combat_technique_id`, `primary_attributes_id`) VALUES
(68, 5),
(69, 5),
(70, 5),
(71, 5),
(72, 5),
(73, 5),
(74, 5),
(75, 6),
(76, 6),
(77, 8),
(78, 8),
(79, 8),
(80, 5),
(81, 6),
(81, 8),
(82, 8),
(83, 6),
(83, 8),
(84, 6),
(84, 8),
(85, 8),
(86, 8);

--
-- Daten für Tabelle `conditions`
--

INSERT INTO `conditions` (`type`, `id`, `comparison`, `n`, `modifier`, `level_check_id`, `property_id`, `not_id`) VALUES
('HAS', 1, NULL, NULL, NULL, NULL, 1, NULL),
('HAS', 2, NULL, NULL, NULL, NULL, 2, NULL),
('HAS', 3, NULL, NULL, NULL, NULL, 3, NULL),
('HAS', 4, NULL, NULL, NULL, NULL, 4, NULL),
('HAS', 5, NULL, NULL, NULL, NULL, 5, NULL),
('HAS', 6, NULL, NULL, NULL, NULL, 6, NULL),
('HAS', 7, NULL, NULL, NULL, NULL, 7, NULL),
('HAS', 8, NULL, NULL, NULL, NULL, 8, NULL),
('AND', 9, 'EXACT', -1, NULL, NULL, NULL, NULL),
('HAS', 10, NULL, NULL, NULL, NULL, 1, NULL),
('HAS', 11, NULL, NULL, NULL, NULL, 3, NULL),
('HAS', 12, NULL, NULL, NULL, NULL, 6, NULL),
('AND', 13, 'EXACT', -1, NULL, NULL, NULL, NULL),
('HAS', 14, NULL, NULL, NULL, NULL, 1, NULL),
('HAS', 15, NULL, NULL, NULL, NULL, 4, NULL),
('HAS', 16, NULL, NULL, NULL, NULL, 5, NULL),
('AND', 17, 'EXACT', -1, NULL, NULL, NULL, NULL),
('HAS', 18, NULL, NULL, NULL, NULL, 1, NULL),
('HAS', 19, NULL, NULL, NULL, NULL, 6, NULL),
('HAS', 20, NULL, NULL, NULL, NULL, 8, NULL),
('AND', 21, 'EXACT', -1, NULL, NULL, NULL, NULL),
('HAS', 22, NULL, NULL, NULL, NULL, 6, NULL),
('HAS', 23, NULL, NULL, NULL, NULL, 6, NULL),
('HAS', 24, NULL, NULL, NULL, NULL, 7, NULL),
('AND', 25, 'EXACT', -1, NULL, NULL, NULL, NULL),
('HAS', 26, NULL, NULL, NULL, NULL, 7, NULL),
('HAS', 27, NULL, NULL, NULL, NULL, 8, NULL),
('HAS', 28, NULL, NULL, NULL, NULL, 8, NULL),
('AND', 29, 'EXACT', -1, NULL, NULL, NULL, NULL),
('HAS', 30, NULL, NULL, NULL, NULL, 4, NULL),
('HAS', 31, NULL, NULL, NULL, NULL, 6, NULL),
('HAS', 32, NULL, NULL, NULL, NULL, 8, NULL),
('AND', 33, 'EXACT', -1, NULL, NULL, NULL, NULL),
('HAS', 34, NULL, NULL, NULL, NULL, 6, NULL),
('HAS', 35, NULL, NULL, NULL, NULL, 7, NULL),
('HAS', 36, NULL, NULL, NULL, NULL, 8, NULL),
('AND', 37, 'EXACT', -1, NULL, NULL, NULL, NULL),
('HAS', 38, NULL, NULL, NULL, NULL, 1, NULL),
('HAS', 39, NULL, NULL, NULL, NULL, 1, NULL),
('HAS', 40, NULL, NULL, NULL, NULL, 7, NULL),
('AND', 41, 'EXACT', -1, NULL, NULL, NULL, NULL),
('HAS', 42, NULL, NULL, NULL, NULL, 2, NULL),
('HAS', 43, NULL, NULL, NULL, NULL, 4, NULL),
('HAS', 44, NULL, NULL, NULL, NULL, 7, NULL),
('AND', 45, 'EXACT', -1, NULL, NULL, NULL, NULL),
('HAS', 46, NULL, NULL, NULL, NULL, 2, NULL),
('HAS', 47, NULL, NULL, NULL, NULL, 3, NULL),
('HAS', 48, NULL, NULL, NULL, NULL, 3, NULL),
('AND', 49, 'EXACT', -1, NULL, NULL, NULL, NULL),
('HAS', 50, NULL, NULL, NULL, NULL, 2, NULL),
('HAS', 51, NULL, NULL, NULL, NULL, 4, NULL),
('HAS', 52, NULL, NULL, NULL, NULL, 6, NULL),
('AND', 53, 'EXACT', -1, NULL, NULL, NULL, NULL),
('HAS', 54, NULL, NULL, NULL, NULL, 1, NULL),
('HAS', 55, NULL, NULL, NULL, NULL, 5, NULL),
('HAS', 56, NULL, NULL, NULL, NULL, 6, NULL),
('AND', 57, 'EXACT', -1, NULL, NULL, NULL, NULL),
('HAS', 58, NULL, NULL, NULL, NULL, 1, NULL),
('HAS', 59, NULL, NULL, NULL, NULL, 3, NULL),
('HAS', 60, NULL, NULL, NULL, NULL, 6, NULL),
('AND', 61, 'EXACT', -1, NULL, NULL, NULL, NULL),
('HAS', 62, NULL, NULL, NULL, NULL, 2, NULL),
('HAS', 63, NULL, NULL, NULL, NULL, 7, NULL),
('HAS', 64, NULL, NULL, NULL, NULL, 8, NULL),
('AND', 65, 'EXACT', -1, NULL, NULL, NULL, NULL),
('HAS', 66, NULL, NULL, NULL, NULL, 1, NULL),
('HAS', 67, NULL, NULL, NULL, NULL, 2, NULL),
('HAS', 68, NULL, NULL, NULL, NULL, 4, NULL),
('AND', 69, 'EXACT', -1, NULL, NULL, NULL, NULL),
('HAS', 70, NULL, NULL, NULL, NULL, 1, NULL),
('HAS', 71, NULL, NULL, NULL, NULL, 4, NULL),
('HAS', 72, NULL, NULL, NULL, NULL, 4, NULL),
('AND', 73, 'EXACT', -1, NULL, NULL, NULL, NULL),
('HAS', 74, NULL, NULL, NULL, NULL, 1, NULL),
('HAS', 75, NULL, NULL, NULL, NULL, 3, NULL),
('HAS', 76, NULL, NULL, NULL, NULL, 4, NULL),
('AND', 77, 'EXACT', -1, NULL, NULL, NULL, NULL),
('HAS', 78, NULL, NULL, NULL, NULL, 2, NULL),
('HAS', 79, NULL, NULL, NULL, NULL, 3, NULL),
('HAS', 80, NULL, NULL, NULL, NULL, 4, NULL),
('AND', 81, 'EXACT', -1, NULL, NULL, NULL, NULL),
('HAS', 82, NULL, NULL, NULL, NULL, 2, NULL),
('HAS', 83, NULL, NULL, NULL, NULL, 3, NULL),
('HAS', 84, NULL, NULL, NULL, NULL, 4, NULL),
('AND', 85, 'EXACT', -1, NULL, NULL, NULL, NULL),
('HAS', 86, NULL, NULL, NULL, NULL, 2, NULL),
('HAS', 87, NULL, NULL, NULL, NULL, 3, NULL),
('HAS', 88, NULL, NULL, NULL, NULL, 4, NULL),
('AND', 89, 'EXACT', -1, NULL, NULL, NULL, NULL),
('HAS', 90, NULL, NULL, NULL, NULL, 1, NULL),
('HAS', 91, NULL, NULL, NULL, NULL, 3, NULL),
('HAS', 92, NULL, NULL, NULL, NULL, 4, NULL),
('AND', 93, 'EXACT', -1, NULL, NULL, NULL, NULL),
('HAS', 94, NULL, NULL, NULL, NULL, 3, NULL),
('HAS', 95, NULL, NULL, NULL, NULL, 4, NULL),
('HAS', 96, NULL, NULL, NULL, NULL, 6, NULL),
('AND', 97, 'EXACT', -1, NULL, NULL, NULL, NULL),
('HAS', 98, NULL, NULL, NULL, NULL, 1, NULL),
('HAS', 99, NULL, NULL, NULL, NULL, 3, NULL),
('HAS', 100, NULL, NULL, NULL, NULL, 4, NULL),
('AND', 101, 'EXACT', -1, NULL, NULL, NULL, NULL),
('HAS', 102, NULL, NULL, NULL, NULL, 1, NULL),
('HAS', 103, NULL, NULL, NULL, NULL, 3, NULL),
('HAS', 104, NULL, NULL, NULL, NULL, 6, NULL),
('AND', 105, 'EXACT', -1, NULL, NULL, NULL, NULL),
('HAS', 106, NULL, NULL, NULL, NULL, 2, NULL),
('HAS', 107, NULL, NULL, NULL, NULL, 5, NULL),
('HAS', 108, NULL, NULL, NULL, NULL, 8, NULL),
('AND', 109, 'EXACT', -1, NULL, NULL, NULL, NULL),
('HAS', 110, NULL, NULL, NULL, NULL, 5, NULL),
('HAS', 111, NULL, NULL, NULL, NULL, 6, NULL),
('HAS', 112, NULL, NULL, NULL, NULL, 7, NULL),
('AND', 113, 'EXACT', -1, NULL, NULL, NULL, NULL),
('HAS', 114, NULL, NULL, NULL, NULL, 2, NULL),
('HAS', 115, NULL, NULL, NULL, NULL, 3, NULL),
('HAS', 116, NULL, NULL, NULL, NULL, 3, NULL),
('AND', 117, 'EXACT', -1, NULL, NULL, NULL, NULL),
('HAS', 118, NULL, NULL, NULL, NULL, 2, NULL),
('HAS', 119, NULL, NULL, NULL, NULL, 5, NULL),
('HAS', 120, NULL, NULL, NULL, NULL, 7, NULL),
('AND', 121, 'EXACT', -1, NULL, NULL, NULL, NULL),
('HAS', 122, NULL, NULL, NULL, NULL, 1, NULL),
('HAS', 123, NULL, NULL, NULL, NULL, 1, NULL),
('HAS', 124, NULL, NULL, NULL, NULL, 7, NULL),
('AND', 125, 'EXACT', -1, NULL, NULL, NULL, NULL),
('HAS', 126, NULL, NULL, NULL, NULL, 1, NULL),
('HAS', 127, NULL, NULL, NULL, NULL, 6, NULL),
('HAS', 128, NULL, NULL, NULL, NULL, 7, NULL),
('AND', 129, 'EXACT', -1, NULL, NULL, NULL, NULL),
('HAS', 130, NULL, NULL, NULL, NULL, 2, NULL),
('HAS', 131, NULL, NULL, NULL, NULL, 2, NULL),
('HAS', 132, NULL, NULL, NULL, NULL, 3, NULL),
('AND', 133, 'EXACT', -1, NULL, NULL, NULL, NULL),
('HAS', 134, NULL, NULL, NULL, NULL, 2, NULL),
('HAS', 135, NULL, NULL, NULL, NULL, 2, NULL),
('HAS', 136, NULL, NULL, NULL, NULL, 3, NULL),
('AND', 137, 'EXACT', -1, NULL, NULL, NULL, NULL),
('HAS', 138, NULL, NULL, NULL, NULL, 2, NULL),
('HAS', 139, NULL, NULL, NULL, NULL, 2, NULL),
('HAS', 140, NULL, NULL, NULL, NULL, 3, NULL),
('AND', 141, 'EXACT', -1, NULL, NULL, NULL, NULL),
('HAS', 142, NULL, NULL, NULL, NULL, 2, NULL),
('HAS', 143, NULL, NULL, NULL, NULL, 2, NULL),
('HAS', 144, NULL, NULL, NULL, NULL, 3, NULL),
('AND', 145, 'EXACT', -1, NULL, NULL, NULL, NULL),
('HAS', 146, NULL, NULL, NULL, NULL, 1, NULL),
('HAS', 147, NULL, NULL, NULL, NULL, 2, NULL),
('HAS', 148, NULL, NULL, NULL, NULL, 3, NULL),
('AND', 149, 'EXACT', -1, NULL, NULL, NULL, NULL),
('HAS', 150, NULL, NULL, NULL, NULL, 2, NULL),
('HAS', 151, NULL, NULL, NULL, NULL, 2, NULL),
('HAS', 152, NULL, NULL, NULL, NULL, 3, NULL),
('AND', 153, 'EXACT', -1, NULL, NULL, NULL, NULL),
('HAS', 154, NULL, NULL, NULL, NULL, 2, NULL),
('HAS', 155, NULL, NULL, NULL, NULL, 2, NULL),
('HAS', 156, NULL, NULL, NULL, NULL, 5, NULL),
('AND', 157, 'EXACT', -1, NULL, NULL, NULL, NULL),
('HAS', 158, NULL, NULL, NULL, NULL, 2, NULL),
('HAS', 159, NULL, NULL, NULL, NULL, 2, NULL),
('HAS', 160, NULL, NULL, NULL, NULL, 5, NULL),
('AND', 161, 'EXACT', -1, NULL, NULL, NULL, NULL),
('HAS', 162, NULL, NULL, NULL, NULL, 2, NULL),
('HAS', 163, NULL, NULL, NULL, NULL, 2, NULL),
('HAS', 164, NULL, NULL, NULL, NULL, 3, NULL),
('AND', 165, 'EXACT', -1, NULL, NULL, NULL, NULL),
('HAS', 166, NULL, NULL, NULL, NULL, 2, NULL),
('HAS', 167, NULL, NULL, NULL, NULL, 2, NULL),
('HAS', 168, NULL, NULL, NULL, NULL, 3, NULL),
('AND', 169, 'EXACT', -1, NULL, NULL, NULL, NULL),
('HAS', 170, NULL, NULL, NULL, NULL, 2, NULL),
('HAS', 171, NULL, NULL, NULL, NULL, 2, NULL),
('HAS', 172, NULL, NULL, NULL, NULL, 3, NULL),
('AND', 173, 'EXACT', -1, NULL, NULL, NULL, NULL),
('HAS', 174, NULL, NULL, NULL, NULL, 2, NULL),
('HAS', 175, NULL, NULL, NULL, NULL, 2, NULL),
('HAS', 176, NULL, NULL, NULL, NULL, 3, NULL),
('AND', 177, 'EXACT', -1, NULL, NULL, NULL, NULL),
('HAS', 178, NULL, NULL, NULL, NULL, 1, NULL),
('HAS', 179, NULL, NULL, NULL, NULL, 2, NULL),
('HAS', 180, NULL, NULL, NULL, NULL, 5, NULL),
('AND', 181, 'EXACT', -1, NULL, NULL, NULL, NULL),
('HAS', 182, NULL, NULL, NULL, NULL, 5, NULL),
('HAS', 183, NULL, NULL, NULL, NULL, 6, NULL),
('HAS', 184, NULL, NULL, NULL, NULL, 8, NULL),
('AND', 185, 'EXACT', -1, NULL, NULL, NULL, NULL),
('HAS', 186, NULL, NULL, NULL, NULL, 4, NULL),
('HAS', 187, NULL, NULL, NULL, NULL, 5, NULL),
('HAS', 188, NULL, NULL, NULL, NULL, 7, NULL),
('AND', 189, 'EXACT', -1, NULL, NULL, NULL, NULL),
('HAS', 190, NULL, NULL, NULL, NULL, 2, NULL),
('HAS', 191, NULL, NULL, NULL, NULL, 3, NULL),
('HAS', 192, NULL, NULL, NULL, NULL, 4, NULL),
('AND', 193, 'EXACT', -1, NULL, NULL, NULL, NULL),
('HAS', 194, NULL, NULL, NULL, NULL, 1, NULL),
('HAS', 195, NULL, NULL, NULL, NULL, 2, NULL),
('HAS', 196, NULL, NULL, NULL, NULL, 3, NULL),
('AND', 197, 'EXACT', -1, NULL, NULL, NULL, NULL),
('HAS', 198, NULL, NULL, NULL, NULL, 1, NULL),
('HAS', 199, NULL, NULL, NULL, NULL, 3, NULL),
('HAS', 200, NULL, NULL, NULL, NULL, 7, NULL),
('AND', 201, 'EXACT', -1, NULL, NULL, NULL, NULL),
('HAS', 202, NULL, NULL, NULL, NULL, 3, NULL),
('HAS', 203, NULL, NULL, NULL, NULL, 4, NULL),
('HAS', 204, NULL, NULL, NULL, NULL, 7, NULL),
('AND', 205, 'EXACT', -1, NULL, NULL, NULL, NULL),
('HAS', 206, NULL, NULL, NULL, NULL, 2, NULL),
('HAS', 207, NULL, NULL, NULL, NULL, 5, NULL),
('HAS', 208, NULL, NULL, NULL, NULL, 5, NULL),
('AND', 209, 'EXACT', -1, NULL, NULL, NULL, NULL),
('HAS', 210, NULL, NULL, NULL, NULL, 5, NULL),
('HAS', 211, NULL, NULL, NULL, NULL, 6, NULL),
('HAS', 212, NULL, NULL, NULL, NULL, 8, NULL),
('AND', 213, 'EXACT', -1, NULL, NULL, NULL, NULL),
('HAS', 214, NULL, NULL, NULL, NULL, 3, NULL),
('HAS', 215, NULL, NULL, NULL, NULL, 5, NULL),
('HAS', 216, NULL, NULL, NULL, NULL, 5, NULL),
('AND', 217, 'EXACT', -1, NULL, NULL, NULL, NULL),
('HAS', 218, NULL, NULL, NULL, NULL, 5, NULL),
('HAS', 219, NULL, NULL, NULL, NULL, 6, NULL),
('HAS', 220, NULL, NULL, NULL, NULL, 7, NULL),
('AND', 221, 'EXACT', -1, NULL, NULL, NULL, NULL),
('HAS', 222, NULL, NULL, NULL, NULL, 3, NULL),
('HAS', 223, NULL, NULL, NULL, NULL, 5, NULL),
('HAS', 224, NULL, NULL, NULL, NULL, 5, NULL),
('AND', 225, 'EXACT', -1, NULL, NULL, NULL, NULL),
('HAS', 226, NULL, NULL, NULL, NULL, 5, NULL),
('HAS', 227, NULL, NULL, NULL, NULL, 7, NULL),
('HAS', 228, NULL, NULL, NULL, NULL, 8, NULL),
('AND', 229, 'EXACT', -1, NULL, NULL, NULL, NULL),
('HAS', 230, NULL, NULL, NULL, NULL, 4, NULL),
('HAS', 231, NULL, NULL, NULL, NULL, 5, NULL),
('HAS', 232, NULL, NULL, NULL, NULL, 7, NULL),
('AND', 233, 'EXACT', -1, NULL, NULL, NULL, NULL),
('HAS', 234, NULL, NULL, NULL, NULL, 3, NULL),
('HAS', 235, NULL, NULL, NULL, NULL, 5, NULL),
('HAS', 236, NULL, NULL, NULL, NULL, 5, NULL),
('AND', 237, 'EXACT', -1, NULL, NULL, NULL, NULL),
('HAS', 238, NULL, NULL, NULL, NULL, 5, NULL),
('HAS', 239, NULL, NULL, NULL, NULL, 5, NULL),
('HAS', 240, NULL, NULL, NULL, NULL, 8, NULL),
('AND', 241, 'EXACT', -1, NULL, NULL, NULL, NULL),
('HAS', 242, NULL, NULL, NULL, NULL, 2, NULL),
('HAS', 243, NULL, NULL, NULL, NULL, 5, NULL),
('HAS', 244, NULL, NULL, NULL, NULL, 5, NULL),
('AND', 245, 'EXACT', -1, NULL, NULL, NULL, NULL),
('N_OF_M', 246, 'MINIMUM', 8, NULL, NULL, NULL, NULL),
('MAX', 247, NULL, NULL, 1, 1, 1, NULL),
('MAX', 248, NULL, NULL, 1, 2, 2, NULL),
('MAX', 249, NULL, NULL, 1, 3, 3, NULL),
('MAX', 250, NULL, NULL, 1, 4, 4, NULL),
('MAX', 251, NULL, NULL, 1, 5, 5, NULL),
('MAX', 252, NULL, NULL, 1, 6, 6, NULL),
('MAX', 253, NULL, NULL, 1, 7, 7, NULL),
('MAX', 254, NULL, NULL, 1, 8, 8, NULL),
('N_OF_M', 255, 'MINIMUM', 7, NULL, NULL, NULL, NULL),
('MAX', 256, NULL, NULL, 0, 9, 1, NULL),
('MAX', 257, NULL, NULL, 0, 10, 2, NULL),
('MAX', 258, NULL, NULL, 0, 11, 3, NULL),
('MAX', 259, NULL, NULL, 0, 12, 4, NULL),
('MAX', 260, NULL, NULL, 0, 13, 5, NULL),
('MAX', 261, NULL, NULL, 0, 14, 6, NULL),
('MAX', 262, NULL, NULL, 0, 15, 7, NULL),
('MAX', 263, NULL, NULL, 0, 16, 8, NULL),
('AND', 264, 'EXACT', -1, NULL, NULL, NULL, NULL),
('N_OF_M', 265, 'MINIMUM', 8, NULL, NULL, NULL, NULL),
('MAX', 266, NULL, NULL, 1, 17, 1, NULL),
('MAX', 267, NULL, NULL, 1, 18, 2, NULL),
('MAX', 268, NULL, NULL, 1, 19, 3, NULL),
('MAX', 269, NULL, NULL, 1, 20, 4, NULL),
('MAX', 270, NULL, NULL, 1, 21, 5, NULL),
('MAX', 271, NULL, NULL, 1, 22, 6, NULL),
('MAX', 272, NULL, NULL, 1, 23, 7, NULL),
('MAX', 273, NULL, NULL, 1, 24, 8, NULL),
('N_OF_M', 274, 'MINIMUM', 7, NULL, NULL, NULL, NULL),
('MAX', 275, NULL, NULL, 0, 25, 1, NULL),
('MAX', 276, NULL, NULL, 0, 26, 2, NULL),
('MAX', 277, NULL, NULL, 0, 27, 3, NULL),
('MAX', 278, NULL, NULL, 0, 28, 4, NULL),
('MAX', 279, NULL, NULL, 0, 29, 5, NULL),
('MAX', 280, NULL, NULL, 0, 30, 6, NULL),
('MAX', 281, NULL, NULL, 0, 31, 7, NULL),
('MAX', 282, NULL, NULL, 0, 32, 8, NULL),
('OR', 283, 'MINIMUM', 1, NULL, NULL, NULL, NULL),
('MAX', 284, NULL, NULL, -2, 33, 4, NULL),
('MAX', 285, NULL, NULL, -2, 34, 6, NULL),
('OR', 286, 'MINIMUM', 1, NULL, NULL, NULL, NULL),
('MAX', 287, NULL, NULL, -2, 35, 4, NULL),
('MAX', 288, NULL, NULL, -2, 36, 6, NULL),
('AND', 289, 'EXACT', -1, NULL, NULL, NULL, NULL),
('MIN', 290, NULL, NULL, 0, 37, 1, NULL),
('MIN', 291, NULL, NULL, 0, 38, 1, NULL),
('HAS', 292, NULL, NULL, NULL, NULL, 1164, NULL),
('HAS', 293, NULL, NULL, NULL, NULL, 1164, NULL),
('HAS', 294, NULL, NULL, NULL, NULL, 1164, NULL),
('AND', 295, 'EXACT', -1, NULL, NULL, NULL, NULL),
('HAS', 296, NULL, NULL, NULL, NULL, 1164, NULL),
('HAS', 297, NULL, NULL, NULL, NULL, 1164, NULL),
('HAS', 298, NULL, NULL, NULL, NULL, 1164, NULL),
('HAS', 299, NULL, NULL, NULL, NULL, 1164, NULL),
('HAS', 300, NULL, NULL, NULL, NULL, 1164, NULL),
('AND', 301, 'EXACT', -1, NULL, NULL, NULL, NULL),
('HAS', 302, NULL, NULL, NULL, NULL, 1588, NULL),
('AND', 303, 'EXACT', -1, NULL, NULL, NULL, NULL),
('HAS', 304, NULL, NULL, NULL, NULL, 1588, NULL),
('AND', 305, 'EXACT', -1, NULL, NULL, NULL, NULL),
('HAS', 306, NULL, NULL, NULL, NULL, 1588, NULL),
('MIN', 307, NULL, NULL, 0, 39, 51, NULL),
('AND', 308, 'EXACT', -1, NULL, NULL, NULL, NULL),
('HAS', 309, NULL, NULL, NULL, NULL, 1588, NULL),
('AND', 310, 'EXACT', -1, NULL, NULL, NULL, NULL),
('HAS', 311, NULL, NULL, NULL, NULL, 1588, NULL),
('AND', 312, 'EXACT', -1, NULL, NULL, NULL, NULL),
('MIN', 313, NULL, NULL, 0, 40, 1, NULL),
('MIN', 314, NULL, NULL, 0, 41, 3, NULL),
('AND', 315, 'EXACT', -1, NULL, NULL, NULL, NULL),
('HAS', 316, NULL, NULL, NULL, NULL, 1588, NULL),
('HAS', 317, NULL, NULL, NULL, NULL, 214, NULL),
('MIN', 318, NULL, NULL, 0, 42, 1, NULL),
('AND', 319, 'EXACT', -1, NULL, NULL, NULL, NULL),
('HAS', 320, NULL, NULL, NULL, NULL, 1588, NULL),
('MIN', 321, NULL, NULL, 0, 43, 129, NULL),
('MIN', 322, NULL, NULL, 0, 44, 44, NULL),
('MIN', 323, NULL, NULL, 0, 45, 63, NULL),
('AND', 324, 'EXACT', -1, NULL, NULL, NULL, NULL),
('MIN', 325, NULL, NULL, 0, 46, 1, NULL),
('AND', 326, 'EXACT', -1, NULL, NULL, NULL, NULL),
('MIN', 327, NULL, NULL, 0, 47, 1, NULL),
('AND', 328, 'EXACT', -1, NULL, NULL, NULL, NULL),
('MIN', 329, NULL, NULL, 0, 48, 1, NULL),
('AND', 330, 'EXACT', -1, NULL, NULL, NULL, NULL),
('HAS', 331, NULL, NULL, NULL, NULL, 1588, NULL),
('HAS', 332, NULL, NULL, NULL, NULL, 183, NULL),
('HAS', 333, NULL, NULL, NULL, NULL, 183, NULL),
('AND', 334, 'EXACT', -1, NULL, NULL, NULL, NULL),
('HAS', 335, NULL, NULL, NULL, NULL, 1588, NULL),
('HAS', 336, NULL, NULL, NULL, NULL, 183, NULL),
('HAS', 337, NULL, NULL, NULL, NULL, 183, NULL),
('AND', 338, 'EXACT', -1, NULL, NULL, NULL, NULL),
('HAS', 339, NULL, NULL, NULL, NULL, 1588, NULL),
('HAS', 340, NULL, NULL, NULL, NULL, 183, NULL),
('HAS', 341, NULL, NULL, NULL, NULL, 183, NULL),
('AND', 342, 'EXACT', -1, NULL, NULL, NULL, NULL),
('HAS', 343, NULL, NULL, NULL, NULL, 1588, NULL),
('HAS', 344, NULL, NULL, NULL, NULL, 183, NULL),
('HAS', 345, NULL, NULL, NULL, NULL, 183, NULL),
('AND', 346, 'EXACT', -1, NULL, NULL, NULL, NULL),
('HAS', 347, NULL, NULL, NULL, NULL, 1588, NULL),
('AND', 348, 'EXACT', -1, NULL, NULL, NULL, NULL),
('HAS', 349, NULL, NULL, NULL, NULL, 1588, NULL),
('MIN', 350, NULL, NULL, 0, 49, 2, NULL),
('AND', 351, 'EXACT', -1, NULL, NULL, NULL, NULL),
('HAS', 352, NULL, NULL, NULL, NULL, 1588, NULL),
('MIN', 353, NULL, NULL, 0, 50, 1, NULL),
('AND', 354, 'EXACT', -1, NULL, NULL, NULL, NULL),
('HAS', 355, NULL, NULL, NULL, NULL, 1588, NULL),
('AND', 356, 'EXACT', -1, NULL, NULL, NULL, NULL),
('HAS', 357, NULL, NULL, NULL, NULL, 1588, NULL),
('AND', 358, 'EXACT', -1, NULL, NULL, NULL, NULL),
('HAS', 359, NULL, NULL, NULL, NULL, 1588, NULL),
('HAS', 360, NULL, NULL, NULL, NULL, 3, NULL),
('AND', 361, 'EXACT', -1, NULL, NULL, NULL, NULL),
('HAS', 362, NULL, NULL, NULL, NULL, 1588, NULL),
('AND', 363, 'EXACT', -1, NULL, NULL, NULL, NULL),
('HAS', 364, NULL, NULL, NULL, NULL, 1588, NULL),
('MIN', 365, NULL, NULL, 0, 51, 1, NULL),
('AND', 366, 'EXACT', -1, NULL, NULL, NULL, NULL),
('HAS', 367, NULL, NULL, NULL, NULL, 1588, NULL),
('HAS', 368, NULL, NULL, NULL, NULL, 194, NULL),
('AND', 369, 'EXACT', -1, NULL, NULL, NULL, NULL),
('HAS', 370, NULL, NULL, NULL, NULL, 1588, NULL),
('HAS', 371, NULL, NULL, NULL, NULL, 197, NULL),
('AND', 372, 'EXACT', -1, NULL, NULL, NULL, NULL),
('MIN', 373, NULL, NULL, 0, 52, 1, NULL),
('HAS', 374, NULL, NULL, NULL, NULL, 180, NULL),
('AND', 375, 'EXACT', -1, NULL, NULL, NULL, NULL),
('MIN', 376, NULL, NULL, 0, 53, 1, NULL),
('HAS', 377, NULL, NULL, NULL, NULL, 181, NULL),
('AND', 378, 'EXACT', -1, NULL, NULL, NULL, NULL),
('HAS', 379, NULL, NULL, NULL, NULL, 1588, NULL),
('AND', 380, 'EXACT', -1, NULL, NULL, NULL, NULL),
('HAS', 381, NULL, NULL, NULL, NULL, 1588, NULL),
('MIN', 382, NULL, NULL, 0, 54, 1, NULL),
('AND', 383, 'EXACT', -1, NULL, NULL, NULL, NULL),
('HAS', 384, NULL, NULL, NULL, NULL, 1588, NULL),
('HAS', 385, NULL, NULL, NULL, NULL, 1588, NULL),
('AND', 386, 'EXACT', -1, NULL, NULL, NULL, NULL),
('HAS', 387, NULL, NULL, NULL, NULL, 1588, NULL),
('HAS', 388, NULL, NULL, NULL, NULL, 205, NULL),
('HAS', 389, NULL, NULL, NULL, NULL, 205, NULL),
('AND', 390, 'EXACT', -1, NULL, NULL, NULL, NULL),
('HAS', 391, NULL, NULL, NULL, NULL, 1588, NULL),
('HAS', 392, NULL, NULL, NULL, NULL, 205, NULL),
('HAS', 393, NULL, NULL, NULL, NULL, 205, NULL),
('AND', 394, 'EXACT', -1, NULL, NULL, NULL, NULL),
('HAS', 395, NULL, NULL, NULL, NULL, 1588, NULL),
('HAS', 396, NULL, NULL, NULL, NULL, 205, NULL),
('HAS', 397, NULL, NULL, NULL, NULL, 205, NULL),
('AND', 398, 'EXACT', -1, NULL, NULL, NULL, NULL),
('HAS', 399, NULL, NULL, NULL, NULL, 1588, NULL),
('HAS', 400, NULL, NULL, NULL, NULL, 205, NULL),
('HAS', 401, NULL, NULL, NULL, NULL, 205, NULL),
('AND', 402, 'EXACT', -1, NULL, NULL, NULL, NULL),
('AND', 403, 'EXACT', -1, NULL, NULL, NULL, NULL),
('HAS', 404, NULL, NULL, NULL, NULL, 1588, NULL),
('AND', 405, 'EXACT', -1, NULL, NULL, NULL, NULL),
('HAS', 406, NULL, NULL, NULL, NULL, 1588, NULL),
('HAS', 407, NULL, NULL, NULL, NULL, 2, NULL),
('HAS', 408, NULL, NULL, NULL, NULL, 1588, NULL),
('AND', 409, 'EXACT', -1, NULL, NULL, NULL, NULL),
('HAS', 410, NULL, NULL, NULL, NULL, 1588, NULL),
('HAS', 411, NULL, NULL, NULL, NULL, 1157, NULL),
('NOT', 412, NULL, NULL, NULL, NULL, NULL, 411),
('HAS', 413, NULL, NULL, NULL, NULL, 1588, NULL),
('HAS', 414, NULL, NULL, NULL, NULL, 1588, NULL),
('HAS', 415, NULL, NULL, NULL, NULL, 1588, NULL),
('HAS', 416, NULL, NULL, NULL, NULL, 1588, NULL),
('AND', 417, 'EXACT', -1, NULL, NULL, NULL, NULL),
('HAS', 418, NULL, NULL, NULL, NULL, 1588, NULL),
('HAS', 419, NULL, NULL, NULL, NULL, 1588, NULL),
('MIN', 420, NULL, NULL, 0, 55, 1, NULL),
('AND', 421, 'EXACT', -1, NULL, NULL, NULL, NULL),
('MIN', 422, NULL, NULL, 0, 56, 129, NULL),
('MIN', 423, NULL, NULL, 0, 57, 44, NULL),
('AND', 424, 'EXACT', -1, NULL, NULL, NULL, NULL),
('HAS', 425, NULL, NULL, NULL, NULL, 1588, NULL),
('AND', 426, 'EXACT', -1, NULL, NULL, NULL, NULL),
('HAS', 427, NULL, NULL, NULL, NULL, 1588, NULL),
('HAS', 428, NULL, NULL, NULL, NULL, 230, NULL),
('AND', 429, 'EXACT', -1, NULL, NULL, NULL, NULL),
('HAS', 430, NULL, NULL, NULL, NULL, 1588, NULL),
('AND', 431, 'EXACT', -1, NULL, NULL, NULL, NULL),
('HAS', 432, NULL, NULL, NULL, NULL, 1588, NULL),
('AND', 433, 'EXACT', -1, NULL, NULL, NULL, NULL),
('HAS', 434, NULL, NULL, NULL, NULL, 1588, NULL),
('AND', 435, 'EXACT', -1, NULL, NULL, NULL, NULL),
('AND', 436, 'EXACT', -1, NULL, NULL, NULL, NULL),
('HAS', 437, NULL, NULL, NULL, NULL, 1588, NULL),
('HAS', 438, NULL, NULL, NULL, NULL, 224, NULL),
('MIN', 439, NULL, NULL, 0, 58, 5, NULL),
('AND', 440, 'EXACT', -1, NULL, NULL, NULL, NULL),
('MIN', 441, NULL, NULL, 0, 59, 37, NULL),
('HAS', 442, NULL, NULL, NULL, NULL, 1700, NULL),
('NOT', 443, NULL, NULL, NULL, NULL, NULL, 442),
('AND', 444, 'EXACT', -1, NULL, NULL, NULL, NULL),
('MIN', 445, NULL, NULL, 0, 60, 12, NULL),
('HAS', 446, NULL, NULL, NULL, NULL, 1700, NULL),
('NOT', 447, NULL, NULL, NULL, NULL, NULL, 446),
('HAS', 448, NULL, NULL, NULL, NULL, 1608, NULL),
('NOT', 449, NULL, NULL, NULL, NULL, NULL, 448),
('AND', 450, 'EXACT', -1, NULL, NULL, NULL, NULL),
('MIN', 451, NULL, NULL, 0, 61, 36, NULL),
('HAS', 452, NULL, NULL, NULL, NULL, 1700, NULL),
('NOT', 453, NULL, NULL, NULL, NULL, NULL, 452),
('MIN', 454, NULL, NULL, 0, 62, 44, NULL),
('MIN', 455, NULL, NULL, 0, 63, 43, NULL),
('MIN', 456, NULL, NULL, 0, 64, 43, NULL),
('HAS', 457, NULL, NULL, NULL, NULL, 1602, NULL),
('NOT', 458, NULL, NULL, NULL, NULL, NULL, 457),
('AND', 459, 'EXACT', -1, NULL, NULL, NULL, NULL),
('HAS', 460, NULL, NULL, NULL, NULL, 1601, NULL),
('NOT', 461, NULL, NULL, NULL, NULL, NULL, 460),
('HAS', 462, NULL, NULL, NULL, NULL, 1608, NULL),
('NOT', 463, NULL, NULL, NULL, NULL, NULL, 462),
('HAS', 464, NULL, NULL, NULL, NULL, 1700, NULL),
('NOT', 465, NULL, NULL, NULL, NULL, NULL, 464),
('HAS', 466, NULL, NULL, NULL, NULL, 1997, NULL),
('NOT', 467, NULL, NULL, NULL, NULL, NULL, 466),
('AND', 468, 'EXACT', -1, NULL, NULL, NULL, NULL),
('MIN', 469, NULL, NULL, 0, 65, 29, NULL),
('AND', 470, 'EXACT', -1, NULL, NULL, NULL, NULL),
('MIN', 471, NULL, NULL, 0, 66, 10, NULL),
('MIN', 472, NULL, NULL, 0, 67, 12, NULL),
('MIN', 473, NULL, NULL, 0, 68, 66, NULL),
('MIN', 474, NULL, NULL, 0, 69, 66, NULL),
('AND', 475, 'EXACT', -1, NULL, NULL, NULL, NULL),
('MIN', 476, NULL, NULL, 0, 70, 54, NULL),
('AND', 477, 'EXACT', -1, NULL, NULL, NULL, NULL),
('MIN', 478, NULL, NULL, 0, 71, 59, NULL),
('AND', 479, 'EXACT', -1, NULL, NULL, NULL, NULL),
('MIN', 480, NULL, NULL, 0, 72, 51, NULL),
('MIN', 481, NULL, NULL, 0, 73, 59, NULL),
('MIN', 482, NULL, NULL, 0, 74, 45, NULL),
('MIN', 483, NULL, NULL, 0, 75, 66, NULL),
('MIN', 484, NULL, NULL, 0, 76, 26, NULL),
('AND', 485, 'EXACT', -1, NULL, NULL, NULL, NULL),
('HAS', 486, NULL, NULL, NULL, NULL, 1602, NULL),
('NOT', 487, NULL, NULL, NULL, NULL, NULL, 486),
('MIN', 488, NULL, NULL, 0, 77, 25, NULL),
('MIN', 489, NULL, NULL, 0, 78, 17, NULL),
('AND', 490, 'EXACT', -1, NULL, NULL, NULL, NULL),
('MIN', 491, NULL, NULL, 0, 79, 26, NULL),
('HAS', 492, NULL, NULL, NULL, NULL, 1602, NULL),
('NOT', 493, NULL, NULL, NULL, NULL, NULL, 492),
('AND', 494, 'EXACT', -1, NULL, NULL, NULL, NULL),
('MIN', 495, NULL, NULL, 0, 80, 45, NULL),
('MIN', 496, NULL, NULL, 0, 81, 65, NULL),
('AND', 497, 'EXACT', -1, NULL, NULL, NULL, NULL),
('HAS', 498, NULL, NULL, NULL, NULL, 200, NULL),
('MIN', 499, NULL, NULL, 0, 82, 17, NULL),
('AND', 500, 'EXACT', -1, NULL, NULL, NULL, NULL),
('AND', 501, 'EXACT', -1, NULL, NULL, NULL, NULL),
('MIN', 502, NULL, NULL, 0, 83, 10, NULL),
('MIN', 503, NULL, NULL, 0, 84, 12, NULL),
('AND', 504, 'EXACT', -1, NULL, NULL, NULL, NULL),
('MIN', 505, NULL, NULL, 0, 85, 21, NULL),
('MIN', 506, NULL, NULL, 0, 86, 11, NULL),
('AND', 507, 'EXACT', -1, NULL, NULL, NULL, NULL),
('MIN', 508, NULL, NULL, 0, 87, 27, NULL),
('HAS', 509, NULL, NULL, NULL, NULL, 1602, NULL),
('NOT', 510, NULL, NULL, NULL, NULL, NULL, 509),
('AND', 511, 'EXACT', -1, NULL, NULL, NULL, NULL),
('MIN', 512, NULL, NULL, 0, 88, 31, NULL),
('MIN', 513, NULL, NULL, 0, 89, 47, NULL),
('MIN', 514, NULL, NULL, 0, 90, 66, NULL),
('AND', 515, 'EXACT', -1, NULL, NULL, NULL, NULL),
('MIN', 516, NULL, NULL, 0, 91, 25, NULL),
('MIN', 517, NULL, NULL, 0, 92, 28, NULL),
('MIN', 518, NULL, NULL, 0, 93, 29, NULL),
('AND', 519, 'EXACT', -1, NULL, NULL, NULL, NULL),
('MIN', 520, NULL, NULL, 0, 94, 54, NULL),
('MIN', 521, NULL, NULL, 0, 95, 46, NULL),
('AND', 522, 'EXACT', -1, NULL, NULL, NULL, NULL),
('HAS', 523, NULL, NULL, NULL, NULL, 301, NULL),
('MIN', 524, NULL, NULL, 0, 96, 27, NULL),
('MIN', 525, NULL, NULL, 0, 97, 54, NULL),
('MIN', 526, NULL, NULL, 0, 98, 26, NULL),
('HAS', 527, NULL, NULL, NULL, NULL, 272, NULL),
('AND', 528, 'EXACT', -1, NULL, NULL, NULL, NULL),
('MIN', 529, NULL, NULL, 0, 99, 38, NULL),
('HAS', 530, NULL, NULL, NULL, NULL, 266, NULL),
('HAS', 531, NULL, NULL, NULL, NULL, 200, NULL),
('AND', 532, 'EXACT', -1, NULL, NULL, NULL, NULL),
('MIN', 533, NULL, NULL, 0, 100, 32, NULL),
('MIN', 534, NULL, NULL, 0, 101, 37, NULL),
('MIN', 535, NULL, NULL, 0, 102, 21, NULL),
('AND', 536, 'EXACT', -1, NULL, NULL, NULL, NULL),
('AND', 537, 'EXACT', -1, NULL, NULL, NULL, NULL),
('MIN', 538, NULL, NULL, 0, 103, 64, NULL),
('MIN', 539, NULL, NULL, 0, 104, 29, NULL),
('AND', 540, 'EXACT', -1, NULL, NULL, NULL, NULL),
('MIN', 541, NULL, NULL, 0, 105, 40, NULL),
('MIN', 542, NULL, NULL, 0, 106, 46, NULL),
('AND', 543, 'EXACT', -1, NULL, NULL, NULL, NULL),
('MIN', 544, NULL, NULL, 0, 107, 60, NULL),
('MIN', 545, NULL, NULL, 0, 108, 66, NULL),
('AND', 546, 'EXACT', -1, NULL, NULL, NULL, NULL),
('MIN', 547, NULL, NULL, 0, 109, 63, NULL),
('AND', 548, 'EXACT', -1, NULL, NULL, NULL, NULL),
('MIN', 549, NULL, NULL, 0, 110, 53, NULL),
('MIN', 550, NULL, NULL, 0, 111, 59, NULL),
('AND', 551, 'EXACT', -1, NULL, NULL, NULL, NULL),
('MIN', 552, NULL, NULL, 0, 112, 26, NULL),
('MIN', 553, NULL, NULL, 0, 113, 28, NULL),
('HAS', 554, NULL, NULL, NULL, NULL, 249, NULL),
('AND', 555, 'EXACT', -1, NULL, NULL, NULL, NULL),
('MIN', 556, NULL, NULL, 0, 114, 27, NULL),
('HAS', 557, NULL, NULL, NULL, NULL, 1605, NULL),
('NOT', 558, NULL, NULL, NULL, NULL, NULL, 557),
('AND', 559, 'EXACT', -1, NULL, NULL, NULL, NULL),
('MIN', 560, NULL, NULL, 0, 115, 28, NULL),
('AND', 561, 'EXACT', -1, NULL, NULL, NULL, NULL),
('MIN', 562, NULL, NULL, 0, 116, 18, NULL),
('HAS', 563, NULL, NULL, NULL, NULL, 1602, NULL),
('NOT', 564, NULL, NULL, NULL, NULL, NULL, 563),
('MIN', 565, NULL, NULL, 0, 117, 59, NULL),
('AND', 566, 'EXACT', -1, NULL, NULL, NULL, NULL),
('MIN', 567, NULL, NULL, 0, 118, 46, NULL),
('MIN', 568, NULL, NULL, 0, 119, 50, NULL),
('AND', 569, 'EXACT', -1, NULL, NULL, NULL, NULL),
('MIN', 570, NULL, NULL, 0, 120, 17, NULL),
('MIN', 571, NULL, NULL, 0, 121, 35, NULL),
('AND', 572, 'EXACT', -1, NULL, NULL, NULL, NULL),
('MIN', 573, NULL, NULL, 0, 122, 25, NULL),
('MIN', 574, NULL, NULL, 0, 123, 29, NULL),
('MIN', 575, NULL, NULL, 0, 124, 67, NULL),
('AND', 576, 'EXACT', -1, NULL, NULL, NULL, NULL),
('MIN', 577, NULL, NULL, 0, 125, 51, NULL),
('MIN', 578, NULL, NULL, 0, 126, 10, NULL),
('AND', 579, 'EXACT', -1, NULL, NULL, NULL, NULL),
('MIN', 580, NULL, NULL, 0, 127, 24, NULL),
('MIN', 581, NULL, NULL, 0, 128, 28, NULL),
('AND', 582, 'EXACT', -1, NULL, NULL, NULL, NULL),
('MIN', 583, NULL, NULL, 0, 129, 54, NULL),
('MIN', 584, NULL, NULL, 0, 130, 37, NULL),
('OR', 585, 'MINIMUM', 1, NULL, NULL, NULL, NULL),
('MIN', 586, NULL, NULL, 0, 131, 59, NULL),
('MIN', 587, NULL, NULL, 0, 132, 61, NULL),
('MIN', 588, NULL, NULL, 0, 133, 63, NULL),
('MIN', 589, NULL, NULL, 0, 134, 67, NULL),
('AND', 590, 'EXACT', -1, NULL, NULL, NULL, NULL),
('MIN', 591, NULL, NULL, 0, 135, 36, NULL),
('MIN', 592, NULL, NULL, 0, 136, 38, NULL),
('AND', 593, 'EXACT', -1, NULL, NULL, NULL, NULL),
('MIN', 594, NULL, NULL, 0, 137, 59, NULL),
('MIN', 595, NULL, NULL, 0, 138, 16, NULL),
('OR', 596, 'MINIMUM', 1, NULL, NULL, NULL, NULL),
('MIN', 597, NULL, NULL, 0, 139, 59, NULL),
('MIN', 598, NULL, NULL, 0, 140, 61, NULL),
('MIN', 599, NULL, NULL, 0, 141, 63, NULL),
('MIN', 600, NULL, NULL, 0, 142, 66, NULL),
('AND', 601, 'EXACT', -1, NULL, NULL, NULL, NULL),
('MIN', 602, NULL, NULL, 0, 143, 51, NULL),
('MIN', 603, NULL, NULL, 0, 144, 60, NULL),
('AND', 604, 'EXACT', -1, NULL, NULL, NULL, NULL),
('HAS', 605, NULL, NULL, NULL, NULL, 1602, NULL),
('NOT', 606, NULL, NULL, NULL, NULL, NULL, 605),
('AND', 607, 'EXACT', -1, NULL, NULL, NULL, NULL),
('HAS', 608, NULL, NULL, NULL, NULL, 26, NULL),
('HAS', 609, NULL, NULL, NULL, NULL, 27, NULL),
('HAS', 610, NULL, NULL, NULL, NULL, 29, NULL),
('MIN', 611, NULL, NULL, 0, 145, 33, NULL),
('MIN', 612, NULL, NULL, 0, 146, 12, NULL),
('MIN', 613, NULL, NULL, 0, 147, 60, NULL),
('AND', 614, 'EXACT', -1, NULL, NULL, NULL, NULL),
('AND', 615, 'EXACT', -1, NULL, NULL, NULL, NULL),
('AND', 616, 'EXACT', -1, NULL, NULL, NULL, NULL),
('AND', 617, 'EXACT', -1, NULL, NULL, NULL, NULL),
('AND', 618, 'EXACT', -1, NULL, NULL, NULL, NULL),
('MIN', 619, NULL, NULL, 0, 148, 53, NULL),
('MIN', 620, NULL, NULL, 0, 149, 59, NULL),
('AND', 621, 'EXACT', -1, NULL, NULL, NULL, NULL),
('MIN', 622, NULL, NULL, 0, 150, 37, NULL),
('MIN', 623, NULL, NULL, 0, 151, 66, NULL),
('AND', 624, 'EXACT', -1, NULL, NULL, NULL, NULL),
('MIN', 625, NULL, NULL, 0, 152, 24, NULL),
('MIN', 626, NULL, NULL, 0, 153, 26, NULL),
('MIN', 627, NULL, NULL, 0, 154, 37, NULL),
('OR', 628, 'MINIMUM', 1, NULL, NULL, NULL, NULL),
('MIN', 629, NULL, NULL, 0, 155, 59, NULL),
('MIN', 630, NULL, NULL, 0, 156, 63, NULL),
('MIN', 631, NULL, NULL, 0, 157, 66, NULL),
('AND', 632, 'EXACT', -1, NULL, NULL, NULL, NULL),
('MIN', 633, NULL, NULL, 0, 158, 66, NULL),
('MIN', 634, NULL, NULL, 0, 159, 38, NULL),
('AND', 635, 'EXACT', -1, NULL, NULL, NULL, NULL),
('MIN', 636, NULL, NULL, 0, 160, 46, NULL),
('AND', 637, 'EXACT', -1, NULL, NULL, NULL, NULL),
('MIN', 638, NULL, NULL, 0, 161, 9, NULL),
('HAS', 639, NULL, NULL, NULL, NULL, 444, NULL),
('AND', 640, 'EXACT', -1, NULL, NULL, NULL, NULL),
('MIN', 641, NULL, NULL, 0, 162, 37, NULL),
('HAS', 642, NULL, NULL, NULL, NULL, 445, NULL),
('AND', 643, 'EXACT', -1, NULL, NULL, NULL, NULL),
('MIN', 644, NULL, NULL, 0, 163, 37, NULL),
('HAS', 645, NULL, NULL, NULL, NULL, 445, NULL),
('MIN', 646, NULL, NULL, 0, 164, 53, NULL),
('AND', 647, 'EXACT', -1, NULL, NULL, NULL, NULL),
('MIN', 648, NULL, NULL, 0, 165, 37, NULL),
('HAS', 649, NULL, NULL, NULL, NULL, 445, NULL),
('AND', 650, 'EXACT', -1, NULL, NULL, NULL, NULL),
('MIN', 651, NULL, NULL, 0, 166, 37, NULL),
('HAS', 652, NULL, NULL, NULL, NULL, 445, NULL),
('HAS', 653, NULL, NULL, NULL, NULL, 343, NULL),
('HAS', 654, NULL, NULL, NULL, NULL, 343, NULL),
('HAS', 655, NULL, NULL, NULL, NULL, 343, NULL),
('HAS', 656, NULL, NULL, NULL, NULL, 343, NULL),
('OR', 657, 'MINIMUM', 1, NULL, NULL, NULL, NULL),
('MIN', 658, NULL, NULL, 0, 167, 6, NULL),
('MIN', 659, NULL, NULL, 0, 168, 8, NULL),
('AND', 660, 'EXACT', -1, NULL, NULL, NULL, NULL),
('MIN', 661, NULL, NULL, 0, 169, 8, NULL),
('AND', 662, 'EXACT', -1, NULL, NULL, NULL, NULL),
('HAS', 663, NULL, NULL, NULL, NULL, 445, NULL),
('AND', 664, 'EXACT', -1, NULL, NULL, NULL, NULL),
('MIN', 665, NULL, NULL, 0, 170, 53, NULL),
('AND', 666, 'EXACT', -1, NULL, NULL, NULL, NULL),
('HAS', 667, NULL, NULL, NULL, NULL, 445, NULL),
('HAS', 668, NULL, NULL, NULL, NULL, 478, NULL),
('AND', 669, 'EXACT', -1, NULL, NULL, NULL, NULL),
('MIN', 670, NULL, NULL, 0, 171, 8, NULL),
('AND', 671, 'EXACT', -1, NULL, NULL, NULL, NULL),
('HAS', 672, NULL, NULL, NULL, NULL, 478, NULL),
('AND', 673, 'EXACT', -1, NULL, NULL, NULL, NULL),
('MIN', 674, NULL, NULL, 0, 172, 8, NULL),
('HAS', 675, NULL, NULL, NULL, NULL, 492, NULL),
('AND', 676, 'EXACT', -1, NULL, NULL, NULL, NULL),
('HAS', 677, NULL, NULL, NULL, NULL, 519, NULL),
('AND', 678, 'EXACT', -1, NULL, NULL, NULL, NULL),
('MIN', 679, NULL, NULL, 0, 173, 8, NULL),
('AND', 680, 'EXACT', -1, NULL, NULL, NULL, NULL),
('MIN', 681, NULL, NULL, 0, 174, 8, NULL),
('AND', 682, 'EXACT', -1, NULL, NULL, NULL, NULL),
('MIN', 683, NULL, NULL, 0, 175, 6, NULL),
('AND', 684, 'EXACT', -1, NULL, NULL, NULL, NULL),
('MIN', 685, NULL, NULL, 0, 176, 6, NULL),
('AND', 686, 'EXACT', -1, NULL, NULL, NULL, NULL),
('MIN', 687, NULL, NULL, 0, 177, 8, NULL),
('OR', 688, 'MINIMUM', 1, NULL, NULL, NULL, NULL),
('MIN', 689, NULL, NULL, 0, 178, 6, NULL),
('MIN', 690, NULL, NULL, 0, 179, 8, NULL),
('AND', 691, 'EXACT', -1, NULL, NULL, NULL, NULL),
('MIN', 692, NULL, NULL, 0, 180, 8, NULL),
('AND', 693, 'EXACT', -1, NULL, NULL, NULL, NULL),
('HAS', 694, NULL, NULL, NULL, NULL, 501, NULL),
('AND', 695, 'EXACT', -1, NULL, NULL, NULL, NULL),
('MIN', 696, NULL, NULL, 0, 181, 8, NULL),
('AND', 697, 'EXACT', -1, NULL, NULL, NULL, NULL),
('HAS', 698, NULL, NULL, NULL, NULL, 195, NULL),
('AND', 699, 'EXACT', -1, NULL, NULL, NULL, NULL),
('HAS', 700, NULL, NULL, NULL, NULL, 202, NULL),
('MIN', 701, NULL, NULL, 0, 182, 5, NULL),
('AND', 702, 'EXACT', -1, NULL, NULL, NULL, NULL),
('MIN', 703, NULL, NULL, 0, 183, 6, NULL),
('MIN', 704, NULL, NULL, 0, 184, 6, NULL),
('HAS', 705, NULL, NULL, NULL, NULL, 433, NULL),
('AND', 706, 'EXACT', -1, NULL, NULL, NULL, NULL),
('MIN', 707, NULL, NULL, 0, 185, 6, NULL),
('MIN', 708, NULL, NULL, 0, 186, 6, NULL),
('HAS', 709, NULL, NULL, NULL, NULL, 433, NULL),
('AND', 710, 'EXACT', -1, NULL, NULL, NULL, NULL),
('MIN', 711, NULL, NULL, 0, 187, 6, NULL),
('MIN', 712, NULL, NULL, 0, 188, 6, NULL),
('HAS', 713, NULL, NULL, NULL, NULL, 433, NULL),
('MIN', 714, NULL, NULL, 0, 189, 3, NULL),
('AND', 715, 'EXACT', -1, NULL, NULL, NULL, NULL),
('MIN', 716, NULL, NULL, 0, 190, 3, NULL),
('MIN', 717, NULL, NULL, 0, 191, 5, NULL),
('HAS', 718, NULL, NULL, NULL, NULL, 519, NULL),
('AND', 719, 'EXACT', -1, NULL, NULL, NULL, NULL),
('MIN', 720, NULL, NULL, 0, 192, 7, NULL),
('MIN', 721, NULL, NULL, 0, 193, 7, NULL),
('HAS', 722, NULL, NULL, NULL, NULL, 438, NULL),
('AND', 723, 'EXACT', -1, NULL, NULL, NULL, NULL),
('MIN', 724, NULL, NULL, 0, 194, 7, NULL),
('MIN', 725, NULL, NULL, 0, 195, 7, NULL),
('HAS', 726, NULL, NULL, NULL, NULL, 438, NULL),
('AND', 727, 'EXACT', -1, NULL, NULL, NULL, NULL),
('MIN', 728, NULL, NULL, 0, 196, 7, NULL),
('MIN', 729, NULL, NULL, 0, 197, 7, NULL),
('HAS', 730, NULL, NULL, NULL, NULL, 438, NULL),
('AND', 731, 'EXACT', -1, NULL, NULL, NULL, NULL),
('MIN', 732, NULL, NULL, 0, 198, 6, NULL),
('MIN', 733, NULL, NULL, 0, 199, 6, NULL),
('HAS', 734, NULL, NULL, NULL, NULL, 441, NULL),
('AND', 735, 'EXACT', -1, NULL, NULL, NULL, NULL),
('MIN', 736, NULL, NULL, 0, 200, 6, NULL),
('MIN', 737, NULL, NULL, 0, 201, 6, NULL),
('HAS', 738, NULL, NULL, NULL, NULL, 441, NULL),
('AND', 739, 'EXACT', -1, NULL, NULL, NULL, NULL),
('MIN', 740, NULL, NULL, 0, 202, 6, NULL),
('MIN', 741, NULL, NULL, 0, 203, 6, NULL),
('HAS', 742, NULL, NULL, NULL, NULL, 441, NULL),
('AND', 743, 'EXACT', -1, NULL, NULL, NULL, NULL),
('MIN', 744, NULL, NULL, 0, 204, 9, NULL),
('MIN', 745, NULL, NULL, 0, 205, 14, NULL),
('MIN', 746, NULL, NULL, 0, 206, 14, NULL),
('HAS', 747, NULL, NULL, NULL, NULL, 445, NULL),
('MIN', 748, NULL, NULL, 0, 207, 6, NULL),
('MIN', 749, NULL, NULL, 0, 208, 8, NULL),
('AND', 750, 'EXACT', -1, NULL, NULL, NULL, NULL),
('MIN', 751, NULL, NULL, 0, 209, 3, NULL),
('MIN', 752, NULL, NULL, 0, 210, 18, NULL),
('MIN', 753, NULL, NULL, 0, 211, 3, NULL),
('MIN', 754, NULL, NULL, 0, 212, 18, NULL),
('HAS', 755, NULL, NULL, NULL, NULL, 449, NULL),
('AND', 756, 'EXACT', -1, NULL, NULL, NULL, NULL),
('MIN', 757, NULL, NULL, 0, 213, 3, NULL),
('MIN', 758, NULL, NULL, 0, 214, 18, NULL),
('MIN', 759, NULL, NULL, 0, 215, 3, NULL),
('MIN', 760, NULL, NULL, 0, 216, 18, NULL),
('HAS', 761, NULL, NULL, NULL, NULL, 449, NULL),
('AND', 762, 'EXACT', -1, NULL, NULL, NULL, NULL),
('MIN', 763, NULL, NULL, 0, 217, 3, NULL),
('MIN', 764, NULL, NULL, 0, 218, 18, NULL),
('MIN', 765, NULL, NULL, 0, 219, 3, NULL),
('MIN', 766, NULL, NULL, 0, 220, 18, NULL),
('HAS', 767, NULL, NULL, NULL, NULL, 449, NULL),
('AND', 768, 'EXACT', -1, NULL, NULL, NULL, NULL),
('MIN', 769, NULL, NULL, 0, 221, 37, NULL),
('MIN', 770, NULL, NULL, 0, 222, 43, NULL),
('MIN', 771, NULL, NULL, 0, 223, 6, NULL),
('AND', 772, 'EXACT', -1, NULL, NULL, NULL, NULL),
('MIN', 773, NULL, NULL, 0, 224, 5, NULL),
('MIN', 774, NULL, NULL, 0, 225, 5, NULL),
('HAS', 775, NULL, NULL, NULL, NULL, 454, NULL),
('AND', 776, 'EXACT', -1, NULL, NULL, NULL, NULL),
('MIN', 777, NULL, NULL, 0, 226, 5, NULL),
('MIN', 778, NULL, NULL, 0, 227, 5, NULL),
('HAS', 779, NULL, NULL, NULL, NULL, 454, NULL),
('AND', 780, 'EXACT', -1, NULL, NULL, NULL, NULL),
('MIN', 781, NULL, NULL, 0, 228, 5, NULL),
('MIN', 782, NULL, NULL, 0, 229, 5, NULL),
('HAS', 783, NULL, NULL, NULL, NULL, 454, NULL),
('MIN', 784, NULL, NULL, 0, 230, 6, NULL),
('MIN', 785, NULL, NULL, 0, 231, 3, NULL),
('MIN', 786, NULL, NULL, 0, 232, 6, NULL),
('AND', 787, 'EXACT', -1, NULL, NULL, NULL, NULL),
('MIN', 788, NULL, NULL, 0, 233, 6, NULL),
('MIN', 789, NULL, NULL, 0, 234, 6, NULL),
('HAS', 790, NULL, NULL, NULL, NULL, 460, NULL),
('MIN', 791, NULL, NULL, 0, 235, 6, NULL),
('HAS', 792, NULL, NULL, NULL, NULL, 460, NULL),
('AND', 793, 'EXACT', -1, NULL, NULL, NULL, NULL),
('MIN', 794, NULL, NULL, 0, 236, 6, NULL),
('MIN', 795, NULL, NULL, 0, 237, 6, NULL),
('HAS', 796, NULL, NULL, NULL, NULL, 460, NULL),
('MIN', 797, NULL, NULL, 0, 238, 6, NULL),
('HAS', 798, NULL, NULL, NULL, NULL, 460, NULL),
('AND', 799, 'EXACT', -1, NULL, NULL, NULL, NULL),
('MIN', 800, NULL, NULL, 0, 239, 6, NULL),
('MIN', 801, NULL, NULL, 0, 240, 6, NULL),
('HAS', 802, NULL, NULL, NULL, NULL, 460, NULL),
('MIN', 803, NULL, NULL, 0, 241, 6, NULL),
('HAS', 804, NULL, NULL, NULL, NULL, 460, NULL),
('AND', 805, 'EXACT', -1, NULL, NULL, NULL, NULL),
('MIN', 806, NULL, NULL, 0, 242, 6, NULL),
('MIN', 807, NULL, NULL, 0, 243, 6, NULL),
('HAS', 808, NULL, NULL, NULL, NULL, 460, NULL),
('MIN', 809, NULL, NULL, 0, 244, 6, NULL),
('HAS', 810, NULL, NULL, NULL, NULL, 460, NULL),
('MIN', 811, NULL, NULL, 0, 245, 6, NULL),
('MIN', 812, NULL, NULL, 0, 246, 5, NULL),
('AND', 813, 'EXACT', -1, NULL, NULL, NULL, NULL),
('MIN', 814, NULL, NULL, 0, 247, 1, NULL),
('HAS', 815, NULL, NULL, NULL, NULL, 514, NULL),
('HAS', 816, NULL, NULL, NULL, NULL, 515, NULL),
('MIN', 817, NULL, NULL, 0, 248, 8, NULL),
('MIN', 818, NULL, NULL, 0, 249, 6, NULL),
('AND', 819, 'EXACT', -1, NULL, NULL, NULL, NULL),
('MIN', 820, NULL, NULL, 0, 250, 3, NULL),
('MIN', 821, NULL, NULL, 0, 251, 3, NULL),
('HAS', 822, NULL, NULL, NULL, NULL, 470, NULL),
('MIN', 823, NULL, NULL, 0, 252, 3, NULL),
('HAS', 824, NULL, NULL, NULL, NULL, 470, NULL),
('AND', 825, 'EXACT', -1, NULL, NULL, NULL, NULL),
('MIN', 826, NULL, NULL, 0, 253, 3, NULL),
('MIN', 827, NULL, NULL, 0, 254, 3, NULL),
('HAS', 828, NULL, NULL, NULL, NULL, 470, NULL),
('MIN', 829, NULL, NULL, 0, 255, 3, NULL),
('HAS', 830, NULL, NULL, NULL, NULL, 470, NULL),
('AND', 831, 'EXACT', -1, NULL, NULL, NULL, NULL),
('MIN', 832, NULL, NULL, 0, 256, 3, NULL),
('MIN', 833, NULL, NULL, 0, 257, 3, NULL),
('HAS', 834, NULL, NULL, NULL, NULL, 470, NULL),
('MIN', 835, NULL, NULL, 0, 258, 3, NULL),
('HAS', 836, NULL, NULL, NULL, NULL, 470, NULL),
('AND', 837, 'EXACT', -1, NULL, NULL, NULL, NULL),
('MIN', 838, NULL, NULL, 0, 259, 3, NULL),
('MIN', 839, NULL, NULL, 0, 260, 3, NULL),
('HAS', 840, NULL, NULL, NULL, NULL, 470, NULL),
('MIN', 841, NULL, NULL, 0, 261, 3, NULL),
('HAS', 842, NULL, NULL, NULL, NULL, 470, NULL),
('AND', 843, 'EXACT', -1, NULL, NULL, NULL, NULL),
('MIN', 844, NULL, NULL, 0, 262, 6, NULL),
('HAS', 845, NULL, NULL, NULL, NULL, 453, NULL),
('MIN', 846, NULL, NULL, 0, 263, 6, NULL),
('AND', 847, 'EXACT', -1, NULL, NULL, NULL, NULL),
('MIN', 848, NULL, NULL, 0, 264, 1, NULL),
('HAS', 849, NULL, NULL, NULL, NULL, 445, NULL),
('MIN', 850, NULL, NULL, 0, 265, 6, NULL),
('AND', 851, 'EXACT', -1, NULL, NULL, NULL, NULL),
('MIN', 852, NULL, NULL, 0, 266, 3, NULL),
('HAS', 853, NULL, NULL, NULL, NULL, 507, NULL),
('MIN', 854, NULL, NULL, 0, 267, 6, NULL),
('MIN', 855, NULL, NULL, 0, 268, 6, NULL),
('AND', 856, 'EXACT', -1, NULL, NULL, NULL, NULL),
('MIN', 857, NULL, NULL, 0, 269, 3, NULL),
('MIN', 858, NULL, NULL, 0, 270, 3, NULL),
('MIN', 859, NULL, NULL, 0, 271, 3, NULL),
('AND', 860, 'EXACT', -1, NULL, NULL, NULL, NULL),
('MIN', 861, NULL, NULL, 0, 272, 3, NULL),
('MIN', 862, NULL, NULL, 0, 273, 3, NULL),
('MIN', 863, NULL, NULL, 0, 274, 3, NULL),
('AND', 864, 'EXACT', -1, NULL, NULL, NULL, NULL),
('MIN', 865, NULL, NULL, 0, 275, 3, NULL),
('MIN', 866, NULL, NULL, 0, 276, 3, NULL),
('MIN', 867, NULL, NULL, 0, 277, 3, NULL),
('AND', 868, 'EXACT', -1, NULL, NULL, NULL, NULL),
('MIN', 869, NULL, NULL, 0, 278, 3, NULL),
('MIN', 870, NULL, NULL, 0, 279, 3, NULL),
('MIN', 871, NULL, NULL, 0, 280, 3, NULL),
('AND', 872, 'EXACT', -1, NULL, NULL, NULL, NULL),
('MIN', 873, NULL, NULL, 0, 281, 6, NULL),
('MIN', 874, NULL, NULL, 0, 282, 6, NULL),
('HAS', 875, NULL, NULL, NULL, NULL, 487, NULL),
('MIN', 876, NULL, NULL, 0, 283, 6, NULL),
('HAS', 877, NULL, NULL, NULL, NULL, 487, NULL),
('AND', 878, 'EXACT', -1, NULL, NULL, NULL, NULL),
('MIN', 879, NULL, NULL, 0, 284, 6, NULL),
('MIN', 880, NULL, NULL, 0, 285, 6, NULL),
('HAS', 881, NULL, NULL, NULL, NULL, 487, NULL),
('MIN', 882, NULL, NULL, 0, 286, 6, NULL),
('HAS', 883, NULL, NULL, NULL, NULL, 487, NULL),
('AND', 884, 'EXACT', -1, NULL, NULL, NULL, NULL),
('MIN', 885, NULL, NULL, 0, 287, 6, NULL),
('MIN', 886, NULL, NULL, 0, 288, 6, NULL),
('HAS', 887, NULL, NULL, NULL, NULL, 487, NULL),
('MIN', 888, NULL, NULL, 0, 289, 6, NULL),
('HAS', 889, NULL, NULL, NULL, NULL, 487, NULL),
('AND', 890, 'EXACT', -1, NULL, NULL, NULL, NULL),
('MIN', 891, NULL, NULL, 0, 290, 6, NULL),
('MIN', 892, NULL, NULL, 0, 291, 6, NULL),
('HAS', 893, NULL, NULL, NULL, NULL, 487, NULL),
('MIN', 894, NULL, NULL, 0, 292, 6, NULL),
('HAS', 895, NULL, NULL, NULL, NULL, 487, NULL),
('MIN', 896, NULL, NULL, 0, 293, 6, NULL),
('AND', 897, 'EXACT', -1, NULL, NULL, NULL, NULL),
('MIN', 898, NULL, NULL, 0, 294, 6, NULL),
('MIN', 899, NULL, NULL, 0, 295, 6, NULL),
('HAS', 900, NULL, NULL, NULL, NULL, 492, NULL),
('AND', 901, 'EXACT', -1, NULL, NULL, NULL, NULL),
('MIN', 902, NULL, NULL, 0, 296, 6, NULL),
('MIN', 903, NULL, NULL, 0, 297, 6, NULL),
('HAS', 904, NULL, NULL, NULL, NULL, 492, NULL),
('AND', 905, 'EXACT', -1, NULL, NULL, NULL, NULL),
('MIN', 906, NULL, NULL, 0, 298, 6, NULL),
('MIN', 907, NULL, NULL, 0, 299, 6, NULL),
('HAS', 908, NULL, NULL, NULL, NULL, 492, NULL),
('AND', 909, 'EXACT', -1, NULL, NULL, NULL, NULL),
('MIN', 910, NULL, NULL, 0, 300, 3, NULL),
('HAS', 911, NULL, NULL, NULL, NULL, 519, NULL),
('MIN', 912, NULL, NULL, 0, 301, 3, NULL),
('HAS', 913, NULL, NULL, NULL, NULL, 519, NULL),
('HAS', 914, NULL, NULL, NULL, NULL, 495, NULL),
('AND', 915, 'EXACT', -1, NULL, NULL, NULL, NULL),
('MIN', 916, NULL, NULL, 0, 302, 3, NULL),
('HAS', 917, NULL, NULL, NULL, NULL, 519, NULL),
('MIN', 918, NULL, NULL, 0, 303, 3, NULL),
('HAS', 919, NULL, NULL, NULL, NULL, 519, NULL),
('HAS', 920, NULL, NULL, NULL, NULL, 495, NULL),
('AND', 921, 'EXACT', -1, NULL, NULL, NULL, NULL),
('MIN', 922, NULL, NULL, 0, 304, 3, NULL),
('HAS', 923, NULL, NULL, NULL, NULL, 519, NULL),
('MIN', 924, NULL, NULL, 0, 305, 3, NULL),
('HAS', 925, NULL, NULL, NULL, NULL, 519, NULL),
('HAS', 926, NULL, NULL, NULL, NULL, 495, NULL),
('AND', 927, 'EXACT', -1, NULL, NULL, NULL, NULL),
('MIN', 928, NULL, NULL, 0, 306, 8, NULL),
('HAS', 929, NULL, NULL, NULL, NULL, 515, NULL),
('MIN', 930, NULL, NULL, 0, 307, 5, NULL),
('MIN', 931, NULL, NULL, 0, 308, 5, NULL),
('AND', 932, 'EXACT', -1, NULL, NULL, NULL, NULL),
('MIN', 933, NULL, NULL, 0, 309, 8, NULL),
('HAS', 934, NULL, NULL, NULL, NULL, 466, NULL),
('AND', 935, 'EXACT', -1, NULL, NULL, NULL, NULL),
('MIN', 936, NULL, NULL, 0, 310, 1, NULL),
('HAS', 937, NULL, NULL, NULL, NULL, 514, NULL),
('HAS', 938, NULL, NULL, NULL, NULL, 515, NULL),
('AND', 939, 'EXACT', -1, NULL, NULL, NULL, NULL),
('MIN', 940, NULL, NULL, 0, 311, 1, NULL),
('HAS', 941, NULL, NULL, NULL, NULL, 487, NULL),
('HAS', 942, NULL, NULL, NULL, NULL, 514, NULL),
('AND', 943, 'EXACT', -1, NULL, NULL, NULL, NULL),
('MIN', 944, NULL, NULL, 0, 312, 6, NULL),
('MIN', 945, NULL, NULL, 0, 313, 6, NULL),
('HAS', 946, NULL, NULL, NULL, NULL, 504, NULL),
('AND', 947, 'EXACT', -1, NULL, NULL, NULL, NULL),
('MIN', 948, NULL, NULL, 0, 314, 6, NULL),
('MIN', 949, NULL, NULL, 0, 315, 6, NULL),
('HAS', 950, NULL, NULL, NULL, NULL, 504, NULL),
('AND', 951, 'EXACT', -1, NULL, NULL, NULL, NULL),
('MIN', 952, NULL, NULL, 0, 316, 6, NULL),
('MIN', 953, NULL, NULL, 0, 317, 6, NULL),
('HAS', 954, NULL, NULL, NULL, NULL, 504, NULL),
('AND', 955, 'EXACT', -1, NULL, NULL, NULL, NULL),
('MIN', 956, NULL, NULL, 0, 318, 12, NULL),
('MIN', 957, NULL, NULL, 0, 319, 12, NULL),
('HAS', 958, NULL, NULL, NULL, NULL, 507, NULL),
('MIN', 959, NULL, NULL, 0, 320, 12, NULL),
('HAS', 960, NULL, NULL, NULL, NULL, 507, NULL),
('AND', 961, 'EXACT', -1, NULL, NULL, NULL, NULL),
('MIN', 962, NULL, NULL, 0, 321, 12, NULL),
('MIN', 963, NULL, NULL, 0, 322, 12, NULL),
('HAS', 964, NULL, NULL, NULL, NULL, 507, NULL),
('MIN', 965, NULL, NULL, 0, 323, 12, NULL),
('HAS', 966, NULL, NULL, NULL, NULL, 507, NULL),
('AND', 967, 'EXACT', -1, NULL, NULL, NULL, NULL),
('MIN', 968, NULL, NULL, 0, 324, 12, NULL),
('MIN', 969, NULL, NULL, 0, 325, 12, NULL),
('HAS', 970, NULL, NULL, NULL, NULL, 507, NULL),
('MIN', 971, NULL, NULL, 0, 326, 12, NULL),
('HAS', 972, NULL, NULL, NULL, NULL, 507, NULL),
('AND', 973, 'EXACT', -1, NULL, NULL, NULL, NULL),
('MIN', 974, NULL, NULL, 0, 327, 12, NULL),
('MIN', 975, NULL, NULL, 0, 328, 12, NULL),
('HAS', 976, NULL, NULL, NULL, NULL, 507, NULL),
('MIN', 977, NULL, NULL, 0, 329, 12, NULL),
('HAS', 978, NULL, NULL, NULL, NULL, 507, NULL),
('HAS', 979, NULL, NULL, NULL, NULL, 504, NULL),
('MIN', 980, NULL, NULL, 0, 330, 3, NULL),
('HAS', 981, NULL, NULL, NULL, NULL, 454, NULL),
('MIN', 982, NULL, NULL, 0, 331, 6, NULL),
('AND', 983, 'EXACT', -1, NULL, NULL, NULL, NULL),
('MIN', 984, NULL, NULL, 0, 332, 8, NULL),
('MIN', 985, NULL, NULL, 0, 333, 8, NULL),
('HAS', 986, NULL, NULL, NULL, NULL, 515, NULL),
('MIN', 987, NULL, NULL, 0, 334, 8, NULL),
('HAS', 988, NULL, NULL, NULL, NULL, 515, NULL),
('AND', 989, 'EXACT', -1, NULL, NULL, NULL, NULL),
('MIN', 990, NULL, NULL, 0, 335, 8, NULL),
('MIN', 991, NULL, NULL, 0, 336, 8, NULL),
('HAS', 992, NULL, NULL, NULL, NULL, 515, NULL),
('MIN', 993, NULL, NULL, 0, 337, 8, NULL),
('HAS', 994, NULL, NULL, NULL, NULL, 515, NULL),
('AND', 995, 'EXACT', -1, NULL, NULL, NULL, NULL),
('MIN', 996, NULL, NULL, 0, 338, 8, NULL),
('MIN', 997, NULL, NULL, 0, 339, 8, NULL),
('HAS', 998, NULL, NULL, NULL, NULL, 515, NULL),
('MIN', 999, NULL, NULL, 0, 340, 8, NULL),
('HAS', 1000, NULL, NULL, NULL, NULL, 515, NULL),
('AND', 1001, 'EXACT', -1, NULL, NULL, NULL, NULL),
('MIN', 1002, NULL, NULL, 0, 341, 8, NULL),
('MIN', 1003, NULL, NULL, 0, 342, 8, NULL),
('HAS', 1004, NULL, NULL, NULL, NULL, 515, NULL),
('MIN', 1005, NULL, NULL, 0, 343, 8, NULL),
('HAS', 1006, NULL, NULL, NULL, NULL, 515, NULL),
('AND', 1007, 'EXACT', -1, NULL, NULL, NULL, NULL),
('MIN', 1008, NULL, NULL, 0, 344, 6, NULL),
('HAS', 1009, NULL, NULL, NULL, NULL, 466, NULL),
('MIN', 1010, NULL, NULL, 0, 345, 8, NULL),
('HAS', 1011, NULL, NULL, NULL, NULL, 445, NULL),
('MIN', 1012, NULL, NULL, 0, 346, 6, NULL),
('MIN', 1013, NULL, NULL, 0, 347, 6, NULL),
('MIN', 1014, NULL, NULL, 0, 348, 3, NULL),
('AND', 1015, 'EXACT', -1, NULL, NULL, NULL, NULL),
('MIN', 1016, NULL, NULL, 0, 349, 1, NULL),
('HAS', 1017, NULL, NULL, NULL, NULL, 445, NULL),
('MIN', 1018, NULL, NULL, 0, 350, 6, NULL),
('AND', 1019, 'EXACT', -1, NULL, NULL, NULL, NULL),
('MIN', 1020, NULL, NULL, 0, 351, 8, NULL),
('AND', 1021, 'EXACT', -1, NULL, NULL, NULL, NULL),
('MIN', 1022, NULL, NULL, 0, 352, 1, NULL),
('MIN', 1023, NULL, NULL, 0, 353, 6, NULL),
('AND', 1024, 'EXACT', -1, NULL, NULL, NULL, NULL),
('MIN', 1025, NULL, NULL, 0, 354, 1, NULL),
('HAS', 1026, NULL, NULL, NULL, NULL, 236, NULL),
('MIN', 1027, NULL, NULL, 0, 355, 6, NULL),
('MIN', 1028, NULL, NULL, 0, 356, 6, NULL),
('MIN', 1029, NULL, NULL, 0, 357, 8, NULL),
('MIN', 1030, NULL, NULL, 0, 358, 6, NULL),
('MIN', 1031, NULL, NULL, 0, 359, 6, NULL),
('MIN', 1032, NULL, NULL, 0, 360, 6, NULL),
('MIN', 1033, NULL, NULL, 0, 361, 1, NULL),
('MIN', 1034, NULL, NULL, 0, 362, 8, NULL),
('AND', 1035, 'EXACT', -1, NULL, NULL, NULL, NULL),
('MIN', 1036, NULL, NULL, 0, 363, 6, NULL),
('MIN', 1037, NULL, NULL, 0, 364, 12, NULL),
('MIN', 1038, NULL, NULL, 0, 365, 15, NULL),
('AND', 1039, 'EXACT', -1, NULL, NULL, NULL, NULL),
('MIN', 1040, NULL, NULL, 0, 366, 1, NULL),
('HAS', 1041, NULL, NULL, NULL, NULL, 445, NULL),
('MIN', 1042, NULL, NULL, 0, 367, 6, NULL),
('MIN', 1043, NULL, NULL, 0, 368, 3, NULL),
('MIN', 1044, NULL, NULL, 0, 369, 8, NULL),
('AND', 1045, 'EXACT', -1, NULL, NULL, NULL, NULL),
('MIN', 1046, NULL, NULL, 0, 370, 6, NULL),
('HAS', 1047, NULL, NULL, NULL, NULL, 466, NULL),
('AND', 1048, 'EXACT', -1, NULL, NULL, NULL, NULL),
('MIN', 1049, NULL, NULL, 0, 371, 8, NULL),
('HAS', 1050, NULL, NULL, NULL, NULL, 466, NULL),
('MIN', 1051, NULL, NULL, 0, 372, 5, NULL),
('AND', 1052, 'EXACT', -1, NULL, NULL, NULL, NULL),
('MIN', 1053, NULL, NULL, 0, 373, 6, NULL),
('MIN', 1054, NULL, NULL, 0, 374, 12, NULL),
('MIN', 1055, NULL, NULL, 0, 375, 5, NULL),
('MIN', 1056, NULL, NULL, 0, 376, 8, NULL),
('MIN', 1057, NULL, NULL, 0, 377, 8, NULL),
('AND', 1058, 'EXACT', -1, NULL, NULL, NULL, NULL),
('MIN', 1059, NULL, NULL, 0, 378, 8, NULL),
('HAS', 1060, NULL, NULL, NULL, NULL, 466, NULL),
('HAS', 1061, NULL, NULL, NULL, NULL, 560, NULL),
('HAS', 1062, NULL, NULL, NULL, NULL, 562, NULL),
('HAS', 1063, NULL, NULL, NULL, NULL, 563, NULL),
('HAS', 1064, NULL, NULL, NULL, NULL, 571, NULL),
('AND', 1065, 'EXACT', -1, NULL, NULL, NULL, NULL),
('HAS', 1066, NULL, NULL, NULL, NULL, 577, NULL),
('HAS', 1067, NULL, NULL, NULL, NULL, 216, NULL),
('HAS', 1068, NULL, NULL, NULL, NULL, 216, NULL),
('HAS', 1069, NULL, NULL, NULL, NULL, 216, NULL),
('HAS', 1070, NULL, NULL, NULL, NULL, 216, NULL),
('HAS', 1071, NULL, NULL, NULL, NULL, 216, NULL),
('HAS', 1072, NULL, NULL, NULL, NULL, 216, NULL),
('HAS', 1073, NULL, NULL, NULL, NULL, 216, NULL),
('HAS', 1074, NULL, NULL, NULL, NULL, 216, NULL),
('HAS', 1075, NULL, NULL, NULL, NULL, 216, NULL),
('HAS', 1076, NULL, NULL, NULL, NULL, 216, NULL),
('HAS', 1077, NULL, NULL, NULL, NULL, 216, NULL),
('HAS', 1078, NULL, NULL, NULL, NULL, 413, NULL),
('HAS', 1079, NULL, NULL, NULL, NULL, 216, NULL),
('HAS', 1080, NULL, NULL, NULL, NULL, 216, NULL),
('HAS', 1081, NULL, NULL, NULL, NULL, 216, NULL),
('HAS', 1082, NULL, NULL, NULL, NULL, 216, NULL),
('HAS', 1083, NULL, NULL, NULL, NULL, 216, NULL),
('AND', 1084, 'EXACT', -1, NULL, NULL, NULL, NULL),
('HAS', 1085, NULL, NULL, NULL, NULL, 1588, NULL),
('HAS', 1086, NULL, NULL, NULL, NULL, 864, NULL),
('NOT', 1087, NULL, NULL, NULL, NULL, NULL, 1086),
('AND', 1088, 'EXACT', -1, NULL, NULL, NULL, NULL),
('HAS', 1089, NULL, NULL, NULL, NULL, 1588, NULL),
('HAS', 1090, NULL, NULL, NULL, NULL, 863, NULL),
('NOT', 1091, NULL, NULL, NULL, NULL, NULL, 1090),
('AND', 1092, 'EXACT', -1, NULL, NULL, NULL, NULL),
('OR', 1093, 'MINIMUM', 1, NULL, NULL, NULL, NULL),
('HAS', 1094, NULL, NULL, NULL, NULL, 1181, NULL),
('HAS', 1095, NULL, NULL, NULL, NULL, 1631, NULL),
('NOT', 1096, NULL, NULL, NULL, NULL, NULL, 1093),
('OR', 1097, 'MINIMUM', 1, NULL, NULL, NULL, NULL),
('HAS', 1098, NULL, NULL, NULL, NULL, 1690, NULL),
('HAS', 1099, NULL, NULL, NULL, NULL, 1984, NULL),
('OR', 1100, 'MINIMUM', 1, NULL, NULL, NULL, NULL),
('AND', 1101, 'EXACT', -1, NULL, NULL, NULL, NULL),
('HAS', 1102, NULL, NULL, NULL, NULL, 1700, NULL),
('NOT', 1103, NULL, NULL, NULL, NULL, NULL, 1102);
INSERT INTO `conditions` (`type`, `id`, `comparison`, `n`, `modifier`, `level_check_id`, `property_id`, `not_id`) VALUES
('AND', 1104, 'EXACT', -1, NULL, NULL, NULL, NULL),
('HAS', 1105, NULL, NULL, NULL, NULL, 1700, NULL),
('NOT', 1106, NULL, NULL, NULL, NULL, NULL, 1105),
('AND', 1107, 'EXACT', -1, NULL, NULL, NULL, NULL),
('HAS', 1108, NULL, NULL, NULL, NULL, 1700, NULL),
('NOT', 1109, NULL, NULL, NULL, NULL, NULL, 1108),
('AND', 1110, 'EXACT', -1, NULL, NULL, NULL, NULL),
('HAS', 1111, NULL, NULL, NULL, NULL, 1700, NULL),
('NOT', 1112, NULL, NULL, NULL, NULL, NULL, 1111),
('AND', 1113, 'EXACT', -1, NULL, NULL, NULL, NULL),
('HAS', 1114, NULL, NULL, NULL, NULL, 1700, NULL),
('NOT', 1115, NULL, NULL, NULL, NULL, NULL, 1114),
('AND', 1116, 'EXACT', -1, NULL, NULL, NULL, NULL),
('HAS', 1117, NULL, NULL, NULL, NULL, 1700, NULL),
('NOT', 1118, NULL, NULL, NULL, NULL, NULL, 1117),
('AND', 1119, 'EXACT', -1, NULL, NULL, NULL, NULL),
('HAS', 1120, NULL, NULL, NULL, NULL, 1700, NULL),
('NOT', 1121, NULL, NULL, NULL, NULL, NULL, 1120),
('AND', 1122, 'EXACT', -1, NULL, NULL, NULL, NULL),
('HAS', 1123, NULL, NULL, NULL, NULL, 1700, NULL),
('NOT', 1124, NULL, NULL, NULL, NULL, NULL, 1123),
('AND', 1125, 'EXACT', -1, NULL, NULL, NULL, NULL),
('HAS', 1126, NULL, NULL, NULL, NULL, 1700, NULL),
('NOT', 1127, NULL, NULL, NULL, NULL, NULL, 1126),
('AND', 1128, 'EXACT', -1, NULL, NULL, NULL, NULL),
('HAS', 1129, NULL, NULL, NULL, NULL, 1700, NULL),
('NOT', 1130, NULL, NULL, NULL, NULL, NULL, 1129),
('AND', 1131, 'EXACT', -1, NULL, NULL, NULL, NULL),
('HAS', 1132, NULL, NULL, NULL, NULL, 1700, NULL),
('NOT', 1133, NULL, NULL, NULL, NULL, NULL, 1132),
('AND', 1134, 'EXACT', -1, NULL, NULL, NULL, NULL),
('HAS', 1135, NULL, NULL, NULL, NULL, 1700, NULL),
('NOT', 1136, NULL, NULL, NULL, NULL, NULL, 1135),
('AND', 1137, 'EXACT', -1, NULL, NULL, NULL, NULL),
('HAS', 1138, NULL, NULL, NULL, NULL, 1700, NULL),
('NOT', 1139, NULL, NULL, NULL, NULL, NULL, 1138),
('AND', 1140, 'EXACT', -1, NULL, NULL, NULL, NULL),
('HAS', 1141, NULL, NULL, NULL, NULL, 1700, NULL),
('NOT', 1142, NULL, NULL, NULL, NULL, NULL, 1141),
('AND', 1143, 'EXACT', -1, NULL, NULL, NULL, NULL),
('HAS', 1144, NULL, NULL, NULL, NULL, 1700, NULL),
('NOT', 1145, NULL, NULL, NULL, NULL, NULL, 1144),
('AND', 1146, 'EXACT', -1, NULL, NULL, NULL, NULL),
('HAS', 1147, NULL, NULL, NULL, NULL, 1700, NULL),
('NOT', 1148, NULL, NULL, NULL, NULL, NULL, 1147),
('AND', 1149, 'EXACT', -1, NULL, NULL, NULL, NULL),
('HAS', 1150, NULL, NULL, NULL, NULL, 1700, NULL),
('NOT', 1151, NULL, NULL, NULL, NULL, NULL, 1150),
('AND', 1152, 'EXACT', -1, NULL, NULL, NULL, NULL),
('HAS', 1153, NULL, NULL, NULL, NULL, 1700, NULL),
('NOT', 1154, NULL, NULL, NULL, NULL, NULL, 1153),
('AND', 1155, 'EXACT', -1, NULL, NULL, NULL, NULL),
('HAS', 1156, NULL, NULL, NULL, NULL, 1700, NULL),
('NOT', 1157, NULL, NULL, NULL, NULL, NULL, 1156),
('AND', 1158, 'EXACT', -1, NULL, NULL, NULL, NULL),
('HAS', 1159, NULL, NULL, NULL, NULL, 1700, NULL),
('NOT', 1160, NULL, NULL, NULL, NULL, NULL, 1159),
('AND', 1161, 'EXACT', -1, NULL, NULL, NULL, NULL),
('HAS', 1162, NULL, NULL, NULL, NULL, 1700, NULL),
('NOT', 1163, NULL, NULL, NULL, NULL, NULL, 1162),
('AND', 1164, 'EXACT', -1, NULL, NULL, NULL, NULL),
('HAS', 1165, NULL, NULL, NULL, NULL, 1700, NULL),
('NOT', 1166, NULL, NULL, NULL, NULL, NULL, 1165),
('AND', 1167, 'EXACT', -1, NULL, NULL, NULL, NULL),
('HAS', 1168, NULL, NULL, NULL, NULL, 1700, NULL),
('NOT', 1169, NULL, NULL, NULL, NULL, NULL, 1168),
('AND', 1170, 'EXACT', -1, NULL, NULL, NULL, NULL),
('HAS', 1171, NULL, NULL, NULL, NULL, 1700, NULL),
('NOT', 1172, NULL, NULL, NULL, NULL, NULL, 1171),
('AND', 1173, 'EXACT', -1, NULL, NULL, NULL, NULL),
('HAS', 1174, NULL, NULL, NULL, NULL, 1700, NULL),
('NOT', 1175, NULL, NULL, NULL, NULL, NULL, 1174),
('AND', 1176, 'EXACT', -1, NULL, NULL, NULL, NULL),
('HAS', 1177, NULL, NULL, NULL, NULL, 1700, NULL),
('NOT', 1178, NULL, NULL, NULL, NULL, NULL, 1177),
('AND', 1179, 'EXACT', -1, NULL, NULL, NULL, NULL),
('HAS', 1180, NULL, NULL, NULL, NULL, 1700, NULL),
('NOT', 1181, NULL, NULL, NULL, NULL, NULL, 1180),
('AND', 1182, 'EXACT', -1, NULL, NULL, NULL, NULL),
('HAS', 1183, NULL, NULL, NULL, NULL, 1700, NULL),
('NOT', 1184, NULL, NULL, NULL, NULL, NULL, 1183),
('AND', 1185, 'EXACT', -1, NULL, NULL, NULL, NULL),
('HAS', 1186, NULL, NULL, NULL, NULL, 1700, NULL),
('NOT', 1187, NULL, NULL, NULL, NULL, NULL, 1186),
('AND', 1188, 'EXACT', -1, NULL, NULL, NULL, NULL),
('HAS', 1189, NULL, NULL, NULL, NULL, 1700, NULL),
('NOT', 1190, NULL, NULL, NULL, NULL, NULL, 1189),
('AND', 1191, 'EXACT', -1, NULL, NULL, NULL, NULL),
('HAS', 1192, NULL, NULL, NULL, NULL, 1700, NULL),
('NOT', 1193, NULL, NULL, NULL, NULL, NULL, 1192),
('AND', 1194, 'EXACT', -1, NULL, NULL, NULL, NULL),
('HAS', 1195, NULL, NULL, NULL, NULL, 1700, NULL),
('NOT', 1196, NULL, NULL, NULL, NULL, NULL, 1195),
('AND', 1197, 'EXACT', -1, NULL, NULL, NULL, NULL),
('HAS', 1198, NULL, NULL, NULL, NULL, 1700, NULL),
('NOT', 1199, NULL, NULL, NULL, NULL, NULL, 1198),
('AND', 1200, 'EXACT', -1, NULL, NULL, NULL, NULL),
('HAS', 1201, NULL, NULL, NULL, NULL, 1700, NULL),
('NOT', 1202, NULL, NULL, NULL, NULL, NULL, 1201),
('AND', 1203, 'EXACT', -1, NULL, NULL, NULL, NULL),
('HAS', 1204, NULL, NULL, NULL, NULL, 1700, NULL),
('NOT', 1205, NULL, NULL, NULL, NULL, NULL, 1204),
('AND', 1206, 'EXACT', -1, NULL, NULL, NULL, NULL),
('HAS', 1207, NULL, NULL, NULL, NULL, 1700, NULL),
('NOT', 1208, NULL, NULL, NULL, NULL, NULL, 1207),
('AND', 1209, 'EXACT', -1, NULL, NULL, NULL, NULL),
('HAS', 1210, NULL, NULL, NULL, NULL, 1700, NULL),
('NOT', 1211, NULL, NULL, NULL, NULL, NULL, 1210),
('AND', 1212, 'EXACT', -1, NULL, NULL, NULL, NULL),
('HAS', 1213, NULL, NULL, NULL, NULL, 1700, NULL),
('NOT', 1214, NULL, NULL, NULL, NULL, NULL, 1213),
('AND', 1215, 'EXACT', -1, NULL, NULL, NULL, NULL),
('HAS', 1216, NULL, NULL, NULL, NULL, 1700, NULL),
('NOT', 1217, NULL, NULL, NULL, NULL, NULL, 1216),
('AND', 1218, 'EXACT', -1, NULL, NULL, NULL, NULL),
('HAS', 1219, NULL, NULL, NULL, NULL, 1700, NULL),
('NOT', 1220, NULL, NULL, NULL, NULL, NULL, 1219),
('AND', 1221, 'EXACT', -1, NULL, NULL, NULL, NULL),
('HAS', 1222, NULL, NULL, NULL, NULL, 1700, NULL),
('NOT', 1223, NULL, NULL, NULL, NULL, NULL, 1222),
('AND', 1224, 'EXACT', -1, NULL, NULL, NULL, NULL),
('HAS', 1225, NULL, NULL, NULL, NULL, 1700, NULL),
('NOT', 1226, NULL, NULL, NULL, NULL, NULL, 1225),
('AND', 1227, 'EXACT', -1, NULL, NULL, NULL, NULL),
('HAS', 1228, NULL, NULL, NULL, NULL, 1700, NULL),
('NOT', 1229, NULL, NULL, NULL, NULL, NULL, 1228),
('AND', 1230, 'EXACT', -1, NULL, NULL, NULL, NULL),
('HAS', 1231, NULL, NULL, NULL, NULL, 1700, NULL),
('NOT', 1232, NULL, NULL, NULL, NULL, NULL, 1231),
('AND', 1233, 'EXACT', -1, NULL, NULL, NULL, NULL),
('HAS', 1234, NULL, NULL, NULL, NULL, 1700, NULL),
('NOT', 1235, NULL, NULL, NULL, NULL, NULL, 1234),
('AND', 1236, 'EXACT', -1, NULL, NULL, NULL, NULL),
('HAS', 1237, NULL, NULL, NULL, NULL, 1700, NULL),
('NOT', 1238, NULL, NULL, NULL, NULL, NULL, 1237),
('AND', 1239, 'EXACT', -1, NULL, NULL, NULL, NULL),
('HAS', 1240, NULL, NULL, NULL, NULL, 1700, NULL),
('NOT', 1241, NULL, NULL, NULL, NULL, NULL, 1240),
('AND', 1242, 'EXACT', -1, NULL, NULL, NULL, NULL),
('HAS', 1243, NULL, NULL, NULL, NULL, 1700, NULL),
('NOT', 1244, NULL, NULL, NULL, NULL, NULL, 1243),
('AND', 1245, 'EXACT', -1, NULL, NULL, NULL, NULL),
('HAS', 1246, NULL, NULL, NULL, NULL, 1700, NULL),
('NOT', 1247, NULL, NULL, NULL, NULL, NULL, 1246),
('AND', 1248, 'EXACT', -1, NULL, NULL, NULL, NULL),
('HAS', 1249, NULL, NULL, NULL, NULL, 1700, NULL),
('NOT', 1250, NULL, NULL, NULL, NULL, NULL, 1249),
('AND', 1251, 'EXACT', -1, NULL, NULL, NULL, NULL),
('HAS', 1252, NULL, NULL, NULL, NULL, 1700, NULL),
('NOT', 1253, NULL, NULL, NULL, NULL, NULL, 1252),
('AND', 1254, 'EXACT', -1, NULL, NULL, NULL, NULL),
('HAS', 1255, NULL, NULL, NULL, NULL, 1700, NULL),
('NOT', 1256, NULL, NULL, NULL, NULL, NULL, 1255),
('AND', 1257, 'EXACT', -1, NULL, NULL, NULL, NULL),
('HAS', 1258, NULL, NULL, NULL, NULL, 1700, NULL),
('NOT', 1259, NULL, NULL, NULL, NULL, NULL, 1258),
('AND', 1260, 'EXACT', -1, NULL, NULL, NULL, NULL),
('HAS', 1261, NULL, NULL, NULL, NULL, 1700, NULL),
('NOT', 1262, NULL, NULL, NULL, NULL, NULL, 1261),
('AND', 1263, 'EXACT', -1, NULL, NULL, NULL, NULL),
('HAS', 1264, NULL, NULL, NULL, NULL, 1700, NULL),
('NOT', 1265, NULL, NULL, NULL, NULL, NULL, 1264),
('AND', 1266, 'EXACT', -1, NULL, NULL, NULL, NULL),
('HAS', 1267, NULL, NULL, NULL, NULL, 1700, NULL),
('NOT', 1268, NULL, NULL, NULL, NULL, NULL, 1267),
('AND', 1269, 'EXACT', -1, NULL, NULL, NULL, NULL),
('HAS', 1270, NULL, NULL, NULL, NULL, 1700, NULL),
('NOT', 1271, NULL, NULL, NULL, NULL, NULL, 1270),
('AND', 1272, 'EXACT', -1, NULL, NULL, NULL, NULL),
('HAS', 1273, NULL, NULL, NULL, NULL, 1700, NULL),
('NOT', 1274, NULL, NULL, NULL, NULL, NULL, 1273),
('AND', 1275, 'EXACT', -1, NULL, NULL, NULL, NULL),
('HAS', 1276, NULL, NULL, NULL, NULL, 1700, NULL),
('NOT', 1277, NULL, NULL, NULL, NULL, NULL, 1276),
('AND', 1278, 'EXACT', -1, NULL, NULL, NULL, NULL),
('HAS', 1279, NULL, NULL, NULL, NULL, 1700, NULL),
('NOT', 1280, NULL, NULL, NULL, NULL, NULL, 1279),
('AND', 1281, 'EXACT', -1, NULL, NULL, NULL, NULL),
('HAS', 1282, NULL, NULL, NULL, NULL, 1700, NULL),
('NOT', 1283, NULL, NULL, NULL, NULL, NULL, 1282),
('AND', 1284, 'EXACT', -1, NULL, NULL, NULL, NULL),
('HAS', 1285, NULL, NULL, NULL, NULL, 1700, NULL),
('NOT', 1286, NULL, NULL, NULL, NULL, NULL, 1285),
('AND', 1287, 'EXACT', -1, NULL, NULL, NULL, NULL),
('HAS', 1288, NULL, NULL, NULL, NULL, 1700, NULL),
('NOT', 1289, NULL, NULL, NULL, NULL, NULL, 1288),
('AND', 1290, 'EXACT', -1, NULL, NULL, NULL, NULL),
('HAS', 1291, NULL, NULL, NULL, NULL, 1700, NULL),
('NOT', 1292, NULL, NULL, NULL, NULL, NULL, 1291),
('AND', 1293, 'EXACT', -1, NULL, NULL, NULL, NULL),
('HAS', 1294, NULL, NULL, NULL, NULL, 1700, NULL),
('NOT', 1295, NULL, NULL, NULL, NULL, NULL, 1294),
('AND', 1296, 'EXACT', -1, NULL, NULL, NULL, NULL),
('HAS', 1297, NULL, NULL, NULL, NULL, 1700, NULL),
('NOT', 1298, NULL, NULL, NULL, NULL, NULL, 1297),
('AND', 1299, 'EXACT', -1, NULL, NULL, NULL, NULL),
('HAS', 1300, NULL, NULL, NULL, NULL, 1700, NULL),
('NOT', 1301, NULL, NULL, NULL, NULL, NULL, 1300),
('AND', 1302, 'EXACT', -1, NULL, NULL, NULL, NULL),
('HAS', 1303, NULL, NULL, NULL, NULL, 1700, NULL),
('NOT', 1304, NULL, NULL, NULL, NULL, NULL, 1303),
('AND', 1305, 'EXACT', -1, NULL, NULL, NULL, NULL),
('HAS', 1306, NULL, NULL, NULL, NULL, 1700, NULL),
('NOT', 1307, NULL, NULL, NULL, NULL, NULL, 1306),
('AND', 1308, 'EXACT', -1, NULL, NULL, NULL, NULL),
('HAS', 1309, NULL, NULL, NULL, NULL, 1700, NULL),
('NOT', 1310, NULL, NULL, NULL, NULL, NULL, 1309),
('AND', 1311, 'EXACT', -1, NULL, NULL, NULL, NULL),
('HAS', 1312, NULL, NULL, NULL, NULL, 1700, NULL),
('NOT', 1313, NULL, NULL, NULL, NULL, NULL, 1312),
('AND', 1314, 'EXACT', -1, NULL, NULL, NULL, NULL),
('HAS', 1315, NULL, NULL, NULL, NULL, 1700, NULL),
('NOT', 1316, NULL, NULL, NULL, NULL, NULL, 1315),
('AND', 1317, 'EXACT', -1, NULL, NULL, NULL, NULL),
('HAS', 1318, NULL, NULL, NULL, NULL, 1700, NULL),
('NOT', 1319, NULL, NULL, NULL, NULL, NULL, 1318),
('AND', 1320, 'EXACT', -1, NULL, NULL, NULL, NULL),
('HAS', 1321, NULL, NULL, NULL, NULL, 1700, NULL),
('NOT', 1322, NULL, NULL, NULL, NULL, NULL, 1321),
('AND', 1323, 'EXACT', -1, NULL, NULL, NULL, NULL),
('HAS', 1324, NULL, NULL, NULL, NULL, 1700, NULL),
('NOT', 1325, NULL, NULL, NULL, NULL, NULL, 1324),
('AND', 1326, 'EXACT', -1, NULL, NULL, NULL, NULL),
('HAS', 1327, NULL, NULL, NULL, NULL, 1700, NULL),
('NOT', 1328, NULL, NULL, NULL, NULL, NULL, 1327),
('AND', 1329, 'EXACT', -1, NULL, NULL, NULL, NULL),
('HAS', 1330, NULL, NULL, NULL, NULL, 1700, NULL),
('NOT', 1331, NULL, NULL, NULL, NULL, NULL, 1330),
('AND', 1332, 'EXACT', -1, NULL, NULL, NULL, NULL),
('HAS', 1333, NULL, NULL, NULL, NULL, 1700, NULL),
('NOT', 1334, NULL, NULL, NULL, NULL, NULL, 1333),
('AND', 1335, 'EXACT', -1, NULL, NULL, NULL, NULL),
('HAS', 1336, NULL, NULL, NULL, NULL, 1700, NULL),
('NOT', 1337, NULL, NULL, NULL, NULL, NULL, 1336),
('AND', 1338, 'EXACT', -1, NULL, NULL, NULL, NULL),
('HAS', 1339, NULL, NULL, NULL, NULL, 1700, NULL),
('NOT', 1340, NULL, NULL, NULL, NULL, NULL, 1339),
('AND', 1341, 'EXACT', -1, NULL, NULL, NULL, NULL),
('HAS', 1342, NULL, NULL, NULL, NULL, 1700, NULL),
('NOT', 1343, NULL, NULL, NULL, NULL, NULL, 1342),
('AND', 1344, 'EXACT', -1, NULL, NULL, NULL, NULL),
('HAS', 1345, NULL, NULL, NULL, NULL, 1700, NULL),
('NOT', 1346, NULL, NULL, NULL, NULL, NULL, 1345),
('AND', 1347, 'EXACT', -1, NULL, NULL, NULL, NULL),
('HAS', 1348, NULL, NULL, NULL, NULL, 1700, NULL),
('NOT', 1349, NULL, NULL, NULL, NULL, NULL, 1348),
('AND', 1350, 'EXACT', -1, NULL, NULL, NULL, NULL),
('HAS', 1351, NULL, NULL, NULL, NULL, 1700, NULL),
('NOT', 1352, NULL, NULL, NULL, NULL, NULL, 1351),
('AND', 1353, 'EXACT', -1, NULL, NULL, NULL, NULL),
('HAS', 1354, NULL, NULL, NULL, NULL, 1700, NULL),
('NOT', 1355, NULL, NULL, NULL, NULL, NULL, 1354),
('AND', 1356, 'EXACT', -1, NULL, NULL, NULL, NULL),
('HAS', 1357, NULL, NULL, NULL, NULL, 1700, NULL),
('NOT', 1358, NULL, NULL, NULL, NULL, NULL, 1357),
('AND', 1359, 'EXACT', -1, NULL, NULL, NULL, NULL),
('HAS', 1360, NULL, NULL, NULL, NULL, 1700, NULL),
('NOT', 1361, NULL, NULL, NULL, NULL, NULL, 1360),
('AND', 1362, 'EXACT', -1, NULL, NULL, NULL, NULL),
('HAS', 1363, NULL, NULL, NULL, NULL, 1700, NULL),
('NOT', 1364, NULL, NULL, NULL, NULL, NULL, 1363),
('AND', 1365, 'EXACT', -1, NULL, NULL, NULL, NULL),
('HAS', 1366, NULL, NULL, NULL, NULL, 1700, NULL),
('NOT', 1367, NULL, NULL, NULL, NULL, NULL, 1366),
('AND', 1368, 'EXACT', -1, NULL, NULL, NULL, NULL),
('HAS', 1369, NULL, NULL, NULL, NULL, 1700, NULL),
('NOT', 1370, NULL, NULL, NULL, NULL, NULL, 1369),
('AND', 1371, 'EXACT', -1, NULL, NULL, NULL, NULL),
('HAS', 1372, NULL, NULL, NULL, NULL, 1700, NULL),
('NOT', 1373, NULL, NULL, NULL, NULL, NULL, 1372),
('AND', 1374, 'EXACT', -1, NULL, NULL, NULL, NULL),
('HAS', 1375, NULL, NULL, NULL, NULL, 1700, NULL),
('NOT', 1376, NULL, NULL, NULL, NULL, NULL, 1375),
('AND', 1377, 'EXACT', -1, NULL, NULL, NULL, NULL),
('HAS', 1378, NULL, NULL, NULL, NULL, 1700, NULL),
('NOT', 1379, NULL, NULL, NULL, NULL, NULL, 1378),
('AND', 1380, 'EXACT', -1, NULL, NULL, NULL, NULL),
('HAS', 1381, NULL, NULL, NULL, NULL, 1700, NULL),
('NOT', 1382, NULL, NULL, NULL, NULL, NULL, 1381),
('AND', 1383, 'EXACT', -1, NULL, NULL, NULL, NULL),
('HAS', 1384, NULL, NULL, NULL, NULL, 1700, NULL),
('NOT', 1385, NULL, NULL, NULL, NULL, NULL, 1384),
('AND', 1386, 'EXACT', -1, NULL, NULL, NULL, NULL),
('HAS', 1387, NULL, NULL, NULL, NULL, 1700, NULL),
('NOT', 1388, NULL, NULL, NULL, NULL, NULL, 1387),
('AND', 1389, 'EXACT', -1, NULL, NULL, NULL, NULL),
('HAS', 1390, NULL, NULL, NULL, NULL, 1700, NULL),
('NOT', 1391, NULL, NULL, NULL, NULL, NULL, 1390),
('AND', 1392, 'EXACT', -1, NULL, NULL, NULL, NULL),
('HAS', 1393, NULL, NULL, NULL, NULL, 1700, NULL),
('NOT', 1394, NULL, NULL, NULL, NULL, NULL, 1393),
('AND', 1395, 'EXACT', -1, NULL, NULL, NULL, NULL),
('HAS', 1396, NULL, NULL, NULL, NULL, 1700, NULL),
('NOT', 1397, NULL, NULL, NULL, NULL, NULL, 1396),
('AND', 1398, 'EXACT', -1, NULL, NULL, NULL, NULL),
('HAS', 1399, NULL, NULL, NULL, NULL, 1700, NULL),
('NOT', 1400, NULL, NULL, NULL, NULL, NULL, 1399),
('AND', 1401, 'EXACT', -1, NULL, NULL, NULL, NULL),
('HAS', 1402, NULL, NULL, NULL, NULL, 1700, NULL),
('NOT', 1403, NULL, NULL, NULL, NULL, NULL, 1402),
('AND', 1404, 'EXACT', -1, NULL, NULL, NULL, NULL),
('HAS', 1405, NULL, NULL, NULL, NULL, 1700, NULL),
('NOT', 1406, NULL, NULL, NULL, NULL, NULL, 1405),
('AND', 1407, 'EXACT', -1, NULL, NULL, NULL, NULL),
('HAS', 1408, NULL, NULL, NULL, NULL, 1700, NULL),
('NOT', 1409, NULL, NULL, NULL, NULL, NULL, 1408),
('AND', 1410, 'EXACT', -1, NULL, NULL, NULL, NULL),
('HAS', 1411, NULL, NULL, NULL, NULL, 1700, NULL),
('NOT', 1412, NULL, NULL, NULL, NULL, NULL, 1411),
('AND', 1413, 'EXACT', -1, NULL, NULL, NULL, NULL),
('HAS', 1414, NULL, NULL, NULL, NULL, 1700, NULL),
('NOT', 1415, NULL, NULL, NULL, NULL, NULL, 1414),
('AND', 1416, 'EXACT', -1, NULL, NULL, NULL, NULL),
('HAS', 1417, NULL, NULL, NULL, NULL, 1700, NULL),
('NOT', 1418, NULL, NULL, NULL, NULL, NULL, 1417),
('AND', 1419, 'EXACT', -1, NULL, NULL, NULL, NULL),
('HAS', 1420, NULL, NULL, NULL, NULL, 1700, NULL),
('NOT', 1421, NULL, NULL, NULL, NULL, NULL, 1420),
('AND', 1422, 'EXACT', -1, NULL, NULL, NULL, NULL),
('HAS', 1423, NULL, NULL, NULL, NULL, 1700, NULL),
('NOT', 1424, NULL, NULL, NULL, NULL, NULL, 1423),
('AND', 1425, 'EXACT', -1, NULL, NULL, NULL, NULL),
('HAS', 1426, NULL, NULL, NULL, NULL, 1700, NULL),
('NOT', 1427, NULL, NULL, NULL, NULL, NULL, 1426),
('AND', 1428, 'EXACT', -1, NULL, NULL, NULL, NULL),
('HAS', 1429, NULL, NULL, NULL, NULL, 1700, NULL),
('NOT', 1430, NULL, NULL, NULL, NULL, NULL, 1429),
('AND', 1431, 'EXACT', -1, NULL, NULL, NULL, NULL),
('HAS', 1432, NULL, NULL, NULL, NULL, 1700, NULL),
('NOT', 1433, NULL, NULL, NULL, NULL, NULL, 1432),
('AND', 1434, 'EXACT', -1, NULL, NULL, NULL, NULL),
('HAS', 1435, NULL, NULL, NULL, NULL, 1700, NULL),
('NOT', 1436, NULL, NULL, NULL, NULL, NULL, 1435),
('AND', 1437, 'EXACT', -1, NULL, NULL, NULL, NULL),
('HAS', 1438, NULL, NULL, NULL, NULL, 1700, NULL),
('NOT', 1439, NULL, NULL, NULL, NULL, NULL, 1438),
('AND', 1440, 'EXACT', -1, NULL, NULL, NULL, NULL),
('HAS', 1441, NULL, NULL, NULL, NULL, 1700, NULL),
('NOT', 1442, NULL, NULL, NULL, NULL, NULL, 1441),
('AND', 1443, 'EXACT', -1, NULL, NULL, NULL, NULL),
('HAS', 1444, NULL, NULL, NULL, NULL, 1700, NULL),
('NOT', 1445, NULL, NULL, NULL, NULL, NULL, 1444),
('AND', 1446, 'EXACT', -1, NULL, NULL, NULL, NULL),
('HAS', 1447, NULL, NULL, NULL, NULL, 1700, NULL),
('NOT', 1448, NULL, NULL, NULL, NULL, NULL, 1447),
('AND', 1449, 'EXACT', -1, NULL, NULL, NULL, NULL),
('HAS', 1450, NULL, NULL, NULL, NULL, 1700, NULL),
('NOT', 1451, NULL, NULL, NULL, NULL, NULL, 1450),
('AND', 1452, 'EXACT', -1, NULL, NULL, NULL, NULL),
('HAS', 1453, NULL, NULL, NULL, NULL, 1700, NULL),
('NOT', 1454, NULL, NULL, NULL, NULL, NULL, 1453),
('AND', 1455, 'EXACT', -1, NULL, NULL, NULL, NULL),
('HAS', 1456, NULL, NULL, NULL, NULL, 1700, NULL),
('NOT', 1457, NULL, NULL, NULL, NULL, NULL, 1456),
('AND', 1458, 'EXACT', -1, NULL, NULL, NULL, NULL),
('HAS', 1459, NULL, NULL, NULL, NULL, 1700, NULL),
('NOT', 1460, NULL, NULL, NULL, NULL, NULL, 1459),
('AND', 1461, 'EXACT', -1, NULL, NULL, NULL, NULL),
('HAS', 1462, NULL, NULL, NULL, NULL, 1700, NULL),
('NOT', 1463, NULL, NULL, NULL, NULL, NULL, 1462),
('AND', 1464, 'EXACT', -1, NULL, NULL, NULL, NULL),
('HAS', 1465, NULL, NULL, NULL, NULL, 1700, NULL),
('NOT', 1466, NULL, NULL, NULL, NULL, NULL, 1465),
('AND', 1467, 'EXACT', -1, NULL, NULL, NULL, NULL),
('HAS', 1468, NULL, NULL, NULL, NULL, 1700, NULL),
('NOT', 1469, NULL, NULL, NULL, NULL, NULL, 1468),
('AND', 1470, 'EXACT', -1, NULL, NULL, NULL, NULL),
('HAS', 1471, NULL, NULL, NULL, NULL, 1700, NULL),
('NOT', 1472, NULL, NULL, NULL, NULL, NULL, 1471),
('AND', 1473, 'EXACT', -1, NULL, NULL, NULL, NULL),
('HAS', 1474, NULL, NULL, NULL, NULL, 1700, NULL),
('NOT', 1475, NULL, NULL, NULL, NULL, NULL, 1474),
('AND', 1476, 'EXACT', -1, NULL, NULL, NULL, NULL),
('HAS', 1477, NULL, NULL, NULL, NULL, 1700, NULL),
('NOT', 1478, NULL, NULL, NULL, NULL, NULL, 1477),
('AND', 1479, 'EXACT', -1, NULL, NULL, NULL, NULL),
('HAS', 1480, NULL, NULL, NULL, NULL, 1700, NULL),
('NOT', 1481, NULL, NULL, NULL, NULL, NULL, 1480),
('AND', 1482, 'EXACT', -1, NULL, NULL, NULL, NULL),
('HAS', 1483, NULL, NULL, NULL, NULL, 1700, NULL),
('NOT', 1484, NULL, NULL, NULL, NULL, NULL, 1483),
('AND', 1485, 'EXACT', -1, NULL, NULL, NULL, NULL),
('HAS', 1486, NULL, NULL, NULL, NULL, 1700, NULL),
('NOT', 1487, NULL, NULL, NULL, NULL, NULL, 1486),
('AND', 1488, 'EXACT', -1, NULL, NULL, NULL, NULL),
('HAS', 1489, NULL, NULL, NULL, NULL, 1700, NULL),
('NOT', 1490, NULL, NULL, NULL, NULL, NULL, 1489),
('AND', 1491, 'EXACT', -1, NULL, NULL, NULL, NULL),
('HAS', 1492, NULL, NULL, NULL, NULL, 1700, NULL),
('NOT', 1493, NULL, NULL, NULL, NULL, NULL, 1492),
('AND', 1494, 'EXACT', -1, NULL, NULL, NULL, NULL),
('HAS', 1495, NULL, NULL, NULL, NULL, 1700, NULL),
('NOT', 1496, NULL, NULL, NULL, NULL, NULL, 1495),
('AND', 1497, 'EXACT', -1, NULL, NULL, NULL, NULL),
('HAS', 1498, NULL, NULL, NULL, NULL, 1700, NULL),
('NOT', 1499, NULL, NULL, NULL, NULL, NULL, 1498),
('AND', 1500, 'EXACT', -1, NULL, NULL, NULL, NULL),
('HAS', 1501, NULL, NULL, NULL, NULL, 1700, NULL),
('NOT', 1502, NULL, NULL, NULL, NULL, NULL, 1501),
('AND', 1503, 'EXACT', -1, NULL, NULL, NULL, NULL),
('HAS', 1504, NULL, NULL, NULL, NULL, 1700, NULL),
('NOT', 1505, NULL, NULL, NULL, NULL, NULL, 1504),
('AND', 1506, 'EXACT', -1, NULL, NULL, NULL, NULL),
('HAS', 1507, NULL, NULL, NULL, NULL, 1700, NULL),
('NOT', 1508, NULL, NULL, NULL, NULL, NULL, 1507),
('AND', 1509, 'EXACT', -1, NULL, NULL, NULL, NULL),
('HAS', 1510, NULL, NULL, NULL, NULL, 1700, NULL),
('NOT', 1511, NULL, NULL, NULL, NULL, NULL, 1510),
('AND', 1512, 'EXACT', -1, NULL, NULL, NULL, NULL),
('HAS', 1513, NULL, NULL, NULL, NULL, 1700, NULL),
('NOT', 1514, NULL, NULL, NULL, NULL, NULL, 1513),
('AND', 1515, 'EXACT', -1, NULL, NULL, NULL, NULL),
('HAS', 1516, NULL, NULL, NULL, NULL, 1700, NULL),
('NOT', 1517, NULL, NULL, NULL, NULL, NULL, 1516),
('AND', 1518, 'EXACT', -1, NULL, NULL, NULL, NULL),
('HAS', 1519, NULL, NULL, NULL, NULL, 1700, NULL),
('NOT', 1520, NULL, NULL, NULL, NULL, NULL, 1519),
('AND', 1521, 'EXACT', -1, NULL, NULL, NULL, NULL),
('HAS', 1522, NULL, NULL, NULL, NULL, 1700, NULL),
('NOT', 1523, NULL, NULL, NULL, NULL, NULL, 1522),
('AND', 1524, 'EXACT', -1, NULL, NULL, NULL, NULL),
('HAS', 1525, NULL, NULL, NULL, NULL, 1700, NULL),
('NOT', 1526, NULL, NULL, NULL, NULL, NULL, 1525),
('AND', 1527, 'EXACT', -1, NULL, NULL, NULL, NULL),
('HAS', 1528, NULL, NULL, NULL, NULL, 1700, NULL),
('NOT', 1529, NULL, NULL, NULL, NULL, NULL, 1528),
('AND', 1530, 'EXACT', -1, NULL, NULL, NULL, NULL),
('HAS', 1531, NULL, NULL, NULL, NULL, 1700, NULL),
('NOT', 1532, NULL, NULL, NULL, NULL, NULL, 1531),
('AND', 1533, 'EXACT', -1, NULL, NULL, NULL, NULL),
('HAS', 1534, NULL, NULL, NULL, NULL, 1700, NULL),
('NOT', 1535, NULL, NULL, NULL, NULL, NULL, 1534),
('AND', 1536, 'EXACT', -1, NULL, NULL, NULL, NULL),
('HAS', 1537, NULL, NULL, NULL, NULL, 1700, NULL),
('NOT', 1538, NULL, NULL, NULL, NULL, NULL, 1537),
('AND', 1539, 'EXACT', -1, NULL, NULL, NULL, NULL),
('HAS', 1540, NULL, NULL, NULL, NULL, 1700, NULL),
('NOT', 1541, NULL, NULL, NULL, NULL, NULL, 1540),
('AND', 1542, 'EXACT', -1, NULL, NULL, NULL, NULL),
('HAS', 1543, NULL, NULL, NULL, NULL, 1700, NULL),
('NOT', 1544, NULL, NULL, NULL, NULL, NULL, 1543),
('AND', 1545, 'EXACT', -1, NULL, NULL, NULL, NULL),
('HAS', 1546, NULL, NULL, NULL, NULL, 1700, NULL),
('NOT', 1547, NULL, NULL, NULL, NULL, NULL, 1546),
('AND', 1548, 'EXACT', -1, NULL, NULL, NULL, NULL),
('HAS', 1549, NULL, NULL, NULL, NULL, 1700, NULL),
('NOT', 1550, NULL, NULL, NULL, NULL, NULL, 1549),
('AND', 1551, 'EXACT', -1, NULL, NULL, NULL, NULL),
('HAS', 1552, NULL, NULL, NULL, NULL, 1700, NULL),
('NOT', 1553, NULL, NULL, NULL, NULL, NULL, 1552),
('AND', 1554, 'EXACT', -1, NULL, NULL, NULL, NULL),
('HAS', 1555, NULL, NULL, NULL, NULL, 1700, NULL),
('NOT', 1556, NULL, NULL, NULL, NULL, NULL, 1555),
('AND', 1557, 'EXACT', -1, NULL, NULL, NULL, NULL),
('HAS', 1558, NULL, NULL, NULL, NULL, 1700, NULL),
('NOT', 1559, NULL, NULL, NULL, NULL, NULL, 1558),
('AND', 1560, 'EXACT', -1, NULL, NULL, NULL, NULL),
('HAS', 1561, NULL, NULL, NULL, NULL, 1700, NULL),
('NOT', 1562, NULL, NULL, NULL, NULL, NULL, 1561),
('AND', 1563, 'EXACT', -1, NULL, NULL, NULL, NULL),
('HAS', 1564, NULL, NULL, NULL, NULL, 1700, NULL),
('NOT', 1565, NULL, NULL, NULL, NULL, NULL, 1564),
('AND', 1566, 'EXACT', -1, NULL, NULL, NULL, NULL),
('HAS', 1567, NULL, NULL, NULL, NULL, 1700, NULL),
('NOT', 1568, NULL, NULL, NULL, NULL, NULL, 1567),
('AND', 1569, 'EXACT', -1, NULL, NULL, NULL, NULL),
('HAS', 1570, NULL, NULL, NULL, NULL, 1700, NULL),
('NOT', 1571, NULL, NULL, NULL, NULL, NULL, 1570),
('AND', 1572, 'EXACT', -1, NULL, NULL, NULL, NULL),
('HAS', 1573, NULL, NULL, NULL, NULL, 1700, NULL),
('NOT', 1574, NULL, NULL, NULL, NULL, NULL, 1573),
('AND', 1575, 'EXACT', -1, NULL, NULL, NULL, NULL),
('HAS', 1576, NULL, NULL, NULL, NULL, 1700, NULL),
('NOT', 1577, NULL, NULL, NULL, NULL, NULL, 1576),
('AND', 1578, 'EXACT', -1, NULL, NULL, NULL, NULL),
('HAS', 1579, NULL, NULL, NULL, NULL, 1700, NULL),
('NOT', 1580, NULL, NULL, NULL, NULL, NULL, 1579),
('AND', 1581, 'EXACT', -1, NULL, NULL, NULL, NULL),
('HAS', 1582, NULL, NULL, NULL, NULL, 1700, NULL),
('NOT', 1583, NULL, NULL, NULL, NULL, NULL, 1582),
('AND', 1584, 'EXACT', -1, NULL, NULL, NULL, NULL),
('HAS', 1585, NULL, NULL, NULL, NULL, 1700, NULL),
('NOT', 1586, NULL, NULL, NULL, NULL, NULL, 1585),
('AND', 1587, 'EXACT', -1, NULL, NULL, NULL, NULL),
('HAS', 1588, NULL, NULL, NULL, NULL, 1700, NULL),
('NOT', 1589, NULL, NULL, NULL, NULL, NULL, 1588),
('AND', 1590, 'EXACT', -1, NULL, NULL, NULL, NULL),
('HAS', 1591, NULL, NULL, NULL, NULL, 1700, NULL),
('NOT', 1592, NULL, NULL, NULL, NULL, NULL, 1591),
('AND', 1593, 'EXACT', -1, NULL, NULL, NULL, NULL),
('HAS', 1594, NULL, NULL, NULL, NULL, 1700, NULL),
('NOT', 1595, NULL, NULL, NULL, NULL, NULL, 1594),
('AND', 1596, 'EXACT', -1, NULL, NULL, NULL, NULL),
('HAS', 1597, NULL, NULL, NULL, NULL, 1700, NULL),
('NOT', 1598, NULL, NULL, NULL, NULL, NULL, 1597),
('AND', 1599, 'EXACT', -1, NULL, NULL, NULL, NULL),
('HAS', 1600, NULL, NULL, NULL, NULL, 1700, NULL),
('NOT', 1601, NULL, NULL, NULL, NULL, NULL, 1600),
('AND', 1602, 'EXACT', -1, NULL, NULL, NULL, NULL),
('HAS', 1603, NULL, NULL, NULL, NULL, 1700, NULL),
('NOT', 1604, NULL, NULL, NULL, NULL, NULL, 1603),
('AND', 1605, 'EXACT', -1, NULL, NULL, NULL, NULL),
('HAS', 1606, NULL, NULL, NULL, NULL, 1700, NULL),
('NOT', 1607, NULL, NULL, NULL, NULL, NULL, 1606),
('AND', 1608, 'EXACT', -1, NULL, NULL, NULL, NULL),
('HAS', 1609, NULL, NULL, NULL, NULL, 1700, NULL),
('NOT', 1610, NULL, NULL, NULL, NULL, NULL, 1609),
('AND', 1611, 'EXACT', -1, NULL, NULL, NULL, NULL),
('HAS', 1612, NULL, NULL, NULL, NULL, 1700, NULL),
('NOT', 1613, NULL, NULL, NULL, NULL, NULL, 1612),
('AND', 1614, 'EXACT', -1, NULL, NULL, NULL, NULL),
('HAS', 1615, NULL, NULL, NULL, NULL, 1700, NULL),
('NOT', 1616, NULL, NULL, NULL, NULL, NULL, 1615),
('AND', 1617, 'EXACT', -1, NULL, NULL, NULL, NULL),
('HAS', 1618, NULL, NULL, NULL, NULL, 1700, NULL),
('NOT', 1619, NULL, NULL, NULL, NULL, NULL, 1618),
('AND', 1620, 'EXACT', -1, NULL, NULL, NULL, NULL),
('HAS', 1621, NULL, NULL, NULL, NULL, 1700, NULL),
('NOT', 1622, NULL, NULL, NULL, NULL, NULL, 1621),
('AND', 1623, 'EXACT', -1, NULL, NULL, NULL, NULL),
('HAS', 1624, NULL, NULL, NULL, NULL, 1700, NULL),
('NOT', 1625, NULL, NULL, NULL, NULL, NULL, 1624),
('AND', 1626, 'EXACT', -1, NULL, NULL, NULL, NULL),
('HAS', 1627, NULL, NULL, NULL, NULL, 1700, NULL),
('NOT', 1628, NULL, NULL, NULL, NULL, NULL, 1627),
('AND', 1629, 'EXACT', -1, NULL, NULL, NULL, NULL),
('HAS', 1630, NULL, NULL, NULL, NULL, 1700, NULL),
('NOT', 1631, NULL, NULL, NULL, NULL, NULL, 1630),
('AND', 1632, 'EXACT', -1, NULL, NULL, NULL, NULL),
('HAS', 1633, NULL, NULL, NULL, NULL, 1700, NULL),
('NOT', 1634, NULL, NULL, NULL, NULL, NULL, 1633),
('AND', 1635, 'EXACT', -1, NULL, NULL, NULL, NULL),
('HAS', 1636, NULL, NULL, NULL, NULL, 1700, NULL),
('NOT', 1637, NULL, NULL, NULL, NULL, NULL, 1636),
('AND', 1638, 'EXACT', -1, NULL, NULL, NULL, NULL),
('HAS', 1639, NULL, NULL, NULL, NULL, 1700, NULL),
('NOT', 1640, NULL, NULL, NULL, NULL, NULL, 1639),
('AND', 1641, 'EXACT', -1, NULL, NULL, NULL, NULL),
('HAS', 1642, NULL, NULL, NULL, NULL, 1700, NULL),
('NOT', 1643, NULL, NULL, NULL, NULL, NULL, 1642),
('AND', 1644, 'EXACT', -1, NULL, NULL, NULL, NULL),
('HAS', 1645, NULL, NULL, NULL, NULL, 1700, NULL),
('NOT', 1646, NULL, NULL, NULL, NULL, NULL, 1645),
('AND', 1647, 'EXACT', -1, NULL, NULL, NULL, NULL),
('HAS', 1648, NULL, NULL, NULL, NULL, 1700, NULL),
('NOT', 1649, NULL, NULL, NULL, NULL, NULL, 1648),
('AND', 1650, 'EXACT', -1, NULL, NULL, NULL, NULL),
('HAS', 1651, NULL, NULL, NULL, NULL, 1700, NULL),
('NOT', 1652, NULL, NULL, NULL, NULL, NULL, 1651),
('AND', 1653, 'EXACT', -1, NULL, NULL, NULL, NULL),
('HAS', 1654, NULL, NULL, NULL, NULL, 1700, NULL),
('NOT', 1655, NULL, NULL, NULL, NULL, NULL, 1654),
('AND', 1656, 'EXACT', -1, NULL, NULL, NULL, NULL),
('HAS', 1657, NULL, NULL, NULL, NULL, 1700, NULL),
('NOT', 1658, NULL, NULL, NULL, NULL, NULL, 1657),
('AND', 1659, 'EXACT', -1, NULL, NULL, NULL, NULL),
('HAS', 1660, NULL, NULL, NULL, NULL, 1700, NULL),
('NOT', 1661, NULL, NULL, NULL, NULL, NULL, 1660),
('AND', 1662, 'EXACT', -1, NULL, NULL, NULL, NULL),
('HAS', 1663, NULL, NULL, NULL, NULL, 1700, NULL),
('NOT', 1664, NULL, NULL, NULL, NULL, NULL, 1663),
('AND', 1665, 'EXACT', -1, NULL, NULL, NULL, NULL),
('HAS', 1666, NULL, NULL, NULL, NULL, 1700, NULL),
('NOT', 1667, NULL, NULL, NULL, NULL, NULL, 1666),
('AND', 1668, 'EXACT', -1, NULL, NULL, NULL, NULL),
('HAS', 1669, NULL, NULL, NULL, NULL, 1700, NULL),
('NOT', 1670, NULL, NULL, NULL, NULL, NULL, 1669),
('AND', 1671, 'EXACT', -1, NULL, NULL, NULL, NULL),
('HAS', 1672, NULL, NULL, NULL, NULL, 1700, NULL),
('NOT', 1673, NULL, NULL, NULL, NULL, NULL, 1672),
('AND', 1674, 'EXACT', -1, NULL, NULL, NULL, NULL),
('HAS', 1675, NULL, NULL, NULL, NULL, 1700, NULL),
('NOT', 1676, NULL, NULL, NULL, NULL, NULL, 1675),
('AND', 1677, 'EXACT', -1, NULL, NULL, NULL, NULL),
('HAS', 1678, NULL, NULL, NULL, NULL, 1700, NULL),
('NOT', 1679, NULL, NULL, NULL, NULL, NULL, 1678),
('AND', 1680, 'EXACT', -1, NULL, NULL, NULL, NULL),
('HAS', 1681, NULL, NULL, NULL, NULL, 1700, NULL),
('NOT', 1682, NULL, NULL, NULL, NULL, NULL, 1681),
('AND', 1683, 'EXACT', -1, NULL, NULL, NULL, NULL),
('HAS', 1684, NULL, NULL, NULL, NULL, 1700, NULL),
('NOT', 1685, NULL, NULL, NULL, NULL, NULL, 1684),
('AND', 1686, 'EXACT', -1, NULL, NULL, NULL, NULL),
('HAS', 1687, NULL, NULL, NULL, NULL, 1700, NULL),
('NOT', 1688, NULL, NULL, NULL, NULL, NULL, 1687),
('AND', 1689, 'EXACT', -1, NULL, NULL, NULL, NULL),
('HAS', 1690, NULL, NULL, NULL, NULL, 1700, NULL),
('NOT', 1691, NULL, NULL, NULL, NULL, NULL, 1690),
('AND', 1692, 'EXACT', -1, NULL, NULL, NULL, NULL),
('HAS', 1693, NULL, NULL, NULL, NULL, 1700, NULL),
('NOT', 1694, NULL, NULL, NULL, NULL, NULL, 1693),
('AND', 1695, 'EXACT', -1, NULL, NULL, NULL, NULL),
('HAS', 1696, NULL, NULL, NULL, NULL, 1700, NULL),
('NOT', 1697, NULL, NULL, NULL, NULL, NULL, 1696),
('AND', 1698, 'EXACT', -1, NULL, NULL, NULL, NULL),
('HAS', 1699, NULL, NULL, NULL, NULL, 1700, NULL),
('NOT', 1700, NULL, NULL, NULL, NULL, NULL, 1699),
('AND', 1701, 'EXACT', -1, NULL, NULL, NULL, NULL),
('HAS', 1702, NULL, NULL, NULL, NULL, 1700, NULL),
('NOT', 1703, NULL, NULL, NULL, NULL, NULL, 1702),
('AND', 1704, 'EXACT', -1, NULL, NULL, NULL, NULL),
('HAS', 1705, NULL, NULL, NULL, NULL, 1700, NULL),
('NOT', 1706, NULL, NULL, NULL, NULL, NULL, 1705),
('AND', 1707, 'EXACT', -1, NULL, NULL, NULL, NULL),
('HAS', 1708, NULL, NULL, NULL, NULL, 1700, NULL),
('NOT', 1709, NULL, NULL, NULL, NULL, NULL, 1708),
('AND', 1710, 'EXACT', -1, NULL, NULL, NULL, NULL),
('HAS', 1711, NULL, NULL, NULL, NULL, 1700, NULL),
('NOT', 1712, NULL, NULL, NULL, NULL, NULL, 1711),
('AND', 1713, 'EXACT', -1, NULL, NULL, NULL, NULL),
('HAS', 1714, NULL, NULL, NULL, NULL, 1700, NULL),
('NOT', 1715, NULL, NULL, NULL, NULL, NULL, 1714),
('AND', 1716, 'EXACT', -1, NULL, NULL, NULL, NULL),
('HAS', 1717, NULL, NULL, NULL, NULL, 1700, NULL),
('NOT', 1718, NULL, NULL, NULL, NULL, NULL, 1717),
('AND', 1719, 'EXACT', -1, NULL, NULL, NULL, NULL),
('HAS', 1720, NULL, NULL, NULL, NULL, 1700, NULL),
('NOT', 1721, NULL, NULL, NULL, NULL, NULL, 1720),
('AND', 1722, 'EXACT', -1, NULL, NULL, NULL, NULL),
('HAS', 1723, NULL, NULL, NULL, NULL, 1700, NULL),
('NOT', 1724, NULL, NULL, NULL, NULL, NULL, 1723),
('AND', 1725, 'EXACT', -1, NULL, NULL, NULL, NULL),
('HAS', 1726, NULL, NULL, NULL, NULL, 1700, NULL),
('NOT', 1727, NULL, NULL, NULL, NULL, NULL, 1726),
('AND', 1728, 'EXACT', -1, NULL, NULL, NULL, NULL),
('HAS', 1729, NULL, NULL, NULL, NULL, 1700, NULL),
('NOT', 1730, NULL, NULL, NULL, NULL, NULL, 1729),
('AND', 1731, 'EXACT', -1, NULL, NULL, NULL, NULL),
('HAS', 1732, NULL, NULL, NULL, NULL, 1700, NULL),
('NOT', 1733, NULL, NULL, NULL, NULL, NULL, 1732),
('AND', 1734, 'EXACT', -1, NULL, NULL, NULL, NULL),
('HAS', 1735, NULL, NULL, NULL, NULL, 1700, NULL),
('NOT', 1736, NULL, NULL, NULL, NULL, NULL, 1735),
('AND', 1737, 'EXACT', -1, NULL, NULL, NULL, NULL),
('HAS', 1738, NULL, NULL, NULL, NULL, 1700, NULL),
('NOT', 1739, NULL, NULL, NULL, NULL, NULL, 1738),
('AND', 1740, 'EXACT', -1, NULL, NULL, NULL, NULL),
('HAS', 1741, NULL, NULL, NULL, NULL, 1700, NULL),
('NOT', 1742, NULL, NULL, NULL, NULL, NULL, 1741),
('AND', 1743, 'EXACT', -1, NULL, NULL, NULL, NULL),
('HAS', 1744, NULL, NULL, NULL, NULL, 1700, NULL),
('NOT', 1745, NULL, NULL, NULL, NULL, NULL, 1744),
('AND', 1746, 'EXACT', -1, NULL, NULL, NULL, NULL),
('HAS', 1747, NULL, NULL, NULL, NULL, 1700, NULL),
('NOT', 1748, NULL, NULL, NULL, NULL, NULL, 1747),
('AND', 1749, 'EXACT', -1, NULL, NULL, NULL, NULL),
('HAS', 1750, NULL, NULL, NULL, NULL, 1700, NULL),
('NOT', 1751, NULL, NULL, NULL, NULL, NULL, 1750),
('AND', 1752, 'EXACT', -1, NULL, NULL, NULL, NULL),
('HAS', 1753, NULL, NULL, NULL, NULL, 1700, NULL),
('NOT', 1754, NULL, NULL, NULL, NULL, NULL, 1753),
('AND', 1755, 'EXACT', -1, NULL, NULL, NULL, NULL),
('HAS', 1756, NULL, NULL, NULL, NULL, 1700, NULL),
('NOT', 1757, NULL, NULL, NULL, NULL, NULL, 1756),
('AND', 1758, 'EXACT', -1, NULL, NULL, NULL, NULL),
('HAS', 1759, NULL, NULL, NULL, NULL, 1700, NULL),
('NOT', 1760, NULL, NULL, NULL, NULL, NULL, 1759),
('AND', 1761, 'EXACT', -1, NULL, NULL, NULL, NULL),
('HAS', 1762, NULL, NULL, NULL, NULL, 1700, NULL),
('NOT', 1763, NULL, NULL, NULL, NULL, NULL, 1762),
('AND', 1764, 'EXACT', -1, NULL, NULL, NULL, NULL),
('HAS', 1765, NULL, NULL, NULL, NULL, 1700, NULL),
('NOT', 1766, NULL, NULL, NULL, NULL, NULL, 1765),
('AND', 1767, 'EXACT', -1, NULL, NULL, NULL, NULL),
('HAS', 1768, NULL, NULL, NULL, NULL, 1700, NULL),
('NOT', 1769, NULL, NULL, NULL, NULL, NULL, 1768),
('AND', 1770, 'EXACT', -1, NULL, NULL, NULL, NULL),
('HAS', 1771, NULL, NULL, NULL, NULL, 1700, NULL),
('NOT', 1772, NULL, NULL, NULL, NULL, NULL, 1771),
('AND', 1773, 'EXACT', -1, NULL, NULL, NULL, NULL),
('HAS', 1774, NULL, NULL, NULL, NULL, 1700, NULL),
('NOT', 1775, NULL, NULL, NULL, NULL, NULL, 1774),
('AND', 1776, 'EXACT', -1, NULL, NULL, NULL, NULL),
('HAS', 1777, NULL, NULL, NULL, NULL, 1700, NULL),
('NOT', 1778, NULL, NULL, NULL, NULL, NULL, 1777),
('AND', 1779, 'EXACT', -1, NULL, NULL, NULL, NULL),
('HAS', 1780, NULL, NULL, NULL, NULL, 1700, NULL),
('NOT', 1781, NULL, NULL, NULL, NULL, NULL, 1780),
('AND', 1782, 'EXACT', -1, NULL, NULL, NULL, NULL),
('HAS', 1783, NULL, NULL, NULL, NULL, 1700, NULL),
('NOT', 1784, NULL, NULL, NULL, NULL, NULL, 1783),
('AND', 1785, 'EXACT', -1, NULL, NULL, NULL, NULL),
('HAS', 1786, NULL, NULL, NULL, NULL, 1700, NULL),
('NOT', 1787, NULL, NULL, NULL, NULL, NULL, 1786),
('AND', 1788, 'EXACT', -1, NULL, NULL, NULL, NULL),
('HAS', 1789, NULL, NULL, NULL, NULL, 1700, NULL),
('NOT', 1790, NULL, NULL, NULL, NULL, NULL, 1789),
('AND', 1791, 'EXACT', -1, NULL, NULL, NULL, NULL),
('HAS', 1792, NULL, NULL, NULL, NULL, 1700, NULL),
('NOT', 1793, NULL, NULL, NULL, NULL, NULL, 1792),
('AND', 1794, 'EXACT', -1, NULL, NULL, NULL, NULL),
('HAS', 1795, NULL, NULL, NULL, NULL, 1700, NULL),
('NOT', 1796, NULL, NULL, NULL, NULL, NULL, 1795),
('AND', 1797, 'EXACT', -1, NULL, NULL, NULL, NULL),
('HAS', 1798, NULL, NULL, NULL, NULL, 1700, NULL),
('NOT', 1799, NULL, NULL, NULL, NULL, NULL, 1798),
('AND', 1800, 'EXACT', -1, NULL, NULL, NULL, NULL),
('HAS', 1801, NULL, NULL, NULL, NULL, 1700, NULL),
('NOT', 1802, NULL, NULL, NULL, NULL, NULL, 1801),
('AND', 1803, 'EXACT', -1, NULL, NULL, NULL, NULL),
('HAS', 1804, NULL, NULL, NULL, NULL, 1700, NULL),
('NOT', 1805, NULL, NULL, NULL, NULL, NULL, 1804),
('AND', 1806, 'EXACT', -1, NULL, NULL, NULL, NULL),
('HAS', 1807, NULL, NULL, NULL, NULL, 1700, NULL),
('NOT', 1808, NULL, NULL, NULL, NULL, NULL, 1807),
('AND', 1809, 'EXACT', -1, NULL, NULL, NULL, NULL),
('HAS', 1810, NULL, NULL, NULL, NULL, 1700, NULL),
('NOT', 1811, NULL, NULL, NULL, NULL, NULL, 1810),
('AND', 1812, 'EXACT', -1, NULL, NULL, NULL, NULL),
('HAS', 1813, NULL, NULL, NULL, NULL, 1700, NULL),
('NOT', 1814, NULL, NULL, NULL, NULL, NULL, 1813),
('AND', 1815, 'EXACT', -1, NULL, NULL, NULL, NULL),
('HAS', 1816, NULL, NULL, NULL, NULL, 1700, NULL),
('NOT', 1817, NULL, NULL, NULL, NULL, NULL, 1816),
('AND', 1818, 'EXACT', -1, NULL, NULL, NULL, NULL),
('HAS', 1819, NULL, NULL, NULL, NULL, 1700, NULL),
('NOT', 1820, NULL, NULL, NULL, NULL, NULL, 1819),
('AND', 1821, 'EXACT', -1, NULL, NULL, NULL, NULL),
('HAS', 1822, NULL, NULL, NULL, NULL, 1700, NULL),
('NOT', 1823, NULL, NULL, NULL, NULL, NULL, 1822),
('AND', 1824, 'EXACT', -1, NULL, NULL, NULL, NULL),
('HAS', 1825, NULL, NULL, NULL, NULL, 1700, NULL),
('NOT', 1826, NULL, NULL, NULL, NULL, NULL, 1825),
('AND', 1827, 'EXACT', -1, NULL, NULL, NULL, NULL),
('HAS', 1828, NULL, NULL, NULL, NULL, 1700, NULL),
('NOT', 1829, NULL, NULL, NULL, NULL, NULL, 1828),
('AND', 1830, 'EXACT', -1, NULL, NULL, NULL, NULL),
('HAS', 1831, NULL, NULL, NULL, NULL, 1700, NULL),
('NOT', 1832, NULL, NULL, NULL, NULL, NULL, 1831),
('AND', 1833, 'EXACT', -1, NULL, NULL, NULL, NULL),
('HAS', 1834, NULL, NULL, NULL, NULL, 1700, NULL),
('NOT', 1835, NULL, NULL, NULL, NULL, NULL, 1834),
('AND', 1836, 'EXACT', -1, NULL, NULL, NULL, NULL),
('HAS', 1837, NULL, NULL, NULL, NULL, 1700, NULL),
('NOT', 1838, NULL, NULL, NULL, NULL, NULL, 1837),
('AND', 1839, 'EXACT', -1, NULL, NULL, NULL, NULL),
('HAS', 1840, NULL, NULL, NULL, NULL, 1700, NULL),
('NOT', 1841, NULL, NULL, NULL, NULL, NULL, 1840),
('AND', 1842, 'EXACT', -1, NULL, NULL, NULL, NULL),
('HAS', 1843, NULL, NULL, NULL, NULL, 1700, NULL),
('NOT', 1844, NULL, NULL, NULL, NULL, NULL, 1843),
('AND', 1845, 'EXACT', -1, NULL, NULL, NULL, NULL),
('HAS', 1846, NULL, NULL, NULL, NULL, 1700, NULL),
('NOT', 1847, NULL, NULL, NULL, NULL, NULL, 1846),
('AND', 1848, 'EXACT', -1, NULL, NULL, NULL, NULL),
('HAS', 1849, NULL, NULL, NULL, NULL, 1700, NULL),
('NOT', 1850, NULL, NULL, NULL, NULL, NULL, 1849),
('AND', 1851, 'EXACT', -1, NULL, NULL, NULL, NULL),
('HAS', 1852, NULL, NULL, NULL, NULL, 1700, NULL),
('NOT', 1853, NULL, NULL, NULL, NULL, NULL, 1852),
('AND', 1854, 'EXACT', -1, NULL, NULL, NULL, NULL),
('HAS', 1855, NULL, NULL, NULL, NULL, 1700, NULL),
('NOT', 1856, NULL, NULL, NULL, NULL, NULL, 1855),
('AND', 1857, 'EXACT', -1, NULL, NULL, NULL, NULL),
('HAS', 1858, NULL, NULL, NULL, NULL, 1700, NULL),
('NOT', 1859, NULL, NULL, NULL, NULL, NULL, 1858),
('AND', 1860, 'EXACT', -1, NULL, NULL, NULL, NULL),
('HAS', 1861, NULL, NULL, NULL, NULL, 1700, NULL),
('NOT', 1862, NULL, NULL, NULL, NULL, NULL, 1861),
('AND', 1863, 'EXACT', -1, NULL, NULL, NULL, NULL),
('HAS', 1864, NULL, NULL, NULL, NULL, 1700, NULL),
('NOT', 1865, NULL, NULL, NULL, NULL, NULL, 1864),
('AND', 1866, 'EXACT', -1, NULL, NULL, NULL, NULL),
('HAS', 1867, NULL, NULL, NULL, NULL, 1700, NULL),
('NOT', 1868, NULL, NULL, NULL, NULL, NULL, 1867),
('AND', 1869, 'EXACT', -1, NULL, NULL, NULL, NULL),
('HAS', 1870, NULL, NULL, NULL, NULL, 1700, NULL),
('NOT', 1871, NULL, NULL, NULL, NULL, NULL, 1870),
('AND', 1872, 'EXACT', -1, NULL, NULL, NULL, NULL),
('HAS', 1873, NULL, NULL, NULL, NULL, 1700, NULL),
('NOT', 1874, NULL, NULL, NULL, NULL, NULL, 1873),
('AND', 1875, 'EXACT', -1, NULL, NULL, NULL, NULL),
('HAS', 1876, NULL, NULL, NULL, NULL, 1700, NULL),
('NOT', 1877, NULL, NULL, NULL, NULL, NULL, 1876),
('AND', 1878, 'EXACT', -1, NULL, NULL, NULL, NULL),
('HAS', 1879, NULL, NULL, NULL, NULL, 1700, NULL),
('NOT', 1880, NULL, NULL, NULL, NULL, NULL, 1879),
('AND', 1881, 'EXACT', -1, NULL, NULL, NULL, NULL),
('HAS', 1882, NULL, NULL, NULL, NULL, 1700, NULL),
('NOT', 1883, NULL, NULL, NULL, NULL, NULL, 1882),
('AND', 1884, 'EXACT', -1, NULL, NULL, NULL, NULL),
('HAS', 1885, NULL, NULL, NULL, NULL, 1700, NULL),
('NOT', 1886, NULL, NULL, NULL, NULL, NULL, 1885),
('AND', 1887, 'EXACT', -1, NULL, NULL, NULL, NULL),
('HAS', 1888, NULL, NULL, NULL, NULL, 1700, NULL),
('NOT', 1889, NULL, NULL, NULL, NULL, NULL, 1888),
('AND', 1890, 'EXACT', -1, NULL, NULL, NULL, NULL),
('HAS', 1891, NULL, NULL, NULL, NULL, 1700, NULL),
('NOT', 1892, NULL, NULL, NULL, NULL, NULL, 1891),
('AND', 1893, 'EXACT', -1, NULL, NULL, NULL, NULL),
('HAS', 1894, NULL, NULL, NULL, NULL, 1700, NULL),
('NOT', 1895, NULL, NULL, NULL, NULL, NULL, 1894),
('AND', 1896, 'EXACT', -1, NULL, NULL, NULL, NULL),
('HAS', 1897, NULL, NULL, NULL, NULL, 1700, NULL),
('NOT', 1898, NULL, NULL, NULL, NULL, NULL, 1897),
('AND', 1899, 'EXACT', -1, NULL, NULL, NULL, NULL),
('HAS', 1900, NULL, NULL, NULL, NULL, 1700, NULL),
('NOT', 1901, NULL, NULL, NULL, NULL, NULL, 1900),
('AND', 1902, 'EXACT', -1, NULL, NULL, NULL, NULL),
('HAS', 1903, NULL, NULL, NULL, NULL, 1700, NULL),
('NOT', 1904, NULL, NULL, NULL, NULL, NULL, 1903),
('AND', 1905, 'EXACT', -1, NULL, NULL, NULL, NULL),
('HAS', 1906, NULL, NULL, NULL, NULL, 1700, NULL),
('NOT', 1907, NULL, NULL, NULL, NULL, NULL, 1906),
('AND', 1908, 'EXACT', -1, NULL, NULL, NULL, NULL),
('HAS', 1909, NULL, NULL, NULL, NULL, 1700, NULL),
('NOT', 1910, NULL, NULL, NULL, NULL, NULL, 1909),
('AND', 1911, 'EXACT', -1, NULL, NULL, NULL, NULL),
('HAS', 1912, NULL, NULL, NULL, NULL, 1700, NULL),
('NOT', 1913, NULL, NULL, NULL, NULL, NULL, 1912),
('AND', 1914, 'EXACT', -1, NULL, NULL, NULL, NULL),
('HAS', 1915, NULL, NULL, NULL, NULL, 1700, NULL),
('NOT', 1916, NULL, NULL, NULL, NULL, NULL, 1915),
('AND', 1917, 'EXACT', -1, NULL, NULL, NULL, NULL),
('HAS', 1918, NULL, NULL, NULL, NULL, 1700, NULL),
('NOT', 1919, NULL, NULL, NULL, NULL, NULL, 1918),
('AND', 1920, 'EXACT', -1, NULL, NULL, NULL, NULL),
('HAS', 1921, NULL, NULL, NULL, NULL, 1700, NULL),
('NOT', 1922, NULL, NULL, NULL, NULL, NULL, 1921),
('AND', 1923, 'EXACT', -1, NULL, NULL, NULL, NULL),
('HAS', 1924, NULL, NULL, NULL, NULL, 1700, NULL),
('NOT', 1925, NULL, NULL, NULL, NULL, NULL, 1924),
('AND', 1926, 'EXACT', -1, NULL, NULL, NULL, NULL),
('HAS', 1927, NULL, NULL, NULL, NULL, 1700, NULL),
('NOT', 1928, NULL, NULL, NULL, NULL, NULL, 1927),
('AND', 1929, 'EXACT', -1, NULL, NULL, NULL, NULL),
('HAS', 1930, NULL, NULL, NULL, NULL, 1700, NULL),
('NOT', 1931, NULL, NULL, NULL, NULL, NULL, 1930),
('AND', 1932, 'EXACT', -1, NULL, NULL, NULL, NULL),
('HAS', 1933, NULL, NULL, NULL, NULL, 1700, NULL),
('NOT', 1934, NULL, NULL, NULL, NULL, NULL, 1933),
('AND', 1935, 'EXACT', -1, NULL, NULL, NULL, NULL),
('HAS', 1936, NULL, NULL, NULL, NULL, 1700, NULL),
('NOT', 1937, NULL, NULL, NULL, NULL, NULL, 1936),
('AND', 1938, 'EXACT', -1, NULL, NULL, NULL, NULL),
('HAS', 1939, NULL, NULL, NULL, NULL, 1700, NULL),
('NOT', 1940, NULL, NULL, NULL, NULL, NULL, 1939),
('AND', 1941, 'EXACT', -1, NULL, NULL, NULL, NULL),
('HAS', 1942, NULL, NULL, NULL, NULL, 1700, NULL),
('NOT', 1943, NULL, NULL, NULL, NULL, NULL, 1942),
('AND', 1944, 'EXACT', -1, NULL, NULL, NULL, NULL),
('HAS', 1945, NULL, NULL, NULL, NULL, 1700, NULL),
('NOT', 1946, NULL, NULL, NULL, NULL, NULL, 1945),
('AND', 1947, 'EXACT', -1, NULL, NULL, NULL, NULL),
('HAS', 1948, NULL, NULL, NULL, NULL, 1700, NULL),
('NOT', 1949, NULL, NULL, NULL, NULL, NULL, 1948),
('OR', 1950, 'MINIMUM', 1, NULL, NULL, NULL, NULL),
('OR', 1951, 'MINIMUM', 1, NULL, NULL, NULL, NULL),
('OR', 1952, 'MINIMUM', 1, NULL, NULL, NULL, NULL),
('HAS', 1953, NULL, NULL, NULL, NULL, 1588, NULL),
('OR', 1954, 'MINIMUM', 1, NULL, NULL, NULL, NULL),
('HAS', 1955, NULL, NULL, NULL, NULL, 1602, NULL),
('NOT', 1956, NULL, NULL, NULL, NULL, NULL, 1955),
('HAS', 1957, NULL, NULL, NULL, NULL, 1605, NULL),
('NOT', 1958, NULL, NULL, NULL, NULL, NULL, 1957),
('HAS', 1959, NULL, NULL, NULL, NULL, 1607, NULL),
('HAS', 1960, NULL, NULL, NULL, NULL, 1997, NULL),
('NOT', 1961, NULL, NULL, NULL, NULL, NULL, 1954),
('AND', 1962, 'EXACT', -1, NULL, NULL, NULL, NULL),
('HAS', 1963, NULL, NULL, NULL, NULL, 1180, NULL),
('NOT', 1964, NULL, NULL, NULL, NULL, NULL, 1963),
('OR', 1965, 'MINIMUM', 1, NULL, NULL, NULL, NULL),
('HAS', 1966, NULL, NULL, NULL, NULL, 1601, NULL),
('NOT', 1967, NULL, NULL, NULL, NULL, NULL, 1966),
('HAS', 1968, NULL, NULL, NULL, NULL, 1608, NULL),
('HAS', 1969, NULL, NULL, NULL, NULL, 1997, NULL),
('NOT', 1970, NULL, NULL, NULL, NULL, NULL, 1965),
('HAS', 1971, NULL, NULL, NULL, NULL, 1698, NULL),
('NOT', 1972, NULL, NULL, NULL, NULL, NULL, 1971),
('HAS', 1973, NULL, NULL, NULL, NULL, 1609, NULL),
('NOT', 1974, NULL, NULL, NULL, NULL, NULL, 1973),
('HAS', 1975, NULL, NULL, NULL, NULL, 1609, NULL),
('NOT', 1976, NULL, NULL, NULL, NULL, NULL, 1975),
('HAS', 1977, NULL, NULL, NULL, NULL, 1609, NULL),
('NOT', 1978, NULL, NULL, NULL, NULL, NULL, 1977),
('HAS', 1979, NULL, NULL, NULL, NULL, 1663, NULL),
('NOT', 1980, NULL, NULL, NULL, NULL, NULL, 1979),
('HAS', 1981, NULL, NULL, NULL, NULL, 1663, NULL),
('NOT', 1982, NULL, NULL, NULL, NULL, NULL, 1981),
('HAS', 1983, NULL, NULL, NULL, NULL, 1663, NULL),
('NOT', 1984, NULL, NULL, NULL, NULL, NULL, 1983),
('HAS', 1985, NULL, NULL, NULL, NULL, 1663, NULL),
('NOT', 1986, NULL, NULL, NULL, NULL, NULL, 1985),
('AND', 1987, 'EXACT', -1, NULL, NULL, NULL, NULL),
('HAS', 1988, NULL, NULL, NULL, NULL, 1623, NULL),
('NOT', 1989, NULL, NULL, NULL, NULL, NULL, 1988),
('AND', 1990, 'EXACT', -1, NULL, NULL, NULL, NULL),
('HAS', 1991, NULL, NULL, NULL, NULL, 1623, NULL),
('NOT', 1992, NULL, NULL, NULL, NULL, NULL, 1991),
('AND', 1993, 'EXACT', -1, NULL, NULL, NULL, NULL),
('HAS', 1994, NULL, NULL, NULL, NULL, 1623, NULL),
('NOT', 1995, NULL, NULL, NULL, NULL, NULL, 1994),
('HAS', 1996, NULL, NULL, NULL, NULL, 1613, NULL),
('NOT', 1997, NULL, NULL, NULL, NULL, NULL, 1996),
('HAS', 1998, NULL, NULL, NULL, NULL, 1613, NULL),
('NOT', 1999, NULL, NULL, NULL, NULL, NULL, 1998),
('HAS', 2000, NULL, NULL, NULL, NULL, 1613, NULL),
('NOT', 2001, NULL, NULL, NULL, NULL, NULL, 2000),
('HAS', 2002, NULL, NULL, NULL, NULL, 1689, NULL),
('NOT', 2003, NULL, NULL, NULL, NULL, NULL, 2002),
('OR', 2004, 'MINIMUM', 1, NULL, NULL, NULL, NULL),
('HAS', 2005, NULL, NULL, NULL, NULL, 865, NULL),
('NOT', 2006, NULL, NULL, NULL, NULL, NULL, 2005),
('HAS', 2007, NULL, NULL, NULL, NULL, 1631, NULL),
('NOT', 2008, NULL, NULL, NULL, NULL, NULL, 2007),
('HAS', 2009, NULL, NULL, NULL, NULL, 1690, NULL),
('HAS', 2010, NULL, NULL, NULL, NULL, 1984, NULL),
('NOT', 2011, NULL, NULL, NULL, NULL, NULL, 2004),
('HAS', 2012, NULL, NULL, NULL, NULL, 1700, NULL),
('NOT', 2013, NULL, NULL, NULL, NULL, NULL, 2012),
('HAS', 2014, NULL, NULL, NULL, NULL, 1700, NULL),
('NOT', 2015, NULL, NULL, NULL, NULL, NULL, 2014),
('HAS', 2016, NULL, NULL, NULL, NULL, 1700, NULL),
('NOT', 2017, NULL, NULL, NULL, NULL, NULL, 2016),
('HAS', 2018, NULL, NULL, NULL, NULL, 1700, NULL),
('NOT', 2019, NULL, NULL, NULL, NULL, NULL, 2018),
('HAS', 2020, NULL, NULL, NULL, NULL, 1700, NULL),
('NOT', 2021, NULL, NULL, NULL, NULL, NULL, 2020),
('HAS', 2022, NULL, NULL, NULL, NULL, 1700, NULL),
('NOT', 2023, NULL, NULL, NULL, NULL, NULL, 2022),
('HAS', 2024, NULL, NULL, NULL, NULL, 1700, NULL),
('NOT', 2025, NULL, NULL, NULL, NULL, NULL, 2024),
('HAS', 2026, NULL, NULL, NULL, NULL, 1700, NULL),
('NOT', 2027, NULL, NULL, NULL, NULL, NULL, 2026),
('HAS', 2028, NULL, NULL, NULL, NULL, 1700, NULL),
('NOT', 2029, NULL, NULL, NULL, NULL, NULL, 2028),
('HAS', 2030, NULL, NULL, NULL, NULL, 1700, NULL),
('NOT', 2031, NULL, NULL, NULL, NULL, NULL, 2030),
('HAS', 2032, NULL, NULL, NULL, NULL, 1700, NULL),
('NOT', 2033, NULL, NULL, NULL, NULL, NULL, 2032),
('HAS', 2034, NULL, NULL, NULL, NULL, 1700, NULL),
('NOT', 2035, NULL, NULL, NULL, NULL, NULL, 2034),
('HAS', 2036, NULL, NULL, NULL, NULL, 1700, NULL),
('NOT', 2037, NULL, NULL, NULL, NULL, NULL, 2036),
('HAS', 2038, NULL, NULL, NULL, NULL, 1700, NULL),
('NOT', 2039, NULL, NULL, NULL, NULL, NULL, 2038),
('HAS', 2040, NULL, NULL, NULL, NULL, 1700, NULL),
('NOT', 2041, NULL, NULL, NULL, NULL, NULL, 2040),
('HAS', 2042, NULL, NULL, NULL, NULL, 1700, NULL),
('NOT', 2043, NULL, NULL, NULL, NULL, NULL, 2042),
('HAS', 2044, NULL, NULL, NULL, NULL, 1700, NULL),
('NOT', 2045, NULL, NULL, NULL, NULL, NULL, 2044),
('HAS', 2046, NULL, NULL, NULL, NULL, 1700, NULL),
('NOT', 2047, NULL, NULL, NULL, NULL, NULL, 2046),
('HAS', 2048, NULL, NULL, NULL, NULL, 1700, NULL),
('NOT', 2049, NULL, NULL, NULL, NULL, NULL, 2048),
('HAS', 2050, NULL, NULL, NULL, NULL, 1700, NULL),
('NOT', 2051, NULL, NULL, NULL, NULL, NULL, 2050),
('HAS', 2052, NULL, NULL, NULL, NULL, 1700, NULL),
('NOT', 2053, NULL, NULL, NULL, NULL, NULL, 2052),
('HAS', 2054, NULL, NULL, NULL, NULL, 1700, NULL),
('NOT', 2055, NULL, NULL, NULL, NULL, NULL, 2054),
('HAS', 2056, NULL, NULL, NULL, NULL, 1700, NULL),
('NOT', 2057, NULL, NULL, NULL, NULL, NULL, 2056),
('HAS', 2058, NULL, NULL, NULL, NULL, 1700, NULL),
('NOT', 2059, NULL, NULL, NULL, NULL, NULL, 2058),
('HAS', 2060, NULL, NULL, NULL, NULL, 1700, NULL),
('NOT', 2061, NULL, NULL, NULL, NULL, NULL, 2060),
('HAS', 2062, NULL, NULL, NULL, NULL, 1700, NULL),
('NOT', 2063, NULL, NULL, NULL, NULL, NULL, 2062),
('HAS', 2064, NULL, NULL, NULL, NULL, 1700, NULL),
('NOT', 2065, NULL, NULL, NULL, NULL, NULL, 2064),
('HAS', 2066, NULL, NULL, NULL, NULL, 1700, NULL),
('NOT', 2067, NULL, NULL, NULL, NULL, NULL, 2066),
('HAS', 2068, NULL, NULL, NULL, NULL, 1700, NULL),
('NOT', 2069, NULL, NULL, NULL, NULL, NULL, 2068),
('HAS', 2070, NULL, NULL, NULL, NULL, 1700, NULL),
('NOT', 2071, NULL, NULL, NULL, NULL, NULL, 2070),
('HAS', 2072, NULL, NULL, NULL, NULL, 1700, NULL),
('NOT', 2073, NULL, NULL, NULL, NULL, NULL, 2072),
('HAS', 2074, NULL, NULL, NULL, NULL, 1700, NULL),
('NOT', 2075, NULL, NULL, NULL, NULL, NULL, 2074),
('HAS', 2076, NULL, NULL, NULL, NULL, 1700, NULL),
('NOT', 2077, NULL, NULL, NULL, NULL, NULL, 2076),
('HAS', 2078, NULL, NULL, NULL, NULL, 1700, NULL),
('NOT', 2079, NULL, NULL, NULL, NULL, NULL, 2078),
('HAS', 2080, NULL, NULL, NULL, NULL, 1700, NULL),
('NOT', 2081, NULL, NULL, NULL, NULL, NULL, 2080),
('HAS', 2082, NULL, NULL, NULL, NULL, 1700, NULL),
('NOT', 2083, NULL, NULL, NULL, NULL, NULL, 2082),
('HAS', 2084, NULL, NULL, NULL, NULL, 1700, NULL),
('NOT', 2085, NULL, NULL, NULL, NULL, NULL, 2084),
('HAS', 2086, NULL, NULL, NULL, NULL, 1700, NULL),
('NOT', 2087, NULL, NULL, NULL, NULL, NULL, 2086),
('HAS', 2088, NULL, NULL, NULL, NULL, 1700, NULL),
('NOT', 2089, NULL, NULL, NULL, NULL, NULL, 2088),
('HAS', 2090, NULL, NULL, NULL, NULL, 1700, NULL),
('NOT', 2091, NULL, NULL, NULL, NULL, NULL, 2090),
('HAS', 2092, NULL, NULL, NULL, NULL, 1700, NULL),
('NOT', 2093, NULL, NULL, NULL, NULL, NULL, 2092),
('HAS', 2094, NULL, NULL, NULL, NULL, 1700, NULL),
('NOT', 2095, NULL, NULL, NULL, NULL, NULL, 2094),
('HAS', 2096, NULL, NULL, NULL, NULL, 1700, NULL),
('NOT', 2097, NULL, NULL, NULL, NULL, NULL, 2096),
('HAS', 2098, NULL, NULL, NULL, NULL, 1700, NULL),
('NOT', 2099, NULL, NULL, NULL, NULL, NULL, 2098),
('HAS', 2100, NULL, NULL, NULL, NULL, 1700, NULL),
('NOT', 2101, NULL, NULL, NULL, NULL, NULL, 2100),
('HAS', 2102, NULL, NULL, NULL, NULL, 1700, NULL),
('NOT', 2103, NULL, NULL, NULL, NULL, NULL, 2102),
('HAS', 2104, NULL, NULL, NULL, NULL, 1700, NULL),
('NOT', 2105, NULL, NULL, NULL, NULL, NULL, 2104),
('HAS', 2106, NULL, NULL, NULL, NULL, 1700, NULL),
('NOT', 2107, NULL, NULL, NULL, NULL, NULL, 2106),
('HAS', 2108, NULL, NULL, NULL, NULL, 1700, NULL),
('NOT', 2109, NULL, NULL, NULL, NULL, NULL, 2108),
('HAS', 2110, NULL, NULL, NULL, NULL, 1700, NULL),
('NOT', 2111, NULL, NULL, NULL, NULL, NULL, 2110),
('HAS', 2112, NULL, NULL, NULL, NULL, 1700, NULL),
('NOT', 2113, NULL, NULL, NULL, NULL, NULL, 2112),
('HAS', 2114, NULL, NULL, NULL, NULL, 1700, NULL),
('NOT', 2115, NULL, NULL, NULL, NULL, NULL, 2114);
INSERT INTO `conditions` (`type`, `id`, `comparison`, `n`, `modifier`, `level_check_id`, `property_id`, `not_id`) VALUES
('HAS', 2116, NULL, NULL, NULL, NULL, 1700, NULL),
('NOT', 2117, NULL, NULL, NULL, NULL, NULL, 2116),
('HAS', 2118, NULL, NULL, NULL, NULL, 1700, NULL),
('NOT', 2119, NULL, NULL, NULL, NULL, NULL, 2118),
('HAS', 2120, NULL, NULL, NULL, NULL, 1700, NULL),
('NOT', 2121, NULL, NULL, NULL, NULL, NULL, 2120),
('HAS', 2122, NULL, NULL, NULL, NULL, 1700, NULL),
('NOT', 2123, NULL, NULL, NULL, NULL, NULL, 2122),
('HAS', 2124, NULL, NULL, NULL, NULL, 1700, NULL),
('NOT', 2125, NULL, NULL, NULL, NULL, NULL, 2124),
('HAS', 2126, NULL, NULL, NULL, NULL, 1700, NULL),
('NOT', 2127, NULL, NULL, NULL, NULL, NULL, 2126),
('HAS', 2128, NULL, NULL, NULL, NULL, 1700, NULL),
('NOT', 2129, NULL, NULL, NULL, NULL, NULL, 2128),
('HAS', 2130, NULL, NULL, NULL, NULL, 1700, NULL),
('NOT', 2131, NULL, NULL, NULL, NULL, NULL, 2130),
('HAS', 2132, NULL, NULL, NULL, NULL, 1700, NULL),
('NOT', 2133, NULL, NULL, NULL, NULL, NULL, 2132),
('HAS', 2134, NULL, NULL, NULL, NULL, 1700, NULL),
('NOT', 2135, NULL, NULL, NULL, NULL, NULL, 2134),
('HAS', 2136, NULL, NULL, NULL, NULL, 1700, NULL),
('NOT', 2137, NULL, NULL, NULL, NULL, NULL, 2136),
('HAS', 2138, NULL, NULL, NULL, NULL, 1700, NULL),
('NOT', 2139, NULL, NULL, NULL, NULL, NULL, 2138),
('HAS', 2140, NULL, NULL, NULL, NULL, 1700, NULL),
('NOT', 2141, NULL, NULL, NULL, NULL, NULL, 2140),
('HAS', 2142, NULL, NULL, NULL, NULL, 1700, NULL),
('NOT', 2143, NULL, NULL, NULL, NULL, NULL, 2142),
('HAS', 2144, NULL, NULL, NULL, NULL, 1700, NULL),
('NOT', 2145, NULL, NULL, NULL, NULL, NULL, 2144),
('HAS', 2146, NULL, NULL, NULL, NULL, 1700, NULL),
('NOT', 2147, NULL, NULL, NULL, NULL, NULL, 2146),
('HAS', 2148, NULL, NULL, NULL, NULL, 1700, NULL),
('NOT', 2149, NULL, NULL, NULL, NULL, NULL, 2148),
('HAS', 2150, NULL, NULL, NULL, NULL, 1700, NULL),
('NOT', 2151, NULL, NULL, NULL, NULL, NULL, 2150),
('HAS', 2152, NULL, NULL, NULL, NULL, 1700, NULL),
('NOT', 2153, NULL, NULL, NULL, NULL, NULL, 2152),
('HAS', 2154, NULL, NULL, NULL, NULL, 1700, NULL),
('NOT', 2155, NULL, NULL, NULL, NULL, NULL, 2154),
('HAS', 2156, NULL, NULL, NULL, NULL, 1700, NULL),
('NOT', 2157, NULL, NULL, NULL, NULL, NULL, 2156),
('HAS', 2158, NULL, NULL, NULL, NULL, 1700, NULL),
('NOT', 2159, NULL, NULL, NULL, NULL, NULL, 2158),
('HAS', 2160, NULL, NULL, NULL, NULL, 1700, NULL),
('NOT', 2161, NULL, NULL, NULL, NULL, NULL, 2160),
('HAS', 2162, NULL, NULL, NULL, NULL, 1700, NULL),
('NOT', 2163, NULL, NULL, NULL, NULL, NULL, 2162),
('HAS', 2164, NULL, NULL, NULL, NULL, 1700, NULL),
('NOT', 2165, NULL, NULL, NULL, NULL, NULL, 2164),
('HAS', 2166, NULL, NULL, NULL, NULL, 1700, NULL),
('NOT', 2167, NULL, NULL, NULL, NULL, NULL, 2166),
('HAS', 2168, NULL, NULL, NULL, NULL, 1700, NULL),
('NOT', 2169, NULL, NULL, NULL, NULL, NULL, 2168),
('HAS', 2170, NULL, NULL, NULL, NULL, 1700, NULL),
('NOT', 2171, NULL, NULL, NULL, NULL, NULL, 2170),
('HAS', 2172, NULL, NULL, NULL, NULL, 1700, NULL),
('NOT', 2173, NULL, NULL, NULL, NULL, NULL, 2172),
('HAS', 2174, NULL, NULL, NULL, NULL, 1700, NULL),
('NOT', 2175, NULL, NULL, NULL, NULL, NULL, 2174),
('HAS', 2176, NULL, NULL, NULL, NULL, 1700, NULL),
('NOT', 2177, NULL, NULL, NULL, NULL, NULL, 2176),
('HAS', 2178, NULL, NULL, NULL, NULL, 1700, NULL),
('NOT', 2179, NULL, NULL, NULL, NULL, NULL, 2178),
('HAS', 2180, NULL, NULL, NULL, NULL, 1700, NULL),
('NOT', 2181, NULL, NULL, NULL, NULL, NULL, 2180),
('HAS', 2182, NULL, NULL, NULL, NULL, 1700, NULL),
('NOT', 2183, NULL, NULL, NULL, NULL, NULL, 2182),
('HAS', 2184, NULL, NULL, NULL, NULL, 1700, NULL),
('NOT', 2185, NULL, NULL, NULL, NULL, NULL, 2184),
('HAS', 2186, NULL, NULL, NULL, NULL, 1700, NULL),
('NOT', 2187, NULL, NULL, NULL, NULL, NULL, 2186),
('HAS', 2188, NULL, NULL, NULL, NULL, 1700, NULL),
('NOT', 2189, NULL, NULL, NULL, NULL, NULL, 2188),
('HAS', 2190, NULL, NULL, NULL, NULL, 1700, NULL),
('NOT', 2191, NULL, NULL, NULL, NULL, NULL, 2190),
('HAS', 2192, NULL, NULL, NULL, NULL, 1700, NULL),
('NOT', 2193, NULL, NULL, NULL, NULL, NULL, 2192),
('HAS', 2194, NULL, NULL, NULL, NULL, 1700, NULL),
('NOT', 2195, NULL, NULL, NULL, NULL, NULL, 2194),
('HAS', 2196, NULL, NULL, NULL, NULL, 1700, NULL),
('NOT', 2197, NULL, NULL, NULL, NULL, NULL, 2196),
('HAS', 2198, NULL, NULL, NULL, NULL, 1700, NULL),
('NOT', 2199, NULL, NULL, NULL, NULL, NULL, 2198),
('HAS', 2200, NULL, NULL, NULL, NULL, 1700, NULL),
('NOT', 2201, NULL, NULL, NULL, NULL, NULL, 2200),
('HAS', 2202, NULL, NULL, NULL, NULL, 1700, NULL),
('NOT', 2203, NULL, NULL, NULL, NULL, NULL, 2202),
('HAS', 2204, NULL, NULL, NULL, NULL, 1700, NULL),
('NOT', 2205, NULL, NULL, NULL, NULL, NULL, 2204),
('HAS', 2206, NULL, NULL, NULL, NULL, 1700, NULL),
('NOT', 2207, NULL, NULL, NULL, NULL, NULL, 2206),
('HAS', 2208, NULL, NULL, NULL, NULL, 1700, NULL),
('NOT', 2209, NULL, NULL, NULL, NULL, NULL, 2208),
('HAS', 2210, NULL, NULL, NULL, NULL, 1700, NULL),
('NOT', 2211, NULL, NULL, NULL, NULL, NULL, 2210),
('HAS', 2212, NULL, NULL, NULL, NULL, 1700, NULL),
('NOT', 2213, NULL, NULL, NULL, NULL, NULL, 2212),
('HAS', 2214, NULL, NULL, NULL, NULL, 1700, NULL),
('NOT', 2215, NULL, NULL, NULL, NULL, NULL, 2214),
('HAS', 2216, NULL, NULL, NULL, NULL, 1700, NULL),
('NOT', 2217, NULL, NULL, NULL, NULL, NULL, 2216),
('HAS', 2218, NULL, NULL, NULL, NULL, 1700, NULL),
('NOT', 2219, NULL, NULL, NULL, NULL, NULL, 2218),
('HAS', 2220, NULL, NULL, NULL, NULL, 1700, NULL),
('NOT', 2221, NULL, NULL, NULL, NULL, NULL, 2220),
('HAS', 2222, NULL, NULL, NULL, NULL, 1700, NULL),
('NOT', 2223, NULL, NULL, NULL, NULL, NULL, 2222),
('HAS', 2224, NULL, NULL, NULL, NULL, 1700, NULL),
('NOT', 2225, NULL, NULL, NULL, NULL, NULL, 2224),
('HAS', 2226, NULL, NULL, NULL, NULL, 1700, NULL),
('NOT', 2227, NULL, NULL, NULL, NULL, NULL, 2226),
('HAS', 2228, NULL, NULL, NULL, NULL, 1700, NULL),
('NOT', 2229, NULL, NULL, NULL, NULL, NULL, 2228),
('HAS', 2230, NULL, NULL, NULL, NULL, 1700, NULL),
('NOT', 2231, NULL, NULL, NULL, NULL, NULL, 2230),
('HAS', 2232, NULL, NULL, NULL, NULL, 1700, NULL),
('NOT', 2233, NULL, NULL, NULL, NULL, NULL, 2232),
('HAS', 2234, NULL, NULL, NULL, NULL, 1700, NULL),
('NOT', 2235, NULL, NULL, NULL, NULL, NULL, 2234),
('HAS', 2236, NULL, NULL, NULL, NULL, 1700, NULL),
('NOT', 2237, NULL, NULL, NULL, NULL, NULL, 2236),
('HAS', 2238, NULL, NULL, NULL, NULL, 1700, NULL),
('NOT', 2239, NULL, NULL, NULL, NULL, NULL, 2238),
('HAS', 2240, NULL, NULL, NULL, NULL, 1700, NULL),
('NOT', 2241, NULL, NULL, NULL, NULL, NULL, 2240),
('HAS', 2242, NULL, NULL, NULL, NULL, 1700, NULL),
('NOT', 2243, NULL, NULL, NULL, NULL, NULL, 2242),
('HAS', 2244, NULL, NULL, NULL, NULL, 1700, NULL),
('NOT', 2245, NULL, NULL, NULL, NULL, NULL, 2244),
('HAS', 2246, NULL, NULL, NULL, NULL, 1700, NULL),
('NOT', 2247, NULL, NULL, NULL, NULL, NULL, 2246),
('HAS', 2248, NULL, NULL, NULL, NULL, 1700, NULL),
('NOT', 2249, NULL, NULL, NULL, NULL, NULL, 2248),
('HAS', 2250, NULL, NULL, NULL, NULL, 1700, NULL),
('NOT', 2251, NULL, NULL, NULL, NULL, NULL, 2250),
('HAS', 2252, NULL, NULL, NULL, NULL, 1700, NULL),
('NOT', 2253, NULL, NULL, NULL, NULL, NULL, 2252),
('HAS', 2254, NULL, NULL, NULL, NULL, 1700, NULL),
('NOT', 2255, NULL, NULL, NULL, NULL, NULL, 2254),
('HAS', 2256, NULL, NULL, NULL, NULL, 1700, NULL),
('NOT', 2257, NULL, NULL, NULL, NULL, NULL, 2256),
('HAS', 2258, NULL, NULL, NULL, NULL, 1700, NULL),
('NOT', 2259, NULL, NULL, NULL, NULL, NULL, 2258),
('HAS', 2260, NULL, NULL, NULL, NULL, 1700, NULL),
('NOT', 2261, NULL, NULL, NULL, NULL, NULL, 2260),
('HAS', 2262, NULL, NULL, NULL, NULL, 1700, NULL),
('NOT', 2263, NULL, NULL, NULL, NULL, NULL, 2262),
('HAS', 2264, NULL, NULL, NULL, NULL, 1700, NULL),
('NOT', 2265, NULL, NULL, NULL, NULL, NULL, 2264),
('HAS', 2266, NULL, NULL, NULL, NULL, 1700, NULL),
('NOT', 2267, NULL, NULL, NULL, NULL, NULL, 2266),
('HAS', 2268, NULL, NULL, NULL, NULL, 1700, NULL),
('NOT', 2269, NULL, NULL, NULL, NULL, NULL, 2268),
('HAS', 2270, NULL, NULL, NULL, NULL, 1700, NULL),
('NOT', 2271, NULL, NULL, NULL, NULL, NULL, 2270),
('HAS', 2272, NULL, NULL, NULL, NULL, 1700, NULL),
('NOT', 2273, NULL, NULL, NULL, NULL, NULL, 2272),
('HAS', 2274, NULL, NULL, NULL, NULL, 1700, NULL),
('NOT', 2275, NULL, NULL, NULL, NULL, NULL, 2274),
('HAS', 2276, NULL, NULL, NULL, NULL, 1700, NULL),
('NOT', 2277, NULL, NULL, NULL, NULL, NULL, 2276),
('HAS', 2278, NULL, NULL, NULL, NULL, 1700, NULL),
('NOT', 2279, NULL, NULL, NULL, NULL, NULL, 2278),
('HAS', 2280, NULL, NULL, NULL, NULL, 1700, NULL),
('NOT', 2281, NULL, NULL, NULL, NULL, NULL, 2280),
('HAS', 2282, NULL, NULL, NULL, NULL, 1700, NULL),
('NOT', 2283, NULL, NULL, NULL, NULL, NULL, 2282),
('HAS', 2284, NULL, NULL, NULL, NULL, 1700, NULL),
('NOT', 2285, NULL, NULL, NULL, NULL, NULL, 2284),
('HAS', 2286, NULL, NULL, NULL, NULL, 1700, NULL),
('NOT', 2287, NULL, NULL, NULL, NULL, NULL, 2286),
('HAS', 2288, NULL, NULL, NULL, NULL, 1700, NULL),
('NOT', 2289, NULL, NULL, NULL, NULL, NULL, 2288),
('HAS', 2290, NULL, NULL, NULL, NULL, 1700, NULL),
('NOT', 2291, NULL, NULL, NULL, NULL, NULL, 2290),
('HAS', 2292, NULL, NULL, NULL, NULL, 1700, NULL),
('NOT', 2293, NULL, NULL, NULL, NULL, NULL, 2292),
('HAS', 2294, NULL, NULL, NULL, NULL, 1700, NULL),
('NOT', 2295, NULL, NULL, NULL, NULL, NULL, 2294),
('HAS', 2296, NULL, NULL, NULL, NULL, 1700, NULL),
('NOT', 2297, NULL, NULL, NULL, NULL, NULL, 2296),
('HAS', 2298, NULL, NULL, NULL, NULL, 1700, NULL),
('NOT', 2299, NULL, NULL, NULL, NULL, NULL, 2298),
('HAS', 2300, NULL, NULL, NULL, NULL, 1700, NULL),
('NOT', 2301, NULL, NULL, NULL, NULL, NULL, 2300),
('HAS', 2302, NULL, NULL, NULL, NULL, 1700, NULL),
('NOT', 2303, NULL, NULL, NULL, NULL, NULL, 2302),
('HAS', 2304, NULL, NULL, NULL, NULL, 1700, NULL),
('NOT', 2305, NULL, NULL, NULL, NULL, NULL, 2304),
('HAS', 2306, NULL, NULL, NULL, NULL, 1700, NULL),
('NOT', 2307, NULL, NULL, NULL, NULL, NULL, 2306),
('HAS', 2308, NULL, NULL, NULL, NULL, 1700, NULL),
('NOT', 2309, NULL, NULL, NULL, NULL, NULL, 2308),
('HAS', 2310, NULL, NULL, NULL, NULL, 1700, NULL),
('NOT', 2311, NULL, NULL, NULL, NULL, NULL, 2310),
('HAS', 2312, NULL, NULL, NULL, NULL, 1700, NULL),
('NOT', 2313, NULL, NULL, NULL, NULL, NULL, 2312),
('HAS', 2314, NULL, NULL, NULL, NULL, 1700, NULL),
('NOT', 2315, NULL, NULL, NULL, NULL, NULL, 2314),
('HAS', 2316, NULL, NULL, NULL, NULL, 1700, NULL),
('NOT', 2317, NULL, NULL, NULL, NULL, NULL, 2316),
('HAS', 2318, NULL, NULL, NULL, NULL, 1700, NULL),
('NOT', 2319, NULL, NULL, NULL, NULL, NULL, 2318),
('HAS', 2320, NULL, NULL, NULL, NULL, 1700, NULL),
('NOT', 2321, NULL, NULL, NULL, NULL, NULL, 2320),
('HAS', 2322, NULL, NULL, NULL, NULL, 1700, NULL),
('NOT', 2323, NULL, NULL, NULL, NULL, NULL, 2322),
('HAS', 2324, NULL, NULL, NULL, NULL, 1700, NULL),
('NOT', 2325, NULL, NULL, NULL, NULL, NULL, 2324),
('HAS', 2326, NULL, NULL, NULL, NULL, 1700, NULL),
('NOT', 2327, NULL, NULL, NULL, NULL, NULL, 2326),
('HAS', 2328, NULL, NULL, NULL, NULL, 1700, NULL),
('NOT', 2329, NULL, NULL, NULL, NULL, NULL, 2328),
('HAS', 2330, NULL, NULL, NULL, NULL, 1700, NULL),
('NOT', 2331, NULL, NULL, NULL, NULL, NULL, 2330),
('HAS', 2332, NULL, NULL, NULL, NULL, 1700, NULL),
('NOT', 2333, NULL, NULL, NULL, NULL, NULL, 2332),
('HAS', 2334, NULL, NULL, NULL, NULL, 1700, NULL),
('NOT', 2335, NULL, NULL, NULL, NULL, NULL, 2334),
('HAS', 2336, NULL, NULL, NULL, NULL, 1700, NULL),
('NOT', 2337, NULL, NULL, NULL, NULL, NULL, 2336),
('HAS', 2338, NULL, NULL, NULL, NULL, 1700, NULL),
('NOT', 2339, NULL, NULL, NULL, NULL, NULL, 2338),
('HAS', 2340, NULL, NULL, NULL, NULL, 1700, NULL),
('NOT', 2341, NULL, NULL, NULL, NULL, NULL, 2340),
('HAS', 2342, NULL, NULL, NULL, NULL, 1700, NULL),
('NOT', 2343, NULL, NULL, NULL, NULL, NULL, 2342),
('HAS', 2344, NULL, NULL, NULL, NULL, 1700, NULL),
('NOT', 2345, NULL, NULL, NULL, NULL, NULL, 2344),
('HAS', 2346, NULL, NULL, NULL, NULL, 1700, NULL),
('NOT', 2347, NULL, NULL, NULL, NULL, NULL, 2346),
('HAS', 2348, NULL, NULL, NULL, NULL, 1700, NULL),
('NOT', 2349, NULL, NULL, NULL, NULL, NULL, 2348),
('HAS', 2350, NULL, NULL, NULL, NULL, 1700, NULL),
('NOT', 2351, NULL, NULL, NULL, NULL, NULL, 2350),
('HAS', 2352, NULL, NULL, NULL, NULL, 1700, NULL),
('NOT', 2353, NULL, NULL, NULL, NULL, NULL, 2352),
('HAS', 2354, NULL, NULL, NULL, NULL, 1700, NULL),
('NOT', 2355, NULL, NULL, NULL, NULL, NULL, 2354),
('HAS', 2356, NULL, NULL, NULL, NULL, 1700, NULL),
('NOT', 2357, NULL, NULL, NULL, NULL, NULL, 2356),
('HAS', 2358, NULL, NULL, NULL, NULL, 1700, NULL),
('NOT', 2359, NULL, NULL, NULL, NULL, NULL, 2358),
('HAS', 2360, NULL, NULL, NULL, NULL, 1700, NULL),
('NOT', 2361, NULL, NULL, NULL, NULL, NULL, 2360),
('HAS', 2362, NULL, NULL, NULL, NULL, 1700, NULL),
('NOT', 2363, NULL, NULL, NULL, NULL, NULL, 2362),
('HAS', 2364, NULL, NULL, NULL, NULL, 1700, NULL),
('NOT', 2365, NULL, NULL, NULL, NULL, NULL, 2364),
('HAS', 2366, NULL, NULL, NULL, NULL, 1700, NULL),
('NOT', 2367, NULL, NULL, NULL, NULL, NULL, 2366),
('HAS', 2368, NULL, NULL, NULL, NULL, 1700, NULL),
('NOT', 2369, NULL, NULL, NULL, NULL, NULL, 2368),
('HAS', 2370, NULL, NULL, NULL, NULL, 1700, NULL),
('NOT', 2371, NULL, NULL, NULL, NULL, NULL, 2370),
('HAS', 2372, NULL, NULL, NULL, NULL, 1700, NULL),
('NOT', 2373, NULL, NULL, NULL, NULL, NULL, 2372),
('HAS', 2374, NULL, NULL, NULL, NULL, 1700, NULL),
('NOT', 2375, NULL, NULL, NULL, NULL, NULL, 2374),
('HAS', 2376, NULL, NULL, NULL, NULL, 1700, NULL),
('NOT', 2377, NULL, NULL, NULL, NULL, NULL, 2376),
('HAS', 2378, NULL, NULL, NULL, NULL, 1700, NULL),
('NOT', 2379, NULL, NULL, NULL, NULL, NULL, 2378),
('HAS', 2380, NULL, NULL, NULL, NULL, 1700, NULL),
('NOT', 2381, NULL, NULL, NULL, NULL, NULL, 2380),
('HAS', 2382, NULL, NULL, NULL, NULL, 1700, NULL),
('NOT', 2383, NULL, NULL, NULL, NULL, NULL, 2382),
('HAS', 2384, NULL, NULL, NULL, NULL, 1700, NULL),
('NOT', 2385, NULL, NULL, NULL, NULL, NULL, 2384),
('HAS', 2386, NULL, NULL, NULL, NULL, 1700, NULL),
('NOT', 2387, NULL, NULL, NULL, NULL, NULL, 2386),
('HAS', 2388, NULL, NULL, NULL, NULL, 1700, NULL),
('NOT', 2389, NULL, NULL, NULL, NULL, NULL, 2388),
('HAS', 2390, NULL, NULL, NULL, NULL, 1700, NULL),
('NOT', 2391, NULL, NULL, NULL, NULL, NULL, 2390),
('HAS', 2392, NULL, NULL, NULL, NULL, 1700, NULL),
('NOT', 2393, NULL, NULL, NULL, NULL, NULL, 2392),
('HAS', 2394, NULL, NULL, NULL, NULL, 1700, NULL),
('NOT', 2395, NULL, NULL, NULL, NULL, NULL, 2394),
('HAS', 2396, NULL, NULL, NULL, NULL, 1700, NULL),
('NOT', 2397, NULL, NULL, NULL, NULL, NULL, 2396),
('HAS', 2398, NULL, NULL, NULL, NULL, 1700, NULL),
('NOT', 2399, NULL, NULL, NULL, NULL, NULL, 2398),
('HAS', 2400, NULL, NULL, NULL, NULL, 1700, NULL),
('NOT', 2401, NULL, NULL, NULL, NULL, NULL, 2400),
('HAS', 2402, NULL, NULL, NULL, NULL, 1700, NULL),
('NOT', 2403, NULL, NULL, NULL, NULL, NULL, 2402),
('HAS', 2404, NULL, NULL, NULL, NULL, 1700, NULL),
('NOT', 2405, NULL, NULL, NULL, NULL, NULL, 2404),
('HAS', 2406, NULL, NULL, NULL, NULL, 1700, NULL),
('NOT', 2407, NULL, NULL, NULL, NULL, NULL, 2406),
('HAS', 2408, NULL, NULL, NULL, NULL, 1700, NULL),
('NOT', 2409, NULL, NULL, NULL, NULL, NULL, 2408),
('HAS', 2410, NULL, NULL, NULL, NULL, 1700, NULL),
('NOT', 2411, NULL, NULL, NULL, NULL, NULL, 2410),
('HAS', 2412, NULL, NULL, NULL, NULL, 1700, NULL),
('NOT', 2413, NULL, NULL, NULL, NULL, NULL, 2412),
('HAS', 2414, NULL, NULL, NULL, NULL, 1700, NULL),
('NOT', 2415, NULL, NULL, NULL, NULL, NULL, 2414),
('HAS', 2416, NULL, NULL, NULL, NULL, 1700, NULL),
('NOT', 2417, NULL, NULL, NULL, NULL, NULL, 2416),
('HAS', 2418, NULL, NULL, NULL, NULL, 1700, NULL),
('NOT', 2419, NULL, NULL, NULL, NULL, NULL, 2418),
('HAS', 2420, NULL, NULL, NULL, NULL, 1700, NULL),
('NOT', 2421, NULL, NULL, NULL, NULL, NULL, 2420),
('HAS', 2422, NULL, NULL, NULL, NULL, 1700, NULL),
('NOT', 2423, NULL, NULL, NULL, NULL, NULL, 2422),
('HAS', 2424, NULL, NULL, NULL, NULL, 1700, NULL),
('NOT', 2425, NULL, NULL, NULL, NULL, NULL, 2424),
('HAS', 2426, NULL, NULL, NULL, NULL, 1700, NULL),
('NOT', 2427, NULL, NULL, NULL, NULL, NULL, 2426),
('HAS', 2428, NULL, NULL, NULL, NULL, 1700, NULL),
('NOT', 2429, NULL, NULL, NULL, NULL, NULL, 2428),
('HAS', 2430, NULL, NULL, NULL, NULL, 1700, NULL),
('NOT', 2431, NULL, NULL, NULL, NULL, NULL, 2430),
('HAS', 2432, NULL, NULL, NULL, NULL, 1700, NULL),
('NOT', 2433, NULL, NULL, NULL, NULL, NULL, 2432),
('HAS', 2434, NULL, NULL, NULL, NULL, 1700, NULL),
('NOT', 2435, NULL, NULL, NULL, NULL, NULL, 2434),
('HAS', 2436, NULL, NULL, NULL, NULL, 1700, NULL),
('NOT', 2437, NULL, NULL, NULL, NULL, NULL, 2436),
('HAS', 2438, NULL, NULL, NULL, NULL, 1700, NULL),
('NOT', 2439, NULL, NULL, NULL, NULL, NULL, 2438),
('HAS', 2440, NULL, NULL, NULL, NULL, 1700, NULL),
('NOT', 2441, NULL, NULL, NULL, NULL, NULL, 2440),
('HAS', 2442, NULL, NULL, NULL, NULL, 1700, NULL),
('NOT', 2443, NULL, NULL, NULL, NULL, NULL, 2442),
('HAS', 2444, NULL, NULL, NULL, NULL, 1700, NULL),
('NOT', 2445, NULL, NULL, NULL, NULL, NULL, 2444),
('HAS', 2446, NULL, NULL, NULL, NULL, 1700, NULL),
('NOT', 2447, NULL, NULL, NULL, NULL, NULL, 2446),
('HAS', 2448, NULL, NULL, NULL, NULL, 1700, NULL),
('NOT', 2449, NULL, NULL, NULL, NULL, NULL, 2448),
('HAS', 2450, NULL, NULL, NULL, NULL, 1700, NULL),
('NOT', 2451, NULL, NULL, NULL, NULL, NULL, 2450),
('HAS', 2452, NULL, NULL, NULL, NULL, 1700, NULL),
('NOT', 2453, NULL, NULL, NULL, NULL, NULL, 2452),
('HAS', 2454, NULL, NULL, NULL, NULL, 1700, NULL),
('NOT', 2455, NULL, NULL, NULL, NULL, NULL, 2454),
('HAS', 2456, NULL, NULL, NULL, NULL, 1700, NULL),
('NOT', 2457, NULL, NULL, NULL, NULL, NULL, 2456),
('HAS', 2458, NULL, NULL, NULL, NULL, 1700, NULL),
('NOT', 2459, NULL, NULL, NULL, NULL, NULL, 2458),
('HAS', 2460, NULL, NULL, NULL, NULL, 1700, NULL),
('NOT', 2461, NULL, NULL, NULL, NULL, NULL, 2460),
('HAS', 2462, NULL, NULL, NULL, NULL, 1700, NULL),
('NOT', 2463, NULL, NULL, NULL, NULL, NULL, 2462),
('HAS', 2464, NULL, NULL, NULL, NULL, 1700, NULL),
('NOT', 2465, NULL, NULL, NULL, NULL, NULL, 2464),
('HAS', 2466, NULL, NULL, NULL, NULL, 1700, NULL),
('NOT', 2467, NULL, NULL, NULL, NULL, NULL, 2466),
('HAS', 2468, NULL, NULL, NULL, NULL, 1700, NULL),
('NOT', 2469, NULL, NULL, NULL, NULL, NULL, 2468),
('HAS', 2470, NULL, NULL, NULL, NULL, 1700, NULL),
('NOT', 2471, NULL, NULL, NULL, NULL, NULL, 2470),
('HAS', 2472, NULL, NULL, NULL, NULL, 1700, NULL),
('NOT', 2473, NULL, NULL, NULL, NULL, NULL, 2472),
('HAS', 2474, NULL, NULL, NULL, NULL, 1700, NULL),
('NOT', 2475, NULL, NULL, NULL, NULL, NULL, 2474),
('HAS', 2476, NULL, NULL, NULL, NULL, 1700, NULL),
('NOT', 2477, NULL, NULL, NULL, NULL, NULL, 2476),
('HAS', 2478, NULL, NULL, NULL, NULL, 1700, NULL),
('NOT', 2479, NULL, NULL, NULL, NULL, NULL, 2478),
('HAS', 2480, NULL, NULL, NULL, NULL, 1700, NULL),
('NOT', 2481, NULL, NULL, NULL, NULL, NULL, 2480),
('HAS', 2482, NULL, NULL, NULL, NULL, 1700, NULL),
('NOT', 2483, NULL, NULL, NULL, NULL, NULL, 2482),
('HAS', 2484, NULL, NULL, NULL, NULL, 1700, NULL),
('NOT', 2485, NULL, NULL, NULL, NULL, NULL, 2484),
('HAS', 2486, NULL, NULL, NULL, NULL, 1700, NULL),
('NOT', 2487, NULL, NULL, NULL, NULL, NULL, 2486),
('HAS', 2488, NULL, NULL, NULL, NULL, 1700, NULL),
('NOT', 2489, NULL, NULL, NULL, NULL, NULL, 2488),
('HAS', 2490, NULL, NULL, NULL, NULL, 1700, NULL),
('NOT', 2491, NULL, NULL, NULL, NULL, NULL, 2490),
('HAS', 2492, NULL, NULL, NULL, NULL, 1700, NULL),
('NOT', 2493, NULL, NULL, NULL, NULL, NULL, 2492),
('HAS', 2494, NULL, NULL, NULL, NULL, 1700, NULL),
('NOT', 2495, NULL, NULL, NULL, NULL, NULL, 2494),
('HAS', 2496, NULL, NULL, NULL, NULL, 1700, NULL),
('NOT', 2497, NULL, NULL, NULL, NULL, NULL, 2496),
('HAS', 2498, NULL, NULL, NULL, NULL, 1700, NULL),
('NOT', 2499, NULL, NULL, NULL, NULL, NULL, 2498),
('HAS', 2500, NULL, NULL, NULL, NULL, 1700, NULL),
('NOT', 2501, NULL, NULL, NULL, NULL, NULL, 2500),
('HAS', 2502, NULL, NULL, NULL, NULL, 1700, NULL),
('NOT', 2503, NULL, NULL, NULL, NULL, NULL, 2502),
('HAS', 2504, NULL, NULL, NULL, NULL, 1700, NULL),
('NOT', 2505, NULL, NULL, NULL, NULL, NULL, 2504),
('HAS', 2506, NULL, NULL, NULL, NULL, 1700, NULL),
('NOT', 2507, NULL, NULL, NULL, NULL, NULL, 2506),
('HAS', 2508, NULL, NULL, NULL, NULL, 1700, NULL),
('NOT', 2509, NULL, NULL, NULL, NULL, NULL, 2508),
('HAS', 2510, NULL, NULL, NULL, NULL, 1700, NULL),
('NOT', 2511, NULL, NULL, NULL, NULL, NULL, 2510),
('HAS', 2512, NULL, NULL, NULL, NULL, 1700, NULL),
('NOT', 2513, NULL, NULL, NULL, NULL, NULL, 2512),
('HAS', 2514, NULL, NULL, NULL, NULL, 1700, NULL),
('NOT', 2515, NULL, NULL, NULL, NULL, NULL, 2514),
('HAS', 2516, NULL, NULL, NULL, NULL, 1700, NULL),
('NOT', 2517, NULL, NULL, NULL, NULL, NULL, 2516),
('HAS', 2518, NULL, NULL, NULL, NULL, 1700, NULL),
('NOT', 2519, NULL, NULL, NULL, NULL, NULL, 2518),
('HAS', 2520, NULL, NULL, NULL, NULL, 1700, NULL),
('NOT', 2521, NULL, NULL, NULL, NULL, NULL, 2520),
('HAS', 2522, NULL, NULL, NULL, NULL, 1700, NULL),
('NOT', 2523, NULL, NULL, NULL, NULL, NULL, 2522),
('HAS', 2524, NULL, NULL, NULL, NULL, 1700, NULL),
('NOT', 2525, NULL, NULL, NULL, NULL, NULL, 2524),
('HAS', 2526, NULL, NULL, NULL, NULL, 1700, NULL),
('NOT', 2527, NULL, NULL, NULL, NULL, NULL, 2526),
('HAS', 2528, NULL, NULL, NULL, NULL, 1700, NULL),
('NOT', 2529, NULL, NULL, NULL, NULL, NULL, 2528),
('HAS', 2530, NULL, NULL, NULL, NULL, 1700, NULL),
('NOT', 2531, NULL, NULL, NULL, NULL, NULL, 2530),
('HAS', 2532, NULL, NULL, NULL, NULL, 1700, NULL),
('NOT', 2533, NULL, NULL, NULL, NULL, NULL, 2532),
('HAS', 2534, NULL, NULL, NULL, NULL, 1700, NULL),
('NOT', 2535, NULL, NULL, NULL, NULL, NULL, 2534),
('HAS', 2536, NULL, NULL, NULL, NULL, 1700, NULL),
('NOT', 2537, NULL, NULL, NULL, NULL, NULL, 2536),
('HAS', 2538, NULL, NULL, NULL, NULL, 1700, NULL),
('NOT', 2539, NULL, NULL, NULL, NULL, NULL, 2538),
('HAS', 2540, NULL, NULL, NULL, NULL, 1700, NULL),
('NOT', 2541, NULL, NULL, NULL, NULL, NULL, 2540),
('HAS', 2542, NULL, NULL, NULL, NULL, 1700, NULL),
('NOT', 2543, NULL, NULL, NULL, NULL, NULL, 2542),
('HAS', 2544, NULL, NULL, NULL, NULL, 1700, NULL),
('NOT', 2545, NULL, NULL, NULL, NULL, NULL, 2544),
('HAS', 2546, NULL, NULL, NULL, NULL, 1700, NULL),
('NOT', 2547, NULL, NULL, NULL, NULL, NULL, 2546),
('HAS', 2548, NULL, NULL, NULL, NULL, 1700, NULL),
('NOT', 2549, NULL, NULL, NULL, NULL, NULL, 2548),
('HAS', 2550, NULL, NULL, NULL, NULL, 1700, NULL),
('NOT', 2551, NULL, NULL, NULL, NULL, NULL, 2550),
('HAS', 2552, NULL, NULL, NULL, NULL, 1700, NULL),
('NOT', 2553, NULL, NULL, NULL, NULL, NULL, 2552),
('HAS', 2554, NULL, NULL, NULL, NULL, 1700, NULL),
('NOT', 2555, NULL, NULL, NULL, NULL, NULL, 2554),
('HAS', 2556, NULL, NULL, NULL, NULL, 1700, NULL),
('NOT', 2557, NULL, NULL, NULL, NULL, NULL, 2556),
('HAS', 2558, NULL, NULL, NULL, NULL, 1700, NULL),
('NOT', 2559, NULL, NULL, NULL, NULL, NULL, 2558),
('HAS', 2560, NULL, NULL, NULL, NULL, 1700, NULL),
('NOT', 2561, NULL, NULL, NULL, NULL, NULL, 2560),
('HAS', 2562, NULL, NULL, NULL, NULL, 1700, NULL),
('NOT', 2563, NULL, NULL, NULL, NULL, NULL, 2562),
('HAS', 2564, NULL, NULL, NULL, NULL, 1700, NULL),
('NOT', 2565, NULL, NULL, NULL, NULL, NULL, 2564),
('HAS', 2566, NULL, NULL, NULL, NULL, 1700, NULL),
('NOT', 2567, NULL, NULL, NULL, NULL, NULL, 2566),
('HAS', 2568, NULL, NULL, NULL, NULL, 1700, NULL),
('NOT', 2569, NULL, NULL, NULL, NULL, NULL, 2568),
('HAS', 2570, NULL, NULL, NULL, NULL, 1700, NULL),
('NOT', 2571, NULL, NULL, NULL, NULL, NULL, 2570),
('HAS', 2572, NULL, NULL, NULL, NULL, 1700, NULL),
('NOT', 2573, NULL, NULL, NULL, NULL, NULL, 2572),
('HAS', 2574, NULL, NULL, NULL, NULL, 1700, NULL),
('NOT', 2575, NULL, NULL, NULL, NULL, NULL, 2574),
('HAS', 2576, NULL, NULL, NULL, NULL, 1700, NULL),
('NOT', 2577, NULL, NULL, NULL, NULL, NULL, 2576),
('AND', 2578, 'EXACT', -1, NULL, NULL, NULL, NULL),
('HAS', 2579, NULL, NULL, NULL, NULL, 1605, NULL),
('NOT', 2580, NULL, NULL, NULL, NULL, NULL, 2579),
('HAS', 2581, NULL, NULL, NULL, NULL, 1602, NULL),
('NOT', 2582, NULL, NULL, NULL, NULL, NULL, 2581),
('HAS', 2583, NULL, NULL, NULL, NULL, 1699, NULL),
('NOT', 2584, NULL, NULL, NULL, NULL, NULL, 2583),
('HAS', 2585, NULL, NULL, NULL, NULL, 1616, NULL),
('NOT', 2586, NULL, NULL, NULL, NULL, NULL, 2585),
('AND', 2587, 'EXACT', -1, NULL, NULL, NULL, NULL),
('HAS', 2588, NULL, NULL, NULL, NULL, 1588, NULL),
('HAS', 2589, NULL, NULL, NULL, NULL, 1637, NULL),
('NOT', 2590, NULL, NULL, NULL, NULL, NULL, 2589),
('AND', 2591, 'EXACT', -1, NULL, NULL, NULL, NULL),
('HAS', 2592, NULL, NULL, NULL, NULL, 1588, NULL),
('HAS', 2593, NULL, NULL, NULL, NULL, 1637, NULL),
('NOT', 2594, NULL, NULL, NULL, NULL, NULL, 2593),
('AND', 2595, 'EXACT', -1, NULL, NULL, NULL, NULL),
('HAS', 2596, NULL, NULL, NULL, NULL, 1588, NULL),
('HAS', 2597, NULL, NULL, NULL, NULL, 1637, NULL),
('NOT', 2598, NULL, NULL, NULL, NULL, NULL, 2597),
('AND', 2599, 'EXACT', -1, NULL, NULL, NULL, NULL),
('HAS', 2600, NULL, NULL, NULL, NULL, 1588, NULL),
('HAS', 2601, NULL, NULL, NULL, NULL, 1637, NULL),
('NOT', 2602, NULL, NULL, NULL, NULL, NULL, 2601),
('AND', 2603, 'EXACT', -1, NULL, NULL, NULL, NULL),
('HAS', 2604, NULL, NULL, NULL, NULL, 1588, NULL),
('HAS', 2605, NULL, NULL, NULL, NULL, 1637, NULL),
('NOT', 2606, NULL, NULL, NULL, NULL, NULL, 2605),
('AND', 2607, 'EXACT', -1, NULL, NULL, NULL, NULL),
('HAS', 2608, NULL, NULL, NULL, NULL, 1588, NULL),
('HAS', 2609, NULL, NULL, NULL, NULL, 1637, NULL),
('NOT', 2610, NULL, NULL, NULL, NULL, NULL, 2609),
('AND', 2611, 'EXACT', -1, NULL, NULL, NULL, NULL),
('HAS', 2612, NULL, NULL, NULL, NULL, 1588, NULL),
('HAS', 2613, NULL, NULL, NULL, NULL, 1637, NULL),
('NOT', 2614, NULL, NULL, NULL, NULL, NULL, 2613),
('AND', 2615, 'EXACT', -1, NULL, NULL, NULL, NULL),
('HAS', 2616, NULL, NULL, NULL, NULL, 1588, NULL),
('HAS', 2617, NULL, NULL, NULL, NULL, 1637, NULL),
('NOT', 2618, NULL, NULL, NULL, NULL, NULL, 2617),
('AND', 2619, 'EXACT', -1, NULL, NULL, NULL, NULL),
('HAS', 2620, NULL, NULL, NULL, NULL, 1164, NULL),
('HAS', 2621, NULL, NULL, NULL, NULL, 1645, NULL),
('NOT', 2622, NULL, NULL, NULL, NULL, NULL, 2621),
('AND', 2623, 'EXACT', -1, NULL, NULL, NULL, NULL),
('HAS', 2624, NULL, NULL, NULL, NULL, 1164, NULL),
('HAS', 2625, NULL, NULL, NULL, NULL, 1645, NULL),
('NOT', 2626, NULL, NULL, NULL, NULL, NULL, 2625),
('AND', 2627, 'EXACT', -1, NULL, NULL, NULL, NULL),
('HAS', 2628, NULL, NULL, NULL, NULL, 1164, NULL),
('HAS', 2629, NULL, NULL, NULL, NULL, 1645, NULL),
('NOT', 2630, NULL, NULL, NULL, NULL, NULL, 2629),
('AND', 2631, 'EXACT', -1, NULL, NULL, NULL, NULL),
('HAS', 2632, NULL, NULL, NULL, NULL, 1164, NULL),
('HAS', 2633, NULL, NULL, NULL, NULL, 1645, NULL),
('NOT', 2634, NULL, NULL, NULL, NULL, NULL, 2633),
('AND', 2635, 'EXACT', -1, NULL, NULL, NULL, NULL),
('HAS', 2636, NULL, NULL, NULL, NULL, 1164, NULL),
('HAS', 2637, NULL, NULL, NULL, NULL, 1645, NULL),
('NOT', 2638, NULL, NULL, NULL, NULL, NULL, 2637),
('AND', 2639, 'EXACT', -1, NULL, NULL, NULL, NULL),
('HAS', 2640, NULL, NULL, NULL, NULL, 1164, NULL),
('HAS', 2641, NULL, NULL, NULL, NULL, 1645, NULL),
('NOT', 2642, NULL, NULL, NULL, NULL, NULL, 2641),
('AND', 2643, 'EXACT', -1, NULL, NULL, NULL, NULL),
('HAS', 2644, NULL, NULL, NULL, NULL, 1164, NULL),
('HAS', 2645, NULL, NULL, NULL, NULL, 1645, NULL),
('NOT', 2646, NULL, NULL, NULL, NULL, NULL, 2645),
('AND', 2647, 'EXACT', -1, NULL, NULL, NULL, NULL),
('HAS', 2648, NULL, NULL, NULL, NULL, 1164, NULL),
('HAS', 2649, NULL, NULL, NULL, NULL, 1645, NULL),
('NOT', 2650, NULL, NULL, NULL, NULL, NULL, 2649),
('HAS', 2651, NULL, NULL, NULL, NULL, 1653, NULL),
('NOT', 2652, NULL, NULL, NULL, NULL, NULL, 2651),
('HAS', 2653, NULL, NULL, NULL, NULL, 1653, NULL),
('NOT', 2654, NULL, NULL, NULL, NULL, NULL, 2653),
('HAS', 2655, NULL, NULL, NULL, NULL, 1653, NULL),
('NOT', 2656, NULL, NULL, NULL, NULL, NULL, 2655),
('HAS', 2657, NULL, NULL, NULL, NULL, 1653, NULL),
('NOT', 2658, NULL, NULL, NULL, NULL, NULL, 2657),
('HAS', 2659, NULL, NULL, NULL, NULL, 1653, NULL),
('NOT', 2660, NULL, NULL, NULL, NULL, NULL, 2659),
('HAS', 2661, NULL, NULL, NULL, NULL, 1653, NULL),
('NOT', 2662, NULL, NULL, NULL, NULL, NULL, 2661),
('HAS', 2663, NULL, NULL, NULL, NULL, 1653, NULL),
('NOT', 2664, NULL, NULL, NULL, NULL, NULL, 2663),
('HAS', 2665, NULL, NULL, NULL, NULL, 1653, NULL),
('NOT', 2666, NULL, NULL, NULL, NULL, NULL, 2665),
('HAS', 2667, NULL, NULL, NULL, NULL, 1661, NULL),
('NOT', 2668, NULL, NULL, NULL, NULL, NULL, 2667),
('HAS', 2669, NULL, NULL, NULL, NULL, 1662, NULL),
('NOT', 2670, NULL, NULL, NULL, NULL, NULL, 2669),
('HAS', 2671, NULL, NULL, NULL, NULL, 1620, NULL),
('NOT', 2672, NULL, NULL, NULL, NULL, NULL, 2671),
('AND', 2673, 'EXACT', -1, NULL, NULL, NULL, NULL),
('HAS', 2674, NULL, NULL, NULL, NULL, 1157, NULL),
('NOT', 2675, NULL, NULL, NULL, NULL, NULL, 2674),
('HAS', 2676, NULL, NULL, NULL, NULL, 1628, NULL),
('NOT', 2677, NULL, NULL, NULL, NULL, NULL, 2676),
('HAS', 2678, NULL, NULL, NULL, NULL, 1628, NULL),
('NOT', 2679, NULL, NULL, NULL, NULL, NULL, 2678),
('HAS', 2680, NULL, NULL, NULL, NULL, 1628, NULL),
('NOT', 2681, NULL, NULL, NULL, NULL, NULL, 2680),
('AND', 2682, 'EXACT', -1, NULL, NULL, NULL, NULL),
('HAS', 2683, NULL, NULL, NULL, NULL, 1693, NULL),
('NOT', 2684, NULL, NULL, NULL, NULL, NULL, 2683),
('AND', 2685, 'EXACT', -1, NULL, NULL, NULL, NULL),
('HAS', 2686, NULL, NULL, NULL, NULL, 1588, NULL),
('HAS', 2687, NULL, NULL, NULL, NULL, 1635, NULL),
('NOT', 2688, NULL, NULL, NULL, NULL, NULL, 2687),
('AND', 2689, 'EXACT', -1, NULL, NULL, NULL, NULL),
('HAS', 2690, NULL, NULL, NULL, NULL, 1164, NULL),
('HAS', 2691, NULL, NULL, NULL, NULL, 1524, NULL),
('NOT', 2692, NULL, NULL, NULL, NULL, NULL, 2691),
('OR', 2693, 'MINIMUM', 1, NULL, NULL, NULL, NULL),
('AND', 2694, 'EXACT', -1, NULL, NULL, NULL, NULL),
('HAS', 2695, NULL, NULL, NULL, NULL, 1164, NULL),
('HAS', 2696, NULL, NULL, NULL, NULL, 1522, NULL),
('NOT', 2697, NULL, NULL, NULL, NULL, NULL, 2696),
('HAS', 2698, NULL, NULL, NULL, NULL, 1596, NULL),
('NOT', 2699, NULL, NULL, NULL, NULL, NULL, 2698),
('HAS', 2700, NULL, NULL, NULL, NULL, 1596, NULL),
('NOT', 2701, NULL, NULL, NULL, NULL, NULL, 2700),
('HAS', 2702, NULL, NULL, NULL, NULL, 1596, NULL),
('NOT', 2703, NULL, NULL, NULL, NULL, NULL, 2702),
('HAS', 2704, NULL, NULL, NULL, NULL, 1596, NULL),
('NOT', 2705, NULL, NULL, NULL, NULL, NULL, 2704),
('HAS', 2706, NULL, NULL, NULL, NULL, 1596, NULL),
('NOT', 2707, NULL, NULL, NULL, NULL, NULL, 2706),
('HAS', 2708, NULL, NULL, NULL, NULL, 1596, NULL),
('NOT', 2709, NULL, NULL, NULL, NULL, NULL, 2708),
('HAS', 2710, NULL, NULL, NULL, NULL, 1596, NULL),
('NOT', 2711, NULL, NULL, NULL, NULL, NULL, 2710),
('HAS', 2712, NULL, NULL, NULL, NULL, 1596, NULL),
('NOT', 2713, NULL, NULL, NULL, NULL, NULL, 2712),
('HAS', 2714, NULL, NULL, NULL, NULL, 1596, NULL),
('NOT', 2715, NULL, NULL, NULL, NULL, NULL, 2714),
('HAS', 2716, NULL, NULL, NULL, NULL, 1596, NULL),
('NOT', 2717, NULL, NULL, NULL, NULL, NULL, 2716),
('HAS', 2718, NULL, NULL, NULL, NULL, 1596, NULL),
('NOT', 2719, NULL, NULL, NULL, NULL, NULL, 2718),
('OR', 2720, 'MINIMUM', 1, NULL, NULL, NULL, NULL),
('AND', 2721, 'EXACT', -1, NULL, NULL, NULL, NULL),
('HAS', 2722, NULL, NULL, NULL, NULL, 1700, NULL),
('NOT', 2723, NULL, NULL, NULL, NULL, NULL, 2722),
('HAS', 2724, NULL, NULL, NULL, NULL, 1983, NULL),
('NOT', 2725, NULL, NULL, NULL, NULL, NULL, 2724),
('HAS', 2726, NULL, NULL, NULL, NULL, 1180, NULL),
('NOT', 2727, NULL, NULL, NULL, NULL, NULL, 2726),
('AND', 2728, 'EXACT', -1, NULL, NULL, NULL, NULL),
('HAS', 2729, NULL, NULL, NULL, NULL, 1588, NULL),
('HAS', 2730, NULL, NULL, NULL, NULL, 1677, NULL),
('NOT', 2731, NULL, NULL, NULL, NULL, NULL, 2730),
('AND', 2732, 'EXACT', -1, NULL, NULL, NULL, NULL),
('HAS', 2733, NULL, NULL, NULL, NULL, 1588, NULL),
('HAS', 2734, NULL, NULL, NULL, NULL, 1677, NULL),
('NOT', 2735, NULL, NULL, NULL, NULL, NULL, 2734),
('AND', 2736, 'EXACT', -1, NULL, NULL, NULL, NULL),
('HAS', 2737, NULL, NULL, NULL, NULL, 1588, NULL),
('HAS', 2738, NULL, NULL, NULL, NULL, 1677, NULL),
('NOT', 2739, NULL, NULL, NULL, NULL, NULL, 2738),
('AND', 2740, 'EXACT', -1, NULL, NULL, NULL, NULL),
('HAS', 2741, NULL, NULL, NULL, NULL, 1588, NULL),
('HAS', 2742, NULL, NULL, NULL, NULL, 1677, NULL),
('NOT', 2743, NULL, NULL, NULL, NULL, NULL, 2742),
('AND', 2744, 'EXACT', -1, NULL, NULL, NULL, NULL),
('HAS', 2745, NULL, NULL, NULL, NULL, 1164, NULL),
('HAS', 2746, NULL, NULL, NULL, NULL, 1681, NULL),
('NOT', 2747, NULL, NULL, NULL, NULL, NULL, 2746),
('AND', 2748, 'EXACT', -1, NULL, NULL, NULL, NULL),
('HAS', 2749, NULL, NULL, NULL, NULL, 1164, NULL),
('HAS', 2750, NULL, NULL, NULL, NULL, 1681, NULL),
('NOT', 2751, NULL, NULL, NULL, NULL, NULL, 2750),
('AND', 2752, 'EXACT', -1, NULL, NULL, NULL, NULL),
('HAS', 2753, NULL, NULL, NULL, NULL, 1164, NULL),
('HAS', 2754, NULL, NULL, NULL, NULL, 1681, NULL),
('NOT', 2755, NULL, NULL, NULL, NULL, NULL, 2754),
('AND', 2756, 'EXACT', -1, NULL, NULL, NULL, NULL),
('HAS', 2757, NULL, NULL, NULL, NULL, 1164, NULL),
('HAS', 2758, NULL, NULL, NULL, NULL, 1681, NULL),
('NOT', 2759, NULL, NULL, NULL, NULL, NULL, 2758),
('HAS', 2760, NULL, NULL, NULL, NULL, 1685, NULL),
('NOT', 2761, NULL, NULL, NULL, NULL, NULL, 2760),
('HAS', 2762, NULL, NULL, NULL, NULL, 1685, NULL),
('NOT', 2763, NULL, NULL, NULL, NULL, NULL, 2762),
('HAS', 2764, NULL, NULL, NULL, NULL, 1685, NULL),
('NOT', 2765, NULL, NULL, NULL, NULL, NULL, 2764),
('HAS', 2766, NULL, NULL, NULL, NULL, 1685, NULL),
('NOT', 2767, NULL, NULL, NULL, NULL, NULL, 2766),
('HAS', 2768, NULL, NULL, NULL, NULL, 1588, NULL),
('HAS', 2769, NULL, NULL, NULL, NULL, 1700, NULL),
('NOT', 2770, NULL, NULL, NULL, NULL, NULL, 2769),
('OR', 2771, 'MINIMUM', 1, NULL, NULL, NULL, NULL),
('AND', 2772, 'EXACT', -1, NULL, NULL, NULL, NULL),
('HAS', 2773, NULL, NULL, NULL, NULL, 1985, NULL),
('NOT', 2774, NULL, NULL, NULL, NULL, NULL, 2773),
('AND', 2775, 'EXACT', -1, NULL, NULL, NULL, NULL),
('HAS', 2776, NULL, NULL, NULL, NULL, 1985, NULL),
('NOT', 2777, NULL, NULL, NULL, NULL, NULL, 2776),
('AND', 2778, 'EXACT', -1, NULL, NULL, NULL, NULL),
('HAS', 2779, NULL, NULL, NULL, NULL, 1985, NULL),
('NOT', 2780, NULL, NULL, NULL, NULL, NULL, 2779),
('AND', 2781, 'EXACT', -1, NULL, NULL, NULL, NULL),
('HAS', 2782, NULL, NULL, NULL, NULL, 1985, NULL),
('NOT', 2783, NULL, NULL, NULL, NULL, NULL, 2782),
('HAS', 2784, NULL, NULL, NULL, NULL, 1698, NULL),
('NOT', 2785, NULL, NULL, NULL, NULL, NULL, 2784),
('HAS', 2786, NULL, NULL, NULL, NULL, 2004, NULL),
('NOT', 2787, NULL, NULL, NULL, NULL, NULL, 2786),
('OR', 2788, 'MINIMUM', 1, NULL, NULL, NULL, NULL),
('HAS', 2789, NULL, NULL, NULL, NULL, 1525, NULL),
('NOT', 2790, NULL, NULL, NULL, NULL, NULL, 2789),
('HAS', 2791, NULL, NULL, NULL, NULL, 1525, NULL),
('NOT', 2792, NULL, NULL, NULL, NULL, NULL, 2791),
('HAS', 2793, NULL, NULL, NULL, NULL, 1525, NULL),
('NOT', 2794, NULL, NULL, NULL, NULL, NULL, 2793),
('HAS', 2795, NULL, NULL, NULL, NULL, 1525, NULL),
('NOT', 2796, NULL, NULL, NULL, NULL, NULL, 2795),
('HAS', 2797, NULL, NULL, NULL, NULL, 1588, NULL),
('HAS', 2798, NULL, NULL, NULL, NULL, 1161, NULL),
('NOT', 2799, NULL, NULL, NULL, NULL, NULL, 2798),
('AND', 2800, 'EXACT', -1, NULL, NULL, NULL, NULL),
('HAS', 2801, NULL, NULL, NULL, NULL, 1485, NULL),
('NOT', 2802, NULL, NULL, NULL, NULL, NULL, 2801),
('HAS', 2803, NULL, NULL, NULL, NULL, 1607, NULL),
('NOT', 2804, NULL, NULL, NULL, NULL, NULL, 2803),
('HAS', 2805, NULL, NULL, NULL, NULL, 1636, NULL),
('NOT', 2806, NULL, NULL, NULL, NULL, NULL, 2805),
('HAS', 2807, NULL, NULL, NULL, NULL, 1605, NULL),
('NOT', 2808, NULL, NULL, NULL, NULL, NULL, 2807),
('AND', 2809, 'EXACT', -1, NULL, NULL, NULL, NULL),
('HAS', 2810, NULL, NULL, NULL, NULL, 1676, NULL),
('AND', 2811, 'EXACT', -1, NULL, NULL, NULL, NULL),
('HAS', 2812, NULL, NULL, NULL, NULL, 865, NULL),
('NOT', 2813, NULL, NULL, NULL, NULL, NULL, 2812),
('AND', 2814, 'EXACT', -1, NULL, NULL, NULL, NULL),
('HAS', 2815, NULL, NULL, NULL, NULL, 1485, NULL),
('NOT', 2816, NULL, NULL, NULL, NULL, NULL, 2815),
('HAS', 2817, NULL, NULL, NULL, NULL, 1602, NULL),
('NOT', 2818, NULL, NULL, NULL, NULL, NULL, 2817),
('HAS', 2819, NULL, NULL, NULL, NULL, 1699, NULL),
('NOT', 2820, NULL, NULL, NULL, NULL, NULL, 2819),
('HAS', 2821, NULL, NULL, NULL, NULL, 1602, NULL),
('NOT', 2822, NULL, NULL, NULL, NULL, NULL, 2821),
('HAS', 2823, NULL, NULL, NULL, NULL, 1601, NULL),
('HAS', 2824, NULL, NULL, NULL, NULL, 1165, NULL),
('NOT', 2825, NULL, NULL, NULL, NULL, NULL, 2824),
('HAS', 2826, NULL, NULL, NULL, NULL, 1165, NULL),
('NOT', 2827, NULL, NULL, NULL, NULL, NULL, 2826),
('HAS', 2828, NULL, NULL, NULL, NULL, 1165, NULL),
('NOT', 2829, NULL, NULL, NULL, NULL, NULL, 2828),
('HAS', 2830, NULL, NULL, NULL, NULL, 1175, NULL),
('NOT', 2831, NULL, NULL, NULL, NULL, NULL, 2830),
('HAS', 2832, NULL, NULL, NULL, NULL, 1175, NULL),
('NOT', 2833, NULL, NULL, NULL, NULL, NULL, 2832),
('HAS', 2834, NULL, NULL, NULL, NULL, 1175, NULL),
('NOT', 2835, NULL, NULL, NULL, NULL, NULL, 2834),
('HAS', 2836, NULL, NULL, NULL, NULL, 1486, NULL),
('NOT', 2837, NULL, NULL, NULL, NULL, NULL, 2836),
('AND', 2838, 'EXACT', -1, NULL, NULL, NULL, NULL),
('HAS', 2839, NULL, NULL, NULL, NULL, 1486, NULL),
('NOT', 2840, NULL, NULL, NULL, NULL, NULL, 2839),
('HAS', 2841, NULL, NULL, NULL, NULL, 1616, NULL),
('NOT', 2842, NULL, NULL, NULL, NULL, NULL, 2841),
('HAS', 2843, NULL, NULL, NULL, NULL, 1588, NULL),
('HAS', 2844, NULL, NULL, NULL, NULL, 1515, NULL),
('NOT', 2845, NULL, NULL, NULL, NULL, NULL, 2844),
('AND', 2846, 'EXACT', -1, NULL, NULL, NULL, NULL),
('HAS', 2847, NULL, NULL, NULL, NULL, 1588, NULL),
('AND', 2848, 'EXACT', -1, NULL, NULL, NULL, NULL),
('HAS', 2849, NULL, NULL, NULL, NULL, 1588, NULL),
('AND', 2850, 'EXACT', -1, NULL, NULL, NULL, NULL),
('HAS', 2851, NULL, NULL, NULL, NULL, 1172, NULL),
('NOT', 2852, NULL, NULL, NULL, NULL, NULL, 2851),
('AND', 2853, 'EXACT', -1, NULL, NULL, NULL, NULL),
('HAS', 2854, NULL, NULL, NULL, NULL, 1172, NULL),
('NOT', 2855, NULL, NULL, NULL, NULL, NULL, 2854),
('AND', 2856, 'EXACT', -1, NULL, NULL, NULL, NULL),
('HAS', 2857, NULL, NULL, NULL, NULL, 1172, NULL),
('NOT', 2858, NULL, NULL, NULL, NULL, NULL, 2857),
('AND', 2859, 'EXACT', -1, NULL, NULL, NULL, NULL),
('HAS', 2860, NULL, NULL, NULL, NULL, 1588, NULL),
('HAS', 2861, NULL, NULL, NULL, NULL, 1517, NULL),
('NOT', 2862, NULL, NULL, NULL, NULL, NULL, 2861),
('HAS', 2863, NULL, NULL, NULL, NULL, 1517, NULL),
('NOT', 2864, NULL, NULL, NULL, NULL, NULL, 2863),
('HAS', 2865, NULL, NULL, NULL, NULL, 1517, NULL),
('NOT', 2866, NULL, NULL, NULL, NULL, NULL, 2865),
('OR', 2867, 'MINIMUM', 1, NULL, NULL, NULL, NULL),
('HAS', 2868, NULL, NULL, NULL, NULL, 865, NULL),
('NOT', 2869, NULL, NULL, NULL, NULL, NULL, 2868),
('HAS', 2870, NULL, NULL, NULL, NULL, 1181, NULL),
('HAS', 2871, NULL, NULL, NULL, NULL, 1690, NULL),
('NOT', 2872, NULL, NULL, NULL, NULL, NULL, 2867),
('HAS', 2873, NULL, NULL, NULL, NULL, 1588, NULL),
('HAS', 2874, NULL, NULL, NULL, NULL, 1633, NULL),
('NOT', 2875, NULL, NULL, NULL, NULL, NULL, 2874),
('HAS', 2876, NULL, NULL, NULL, NULL, 1588, NULL),
('AND', 2877, 'EXACT', -1, NULL, NULL, NULL, NULL),
('HAS', 2878, NULL, NULL, NULL, NULL, 1154, NULL),
('NOT', 2879, NULL, NULL, NULL, NULL, NULL, 2878),
('HAS', 2880, NULL, NULL, NULL, NULL, 1602, NULL),
('NOT', 2881, NULL, NULL, NULL, NULL, NULL, 2880),
('AND', 2882, 'EXACT', -1, NULL, NULL, NULL, NULL),
('HAS', 2883, NULL, NULL, NULL, NULL, 1588, NULL),
('HAS', 2884, NULL, NULL, NULL, NULL, 1487, NULL),
('NOT', 2885, NULL, NULL, NULL, NULL, NULL, 2884),
('AND', 2886, 'EXACT', -1, NULL, NULL, NULL, NULL),
('HAS', 2887, NULL, NULL, NULL, NULL, 1588, NULL),
('HAS', 2888, NULL, NULL, NULL, NULL, 1487, NULL),
('NOT', 2889, NULL, NULL, NULL, NULL, NULL, 2888),
('AND', 2890, 'EXACT', -1, NULL, NULL, NULL, NULL),
('HAS', 2891, NULL, NULL, NULL, NULL, 1588, NULL),
('HAS', 2892, NULL, NULL, NULL, NULL, 1487, NULL),
('NOT', 2893, NULL, NULL, NULL, NULL, NULL, 2892),
('AND', 2894, 'EXACT', -1, NULL, NULL, NULL, NULL),
('HAS', 2895, NULL, NULL, NULL, NULL, 1588, NULL),
('HAS', 2896, NULL, NULL, NULL, NULL, 1487, NULL),
('NOT', 2897, NULL, NULL, NULL, NULL, NULL, 2896),
('AND', 2898, 'EXACT', -1, NULL, NULL, NULL, NULL),
('HAS', 2899, NULL, NULL, NULL, NULL, 1588, NULL),
('HAS', 2900, NULL, NULL, NULL, NULL, 1487, NULL),
('NOT', 2901, NULL, NULL, NULL, NULL, NULL, 2900),
('AND', 2902, 'EXACT', -1, NULL, NULL, NULL, NULL),
('HAS', 2903, NULL, NULL, NULL, NULL, 1588, NULL),
('HAS', 2904, NULL, NULL, NULL, NULL, 1487, NULL),
('NOT', 2905, NULL, NULL, NULL, NULL, NULL, 2904),
('AND', 2906, 'EXACT', -1, NULL, NULL, NULL, NULL),
('HAS', 2907, NULL, NULL, NULL, NULL, 1588, NULL),
('HAS', 2908, NULL, NULL, NULL, NULL, 1487, NULL),
('NOT', 2909, NULL, NULL, NULL, NULL, NULL, 2908),
('AND', 2910, 'EXACT', -1, NULL, NULL, NULL, NULL),
('HAS', 2911, NULL, NULL, NULL, NULL, 1588, NULL),
('HAS', 2912, NULL, NULL, NULL, NULL, 1487, NULL),
('NOT', 2913, NULL, NULL, NULL, NULL, NULL, 2912),
('AND', 2914, 'EXACT', -1, NULL, NULL, NULL, NULL),
('HAS', 2915, NULL, NULL, NULL, NULL, 1164, NULL),
('HAS', 2916, NULL, NULL, NULL, NULL, 1495, NULL),
('NOT', 2917, NULL, NULL, NULL, NULL, NULL, 2916),
('AND', 2918, 'EXACT', -1, NULL, NULL, NULL, NULL),
('HAS', 2919, NULL, NULL, NULL, NULL, 1164, NULL),
('HAS', 2920, NULL, NULL, NULL, NULL, 1495, NULL),
('NOT', 2921, NULL, NULL, NULL, NULL, NULL, 2920),
('AND', 2922, 'EXACT', -1, NULL, NULL, NULL, NULL),
('HAS', 2923, NULL, NULL, NULL, NULL, 1164, NULL),
('HAS', 2924, NULL, NULL, NULL, NULL, 1495, NULL),
('NOT', 2925, NULL, NULL, NULL, NULL, NULL, 2924),
('AND', 2926, 'EXACT', -1, NULL, NULL, NULL, NULL),
('HAS', 2927, NULL, NULL, NULL, NULL, 1164, NULL),
('HAS', 2928, NULL, NULL, NULL, NULL, 1495, NULL),
('NOT', 2929, NULL, NULL, NULL, NULL, NULL, 2928),
('AND', 2930, 'EXACT', -1, NULL, NULL, NULL, NULL),
('HAS', 2931, NULL, NULL, NULL, NULL, 1164, NULL),
('HAS', 2932, NULL, NULL, NULL, NULL, 1495, NULL),
('NOT', 2933, NULL, NULL, NULL, NULL, NULL, 2932),
('AND', 2934, 'EXACT', -1, NULL, NULL, NULL, NULL),
('HAS', 2935, NULL, NULL, NULL, NULL, 1164, NULL),
('HAS', 2936, NULL, NULL, NULL, NULL, 1495, NULL),
('NOT', 2937, NULL, NULL, NULL, NULL, NULL, 2936),
('AND', 2938, 'EXACT', -1, NULL, NULL, NULL, NULL),
('HAS', 2939, NULL, NULL, NULL, NULL, 1164, NULL),
('HAS', 2940, NULL, NULL, NULL, NULL, 1495, NULL),
('NOT', 2941, NULL, NULL, NULL, NULL, NULL, 2940),
('AND', 2942, 'EXACT', -1, NULL, NULL, NULL, NULL),
('HAS', 2943, NULL, NULL, NULL, NULL, 1164, NULL),
('HAS', 2944, NULL, NULL, NULL, NULL, 1495, NULL),
('NOT', 2945, NULL, NULL, NULL, NULL, NULL, 2944),
('HAS', 2946, NULL, NULL, NULL, NULL, 1503, NULL),
('NOT', 2947, NULL, NULL, NULL, NULL, NULL, 2946),
('HAS', 2948, NULL, NULL, NULL, NULL, 1503, NULL),
('NOT', 2949, NULL, NULL, NULL, NULL, NULL, 2948),
('HAS', 2950, NULL, NULL, NULL, NULL, 1503, NULL),
('NOT', 2951, NULL, NULL, NULL, NULL, NULL, 2950),
('HAS', 2952, NULL, NULL, NULL, NULL, 1503, NULL),
('NOT', 2953, NULL, NULL, NULL, NULL, NULL, 2952),
('HAS', 2954, NULL, NULL, NULL, NULL, 1503, NULL),
('NOT', 2955, NULL, NULL, NULL, NULL, NULL, 2954),
('HAS', 2956, NULL, NULL, NULL, NULL, 1503, NULL),
('NOT', 2957, NULL, NULL, NULL, NULL, NULL, 2956),
('HAS', 2958, NULL, NULL, NULL, NULL, 1503, NULL),
('NOT', 2959, NULL, NULL, NULL, NULL, NULL, 2958),
('HAS', 2960, NULL, NULL, NULL, NULL, 1503, NULL),
('NOT', 2961, NULL, NULL, NULL, NULL, NULL, 2960),
('HAS', 2962, NULL, NULL, NULL, NULL, 1511, NULL),
('NOT', 2963, NULL, NULL, NULL, NULL, NULL, 2962),
('HAS', 2964, NULL, NULL, NULL, NULL, 1512, NULL),
('NOT', 2965, NULL, NULL, NULL, NULL, NULL, 2964),
('HAS', 2966, NULL, NULL, NULL, NULL, 1168, NULL),
('NOT', 2967, NULL, NULL, NULL, NULL, NULL, 2966),
('HAS', 2968, NULL, NULL, NULL, NULL, 1168, NULL),
('NOT', 2969, NULL, NULL, NULL, NULL, NULL, 2968),
('HAS', 2970, NULL, NULL, NULL, NULL, 1168, NULL),
('NOT', 2971, NULL, NULL, NULL, NULL, NULL, 2970),
('HAS', 2972, NULL, NULL, NULL, NULL, 1168, NULL),
('NOT', 2973, NULL, NULL, NULL, NULL, NULL, 2972),
('HAS', 2974, NULL, NULL, NULL, NULL, 1700, NULL),
('AND', 2975, 'EXACT', -1, NULL, NULL, NULL, NULL),
('HAS', 2976, NULL, NULL, NULL, NULL, 1588, NULL),
('HAS', 2977, NULL, NULL, NULL, NULL, 1547, NULL),
('NOT', 2978, NULL, NULL, NULL, NULL, NULL, 2977),
('AND', 2979, 'EXACT', -1, NULL, NULL, NULL, NULL),
('HAS', 2980, NULL, NULL, NULL, NULL, 1588, NULL),
('HAS', 2981, NULL, NULL, NULL, NULL, 1547, NULL),
('NOT', 2982, NULL, NULL, NULL, NULL, NULL, 2981),
('AND', 2983, 'EXACT', -1, NULL, NULL, NULL, NULL),
('HAS', 2984, NULL, NULL, NULL, NULL, 1588, NULL),
('HAS', 2985, NULL, NULL, NULL, NULL, 1547, NULL),
('NOT', 2986, NULL, NULL, NULL, NULL, NULL, 2985),
('AND', 2987, 'EXACT', -1, NULL, NULL, NULL, NULL),
('HAS', 2988, NULL, NULL, NULL, NULL, 1588, NULL),
('HAS', 2989, NULL, NULL, NULL, NULL, 1547, NULL),
('NOT', 2990, NULL, NULL, NULL, NULL, NULL, 2989),
('AND', 2991, 'EXACT', -1, NULL, NULL, NULL, NULL),
('HAS', 2992, NULL, NULL, NULL, NULL, 1164, NULL),
('HAS', 2993, NULL, NULL, NULL, NULL, 1551, NULL),
('NOT', 2994, NULL, NULL, NULL, NULL, NULL, 2993),
('AND', 2995, 'EXACT', -1, NULL, NULL, NULL, NULL),
('HAS', 2996, NULL, NULL, NULL, NULL, 1164, NULL),
('HAS', 2997, NULL, NULL, NULL, NULL, 1551, NULL),
('NOT', 2998, NULL, NULL, NULL, NULL, NULL, 2997),
('AND', 2999, 'EXACT', -1, NULL, NULL, NULL, NULL),
('HAS', 3000, NULL, NULL, NULL, NULL, 1164, NULL),
('HAS', 3001, NULL, NULL, NULL, NULL, 1551, NULL),
('NOT', 3002, NULL, NULL, NULL, NULL, NULL, 3001),
('AND', 3003, 'EXACT', -1, NULL, NULL, NULL, NULL),
('HAS', 3004, NULL, NULL, NULL, NULL, 1164, NULL),
('HAS', 3005, NULL, NULL, NULL, NULL, 1551, NULL),
('NOT', 3006, NULL, NULL, NULL, NULL, NULL, 3005),
('HAS', 3007, NULL, NULL, NULL, NULL, 1555, NULL),
('NOT', 3008, NULL, NULL, NULL, NULL, NULL, 3007),
('HAS', 3009, NULL, NULL, NULL, NULL, 1555, NULL),
('NOT', 3010, NULL, NULL, NULL, NULL, NULL, 3009),
('HAS', 3011, NULL, NULL, NULL, NULL, 1555, NULL),
('NOT', 3012, NULL, NULL, NULL, NULL, NULL, 3011),
('HAS', 3013, NULL, NULL, NULL, NULL, 1555, NULL),
('NOT', 3014, NULL, NULL, NULL, NULL, NULL, 3013),
('OR', 3015, 'MINIMUM', 1, NULL, NULL, NULL, NULL),
('HAS', 3016, NULL, NULL, NULL, NULL, 865, NULL),
('NOT', 3017, NULL, NULL, NULL, NULL, NULL, 3016),
('HAS', 3018, NULL, NULL, NULL, NULL, 1181, NULL),
('NOT', 3019, NULL, NULL, NULL, NULL, NULL, 3018),
('HAS', 3020, NULL, NULL, NULL, NULL, 1631, NULL),
('NOT', 3021, NULL, NULL, NULL, NULL, NULL, 3015),
('HAS', 3022, NULL, NULL, NULL, NULL, 1588, NULL),
('HAS', 3023, NULL, NULL, NULL, NULL, 1164, NULL),
('AND', 3024, 'EXACT', -1, NULL, NULL, NULL, NULL),
('HAS', 3025, NULL, NULL, NULL, NULL, 1520, NULL),
('NOT', 3026, NULL, NULL, NULL, NULL, NULL, 3025),
('AND', 3027, 'EXACT', -1, NULL, NULL, NULL, NULL),
('HAS', 3028, NULL, NULL, NULL, NULL, 1588, NULL),
('OR', 3029, 'MINIMUM', 1, NULL, NULL, NULL, NULL),
('HAS', 3030, NULL, NULL, NULL, NULL, 1698, NULL),
('NOT', 3031, NULL, NULL, NULL, NULL, NULL, 3030),
('AND', 3032, 'EXACT', -1, NULL, NULL, NULL, NULL),
('HAS', 3033, NULL, NULL, NULL, NULL, 1586, NULL),
('NOT', 3034, NULL, NULL, NULL, NULL, NULL, 3033),
('HAS', 3035, NULL, NULL, NULL, NULL, 1163, NULL),
('NOT', 3036, NULL, NULL, NULL, NULL, NULL, 3035),
('HAS', 3037, NULL, NULL, NULL, NULL, 1696, NULL),
('NOT', 3038, NULL, NULL, NULL, NULL, NULL, 3037),
('HAS', 3039, NULL, NULL, NULL, NULL, 1485, NULL),
('NOT', 3040, NULL, NULL, NULL, NULL, NULL, 3039),
('AND', 3041, 'EXACT', -1, NULL, NULL, NULL, NULL),
('HAS', 3042, NULL, NULL, NULL, NULL, 869, NULL),
('NOT', 3043, NULL, NULL, NULL, NULL, NULL, 3042),
('AND', 3044, 'EXACT', -1, NULL, NULL, NULL, NULL),
('HAS', 3045, NULL, NULL, NULL, NULL, 869, NULL),
('NOT', 3046, NULL, NULL, NULL, NULL, NULL, 3045),
('AND', 3047, 'EXACT', -1, NULL, NULL, NULL, NULL),
('HAS', 3048, NULL, NULL, NULL, NULL, 869, NULL),
('NOT', 3049, NULL, NULL, NULL, NULL, NULL, 3048),
('AND', 3050, 'EXACT', -1, NULL, NULL, NULL, NULL),
('HAS', 3051, NULL, NULL, NULL, NULL, 869, NULL),
('NOT', 3052, NULL, NULL, NULL, NULL, NULL, 3051),
('AND', 3053, 'EXACT', -1, NULL, NULL, NULL, NULL),
('HAS', 3054, NULL, NULL, NULL, NULL, 869, NULL),
('NOT', 3055, NULL, NULL, NULL, NULL, NULL, 3054),
('AND', 3056, 'EXACT', -1, NULL, NULL, NULL, NULL),
('HAS', 3057, NULL, NULL, NULL, NULL, 869, NULL),
('NOT', 3058, NULL, NULL, NULL, NULL, NULL, 3057),
('AND', 3059, 'EXACT', -1, NULL, NULL, NULL, NULL),
('HAS', 3060, NULL, NULL, NULL, NULL, 869, NULL),
('NOT', 3061, NULL, NULL, NULL, NULL, NULL, 3060),
('AND', 3062, 'EXACT', -1, NULL, NULL, NULL, NULL),
('HAS', 3063, NULL, NULL, NULL, NULL, 869, NULL),
('NOT', 3064, NULL, NULL, NULL, NULL, NULL, 3063),
('AND', 3065, 'EXACT', -1, NULL, NULL, NULL, NULL),
('HAS', 3066, NULL, NULL, NULL, NULL, 869, NULL),
('NOT', 3067, NULL, NULL, NULL, NULL, NULL, 3066),
('AND', 3068, 'EXACT', -1, NULL, NULL, NULL, NULL),
('HAS', 3069, NULL, NULL, NULL, NULL, 869, NULL),
('NOT', 3070, NULL, NULL, NULL, NULL, NULL, 3069),
('AND', 3071, 'EXACT', -1, NULL, NULL, NULL, NULL),
('HAS', 3072, NULL, NULL, NULL, NULL, 869, NULL),
('NOT', 3073, NULL, NULL, NULL, NULL, NULL, 3072),
('AND', 3074, 'EXACT', -1, NULL, NULL, NULL, NULL),
('HAS', 3075, NULL, NULL, NULL, NULL, 869, NULL),
('NOT', 3076, NULL, NULL, NULL, NULL, NULL, 3075),
('AND', 3077, 'EXACT', -1, NULL, NULL, NULL, NULL),
('HAS', 3078, NULL, NULL, NULL, NULL, 869, NULL),
('NOT', 3079, NULL, NULL, NULL, NULL, NULL, 3078),
('AND', 3080, 'EXACT', -1, NULL, NULL, NULL, NULL),
('HAS', 3081, NULL, NULL, NULL, NULL, 869, NULL),
('NOT', 3082, NULL, NULL, NULL, NULL, NULL, 3081),
('AND', 3083, 'EXACT', -1, NULL, NULL, NULL, NULL),
('HAS', 3084, NULL, NULL, NULL, NULL, 869, NULL),
('NOT', 3085, NULL, NULL, NULL, NULL, NULL, 3084),
('AND', 3086, 'EXACT', -1, NULL, NULL, NULL, NULL),
('HAS', 3087, NULL, NULL, NULL, NULL, 869, NULL),
('NOT', 3088, NULL, NULL, NULL, NULL, NULL, 3087),
('AND', 3089, 'EXACT', -1, NULL, NULL, NULL, NULL),
('HAS', 3090, NULL, NULL, NULL, NULL, 869, NULL),
('NOT', 3091, NULL, NULL, NULL, NULL, NULL, 3090),
('AND', 3092, 'EXACT', -1, NULL, NULL, NULL, NULL),
('HAS', 3093, NULL, NULL, NULL, NULL, 869, NULL),
('NOT', 3094, NULL, NULL, NULL, NULL, NULL, 3093),
('AND', 3095, 'EXACT', -1, NULL, NULL, NULL, NULL),
('HAS', 3096, NULL, NULL, NULL, NULL, 869, NULL),
('NOT', 3097, NULL, NULL, NULL, NULL, NULL, 3096),
('AND', 3098, 'EXACT', -1, NULL, NULL, NULL, NULL),
('HAS', 3099, NULL, NULL, NULL, NULL, 869, NULL),
('NOT', 3100, NULL, NULL, NULL, NULL, NULL, 3099),
('AND', 3101, 'EXACT', -1, NULL, NULL, NULL, NULL),
('HAS', 3102, NULL, NULL, NULL, NULL, 869, NULL),
('NOT', 3103, NULL, NULL, NULL, NULL, NULL, 3102),
('AND', 3104, 'EXACT', -1, NULL, NULL, NULL, NULL),
('HAS', 3105, NULL, NULL, NULL, NULL, 869, NULL),
('NOT', 3106, NULL, NULL, NULL, NULL, NULL, 3105),
('AND', 3107, 'EXACT', -1, NULL, NULL, NULL, NULL),
('HAS', 3108, NULL, NULL, NULL, NULL, 869, NULL),
('NOT', 3109, NULL, NULL, NULL, NULL, NULL, 3108),
('AND', 3110, 'EXACT', -1, NULL, NULL, NULL, NULL),
('HAS', 3111, NULL, NULL, NULL, NULL, 869, NULL),
('NOT', 3112, NULL, NULL, NULL, NULL, NULL, 3111),
('AND', 3113, 'EXACT', -1, NULL, NULL, NULL, NULL),
('HAS', 3114, NULL, NULL, NULL, NULL, 869, NULL),
('NOT', 3115, NULL, NULL, NULL, NULL, NULL, 3114),
('AND', 3116, 'EXACT', -1, NULL, NULL, NULL, NULL),
('HAS', 3117, NULL, NULL, NULL, NULL, 869, NULL),
('NOT', 3118, NULL, NULL, NULL, NULL, NULL, 3117),
('AND', 3119, 'EXACT', -1, NULL, NULL, NULL, NULL),
('HAS', 3120, NULL, NULL, NULL, NULL, 869, NULL),
('NOT', 3121, NULL, NULL, NULL, NULL, NULL, 3120),
('AND', 3122, 'EXACT', -1, NULL, NULL, NULL, NULL),
('HAS', 3123, NULL, NULL, NULL, NULL, 869, NULL),
('NOT', 3124, NULL, NULL, NULL, NULL, NULL, 3123),
('AND', 3125, 'EXACT', -1, NULL, NULL, NULL, NULL),
('HAS', 3126, NULL, NULL, NULL, NULL, 869, NULL),
('NOT', 3127, NULL, NULL, NULL, NULL, NULL, 3126),
('AND', 3128, 'EXACT', -1, NULL, NULL, NULL, NULL),
('HAS', 3129, NULL, NULL, NULL, NULL, 869, NULL),
('NOT', 3130, NULL, NULL, NULL, NULL, NULL, 3129),
('AND', 3131, 'EXACT', -1, NULL, NULL, NULL, NULL);
INSERT INTO `conditions` (`type`, `id`, `comparison`, `n`, `modifier`, `level_check_id`, `property_id`, `not_id`) VALUES
('HAS', 3132, NULL, NULL, NULL, NULL, 869, NULL),
('NOT', 3133, NULL, NULL, NULL, NULL, NULL, 3132),
('AND', 3134, 'EXACT', -1, NULL, NULL, NULL, NULL),
('HAS', 3135, NULL, NULL, NULL, NULL, 869, NULL),
('NOT', 3136, NULL, NULL, NULL, NULL, NULL, 3135),
('AND', 3137, 'EXACT', -1, NULL, NULL, NULL, NULL),
('HAS', 3138, NULL, NULL, NULL, NULL, 869, NULL),
('NOT', 3139, NULL, NULL, NULL, NULL, NULL, 3138),
('AND', 3140, 'EXACT', -1, NULL, NULL, NULL, NULL),
('HAS', 3141, NULL, NULL, NULL, NULL, 869, NULL),
('NOT', 3142, NULL, NULL, NULL, NULL, NULL, 3141),
('AND', 3143, 'EXACT', -1, NULL, NULL, NULL, NULL),
('HAS', 3144, NULL, NULL, NULL, NULL, 869, NULL),
('NOT', 3145, NULL, NULL, NULL, NULL, NULL, 3144),
('AND', 3146, 'EXACT', -1, NULL, NULL, NULL, NULL),
('HAS', 3147, NULL, NULL, NULL, NULL, 869, NULL),
('NOT', 3148, NULL, NULL, NULL, NULL, NULL, 3147),
('AND', 3149, 'EXACT', -1, NULL, NULL, NULL, NULL),
('HAS', 3150, NULL, NULL, NULL, NULL, 869, NULL),
('NOT', 3151, NULL, NULL, NULL, NULL, NULL, 3150),
('AND', 3152, 'EXACT', -1, NULL, NULL, NULL, NULL),
('HAS', 3153, NULL, NULL, NULL, NULL, 869, NULL),
('NOT', 3154, NULL, NULL, NULL, NULL, NULL, 3153),
('AND', 3155, 'EXACT', -1, NULL, NULL, NULL, NULL),
('HAS', 3156, NULL, NULL, NULL, NULL, 869, NULL),
('NOT', 3157, NULL, NULL, NULL, NULL, NULL, 3156),
('AND', 3158, 'EXACT', -1, NULL, NULL, NULL, NULL),
('HAS', 3159, NULL, NULL, NULL, NULL, 869, NULL),
('NOT', 3160, NULL, NULL, NULL, NULL, NULL, 3159),
('AND', 3161, 'EXACT', -1, NULL, NULL, NULL, NULL),
('HAS', 3162, NULL, NULL, NULL, NULL, 869, NULL),
('NOT', 3163, NULL, NULL, NULL, NULL, NULL, 3162),
('AND', 3164, 'EXACT', -1, NULL, NULL, NULL, NULL),
('HAS', 3165, NULL, NULL, NULL, NULL, 869, NULL),
('NOT', 3166, NULL, NULL, NULL, NULL, NULL, 3165),
('AND', 3167, 'EXACT', -1, NULL, NULL, NULL, NULL),
('HAS', 3168, NULL, NULL, NULL, NULL, 869, NULL),
('NOT', 3169, NULL, NULL, NULL, NULL, NULL, 3168),
('AND', 3170, 'EXACT', -1, NULL, NULL, NULL, NULL),
('HAS', 3171, NULL, NULL, NULL, NULL, 869, NULL),
('NOT', 3172, NULL, NULL, NULL, NULL, NULL, 3171),
('AND', 3173, 'EXACT', -1, NULL, NULL, NULL, NULL),
('HAS', 3174, NULL, NULL, NULL, NULL, 869, NULL),
('NOT', 3175, NULL, NULL, NULL, NULL, NULL, 3174),
('AND', 3176, 'EXACT', -1, NULL, NULL, NULL, NULL),
('HAS', 3177, NULL, NULL, NULL, NULL, 869, NULL),
('NOT', 3178, NULL, NULL, NULL, NULL, NULL, 3177),
('AND', 3179, 'EXACT', -1, NULL, NULL, NULL, NULL),
('HAS', 3180, NULL, NULL, NULL, NULL, 869, NULL),
('NOT', 3181, NULL, NULL, NULL, NULL, NULL, 3180),
('AND', 3182, 'EXACT', -1, NULL, NULL, NULL, NULL),
('HAS', 3183, NULL, NULL, NULL, NULL, 869, NULL),
('NOT', 3184, NULL, NULL, NULL, NULL, NULL, 3183),
('AND', 3185, 'EXACT', -1, NULL, NULL, NULL, NULL),
('HAS', 3186, NULL, NULL, NULL, NULL, 869, NULL),
('NOT', 3187, NULL, NULL, NULL, NULL, NULL, 3186),
('AND', 3188, 'EXACT', -1, NULL, NULL, NULL, NULL),
('HAS', 3189, NULL, NULL, NULL, NULL, 869, NULL),
('NOT', 3190, NULL, NULL, NULL, NULL, NULL, 3189),
('AND', 3191, 'EXACT', -1, NULL, NULL, NULL, NULL),
('HAS', 3192, NULL, NULL, NULL, NULL, 869, NULL),
('NOT', 3193, NULL, NULL, NULL, NULL, NULL, 3192),
('AND', 3194, 'EXACT', -1, NULL, NULL, NULL, NULL),
('HAS', 3195, NULL, NULL, NULL, NULL, 869, NULL),
('NOT', 3196, NULL, NULL, NULL, NULL, NULL, 3195),
('AND', 3197, 'EXACT', -1, NULL, NULL, NULL, NULL),
('HAS', 3198, NULL, NULL, NULL, NULL, 869, NULL),
('NOT', 3199, NULL, NULL, NULL, NULL, NULL, 3198),
('AND', 3200, 'EXACT', -1, NULL, NULL, NULL, NULL),
('HAS', 3201, NULL, NULL, NULL, NULL, 869, NULL),
('NOT', 3202, NULL, NULL, NULL, NULL, NULL, 3201),
('AND', 3203, 'EXACT', -1, NULL, NULL, NULL, NULL),
('HAS', 3204, NULL, NULL, NULL, NULL, 869, NULL),
('NOT', 3205, NULL, NULL, NULL, NULL, NULL, 3204),
('AND', 3206, 'EXACT', -1, NULL, NULL, NULL, NULL),
('HAS', 3207, NULL, NULL, NULL, NULL, 869, NULL),
('NOT', 3208, NULL, NULL, NULL, NULL, NULL, 3207),
('AND', 3209, 'EXACT', -1, NULL, NULL, NULL, NULL),
('HAS', 3210, NULL, NULL, NULL, NULL, 869, NULL),
('NOT', 3211, NULL, NULL, NULL, NULL, NULL, 3210),
('AND', 3212, 'EXACT', -1, NULL, NULL, NULL, NULL),
('HAS', 3213, NULL, NULL, NULL, NULL, 869, NULL),
('NOT', 3214, NULL, NULL, NULL, NULL, NULL, 3213),
('AND', 3215, 'EXACT', -1, NULL, NULL, NULL, NULL),
('HAS', 3216, NULL, NULL, NULL, NULL, 869, NULL),
('NOT', 3217, NULL, NULL, NULL, NULL, NULL, 3216),
('AND', 3218, 'EXACT', -1, NULL, NULL, NULL, NULL),
('HAS', 3219, NULL, NULL, NULL, NULL, 869, NULL),
('NOT', 3220, NULL, NULL, NULL, NULL, NULL, 3219),
('AND', 3221, 'EXACT', -1, NULL, NULL, NULL, NULL),
('HAS', 3222, NULL, NULL, NULL, NULL, 869, NULL),
('NOT', 3223, NULL, NULL, NULL, NULL, NULL, 3222),
('AND', 3224, 'EXACT', -1, NULL, NULL, NULL, NULL),
('HAS', 3225, NULL, NULL, NULL, NULL, 869, NULL),
('NOT', 3226, NULL, NULL, NULL, NULL, NULL, 3225),
('AND', 3227, 'EXACT', -1, NULL, NULL, NULL, NULL),
('HAS', 3228, NULL, NULL, NULL, NULL, 869, NULL),
('NOT', 3229, NULL, NULL, NULL, NULL, NULL, 3228),
('AND', 3230, 'EXACT', -1, NULL, NULL, NULL, NULL),
('HAS', 3231, NULL, NULL, NULL, NULL, 869, NULL),
('NOT', 3232, NULL, NULL, NULL, NULL, NULL, 3231),
('AND', 3233, 'EXACT', -1, NULL, NULL, NULL, NULL),
('HAS', 3234, NULL, NULL, NULL, NULL, 869, NULL),
('NOT', 3235, NULL, NULL, NULL, NULL, NULL, 3234),
('AND', 3236, 'EXACT', -1, NULL, NULL, NULL, NULL),
('HAS', 3237, NULL, NULL, NULL, NULL, 869, NULL),
('NOT', 3238, NULL, NULL, NULL, NULL, NULL, 3237),
('AND', 3239, 'EXACT', -1, NULL, NULL, NULL, NULL),
('HAS', 3240, NULL, NULL, NULL, NULL, 869, NULL),
('NOT', 3241, NULL, NULL, NULL, NULL, NULL, 3240),
('AND', 3242, 'EXACT', -1, NULL, NULL, NULL, NULL),
('HAS', 3243, NULL, NULL, NULL, NULL, 869, NULL),
('NOT', 3244, NULL, NULL, NULL, NULL, NULL, 3243),
('AND', 3245, 'EXACT', -1, NULL, NULL, NULL, NULL),
('HAS', 3246, NULL, NULL, NULL, NULL, 869, NULL),
('NOT', 3247, NULL, NULL, NULL, NULL, NULL, 3246),
('AND', 3248, 'EXACT', -1, NULL, NULL, NULL, NULL),
('HAS', 3249, NULL, NULL, NULL, NULL, 869, NULL),
('NOT', 3250, NULL, NULL, NULL, NULL, NULL, 3249),
('AND', 3251, 'EXACT', -1, NULL, NULL, NULL, NULL),
('HAS', 3252, NULL, NULL, NULL, NULL, 869, NULL),
('NOT', 3253, NULL, NULL, NULL, NULL, NULL, 3252),
('AND', 3254, 'EXACT', -1, NULL, NULL, NULL, NULL),
('HAS', 3255, NULL, NULL, NULL, NULL, 869, NULL),
('NOT', 3256, NULL, NULL, NULL, NULL, NULL, 3255),
('AND', 3257, 'EXACT', -1, NULL, NULL, NULL, NULL),
('HAS', 3258, NULL, NULL, NULL, NULL, 869, NULL),
('NOT', 3259, NULL, NULL, NULL, NULL, NULL, 3258),
('AND', 3260, 'EXACT', -1, NULL, NULL, NULL, NULL),
('HAS', 3261, NULL, NULL, NULL, NULL, 869, NULL),
('NOT', 3262, NULL, NULL, NULL, NULL, NULL, 3261),
('AND', 3263, 'EXACT', -1, NULL, NULL, NULL, NULL),
('HAS', 3264, NULL, NULL, NULL, NULL, 869, NULL),
('NOT', 3265, NULL, NULL, NULL, NULL, NULL, 3264),
('AND', 3266, 'EXACT', -1, NULL, NULL, NULL, NULL),
('HAS', 3267, NULL, NULL, NULL, NULL, 869, NULL),
('NOT', 3268, NULL, NULL, NULL, NULL, NULL, 3267),
('AND', 3269, 'EXACT', -1, NULL, NULL, NULL, NULL),
('HAS', 3270, NULL, NULL, NULL, NULL, 869, NULL),
('NOT', 3271, NULL, NULL, NULL, NULL, NULL, 3270),
('AND', 3272, 'EXACT', -1, NULL, NULL, NULL, NULL),
('HAS', 3273, NULL, NULL, NULL, NULL, 869, NULL),
('NOT', 3274, NULL, NULL, NULL, NULL, NULL, 3273),
('AND', 3275, 'EXACT', -1, NULL, NULL, NULL, NULL),
('HAS', 3276, NULL, NULL, NULL, NULL, 869, NULL),
('NOT', 3277, NULL, NULL, NULL, NULL, NULL, 3276),
('AND', 3278, 'EXACT', -1, NULL, NULL, NULL, NULL),
('HAS', 3279, NULL, NULL, NULL, NULL, 869, NULL),
('NOT', 3280, NULL, NULL, NULL, NULL, NULL, 3279),
('AND', 3281, 'EXACT', -1, NULL, NULL, NULL, NULL),
('HAS', 3282, NULL, NULL, NULL, NULL, 869, NULL),
('NOT', 3283, NULL, NULL, NULL, NULL, NULL, 3282),
('AND', 3284, 'EXACT', -1, NULL, NULL, NULL, NULL),
('HAS', 3285, NULL, NULL, NULL, NULL, 869, NULL),
('NOT', 3286, NULL, NULL, NULL, NULL, NULL, 3285),
('AND', 3287, 'EXACT', -1, NULL, NULL, NULL, NULL),
('HAS', 3288, NULL, NULL, NULL, NULL, 869, NULL),
('NOT', 3289, NULL, NULL, NULL, NULL, NULL, 3288),
('AND', 3290, 'EXACT', -1, NULL, NULL, NULL, NULL),
('HAS', 3291, NULL, NULL, NULL, NULL, 869, NULL),
('NOT', 3292, NULL, NULL, NULL, NULL, NULL, 3291),
('AND', 3293, 'EXACT', -1, NULL, NULL, NULL, NULL),
('HAS', 3294, NULL, NULL, NULL, NULL, 869, NULL),
('NOT', 3295, NULL, NULL, NULL, NULL, NULL, 3294),
('AND', 3296, 'EXACT', -1, NULL, NULL, NULL, NULL),
('HAS', 3297, NULL, NULL, NULL, NULL, 869, NULL),
('NOT', 3298, NULL, NULL, NULL, NULL, NULL, 3297),
('AND', 3299, 'EXACT', -1, NULL, NULL, NULL, NULL),
('HAS', 3300, NULL, NULL, NULL, NULL, 869, NULL),
('NOT', 3301, NULL, NULL, NULL, NULL, NULL, 3300),
('AND', 3302, 'EXACT', -1, NULL, NULL, NULL, NULL),
('HAS', 3303, NULL, NULL, NULL, NULL, 869, NULL),
('NOT', 3304, NULL, NULL, NULL, NULL, NULL, 3303),
('AND', 3305, 'EXACT', -1, NULL, NULL, NULL, NULL),
('HAS', 3306, NULL, NULL, NULL, NULL, 869, NULL),
('NOT', 3307, NULL, NULL, NULL, NULL, NULL, 3306),
('AND', 3308, 'EXACT', -1, NULL, NULL, NULL, NULL),
('HAS', 3309, NULL, NULL, NULL, NULL, 869, NULL),
('NOT', 3310, NULL, NULL, NULL, NULL, NULL, 3309),
('AND', 3311, 'EXACT', -1, NULL, NULL, NULL, NULL),
('HAS', 3312, NULL, NULL, NULL, NULL, 869, NULL),
('NOT', 3313, NULL, NULL, NULL, NULL, NULL, 3312),
('AND', 3314, 'EXACT', -1, NULL, NULL, NULL, NULL),
('HAS', 3315, NULL, NULL, NULL, NULL, 869, NULL),
('NOT', 3316, NULL, NULL, NULL, NULL, NULL, 3315),
('AND', 3317, 'EXACT', -1, NULL, NULL, NULL, NULL),
('HAS', 3318, NULL, NULL, NULL, NULL, 869, NULL),
('NOT', 3319, NULL, NULL, NULL, NULL, NULL, 3318),
('AND', 3320, 'EXACT', -1, NULL, NULL, NULL, NULL),
('HAS', 3321, NULL, NULL, NULL, NULL, 869, NULL),
('NOT', 3322, NULL, NULL, NULL, NULL, NULL, 3321),
('AND', 3323, 'EXACT', -1, NULL, NULL, NULL, NULL),
('HAS', 3324, NULL, NULL, NULL, NULL, 869, NULL),
('NOT', 3325, NULL, NULL, NULL, NULL, NULL, 3324),
('AND', 3326, 'EXACT', -1, NULL, NULL, NULL, NULL),
('HAS', 3327, NULL, NULL, NULL, NULL, 869, NULL),
('NOT', 3328, NULL, NULL, NULL, NULL, NULL, 3327),
('AND', 3329, 'EXACT', -1, NULL, NULL, NULL, NULL),
('HAS', 3330, NULL, NULL, NULL, NULL, 869, NULL),
('NOT', 3331, NULL, NULL, NULL, NULL, NULL, 3330),
('AND', 3332, 'EXACT', -1, NULL, NULL, NULL, NULL),
('HAS', 3333, NULL, NULL, NULL, NULL, 869, NULL),
('NOT', 3334, NULL, NULL, NULL, NULL, NULL, 3333),
('AND', 3335, 'EXACT', -1, NULL, NULL, NULL, NULL),
('HAS', 3336, NULL, NULL, NULL, NULL, 869, NULL),
('NOT', 3337, NULL, NULL, NULL, NULL, NULL, 3336),
('AND', 3338, 'EXACT', -1, NULL, NULL, NULL, NULL),
('HAS', 3339, NULL, NULL, NULL, NULL, 869, NULL),
('NOT', 3340, NULL, NULL, NULL, NULL, NULL, 3339),
('AND', 3341, 'EXACT', -1, NULL, NULL, NULL, NULL),
('HAS', 3342, NULL, NULL, NULL, NULL, 869, NULL),
('NOT', 3343, NULL, NULL, NULL, NULL, NULL, 3342),
('AND', 3344, 'EXACT', -1, NULL, NULL, NULL, NULL),
('HAS', 3345, NULL, NULL, NULL, NULL, 869, NULL),
('NOT', 3346, NULL, NULL, NULL, NULL, NULL, 3345),
('AND', 3347, 'EXACT', -1, NULL, NULL, NULL, NULL),
('HAS', 3348, NULL, NULL, NULL, NULL, 869, NULL),
('NOT', 3349, NULL, NULL, NULL, NULL, NULL, 3348),
('AND', 3350, 'EXACT', -1, NULL, NULL, NULL, NULL),
('HAS', 3351, NULL, NULL, NULL, NULL, 869, NULL),
('NOT', 3352, NULL, NULL, NULL, NULL, NULL, 3351),
('AND', 3353, 'EXACT', -1, NULL, NULL, NULL, NULL),
('HAS', 3354, NULL, NULL, NULL, NULL, 869, NULL),
('NOT', 3355, NULL, NULL, NULL, NULL, NULL, 3354),
('AND', 3356, 'EXACT', -1, NULL, NULL, NULL, NULL),
('HAS', 3357, NULL, NULL, NULL, NULL, 869, NULL),
('NOT', 3358, NULL, NULL, NULL, NULL, NULL, 3357),
('AND', 3359, 'EXACT', -1, NULL, NULL, NULL, NULL),
('HAS', 3360, NULL, NULL, NULL, NULL, 869, NULL),
('NOT', 3361, NULL, NULL, NULL, NULL, NULL, 3360),
('AND', 3362, 'EXACT', -1, NULL, NULL, NULL, NULL),
('HAS', 3363, NULL, NULL, NULL, NULL, 869, NULL),
('NOT', 3364, NULL, NULL, NULL, NULL, NULL, 3363),
('AND', 3365, 'EXACT', -1, NULL, NULL, NULL, NULL),
('HAS', 3366, NULL, NULL, NULL, NULL, 869, NULL),
('NOT', 3367, NULL, NULL, NULL, NULL, NULL, 3366),
('AND', 3368, 'EXACT', -1, NULL, NULL, NULL, NULL),
('HAS', 3369, NULL, NULL, NULL, NULL, 869, NULL),
('NOT', 3370, NULL, NULL, NULL, NULL, NULL, 3369),
('AND', 3371, 'EXACT', -1, NULL, NULL, NULL, NULL),
('HAS', 3372, NULL, NULL, NULL, NULL, 869, NULL),
('NOT', 3373, NULL, NULL, NULL, NULL, NULL, 3372),
('AND', 3374, 'EXACT', -1, NULL, NULL, NULL, NULL),
('HAS', 3375, NULL, NULL, NULL, NULL, 869, NULL),
('NOT', 3376, NULL, NULL, NULL, NULL, NULL, 3375),
('AND', 3377, 'EXACT', -1, NULL, NULL, NULL, NULL),
('HAS', 3378, NULL, NULL, NULL, NULL, 869, NULL),
('NOT', 3379, NULL, NULL, NULL, NULL, NULL, 3378),
('AND', 3380, 'EXACT', -1, NULL, NULL, NULL, NULL),
('HAS', 3381, NULL, NULL, NULL, NULL, 869, NULL),
('NOT', 3382, NULL, NULL, NULL, NULL, NULL, 3381),
('AND', 3383, 'EXACT', -1, NULL, NULL, NULL, NULL),
('HAS', 3384, NULL, NULL, NULL, NULL, 869, NULL),
('NOT', 3385, NULL, NULL, NULL, NULL, NULL, 3384),
('AND', 3386, 'EXACT', -1, NULL, NULL, NULL, NULL),
('HAS', 3387, NULL, NULL, NULL, NULL, 869, NULL),
('NOT', 3388, NULL, NULL, NULL, NULL, NULL, 3387),
('AND', 3389, 'EXACT', -1, NULL, NULL, NULL, NULL),
('HAS', 3390, NULL, NULL, NULL, NULL, 869, NULL),
('NOT', 3391, NULL, NULL, NULL, NULL, NULL, 3390),
('AND', 3392, 'EXACT', -1, NULL, NULL, NULL, NULL),
('HAS', 3393, NULL, NULL, NULL, NULL, 869, NULL),
('NOT', 3394, NULL, NULL, NULL, NULL, NULL, 3393),
('AND', 3395, 'EXACT', -1, NULL, NULL, NULL, NULL),
('HAS', 3396, NULL, NULL, NULL, NULL, 869, NULL),
('NOT', 3397, NULL, NULL, NULL, NULL, NULL, 3396),
('AND', 3398, 'EXACT', -1, NULL, NULL, NULL, NULL),
('HAS', 3399, NULL, NULL, NULL, NULL, 869, NULL),
('NOT', 3400, NULL, NULL, NULL, NULL, NULL, 3399),
('AND', 3401, 'EXACT', -1, NULL, NULL, NULL, NULL),
('HAS', 3402, NULL, NULL, NULL, NULL, 869, NULL),
('NOT', 3403, NULL, NULL, NULL, NULL, NULL, 3402),
('AND', 3404, 'EXACT', -1, NULL, NULL, NULL, NULL),
('HAS', 3405, NULL, NULL, NULL, NULL, 869, NULL),
('NOT', 3406, NULL, NULL, NULL, NULL, NULL, 3405),
('AND', 3407, 'EXACT', -1, NULL, NULL, NULL, NULL),
('HAS', 3408, NULL, NULL, NULL, NULL, 869, NULL),
('NOT', 3409, NULL, NULL, NULL, NULL, NULL, 3408),
('AND', 3410, 'EXACT', -1, NULL, NULL, NULL, NULL),
('HAS', 3411, NULL, NULL, NULL, NULL, 869, NULL),
('NOT', 3412, NULL, NULL, NULL, NULL, NULL, 3411),
('AND', 3413, 'EXACT', -1, NULL, NULL, NULL, NULL),
('HAS', 3414, NULL, NULL, NULL, NULL, 869, NULL),
('NOT', 3415, NULL, NULL, NULL, NULL, NULL, 3414),
('AND', 3416, 'EXACT', -1, NULL, NULL, NULL, NULL),
('HAS', 3417, NULL, NULL, NULL, NULL, 869, NULL),
('NOT', 3418, NULL, NULL, NULL, NULL, NULL, 3417),
('AND', 3419, 'EXACT', -1, NULL, NULL, NULL, NULL),
('HAS', 3420, NULL, NULL, NULL, NULL, 869, NULL),
('NOT', 3421, NULL, NULL, NULL, NULL, NULL, 3420),
('AND', 3422, 'EXACT', -1, NULL, NULL, NULL, NULL),
('HAS', 3423, NULL, NULL, NULL, NULL, 869, NULL),
('NOT', 3424, NULL, NULL, NULL, NULL, NULL, 3423),
('AND', 3425, 'EXACT', -1, NULL, NULL, NULL, NULL),
('HAS', 3426, NULL, NULL, NULL, NULL, 869, NULL),
('NOT', 3427, NULL, NULL, NULL, NULL, NULL, 3426),
('AND', 3428, 'EXACT', -1, NULL, NULL, NULL, NULL),
('HAS', 3429, NULL, NULL, NULL, NULL, 869, NULL),
('NOT', 3430, NULL, NULL, NULL, NULL, NULL, 3429),
('AND', 3431, 'EXACT', -1, NULL, NULL, NULL, NULL),
('HAS', 3432, NULL, NULL, NULL, NULL, 869, NULL),
('NOT', 3433, NULL, NULL, NULL, NULL, NULL, 3432),
('AND', 3434, 'EXACT', -1, NULL, NULL, NULL, NULL),
('HAS', 3435, NULL, NULL, NULL, NULL, 869, NULL),
('NOT', 3436, NULL, NULL, NULL, NULL, NULL, 3435),
('AND', 3437, 'EXACT', -1, NULL, NULL, NULL, NULL),
('HAS', 3438, NULL, NULL, NULL, NULL, 869, NULL),
('NOT', 3439, NULL, NULL, NULL, NULL, NULL, 3438),
('AND', 3440, 'EXACT', -1, NULL, NULL, NULL, NULL),
('HAS', 3441, NULL, NULL, NULL, NULL, 869, NULL),
('NOT', 3442, NULL, NULL, NULL, NULL, NULL, 3441),
('AND', 3443, 'EXACT', -1, NULL, NULL, NULL, NULL),
('HAS', 3444, NULL, NULL, NULL, NULL, 869, NULL),
('NOT', 3445, NULL, NULL, NULL, NULL, NULL, 3444),
('AND', 3446, 'EXACT', -1, NULL, NULL, NULL, NULL),
('HAS', 3447, NULL, NULL, NULL, NULL, 869, NULL),
('NOT', 3448, NULL, NULL, NULL, NULL, NULL, 3447),
('AND', 3449, 'EXACT', -1, NULL, NULL, NULL, NULL),
('HAS', 3450, NULL, NULL, NULL, NULL, 869, NULL),
('NOT', 3451, NULL, NULL, NULL, NULL, NULL, 3450),
('AND', 3452, 'EXACT', -1, NULL, NULL, NULL, NULL),
('HAS', 3453, NULL, NULL, NULL, NULL, 869, NULL),
('NOT', 3454, NULL, NULL, NULL, NULL, NULL, 3453),
('AND', 3455, 'EXACT', -1, NULL, NULL, NULL, NULL),
('HAS', 3456, NULL, NULL, NULL, NULL, 869, NULL),
('NOT', 3457, NULL, NULL, NULL, NULL, NULL, 3456),
('AND', 3458, 'EXACT', -1, NULL, NULL, NULL, NULL),
('HAS', 3459, NULL, NULL, NULL, NULL, 869, NULL),
('NOT', 3460, NULL, NULL, NULL, NULL, NULL, 3459),
('AND', 3461, 'EXACT', -1, NULL, NULL, NULL, NULL),
('HAS', 3462, NULL, NULL, NULL, NULL, 869, NULL),
('NOT', 3463, NULL, NULL, NULL, NULL, NULL, 3462),
('AND', 3464, 'EXACT', -1, NULL, NULL, NULL, NULL),
('HAS', 3465, NULL, NULL, NULL, NULL, 869, NULL),
('NOT', 3466, NULL, NULL, NULL, NULL, NULL, 3465),
('AND', 3467, 'EXACT', -1, NULL, NULL, NULL, NULL),
('HAS', 3468, NULL, NULL, NULL, NULL, 869, NULL),
('NOT', 3469, NULL, NULL, NULL, NULL, NULL, 3468),
('AND', 3470, 'EXACT', -1, NULL, NULL, NULL, NULL),
('HAS', 3471, NULL, NULL, NULL, NULL, 869, NULL),
('NOT', 3472, NULL, NULL, NULL, NULL, NULL, 3471),
('AND', 3473, 'EXACT', -1, NULL, NULL, NULL, NULL),
('HAS', 3474, NULL, NULL, NULL, NULL, 869, NULL),
('NOT', 3475, NULL, NULL, NULL, NULL, NULL, 3474),
('AND', 3476, 'EXACT', -1, NULL, NULL, NULL, NULL),
('HAS', 3477, NULL, NULL, NULL, NULL, 869, NULL),
('NOT', 3478, NULL, NULL, NULL, NULL, NULL, 3477),
('AND', 3479, 'EXACT', -1, NULL, NULL, NULL, NULL),
('HAS', 3480, NULL, NULL, NULL, NULL, 869, NULL),
('NOT', 3481, NULL, NULL, NULL, NULL, NULL, 3480),
('AND', 3482, 'EXACT', -1, NULL, NULL, NULL, NULL),
('HAS', 3483, NULL, NULL, NULL, NULL, 869, NULL),
('NOT', 3484, NULL, NULL, NULL, NULL, NULL, 3483),
('AND', 3485, 'EXACT', -1, NULL, NULL, NULL, NULL),
('HAS', 3486, NULL, NULL, NULL, NULL, 869, NULL),
('NOT', 3487, NULL, NULL, NULL, NULL, NULL, 3486),
('AND', 3488, 'EXACT', -1, NULL, NULL, NULL, NULL),
('HAS', 3489, NULL, NULL, NULL, NULL, 869, NULL),
('NOT', 3490, NULL, NULL, NULL, NULL, NULL, 3489),
('AND', 3491, 'EXACT', -1, NULL, NULL, NULL, NULL),
('HAS', 3492, NULL, NULL, NULL, NULL, 869, NULL),
('NOT', 3493, NULL, NULL, NULL, NULL, NULL, 3492),
('AND', 3494, 'EXACT', -1, NULL, NULL, NULL, NULL),
('HAS', 3495, NULL, NULL, NULL, NULL, 869, NULL),
('NOT', 3496, NULL, NULL, NULL, NULL, NULL, 3495),
('AND', 3497, 'EXACT', -1, NULL, NULL, NULL, NULL),
('HAS', 3498, NULL, NULL, NULL, NULL, 869, NULL),
('NOT', 3499, NULL, NULL, NULL, NULL, NULL, 3498),
('AND', 3500, 'EXACT', -1, NULL, NULL, NULL, NULL),
('HAS', 3501, NULL, NULL, NULL, NULL, 869, NULL),
('NOT', 3502, NULL, NULL, NULL, NULL, NULL, 3501),
('AND', 3503, 'EXACT', -1, NULL, NULL, NULL, NULL),
('HAS', 3504, NULL, NULL, NULL, NULL, 869, NULL),
('NOT', 3505, NULL, NULL, NULL, NULL, NULL, 3504),
('AND', 3506, 'EXACT', -1, NULL, NULL, NULL, NULL),
('HAS', 3507, NULL, NULL, NULL, NULL, 869, NULL),
('NOT', 3508, NULL, NULL, NULL, NULL, NULL, 3507),
('AND', 3509, 'EXACT', -1, NULL, NULL, NULL, NULL),
('HAS', 3510, NULL, NULL, NULL, NULL, 869, NULL),
('NOT', 3511, NULL, NULL, NULL, NULL, NULL, 3510),
('AND', 3512, 'EXACT', -1, NULL, NULL, NULL, NULL),
('HAS', 3513, NULL, NULL, NULL, NULL, 869, NULL),
('NOT', 3514, NULL, NULL, NULL, NULL, NULL, 3513),
('AND', 3515, 'EXACT', -1, NULL, NULL, NULL, NULL),
('HAS', 3516, NULL, NULL, NULL, NULL, 869, NULL),
('NOT', 3517, NULL, NULL, NULL, NULL, NULL, 3516),
('AND', 3518, 'EXACT', -1, NULL, NULL, NULL, NULL),
('HAS', 3519, NULL, NULL, NULL, NULL, 869, NULL),
('NOT', 3520, NULL, NULL, NULL, NULL, NULL, 3519),
('AND', 3521, 'EXACT', -1, NULL, NULL, NULL, NULL),
('HAS', 3522, NULL, NULL, NULL, NULL, 869, NULL),
('NOT', 3523, NULL, NULL, NULL, NULL, NULL, 3522),
('AND', 3524, 'EXACT', -1, NULL, NULL, NULL, NULL),
('HAS', 3525, NULL, NULL, NULL, NULL, 869, NULL),
('NOT', 3526, NULL, NULL, NULL, NULL, NULL, 3525),
('AND', 3527, 'EXACT', -1, NULL, NULL, NULL, NULL),
('HAS', 3528, NULL, NULL, NULL, NULL, 869, NULL),
('NOT', 3529, NULL, NULL, NULL, NULL, NULL, 3528),
('AND', 3530, 'EXACT', -1, NULL, NULL, NULL, NULL),
('HAS', 3531, NULL, NULL, NULL, NULL, 869, NULL),
('NOT', 3532, NULL, NULL, NULL, NULL, NULL, 3531),
('AND', 3533, 'EXACT', -1, NULL, NULL, NULL, NULL),
('HAS', 3534, NULL, NULL, NULL, NULL, 869, NULL),
('NOT', 3535, NULL, NULL, NULL, NULL, NULL, 3534),
('AND', 3536, 'EXACT', -1, NULL, NULL, NULL, NULL),
('HAS', 3537, NULL, NULL, NULL, NULL, 869, NULL),
('NOT', 3538, NULL, NULL, NULL, NULL, NULL, 3537),
('AND', 3539, 'EXACT', -1, NULL, NULL, NULL, NULL),
('HAS', 3540, NULL, NULL, NULL, NULL, 869, NULL),
('NOT', 3541, NULL, NULL, NULL, NULL, NULL, 3540),
('AND', 3542, 'EXACT', -1, NULL, NULL, NULL, NULL),
('HAS', 3543, NULL, NULL, NULL, NULL, 869, NULL),
('NOT', 3544, NULL, NULL, NULL, NULL, NULL, 3543),
('AND', 3545, 'EXACT', -1, NULL, NULL, NULL, NULL),
('HAS', 3546, NULL, NULL, NULL, NULL, 869, NULL),
('NOT', 3547, NULL, NULL, NULL, NULL, NULL, 3546),
('AND', 3548, 'EXACT', -1, NULL, NULL, NULL, NULL),
('HAS', 3549, NULL, NULL, NULL, NULL, 869, NULL),
('NOT', 3550, NULL, NULL, NULL, NULL, NULL, 3549),
('AND', 3551, 'EXACT', -1, NULL, NULL, NULL, NULL),
('HAS', 3552, NULL, NULL, NULL, NULL, 869, NULL),
('NOT', 3553, NULL, NULL, NULL, NULL, NULL, 3552),
('AND', 3554, 'EXACT', -1, NULL, NULL, NULL, NULL),
('HAS', 3555, NULL, NULL, NULL, NULL, 869, NULL),
('NOT', 3556, NULL, NULL, NULL, NULL, NULL, 3555),
('AND', 3557, 'EXACT', -1, NULL, NULL, NULL, NULL),
('HAS', 3558, NULL, NULL, NULL, NULL, 869, NULL),
('NOT', 3559, NULL, NULL, NULL, NULL, NULL, 3558),
('AND', 3560, 'EXACT', -1, NULL, NULL, NULL, NULL),
('HAS', 3561, NULL, NULL, NULL, NULL, 869, NULL),
('NOT', 3562, NULL, NULL, NULL, NULL, NULL, 3561),
('AND', 3563, 'EXACT', -1, NULL, NULL, NULL, NULL),
('HAS', 3564, NULL, NULL, NULL, NULL, 869, NULL),
('NOT', 3565, NULL, NULL, NULL, NULL, NULL, 3564),
('AND', 3566, 'EXACT', -1, NULL, NULL, NULL, NULL),
('HAS', 3567, NULL, NULL, NULL, NULL, 869, NULL),
('NOT', 3568, NULL, NULL, NULL, NULL, NULL, 3567),
('AND', 3569, 'EXACT', -1, NULL, NULL, NULL, NULL),
('HAS', 3570, NULL, NULL, NULL, NULL, 869, NULL),
('NOT', 3571, NULL, NULL, NULL, NULL, NULL, 3570),
('AND', 3572, 'EXACT', -1, NULL, NULL, NULL, NULL),
('HAS', 3573, NULL, NULL, NULL, NULL, 869, NULL),
('NOT', 3574, NULL, NULL, NULL, NULL, NULL, 3573),
('AND', 3575, 'EXACT', -1, NULL, NULL, NULL, NULL),
('HAS', 3576, NULL, NULL, NULL, NULL, 869, NULL),
('NOT', 3577, NULL, NULL, NULL, NULL, NULL, 3576),
('AND', 3578, 'EXACT', -1, NULL, NULL, NULL, NULL),
('HAS', 3579, NULL, NULL, NULL, NULL, 869, NULL),
('NOT', 3580, NULL, NULL, NULL, NULL, NULL, 3579),
('AND', 3581, 'EXACT', -1, NULL, NULL, NULL, NULL),
('HAS', 3582, NULL, NULL, NULL, NULL, 869, NULL),
('NOT', 3583, NULL, NULL, NULL, NULL, NULL, 3582),
('AND', 3584, 'EXACT', -1, NULL, NULL, NULL, NULL),
('HAS', 3585, NULL, NULL, NULL, NULL, 869, NULL),
('NOT', 3586, NULL, NULL, NULL, NULL, NULL, 3585),
('AND', 3587, 'EXACT', -1, NULL, NULL, NULL, NULL),
('HAS', 3588, NULL, NULL, NULL, NULL, 869, NULL),
('NOT', 3589, NULL, NULL, NULL, NULL, NULL, 3588),
('AND', 3590, 'EXACT', -1, NULL, NULL, NULL, NULL),
('HAS', 3591, NULL, NULL, NULL, NULL, 869, NULL),
('NOT', 3592, NULL, NULL, NULL, NULL, NULL, 3591),
('AND', 3593, 'EXACT', -1, NULL, NULL, NULL, NULL),
('HAS', 3594, NULL, NULL, NULL, NULL, 869, NULL),
('NOT', 3595, NULL, NULL, NULL, NULL, NULL, 3594),
('AND', 3596, 'EXACT', -1, NULL, NULL, NULL, NULL),
('HAS', 3597, NULL, NULL, NULL, NULL, 869, NULL),
('NOT', 3598, NULL, NULL, NULL, NULL, NULL, 3597),
('AND', 3599, 'EXACT', -1, NULL, NULL, NULL, NULL),
('HAS', 3600, NULL, NULL, NULL, NULL, 869, NULL),
('NOT', 3601, NULL, NULL, NULL, NULL, NULL, 3600),
('AND', 3602, 'EXACT', -1, NULL, NULL, NULL, NULL),
('HAS', 3603, NULL, NULL, NULL, NULL, 869, NULL),
('NOT', 3604, NULL, NULL, NULL, NULL, NULL, 3603),
('AND', 3605, 'EXACT', -1, NULL, NULL, NULL, NULL),
('HAS', 3606, NULL, NULL, NULL, NULL, 869, NULL),
('NOT', 3607, NULL, NULL, NULL, NULL, NULL, 3606),
('AND', 3608, 'EXACT', -1, NULL, NULL, NULL, NULL),
('HAS', 3609, NULL, NULL, NULL, NULL, 869, NULL),
('NOT', 3610, NULL, NULL, NULL, NULL, NULL, 3609),
('AND', 3611, 'EXACT', -1, NULL, NULL, NULL, NULL),
('HAS', 3612, NULL, NULL, NULL, NULL, 869, NULL),
('NOT', 3613, NULL, NULL, NULL, NULL, NULL, 3612),
('AND', 3614, 'EXACT', -1, NULL, NULL, NULL, NULL),
('HAS', 3615, NULL, NULL, NULL, NULL, 869, NULL),
('NOT', 3616, NULL, NULL, NULL, NULL, NULL, 3615),
('AND', 3617, 'EXACT', -1, NULL, NULL, NULL, NULL),
('HAS', 3618, NULL, NULL, NULL, NULL, 869, NULL),
('NOT', 3619, NULL, NULL, NULL, NULL, NULL, 3618),
('AND', 3620, 'EXACT', -1, NULL, NULL, NULL, NULL),
('HAS', 3621, NULL, NULL, NULL, NULL, 869, NULL),
('NOT', 3622, NULL, NULL, NULL, NULL, NULL, 3621),
('AND', 3623, 'EXACT', -1, NULL, NULL, NULL, NULL),
('HAS', 3624, NULL, NULL, NULL, NULL, 869, NULL),
('NOT', 3625, NULL, NULL, NULL, NULL, NULL, 3624),
('AND', 3626, 'EXACT', -1, NULL, NULL, NULL, NULL),
('HAS', 3627, NULL, NULL, NULL, NULL, 869, NULL),
('NOT', 3628, NULL, NULL, NULL, NULL, NULL, 3627),
('AND', 3629, 'EXACT', -1, NULL, NULL, NULL, NULL),
('HAS', 3630, NULL, NULL, NULL, NULL, 869, NULL),
('NOT', 3631, NULL, NULL, NULL, NULL, NULL, 3630),
('AND', 3632, 'EXACT', -1, NULL, NULL, NULL, NULL),
('HAS', 3633, NULL, NULL, NULL, NULL, 869, NULL),
('NOT', 3634, NULL, NULL, NULL, NULL, NULL, 3633),
('AND', 3635, 'EXACT', -1, NULL, NULL, NULL, NULL),
('HAS', 3636, NULL, NULL, NULL, NULL, 869, NULL),
('NOT', 3637, NULL, NULL, NULL, NULL, NULL, 3636),
('AND', 3638, 'EXACT', -1, NULL, NULL, NULL, NULL),
('HAS', 3639, NULL, NULL, NULL, NULL, 869, NULL),
('NOT', 3640, NULL, NULL, NULL, NULL, NULL, 3639),
('AND', 3641, 'EXACT', -1, NULL, NULL, NULL, NULL),
('HAS', 3642, NULL, NULL, NULL, NULL, 869, NULL),
('NOT', 3643, NULL, NULL, NULL, NULL, NULL, 3642),
('AND', 3644, 'EXACT', -1, NULL, NULL, NULL, NULL),
('HAS', 3645, NULL, NULL, NULL, NULL, 869, NULL),
('NOT', 3646, NULL, NULL, NULL, NULL, NULL, 3645),
('AND', 3647, 'EXACT', -1, NULL, NULL, NULL, NULL),
('HAS', 3648, NULL, NULL, NULL, NULL, 869, NULL),
('NOT', 3649, NULL, NULL, NULL, NULL, NULL, 3648),
('AND', 3650, 'EXACT', -1, NULL, NULL, NULL, NULL),
('HAS', 3651, NULL, NULL, NULL, NULL, 869, NULL),
('NOT', 3652, NULL, NULL, NULL, NULL, NULL, 3651),
('AND', 3653, 'EXACT', -1, NULL, NULL, NULL, NULL),
('HAS', 3654, NULL, NULL, NULL, NULL, 869, NULL),
('NOT', 3655, NULL, NULL, NULL, NULL, NULL, 3654),
('AND', 3656, 'EXACT', -1, NULL, NULL, NULL, NULL),
('HAS', 3657, NULL, NULL, NULL, NULL, 869, NULL),
('NOT', 3658, NULL, NULL, NULL, NULL, NULL, 3657),
('AND', 3659, 'EXACT', -1, NULL, NULL, NULL, NULL),
('HAS', 3660, NULL, NULL, NULL, NULL, 869, NULL),
('NOT', 3661, NULL, NULL, NULL, NULL, NULL, 3660),
('AND', 3662, 'EXACT', -1, NULL, NULL, NULL, NULL),
('HAS', 3663, NULL, NULL, NULL, NULL, 869, NULL),
('NOT', 3664, NULL, NULL, NULL, NULL, NULL, 3663),
('AND', 3665, 'EXACT', -1, NULL, NULL, NULL, NULL),
('HAS', 3666, NULL, NULL, NULL, NULL, 869, NULL),
('NOT', 3667, NULL, NULL, NULL, NULL, NULL, 3666),
('AND', 3668, 'EXACT', -1, NULL, NULL, NULL, NULL),
('HAS', 3669, NULL, NULL, NULL, NULL, 869, NULL),
('NOT', 3670, NULL, NULL, NULL, NULL, NULL, 3669),
('AND', 3671, 'EXACT', -1, NULL, NULL, NULL, NULL),
('HAS', 3672, NULL, NULL, NULL, NULL, 869, NULL),
('NOT', 3673, NULL, NULL, NULL, NULL, NULL, 3672),
('AND', 3674, 'EXACT', -1, NULL, NULL, NULL, NULL),
('HAS', 3675, NULL, NULL, NULL, NULL, 869, NULL),
('NOT', 3676, NULL, NULL, NULL, NULL, NULL, 3675),
('AND', 3677, 'EXACT', -1, NULL, NULL, NULL, NULL),
('HAS', 3678, NULL, NULL, NULL, NULL, 869, NULL),
('NOT', 3679, NULL, NULL, NULL, NULL, NULL, 3678),
('AND', 3680, 'EXACT', -1, NULL, NULL, NULL, NULL),
('HAS', 3681, NULL, NULL, NULL, NULL, 869, NULL),
('NOT', 3682, NULL, NULL, NULL, NULL, NULL, 3681),
('AND', 3683, 'EXACT', -1, NULL, NULL, NULL, NULL),
('HAS', 3684, NULL, NULL, NULL, NULL, 869, NULL),
('NOT', 3685, NULL, NULL, NULL, NULL, NULL, 3684),
('AND', 3686, 'EXACT', -1, NULL, NULL, NULL, NULL),
('HAS', 3687, NULL, NULL, NULL, NULL, 869, NULL),
('NOT', 3688, NULL, NULL, NULL, NULL, NULL, 3687),
('AND', 3689, 'EXACT', -1, NULL, NULL, NULL, NULL),
('HAS', 3690, NULL, NULL, NULL, NULL, 869, NULL),
('NOT', 3691, NULL, NULL, NULL, NULL, NULL, 3690),
('AND', 3692, 'EXACT', -1, NULL, NULL, NULL, NULL),
('HAS', 3693, NULL, NULL, NULL, NULL, 869, NULL),
('NOT', 3694, NULL, NULL, NULL, NULL, NULL, 3693),
('AND', 3695, 'EXACT', -1, NULL, NULL, NULL, NULL),
('HAS', 3696, NULL, NULL, NULL, NULL, 869, NULL),
('NOT', 3697, NULL, NULL, NULL, NULL, NULL, 3696),
('AND', 3698, 'EXACT', -1, NULL, NULL, NULL, NULL),
('HAS', 3699, NULL, NULL, NULL, NULL, 869, NULL),
('NOT', 3700, NULL, NULL, NULL, NULL, NULL, 3699),
('AND', 3701, 'EXACT', -1, NULL, NULL, NULL, NULL),
('HAS', 3702, NULL, NULL, NULL, NULL, 869, NULL),
('NOT', 3703, NULL, NULL, NULL, NULL, NULL, 3702),
('AND', 3704, 'EXACT', -1, NULL, NULL, NULL, NULL),
('HAS', 3705, NULL, NULL, NULL, NULL, 869, NULL),
('NOT', 3706, NULL, NULL, NULL, NULL, NULL, 3705),
('AND', 3707, 'EXACT', -1, NULL, NULL, NULL, NULL),
('HAS', 3708, NULL, NULL, NULL, NULL, 869, NULL),
('NOT', 3709, NULL, NULL, NULL, NULL, NULL, 3708),
('AND', 3710, 'EXACT', -1, NULL, NULL, NULL, NULL),
('HAS', 3711, NULL, NULL, NULL, NULL, 869, NULL),
('NOT', 3712, NULL, NULL, NULL, NULL, NULL, 3711),
('AND', 3713, 'EXACT', -1, NULL, NULL, NULL, NULL),
('HAS', 3714, NULL, NULL, NULL, NULL, 869, NULL),
('NOT', 3715, NULL, NULL, NULL, NULL, NULL, 3714),
('AND', 3716, 'EXACT', -1, NULL, NULL, NULL, NULL),
('HAS', 3717, NULL, NULL, NULL, NULL, 869, NULL),
('NOT', 3718, NULL, NULL, NULL, NULL, NULL, 3717),
('AND', 3719, 'EXACT', -1, NULL, NULL, NULL, NULL),
('HAS', 3720, NULL, NULL, NULL, NULL, 869, NULL),
('NOT', 3721, NULL, NULL, NULL, NULL, NULL, 3720),
('AND', 3722, 'EXACT', -1, NULL, NULL, NULL, NULL),
('HAS', 3723, NULL, NULL, NULL, NULL, 869, NULL),
('NOT', 3724, NULL, NULL, NULL, NULL, NULL, 3723),
('AND', 3725, 'EXACT', -1, NULL, NULL, NULL, NULL),
('HAS', 3726, NULL, NULL, NULL, NULL, 869, NULL),
('NOT', 3727, NULL, NULL, NULL, NULL, NULL, 3726),
('AND', 3728, 'EXACT', -1, NULL, NULL, NULL, NULL),
('HAS', 3729, NULL, NULL, NULL, NULL, 869, NULL),
('NOT', 3730, NULL, NULL, NULL, NULL, NULL, 3729),
('AND', 3731, 'EXACT', -1, NULL, NULL, NULL, NULL),
('HAS', 3732, NULL, NULL, NULL, NULL, 869, NULL),
('NOT', 3733, NULL, NULL, NULL, NULL, NULL, 3732),
('AND', 3734, 'EXACT', -1, NULL, NULL, NULL, NULL),
('HAS', 3735, NULL, NULL, NULL, NULL, 869, NULL),
('NOT', 3736, NULL, NULL, NULL, NULL, NULL, 3735),
('AND', 3737, 'EXACT', -1, NULL, NULL, NULL, NULL),
('HAS', 3738, NULL, NULL, NULL, NULL, 869, NULL),
('NOT', 3739, NULL, NULL, NULL, NULL, NULL, 3738),
('AND', 3740, 'EXACT', -1, NULL, NULL, NULL, NULL),
('HAS', 3741, NULL, NULL, NULL, NULL, 869, NULL),
('NOT', 3742, NULL, NULL, NULL, NULL, NULL, 3741),
('AND', 3743, 'EXACT', -1, NULL, NULL, NULL, NULL),
('HAS', 3744, NULL, NULL, NULL, NULL, 869, NULL),
('NOT', 3745, NULL, NULL, NULL, NULL, NULL, 3744),
('AND', 3746, 'EXACT', -1, NULL, NULL, NULL, NULL),
('HAS', 3747, NULL, NULL, NULL, NULL, 869, NULL),
('NOT', 3748, NULL, NULL, NULL, NULL, NULL, 3747),
('AND', 3749, 'EXACT', -1, NULL, NULL, NULL, NULL),
('HAS', 3750, NULL, NULL, NULL, NULL, 869, NULL),
('NOT', 3751, NULL, NULL, NULL, NULL, NULL, 3750),
('AND', 3752, 'EXACT', -1, NULL, NULL, NULL, NULL),
('HAS', 3753, NULL, NULL, NULL, NULL, 869, NULL),
('NOT', 3754, NULL, NULL, NULL, NULL, NULL, 3753),
('AND', 3755, 'EXACT', -1, NULL, NULL, NULL, NULL),
('HAS', 3756, NULL, NULL, NULL, NULL, 869, NULL),
('NOT', 3757, NULL, NULL, NULL, NULL, NULL, 3756),
('AND', 3758, 'EXACT', -1, NULL, NULL, NULL, NULL),
('HAS', 3759, NULL, NULL, NULL, NULL, 869, NULL),
('NOT', 3760, NULL, NULL, NULL, NULL, NULL, 3759),
('AND', 3761, 'EXACT', -1, NULL, NULL, NULL, NULL),
('HAS', 3762, NULL, NULL, NULL, NULL, 869, NULL),
('NOT', 3763, NULL, NULL, NULL, NULL, NULL, 3762),
('AND', 3764, 'EXACT', -1, NULL, NULL, NULL, NULL),
('HAS', 3765, NULL, NULL, NULL, NULL, 869, NULL),
('NOT', 3766, NULL, NULL, NULL, NULL, NULL, 3765),
('AND', 3767, 'EXACT', -1, NULL, NULL, NULL, NULL),
('HAS', 3768, NULL, NULL, NULL, NULL, 869, NULL),
('NOT', 3769, NULL, NULL, NULL, NULL, NULL, 3768),
('AND', 3770, 'EXACT', -1, NULL, NULL, NULL, NULL),
('HAS', 3771, NULL, NULL, NULL, NULL, 869, NULL),
('NOT', 3772, NULL, NULL, NULL, NULL, NULL, 3771),
('AND', 3773, 'EXACT', -1, NULL, NULL, NULL, NULL),
('HAS', 3774, NULL, NULL, NULL, NULL, 869, NULL),
('NOT', 3775, NULL, NULL, NULL, NULL, NULL, 3774),
('AND', 3776, 'EXACT', -1, NULL, NULL, NULL, NULL),
('HAS', 3777, NULL, NULL, NULL, NULL, 869, NULL),
('NOT', 3778, NULL, NULL, NULL, NULL, NULL, 3777),
('AND', 3779, 'EXACT', -1, NULL, NULL, NULL, NULL),
('HAS', 3780, NULL, NULL, NULL, NULL, 869, NULL),
('NOT', 3781, NULL, NULL, NULL, NULL, NULL, 3780),
('AND', 3782, 'EXACT', -1, NULL, NULL, NULL, NULL),
('HAS', 3783, NULL, NULL, NULL, NULL, 869, NULL),
('NOT', 3784, NULL, NULL, NULL, NULL, NULL, 3783),
('AND', 3785, 'EXACT', -1, NULL, NULL, NULL, NULL),
('HAS', 3786, NULL, NULL, NULL, NULL, 869, NULL),
('NOT', 3787, NULL, NULL, NULL, NULL, NULL, 3786),
('AND', 3788, 'EXACT', -1, NULL, NULL, NULL, NULL),
('HAS', 3789, NULL, NULL, NULL, NULL, 869, NULL),
('NOT', 3790, NULL, NULL, NULL, NULL, NULL, 3789),
('AND', 3791, 'EXACT', -1, NULL, NULL, NULL, NULL),
('HAS', 3792, NULL, NULL, NULL, NULL, 869, NULL),
('NOT', 3793, NULL, NULL, NULL, NULL, NULL, 3792),
('AND', 3794, 'EXACT', -1, NULL, NULL, NULL, NULL),
('HAS', 3795, NULL, NULL, NULL, NULL, 869, NULL),
('NOT', 3796, NULL, NULL, NULL, NULL, NULL, 3795),
('AND', 3797, 'EXACT', -1, NULL, NULL, NULL, NULL),
('HAS', 3798, NULL, NULL, NULL, NULL, 869, NULL),
('NOT', 3799, NULL, NULL, NULL, NULL, NULL, 3798),
('AND', 3800, 'EXACT', -1, NULL, NULL, NULL, NULL),
('HAS', 3801, NULL, NULL, NULL, NULL, 869, NULL),
('NOT', 3802, NULL, NULL, NULL, NULL, NULL, 3801),
('AND', 3803, 'EXACT', -1, NULL, NULL, NULL, NULL),
('HAS', 3804, NULL, NULL, NULL, NULL, 869, NULL),
('NOT', 3805, NULL, NULL, NULL, NULL, NULL, 3804),
('AND', 3806, 'EXACT', -1, NULL, NULL, NULL, NULL),
('HAS', 3807, NULL, NULL, NULL, NULL, 869, NULL),
('NOT', 3808, NULL, NULL, NULL, NULL, NULL, 3807),
('AND', 3809, 'EXACT', -1, NULL, NULL, NULL, NULL),
('HAS', 3810, NULL, NULL, NULL, NULL, 869, NULL),
('NOT', 3811, NULL, NULL, NULL, NULL, NULL, 3810),
('AND', 3812, 'EXACT', -1, NULL, NULL, NULL, NULL),
('HAS', 3813, NULL, NULL, NULL, NULL, 869, NULL),
('NOT', 3814, NULL, NULL, NULL, NULL, NULL, 3813),
('AND', 3815, 'EXACT', -1, NULL, NULL, NULL, NULL),
('HAS', 3816, NULL, NULL, NULL, NULL, 869, NULL),
('NOT', 3817, NULL, NULL, NULL, NULL, NULL, 3816),
('AND', 3818, 'EXACT', -1, NULL, NULL, NULL, NULL),
('HAS', 3819, NULL, NULL, NULL, NULL, 869, NULL),
('NOT', 3820, NULL, NULL, NULL, NULL, NULL, 3819),
('AND', 3821, 'EXACT', -1, NULL, NULL, NULL, NULL),
('HAS', 3822, NULL, NULL, NULL, NULL, 869, NULL),
('NOT', 3823, NULL, NULL, NULL, NULL, NULL, 3822),
('AND', 3824, 'EXACT', -1, NULL, NULL, NULL, NULL),
('HAS', 3825, NULL, NULL, NULL, NULL, 869, NULL),
('NOT', 3826, NULL, NULL, NULL, NULL, NULL, 3825),
('AND', 3827, 'EXACT', -1, NULL, NULL, NULL, NULL),
('HAS', 3828, NULL, NULL, NULL, NULL, 869, NULL),
('NOT', 3829, NULL, NULL, NULL, NULL, NULL, 3828),
('AND', 3830, 'EXACT', -1, NULL, NULL, NULL, NULL),
('HAS', 3831, NULL, NULL, NULL, NULL, 869, NULL),
('NOT', 3832, NULL, NULL, NULL, NULL, NULL, 3831),
('AND', 3833, 'EXACT', -1, NULL, NULL, NULL, NULL),
('HAS', 3834, NULL, NULL, NULL, NULL, 869, NULL),
('NOT', 3835, NULL, NULL, NULL, NULL, NULL, 3834),
('AND', 3836, 'EXACT', -1, NULL, NULL, NULL, NULL),
('HAS', 3837, NULL, NULL, NULL, NULL, 869, NULL),
('NOT', 3838, NULL, NULL, NULL, NULL, NULL, 3837),
('AND', 3839, 'EXACT', -1, NULL, NULL, NULL, NULL),
('HAS', 3840, NULL, NULL, NULL, NULL, 869, NULL),
('NOT', 3841, NULL, NULL, NULL, NULL, NULL, 3840),
('AND', 3842, 'EXACT', -1, NULL, NULL, NULL, NULL),
('HAS', 3843, NULL, NULL, NULL, NULL, 869, NULL),
('NOT', 3844, NULL, NULL, NULL, NULL, NULL, 3843),
('AND', 3845, 'EXACT', -1, NULL, NULL, NULL, NULL),
('HAS', 3846, NULL, NULL, NULL, NULL, 869, NULL),
('NOT', 3847, NULL, NULL, NULL, NULL, NULL, 3846),
('AND', 3848, 'EXACT', -1, NULL, NULL, NULL, NULL),
('HAS', 3849, NULL, NULL, NULL, NULL, 869, NULL),
('NOT', 3850, NULL, NULL, NULL, NULL, NULL, 3849),
('AND', 3851, 'EXACT', -1, NULL, NULL, NULL, NULL),
('HAS', 3852, NULL, NULL, NULL, NULL, 869, NULL),
('NOT', 3853, NULL, NULL, NULL, NULL, NULL, 3852),
('AND', 3854, 'EXACT', -1, NULL, NULL, NULL, NULL),
('HAS', 3855, NULL, NULL, NULL, NULL, 869, NULL),
('NOT', 3856, NULL, NULL, NULL, NULL, NULL, 3855),
('AND', 3857, 'EXACT', -1, NULL, NULL, NULL, NULL),
('HAS', 3858, NULL, NULL, NULL, NULL, 869, NULL),
('NOT', 3859, NULL, NULL, NULL, NULL, NULL, 3858),
('AND', 3860, 'EXACT', -1, NULL, NULL, NULL, NULL),
('HAS', 3861, NULL, NULL, NULL, NULL, 869, NULL),
('NOT', 3862, NULL, NULL, NULL, NULL, NULL, 3861),
('AND', 3863, 'EXACT', -1, NULL, NULL, NULL, NULL),
('HAS', 3864, NULL, NULL, NULL, NULL, 869, NULL),
('NOT', 3865, NULL, NULL, NULL, NULL, NULL, 3864),
('AND', 3866, 'EXACT', -1, NULL, NULL, NULL, NULL),
('HAS', 3867, NULL, NULL, NULL, NULL, 869, NULL),
('NOT', 3868, NULL, NULL, NULL, NULL, NULL, 3867),
('AND', 3869, 'EXACT', -1, NULL, NULL, NULL, NULL),
('HAS', 3870, NULL, NULL, NULL, NULL, 869, NULL),
('NOT', 3871, NULL, NULL, NULL, NULL, NULL, 3870),
('AND', 3872, 'EXACT', -1, NULL, NULL, NULL, NULL),
('HAS', 3873, NULL, NULL, NULL, NULL, 869, NULL),
('NOT', 3874, NULL, NULL, NULL, NULL, NULL, 3873),
('AND', 3875, 'EXACT', -1, NULL, NULL, NULL, NULL),
('HAS', 3876, NULL, NULL, NULL, NULL, 869, NULL),
('NOT', 3877, NULL, NULL, NULL, NULL, NULL, 3876),
('AND', 3878, 'EXACT', -1, NULL, NULL, NULL, NULL),
('HAS', 3879, NULL, NULL, NULL, NULL, 869, NULL),
('NOT', 3880, NULL, NULL, NULL, NULL, NULL, 3879),
('AND', 3881, 'EXACT', -1, NULL, NULL, NULL, NULL),
('HAS', 3882, NULL, NULL, NULL, NULL, 869, NULL),
('NOT', 3883, NULL, NULL, NULL, NULL, NULL, 3882),
('AND', 3884, 'EXACT', -1, NULL, NULL, NULL, NULL),
('HAS', 3885, NULL, NULL, NULL, NULL, 869, NULL),
('NOT', 3886, NULL, NULL, NULL, NULL, NULL, 3885),
('AND', 3887, 'EXACT', -1, NULL, NULL, NULL, NULL),
('HAS', 3888, NULL, NULL, NULL, NULL, 869, NULL),
('NOT', 3889, NULL, NULL, NULL, NULL, NULL, 3888),
('OR', 3890, 'MINIMUM', 1, NULL, NULL, NULL, NULL),
('HAS', 3891, NULL, NULL, NULL, NULL, 865, NULL),
('NOT', 3892, NULL, NULL, NULL, NULL, NULL, 3891),
('HAS', 3893, NULL, NULL, NULL, NULL, 1181, NULL),
('NOT', 3894, NULL, NULL, NULL, NULL, NULL, 3893),
('HAS', 3895, NULL, NULL, NULL, NULL, 1631, NULL),
('HAS', 3896, NULL, NULL, NULL, NULL, 1690, NULL),
('NOT', 3897, NULL, NULL, NULL, NULL, NULL, 3890),
('AND', 3898, 'EXACT', -1, NULL, NULL, NULL, NULL),
('HAS', 3899, NULL, NULL, NULL, NULL, 1582, NULL),
('NOT', 3900, NULL, NULL, NULL, NULL, NULL, 3899),
('AND', 3901, 'EXACT', -1, NULL, NULL, NULL, NULL),
('HAS', 3902, NULL, NULL, NULL, NULL, 1582, NULL),
('NOT', 3903, NULL, NULL, NULL, NULL, NULL, 3902),
('AND', 3904, 'EXACT', -1, NULL, NULL, NULL, NULL),
('HAS', 3905, NULL, NULL, NULL, NULL, 1582, NULL),
('NOT', 3906, NULL, NULL, NULL, NULL, NULL, 3905),
('AND', 3907, 'EXACT', -1, NULL, NULL, NULL, NULL),
('HAS', 3908, NULL, NULL, NULL, NULL, 1582, NULL),
('NOT', 3909, NULL, NULL, NULL, NULL, NULL, 3908),
('AND', 3910, 'EXACT', -1, NULL, NULL, NULL, NULL),
('AND', 3911, 'EXACT', -1, NULL, NULL, NULL, NULL),
('AND', 3912, 'EXACT', -1, NULL, NULL, NULL, NULL),
('AND', 3913, 'EXACT', -1, NULL, NULL, NULL, NULL),
('HAS', 3914, NULL, NULL, NULL, NULL, 1588, NULL),
('HAS', 3915, NULL, NULL, NULL, NULL, 1587, NULL),
('NOT', 3916, NULL, NULL, NULL, NULL, NULL, 3915);

--
-- Daten für Tabelle `conditions_conditions`
--

INSERT INTO `conditions_conditions` (`nofmcondition_id`, `conditions_id`) VALUES
(9, 10),
(9, 11),
(9, 12),
(13, 14),
(13, 15),
(13, 16),
(17, 18),
(17, 19),
(17, 20),
(21, 22),
(21, 23),
(21, 24),
(25, 26),
(25, 27),
(25, 28),
(29, 30),
(29, 31),
(29, 32),
(33, 34),
(33, 35),
(33, 36),
(37, 38),
(37, 39),
(37, 40),
(41, 42),
(41, 43),
(41, 44),
(45, 46),
(45, 47),
(45, 48),
(49, 50),
(49, 51),
(49, 52),
(53, 54),
(53, 55),
(53, 56),
(57, 58),
(57, 59),
(57, 60),
(61, 62),
(61, 63),
(61, 64),
(65, 66),
(65, 67),
(65, 68),
(69, 70),
(69, 71),
(69, 72),
(73, 74),
(73, 75),
(73, 76),
(77, 78),
(77, 79),
(77, 80),
(81, 82),
(81, 83),
(81, 84),
(85, 86),
(85, 87),
(85, 88),
(89, 90),
(89, 91),
(89, 92),
(93, 94),
(93, 95),
(93, 96),
(97, 98),
(97, 99),
(97, 100),
(101, 102),
(101, 103),
(101, 104),
(105, 106),
(105, 107),
(105, 108),
(109, 110),
(109, 111),
(109, 112),
(113, 114),
(113, 115),
(113, 116),
(117, 118),
(117, 119),
(117, 120),
(121, 122),
(121, 123),
(121, 124),
(125, 126),
(125, 127),
(125, 128),
(129, 130),
(129, 131),
(129, 132),
(133, 134),
(133, 135),
(133, 136),
(137, 138),
(137, 139),
(137, 140),
(141, 142),
(141, 143),
(141, 144),
(145, 146),
(145, 147),
(145, 148),
(149, 150),
(149, 151),
(149, 152),
(153, 154),
(153, 155),
(153, 156),
(157, 158),
(157, 159),
(157, 160),
(161, 162),
(161, 163),
(161, 164),
(165, 166),
(165, 167),
(165, 168),
(169, 170),
(169, 171),
(169, 172),
(173, 174),
(173, 175),
(173, 176),
(177, 178),
(177, 179),
(177, 180),
(181, 182),
(181, 183),
(181, 184),
(185, 186),
(185, 187),
(185, 188),
(189, 190),
(189, 191),
(189, 192),
(193, 194),
(193, 195),
(193, 196),
(197, 198),
(197, 199),
(197, 200),
(201, 202),
(201, 203),
(201, 204),
(205, 206),
(205, 207),
(205, 208),
(209, 210),
(209, 211),
(209, 212),
(213, 214),
(213, 215),
(213, 216),
(217, 218),
(217, 219),
(217, 220),
(221, 222),
(221, 223),
(221, 224),
(225, 226),
(225, 227),
(225, 228),
(229, 230),
(229, 231),
(229, 232),
(233, 234),
(233, 235),
(233, 236),
(237, 238),
(237, 239),
(237, 240),
(241, 242),
(241, 243),
(241, 244),
(245, 246),
(245, 255),
(246, 247),
(246, 248),
(246, 249),
(246, 250),
(246, 251),
(246, 252),
(246, 253),
(246, 254),
(255, 256),
(255, 257),
(255, 258),
(255, 259),
(255, 260),
(255, 261),
(255, 262),
(255, 263),
(264, 265),
(264, 274),
(265, 266),
(265, 267),
(265, 268),
(265, 269),
(265, 270),
(265, 271),
(265, 272),
(265, 273),
(274, 275),
(274, 276),
(274, 277),
(274, 278),
(274, 279),
(274, 280),
(274, 281),
(274, 282),
(283, 284),
(283, 285),
(286, 287),
(286, 288),
(295, 296),
(301, 302),
(303, 304),
(305, 306),
(305, 307),
(308, 309),
(310, 311),
(312, 313),
(312, 314),
(315, 316),
(315, 317),
(315, 318),
(319, 320),
(319, 321),
(319, 322),
(319, 323),
(324, 325),
(326, 327),
(328, 329),
(330, 331),
(330, 332),
(330, 333),
(334, 335),
(334, 336),
(334, 337),
(338, 339),
(338, 340),
(338, 341),
(342, 343),
(342, 344),
(342, 345),
(346, 347),
(348, 349),
(348, 350),
(351, 352),
(351, 353),
(354, 355),
(356, 357),
(358, 359),
(358, 360),
(361, 362),
(363, 364),
(363, 365),
(366, 367),
(366, 368),
(369, 370),
(369, 371),
(372, 373),
(372, 374),
(375, 376),
(375, 377),
(378, 379),
(380, 381),
(380, 382),
(383, 384),
(386, 387),
(386, 388),
(386, 389),
(390, 391),
(390, 392),
(390, 393),
(394, 395),
(394, 396),
(394, 397),
(398, 399),
(398, 400),
(398, 401),
(403, 404),
(405, 406),
(405, 407),
(409, 410),
(409, 412),
(417, 418),
(421, 422),
(421, 423),
(424, 425),
(426, 427),
(426, 428),
(429, 430),
(431, 432),
(433, 434),
(436, 437),
(436, 438),
(440, 441),
(440, 443),
(444, 445),
(444, 447),
(444, 449),
(450, 451),
(450, 453),
(459, 461),
(459, 463),
(459, 465),
(459, 467),
(468, 469),
(470, 471),
(470, 472),
(475, 476),
(477, 478),
(479, 480),
(479, 481),
(479, 482),
(485, 487),
(490, 491),
(490, 493),
(494, 495),
(494, 496),
(497, 498),
(501, 502),
(501, 503),
(504, 505),
(507, 508),
(507, 510),
(511, 512),
(515, 516),
(515, 517),
(515, 518),
(519, 520),
(519, 521),
(522, 523),
(522, 524),
(522, 525),
(528, 529),
(528, 530),
(528, 531),
(532, 533),
(532, 534),
(532, 535),
(537, 538),
(537, 539),
(540, 541),
(540, 542),
(546, 547),
(548, 549),
(548, 550),
(551, 552),
(551, 553),
(551, 554),
(555, 556),
(555, 558),
(559, 560),
(561, 562),
(561, 564),
(566, 567),
(566, 568),
(572, 573),
(572, 574),
(576, 577),
(576, 578),
(579, 580),
(579, 581),
(582, 583),
(582, 584),
(585, 586),
(585, 587),
(585, 588),
(585, 589),
(590, 591),
(590, 592),
(593, 594),
(596, 597),
(596, 598),
(596, 599),
(596, 600),
(601, 602),
(601, 603),
(604, 606),
(607, 608),
(607, 609),
(607, 610),
(618, 619),
(618, 620),
(624, 625),
(624, 626),
(628, 629),
(628, 630),
(628, 631),
(632, 633),
(635, 636),
(637, 638),
(637, 639),
(640, 641),
(640, 642),
(643, 644),
(643, 645),
(647, 648),
(647, 649),
(650, 651),
(650, 652),
(657, 658),
(657, 659),
(660, 661),
(662, 663),
(664, 665),
(666, 667),
(666, 668),
(669, 670),
(671, 672),
(673, 674),
(673, 675),
(676, 677),
(678, 679),
(680, 681),
(682, 683),
(684, 685),
(686, 687),
(688, 689),
(688, 690),
(691, 692),
(693, 694),
(695, 696),
(697, 698),
(699, 700),
(702, 703),
(702, 704),
(702, 705),
(706, 707),
(706, 708),
(706, 709),
(710, 711),
(710, 712),
(710, 713),
(715, 716),
(715, 717),
(715, 718),
(719, 720),
(719, 721),
(719, 722),
(723, 724),
(723, 725),
(723, 726),
(727, 728),
(727, 729),
(727, 730),
(731, 732),
(731, 733),
(731, 734),
(735, 736),
(735, 737),
(735, 738),
(739, 740),
(739, 741),
(739, 742),
(743, 744),
(743, 745),
(750, 751),
(750, 752),
(750, 753),
(750, 754),
(750, 755),
(756, 757),
(756, 758),
(756, 759),
(756, 760),
(756, 761),
(762, 763),
(762, 764),
(762, 765),
(762, 766),
(762, 767),
(768, 769),
(768, 770),
(772, 773),
(772, 774),
(772, 775),
(776, 777),
(776, 778),
(776, 779),
(780, 781),
(780, 782),
(780, 783),
(787, 788),
(787, 789),
(787, 790),
(787, 791),
(787, 792),
(793, 794),
(793, 795),
(793, 796),
(793, 797),
(793, 798),
(799, 800),
(799, 801),
(799, 802),
(799, 803),
(799, 804),
(805, 806),
(805, 807),
(805, 808),
(805, 809),
(805, 810),
(813, 814),
(813, 815),
(813, 816),
(819, 820),
(819, 821),
(819, 822),
(819, 823),
(819, 824),
(825, 826),
(825, 827),
(825, 828),
(825, 829),
(825, 830),
(831, 832),
(831, 833),
(831, 834),
(831, 835),
(831, 836),
(837, 838),
(837, 839),
(837, 840),
(837, 841),
(837, 842),
(847, 848),
(847, 849),
(851, 852),
(851, 853),
(856, 857),
(856, 858),
(856, 859),
(860, 861),
(860, 862),
(860, 863),
(864, 865),
(864, 866),
(864, 867),
(868, 869),
(868, 870),
(868, 871),
(872, 873),
(872, 874),
(872, 875),
(872, 876),
(872, 877),
(878, 879),
(878, 880),
(878, 881),
(878, 882),
(878, 883),
(884, 885),
(884, 886),
(884, 887),
(884, 888),
(884, 889),
(890, 891),
(890, 892),
(890, 893),
(890, 894),
(890, 895),
(897, 898),
(897, 899),
(897, 900),
(901, 902),
(901, 903),
(901, 904),
(905, 906),
(905, 907),
(905, 908),
(909, 910),
(909, 911),
(909, 912),
(909, 913),
(909, 914),
(915, 916),
(915, 917),
(915, 918),
(915, 919),
(915, 920),
(921, 922),
(921, 923),
(921, 924),
(921, 925),
(921, 926),
(927, 928),
(927, 929),
(932, 933),
(932, 934),
(935, 936),
(935, 937),
(935, 938),
(939, 940),
(939, 941),
(939, 942),
(943, 944),
(943, 945),
(943, 946),
(947, 948),
(947, 949),
(947, 950),
(951, 952),
(951, 953),
(951, 954),
(955, 956),
(955, 957),
(955, 958),
(955, 959),
(955, 960),
(961, 962),
(961, 963),
(961, 964),
(961, 965),
(961, 966),
(967, 968),
(967, 969),
(967, 970),
(967, 971),
(967, 972),
(973, 974),
(973, 975),
(973, 976),
(973, 977),
(973, 978),
(983, 984),
(983, 985),
(983, 986),
(983, 987),
(983, 988),
(989, 990),
(989, 991),
(989, 992),
(989, 993),
(989, 994),
(995, 996),
(995, 997),
(995, 998),
(995, 999),
(995, 1000),
(1001, 1002),
(1001, 1003),
(1001, 1004),
(1001, 1005),
(1001, 1006),
(1007, 1008),
(1007, 1009),
(1015, 1016),
(1015, 1017),
(1019, 1020),
(1021, 1022),
(1021, 1023),
(1024, 1025),
(1024, 1026),
(1035, 1036),
(1035, 1037),
(1035, 1038),
(1039, 1040),
(1039, 1041),
(1045, 1046),
(1045, 1047),
(1048, 1049),
(1048, 1050),
(1052, 1053),
(1052, 1054),
(1058, 1059),
(1058, 1060),
(1065, 1066),
(1084, 1085),
(1084, 1087),
(1088, 1089),
(1088, 1091),
(1092, 1096),
(1092, 1097),
(1093, 1094),
(1093, 1095),
(1097, 1098),
(1097, 1099),
(1101, 1103),
(1104, 1106),
(1107, 1109),
(1110, 1112),
(1113, 1115),
(1116, 1118),
(1119, 1121),
(1122, 1124),
(1125, 1127),
(1128, 1130),
(1131, 1133),
(1134, 1136),
(1137, 1139),
(1140, 1142),
(1143, 1145),
(1146, 1148),
(1149, 1151),
(1152, 1154),
(1155, 1157),
(1158, 1160),
(1161, 1163),
(1164, 1166),
(1167, 1169),
(1170, 1172),
(1173, 1175),
(1176, 1178),
(1179, 1181),
(1182, 1184),
(1185, 1187),
(1188, 1190),
(1191, 1193),
(1194, 1196),
(1197, 1199),
(1200, 1202),
(1203, 1205),
(1206, 1208),
(1209, 1211),
(1212, 1214),
(1215, 1217),
(1218, 1220),
(1221, 1223),
(1224, 1226),
(1227, 1229),
(1230, 1232),
(1233, 1235),
(1236, 1238),
(1239, 1241),
(1242, 1244),
(1245, 1247),
(1248, 1250),
(1251, 1253),
(1254, 1256),
(1257, 1259),
(1260, 1262),
(1263, 1265),
(1266, 1268),
(1269, 1271),
(1272, 1274),
(1275, 1277),
(1278, 1280),
(1281, 1283),
(1284, 1286),
(1287, 1289),
(1290, 1292),
(1293, 1295),
(1296, 1298),
(1299, 1301),
(1302, 1304),
(1305, 1307),
(1308, 1310),
(1311, 1313),
(1314, 1316),
(1317, 1319),
(1320, 1322),
(1323, 1325),
(1326, 1328),
(1329, 1331),
(1332, 1334),
(1335, 1337),
(1338, 1340),
(1341, 1343),
(1344, 1346),
(1347, 1349),
(1350, 1352),
(1353, 1355),
(1356, 1358),
(1359, 1361),
(1362, 1364),
(1365, 1367),
(1368, 1370),
(1371, 1373),
(1374, 1376),
(1377, 1379),
(1380, 1382),
(1383, 1385),
(1386, 1388),
(1389, 1391),
(1392, 1394),
(1395, 1397),
(1398, 1400),
(1401, 1403),
(1404, 1406),
(1407, 1409),
(1410, 1412),
(1413, 1415),
(1416, 1418),
(1419, 1421),
(1422, 1424),
(1425, 1427),
(1428, 1430),
(1431, 1433),
(1434, 1436),
(1437, 1439),
(1440, 1442),
(1443, 1445),
(1446, 1448),
(1449, 1451),
(1452, 1454),
(1455, 1457),
(1458, 1460),
(1461, 1463),
(1464, 1466),
(1467, 1469),
(1470, 1472),
(1473, 1475),
(1476, 1478),
(1479, 1481),
(1482, 1484),
(1485, 1487),
(1488, 1490),
(1491, 1493),
(1494, 1496),
(1497, 1499),
(1500, 1502),
(1503, 1505),
(1506, 1508),
(1509, 1511),
(1512, 1514),
(1515, 1517),
(1518, 1520),
(1521, 1523),
(1524, 1526),
(1527, 1529),
(1530, 1532),
(1533, 1535),
(1536, 1538),
(1539, 1541),
(1542, 1544),
(1545, 1547),
(1548, 1550),
(1551, 1553),
(1554, 1556),
(1557, 1559),
(1560, 1562),
(1563, 1565),
(1566, 1568),
(1569, 1571),
(1572, 1574),
(1575, 1577),
(1578, 1580),
(1581, 1583),
(1584, 1586),
(1587, 1589),
(1590, 1592),
(1593, 1595),
(1596, 1598),
(1599, 1601),
(1602, 1604),
(1605, 1607),
(1608, 1610),
(1611, 1613),
(1614, 1616),
(1617, 1619),
(1620, 1622),
(1623, 1625),
(1626, 1628),
(1629, 1631),
(1632, 1634),
(1635, 1637),
(1638, 1640),
(1641, 1643),
(1644, 1646),
(1647, 1649),
(1650, 1652),
(1653, 1655),
(1656, 1658),
(1659, 1661),
(1662, 1664),
(1665, 1667),
(1668, 1670),
(1671, 1673),
(1674, 1676),
(1677, 1679),
(1680, 1682),
(1683, 1685),
(1686, 1688),
(1689, 1691),
(1692, 1694),
(1695, 1697),
(1698, 1700),
(1701, 1703),
(1704, 1706),
(1707, 1709),
(1710, 1712),
(1713, 1715),
(1716, 1718),
(1719, 1721),
(1722, 1724),
(1725, 1727),
(1728, 1730),
(1731, 1733),
(1734, 1736),
(1737, 1739),
(1740, 1742),
(1743, 1745),
(1746, 1748),
(1749, 1751),
(1752, 1754),
(1755, 1757),
(1758, 1760),
(1761, 1763),
(1764, 1766),
(1767, 1769),
(1770, 1772),
(1773, 1775),
(1776, 1778),
(1779, 1781),
(1782, 1784),
(1785, 1787),
(1788, 1790),
(1791, 1793),
(1794, 1796),
(1797, 1799),
(1800, 1802),
(1803, 1805),
(1806, 1808),
(1809, 1811),
(1812, 1814),
(1815, 1817),
(1818, 1820),
(1821, 1823),
(1824, 1826),
(1827, 1829),
(1830, 1832),
(1833, 1835),
(1836, 1838),
(1839, 1841),
(1842, 1844),
(1845, 1847),
(1848, 1850),
(1851, 1853),
(1854, 1856),
(1857, 1859),
(1860, 1862),
(1863, 1865),
(1866, 1868),
(1869, 1871),
(1872, 1874),
(1875, 1877),
(1878, 1880),
(1881, 1883),
(1884, 1886),
(1887, 1889),
(1890, 1892),
(1893, 1895),
(1896, 1898),
(1899, 1901),
(1902, 1904),
(1905, 1907),
(1908, 1910),
(1911, 1913),
(1914, 1916),
(1917, 1919),
(1920, 1922),
(1923, 1925),
(1926, 1928),
(1929, 1931),
(1932, 1934),
(1935, 1937),
(1938, 1940),
(1941, 1943),
(1944, 1946),
(1947, 1949),
(1954, 1956),
(1954, 1958),
(1954, 1959),
(1954, 1960),
(1962, 1964),
(1965, 1967),
(1965, 1968),
(1965, 1969),
(1987, 1989),
(1990, 1992),
(1993, 1995),
(2004, 2006),
(2004, 2008),
(2004, 2009),
(2004, 2010),
(2578, 2580),
(2578, 2582),
(2578, 2584),
(2587, 2588),
(2587, 2590),
(2591, 2592),
(2591, 2594),
(2595, 2596),
(2595, 2598),
(2599, 2600),
(2599, 2602),
(2603, 2604),
(2603, 2606),
(2607, 2608),
(2607, 2610),
(2611, 2612),
(2611, 2614),
(2615, 2616),
(2615, 2618),
(2619, 2620),
(2619, 2622),
(2623, 2624),
(2623, 2626),
(2627, 2628),
(2627, 2630),
(2631, 2632),
(2631, 2634),
(2635, 2636),
(2635, 2638),
(2639, 2640),
(2639, 2642),
(2643, 2644),
(2643, 2646),
(2647, 2648),
(2647, 2650),
(2673, 2675),
(2682, 2684),
(2685, 2686),
(2685, 2688),
(2689, 2690),
(2689, 2692),
(2694, 2695),
(2694, 2697),
(2721, 2723),
(2721, 2725),
(2728, 2729),
(2728, 2731),
(2732, 2733),
(2732, 2735),
(2736, 2737),
(2736, 2739),
(2740, 2741),
(2740, 2743),
(2744, 2745),
(2744, 2747),
(2748, 2749),
(2748, 2751),
(2752, 2753),
(2752, 2755),
(2756, 2757),
(2756, 2759),
(2772, 2774),
(2775, 2777),
(2778, 2780),
(2781, 2783),
(2800, 2802),
(2800, 2804),
(2800, 2806),
(2800, 2808),
(2809, 2810),
(2811, 2813),
(2814, 2816),
(2814, 2818),
(2814, 2820),
(2838, 2840),
(2838, 2842),
(2846, 2847),
(2848, 2849),
(2850, 2852),
(2853, 2855),
(2856, 2858),
(2859, 2860),
(2867, 2869),
(2867, 2870),
(2867, 2871),
(2877, 2879),
(2877, 2881),
(2882, 2883),
(2882, 2885),
(2886, 2887),
(2886, 2889),
(2890, 2891),
(2890, 2893),
(2894, 2895),
(2894, 2897),
(2898, 2899),
(2898, 2901),
(2902, 2903),
(2902, 2905),
(2906, 2907),
(2906, 2909),
(2910, 2911),
(2910, 2913),
(2914, 2915),
(2914, 2917),
(2918, 2919),
(2918, 2921),
(2922, 2923),
(2922, 2925),
(2926, 2927),
(2926, 2929),
(2930, 2931),
(2930, 2933),
(2934, 2935),
(2934, 2937),
(2938, 2939),
(2938, 2941),
(2942, 2943),
(2942, 2945),
(2975, 2976),
(2975, 2978),
(2979, 2980),
(2979, 2982),
(2983, 2984),
(2983, 2986),
(2987, 2988),
(2987, 2990),
(2991, 2992),
(2991, 2994),
(2995, 2996),
(2995, 2998),
(2999, 3000),
(2999, 3002),
(3003, 3004),
(3003, 3006),
(3015, 3017),
(3015, 3019),
(3015, 3020),
(3024, 3026),
(3027, 3028),
(3032, 3034),
(3032, 3036),
(3032, 3038),
(3041, 3043),
(3044, 3046),
(3047, 3049),
(3050, 3052),
(3053, 3055),
(3056, 3058),
(3059, 3061),
(3062, 3064),
(3065, 3067),
(3068, 3070),
(3071, 3073),
(3074, 3076),
(3077, 3079),
(3080, 3082),
(3083, 3085),
(3086, 3088),
(3089, 3091),
(3092, 3094),
(3095, 3097),
(3098, 3100),
(3101, 3103),
(3104, 3106),
(3107, 3109),
(3110, 3112),
(3113, 3115),
(3116, 3118),
(3119, 3121),
(3122, 3124),
(3125, 3127),
(3128, 3130),
(3131, 3133),
(3134, 3136),
(3137, 3139),
(3140, 3142),
(3143, 3145),
(3146, 3148),
(3149, 3151),
(3152, 3154),
(3155, 3157),
(3158, 3160),
(3161, 3163),
(3164, 3166),
(3167, 3169),
(3170, 3172),
(3173, 3175),
(3176, 3178),
(3179, 3181),
(3182, 3184),
(3185, 3187),
(3188, 3190),
(3191, 3193),
(3194, 3196),
(3197, 3199),
(3200, 3202),
(3203, 3205),
(3206, 3208),
(3209, 3211),
(3212, 3214),
(3215, 3217),
(3218, 3220),
(3221, 3223),
(3224, 3226),
(3227, 3229),
(3230, 3232),
(3233, 3235),
(3236, 3238),
(3239, 3241),
(3242, 3244),
(3245, 3247),
(3248, 3250),
(3251, 3253),
(3254, 3256),
(3257, 3259),
(3260, 3262),
(3263, 3265),
(3266, 3268),
(3269, 3271),
(3272, 3274),
(3275, 3277),
(3278, 3280),
(3281, 3283),
(3284, 3286),
(3287, 3289),
(3290, 3292),
(3293, 3295),
(3296, 3298),
(3299, 3301),
(3302, 3304),
(3305, 3307),
(3308, 3310),
(3311, 3313),
(3314, 3316),
(3317, 3319),
(3320, 3322),
(3323, 3325),
(3326, 3328),
(3329, 3331),
(3332, 3334),
(3335, 3337),
(3338, 3340),
(3341, 3343),
(3344, 3346),
(3347, 3349),
(3350, 3352),
(3353, 3355),
(3356, 3358),
(3359, 3361),
(3362, 3364),
(3365, 3367),
(3368, 3370),
(3371, 3373),
(3374, 3376),
(3377, 3379),
(3380, 3382),
(3383, 3385),
(3386, 3388),
(3389, 3391),
(3392, 3394),
(3395, 3397),
(3398, 3400),
(3401, 3403),
(3404, 3406),
(3407, 3409),
(3410, 3412),
(3413, 3415),
(3416, 3418),
(3419, 3421),
(3422, 3424),
(3425, 3427),
(3428, 3430),
(3431, 3433),
(3434, 3436),
(3437, 3439),
(3440, 3442),
(3443, 3445),
(3446, 3448),
(3449, 3451),
(3452, 3454),
(3455, 3457),
(3458, 3460),
(3461, 3463),
(3464, 3466),
(3467, 3469),
(3470, 3472),
(3473, 3475),
(3476, 3478),
(3479, 3481),
(3482, 3484),
(3485, 3487),
(3488, 3490),
(3491, 3493),
(3494, 3496),
(3497, 3499),
(3500, 3502),
(3503, 3505),
(3506, 3508),
(3509, 3511),
(3512, 3514),
(3515, 3517),
(3518, 3520),
(3521, 3523),
(3524, 3526),
(3527, 3529),
(3530, 3532),
(3533, 3535),
(3536, 3538),
(3539, 3541),
(3542, 3544),
(3545, 3547),
(3548, 3550),
(3551, 3553),
(3554, 3556),
(3557, 3559),
(3560, 3562),
(3563, 3565),
(3566, 3568),
(3569, 3571),
(3572, 3574),
(3575, 3577),
(3578, 3580),
(3581, 3583),
(3584, 3586),
(3587, 3589),
(3590, 3592),
(3593, 3595),
(3596, 3598),
(3599, 3601),
(3602, 3604),
(3605, 3607),
(3608, 3610),
(3611, 3613),
(3614, 3616),
(3617, 3619),
(3620, 3622),
(3623, 3625),
(3626, 3628),
(3629, 3631),
(3632, 3634),
(3635, 3637),
(3638, 3640),
(3641, 3643),
(3644, 3646),
(3647, 3649),
(3650, 3652),
(3653, 3655),
(3656, 3658),
(3659, 3661),
(3662, 3664),
(3665, 3667),
(3668, 3670),
(3671, 3673),
(3674, 3676),
(3677, 3679),
(3680, 3682),
(3683, 3685),
(3686, 3688),
(3689, 3691),
(3692, 3694),
(3695, 3697),
(3698, 3700),
(3701, 3703),
(3704, 3706),
(3707, 3709),
(3710, 3712),
(3713, 3715),
(3716, 3718),
(3719, 3721),
(3722, 3724),
(3725, 3727),
(3728, 3730),
(3731, 3733),
(3734, 3736),
(3737, 3739),
(3740, 3742),
(3743, 3745),
(3746, 3748),
(3749, 3751),
(3752, 3754),
(3755, 3757),
(3758, 3760),
(3761, 3763),
(3764, 3766),
(3767, 3769),
(3770, 3772),
(3773, 3775),
(3776, 3778),
(3779, 3781),
(3782, 3784),
(3785, 3787),
(3788, 3790),
(3791, 3793),
(3794, 3796),
(3797, 3799),
(3800, 3802),
(3803, 3805),
(3806, 3808),
(3809, 3811),
(3812, 3814),
(3815, 3817),
(3818, 3820),
(3821, 3823),
(3824, 3826),
(3827, 3829),
(3830, 3832),
(3833, 3835),
(3836, 3838),
(3839, 3841),
(3842, 3844),
(3845, 3847),
(3848, 3850),
(3851, 3853),
(3854, 3856),
(3857, 3859),
(3860, 3862),
(3863, 3865),
(3866, 3868),
(3869, 3871),
(3872, 3874),
(3875, 3877),
(3878, 3880),
(3881, 3883),
(3884, 3886),
(3887, 3889),
(3890, 3892),
(3890, 3894),
(3890, 3895),
(3890, 3896),
(3898, 3900),
(3901, 3903),
(3904, 3906),
(3907, 3909);

--
-- Daten für Tabelle `cost`
--

INSERT INTO `cost` (`id`, `name`) VALUES
(1, '4 KaP (Aktivierung der Liturgie) + 2 KaP pro Minute'),
(2, '8 KaP'),
(3, '16 KaP (Aktivierung) + 8 KaP pro 5 Minuten'),
(4, '4 KaP'),
(5, '2 KaP pro Giftstufe (Kosten nicht modifizierbar)'),
(6, '1 KaP pro LeP, mindestens jedoch 4 KaP (Kosten sind nicht modifizierbar)'),
(7, '4 KaP (Kosten sind nicht modifizierbar)'),
(8, '8 KaP (Kosten sind nicht modifizierbar)'),
(9, '2 KaP pro Krankheitsstufe (Kosten nicht modifizierbar)'),
(10, '8 KaP (Aktivierung der Liturgie) + 4 KaP pro 10 Minuten'),
(11, '2 KaP (Aktivierung) + 1 KaP pro 10 Minuten'),
(12, '16 KaP (Kosten sind nicht modifizierbar)'),
(13, '16 KaP'),
(14, '8 AsP (Kosten sind nicht modifizierbar)'),
(15, '4 AsP'),
(16, '16 AsP'),
(17, '8 AsP'),
(18, '32 AsP'),
(19, '2/4/8/16 AsP für einen Gegenstand von der Größe einer Tasse/Truhe/Tür/Burgtor (Kosten nicht modifizierbar)'),
(20, '4 AsP (Kosten nicht modifizierbar)'),
(21, '4 AsP (Kosten sind nicht modifizierbar)'),
(22, 'abhängig von der Waffe (nicht modifizierbar)'),
(23, '2 AsP'),
(24, '1 AsP'),
(25, '4 AsP (Aktivierung) +2 AsP pro 5 Minuten'),
(26, '1 AsP pro 5 Minuten'),
(27, '2 AsP pro 5 Minuten'),
(28, '4 AsP pro Stunde, 1 permanenter AsP bei der letzten Strophe'),
(29, '4 AsP pro Stunde'),
(30, '14 AsP'),
(31, '21 AsP'),
(32, '7 AsP'),
(33, 'Stufe der Krankheit in AsP'),
(34, '1 AsP + 3 AsP pro übertragenem Punkt'),
(35, '2 AsP + 3 AsP pro entzogenem Punkt'),
(36, '3 AsP'),
(37, '3 AsP, danach 1 bzw. 2 AsP pro Kampfrunde'),
(38, 'keine'),
(39, ' '),
(40, 'alle AsP, mindestens aber 8 AsP'),
(41, '1 AsP pro 10 Minuten'),
(42, '8 AsP pro 5 Minuten'),
(43, '1 AsP pro Kampfrunde'),
(44, '4 AsP pro Minute'),
(45, '2 AsP pro Minute'),
(46, '4 AsP (Aktivierung des Zaubers) + 2 AsP pro 5 Minuten'),
(47, '8 AsP (Aktivierung des Zaubers) + 4 AsP pro Stunde'),
(48, '16 AsP (Kosten sind nicht modifizierbar)'),
(49, '32 AsP (Kosten sind nicht modifizierbar)'),
(50, '4 AsP für RS 1, 8 AsP für RS 2, 16 AsP für RS 3 (Kosten sind nicht modifizierbar)'),
(51, '8 AsP (Aktivierung des Zaubers) + 4 AsP pro 10 Minuten'),
(52, '8 (Aktivierung des Zaubers) + 4 AsP pro 10 Minuten'),
(53, '2 AsP (Kosten nicht modifizierbar)'),
(54, '1 AsP pro LeP, mindestens jedoch 4 AsP (Kosten sind nicht modifizierbar)'),
(55, '8 AsP (Aktivierung des Zaubers), 4 AsP pro 30 Sekunden'),
(56, '8 AsP bzw. 16 AsP für Zauber mit Zielkategorie Zone'),
(57, 'mindestens 4 AsP (Kosten sind nicht modifizierbar)'),
(58, '8 AsP (Aktivierung des Zaubers) + 4 AsP pro 5 Minuten'),
(59, '16 AsP (Aktivierung des Zaubers) + 8 AsP pro 5 Minuten'),
(60, '4 AsP pro Doppelgänger (bei Misslingen entsprechend 2 AsP)'),
(61, '4 AsP (Aktivierung des Zaubers) + 2 AsP pro Kampfrunde'),
(62, '2 AsP (Aktivierung des Zaubers) + 1 AsP pro Stunde'),
(63, '8 AsP (Aktivierung) + 4 AsP pro 5 Minuten'),
(64, 'KL (t) des Tieres in AsP (Kosten nicht modifizierbar)'),
(65, 'mindestens 4 AsP (Aktivierung) + Hälfte der Aktivierungskosten pro 5 Minuten (Kosten sind nicht modifizierbar)'),
(66, '4 AsP (Aktivierung des Zaubers) + 2 AsP pro 10 Minuten'),
(67, '2 AsP (Aktivierung) + 1 AsP pro 10 Minuten'),
(68, '3 AsP pro Giftstufe (Kosten nicht modifizierbar)'),
(69, '8 AsP (Kosten nicht modifizierbar)'),
(70, 'mindestens 4 AsP (Aktivierung) + Hälfte der notwendigen AsP pro 5 Minuten (Kosten sind nicht modifizierbar)'),
(71, '4 AsP (Aktivierung des Zaubers) + 2 AsP pro Minute'),
(72, '8 AsP + 1 AsP pro zusätzlicher Meile'),
(73, '4 AsP (Aktivierung des Zaubers) + 2 AsP pro KR (Kosten nicht modifizierbar)'),
(74, '8 AsP (Aktivierung des Zaubers), 4 AsP pro Minute'),
(75, '4 AsP (Aktivierung des Zaubers), + 2 AsP pro 30 Sekunden'),
(76, '8 AsP + 1 AsP pro Meile (nicht modifizierbar)'),
(77, '8 AsP + 4 pro 5 Kampfrunden'),
(78, '32 KaP (Kosten nicht modifizierbar)'),
(79, '32 KaP'),
(80, '16 KaP, davon 2 permanent (nicht modifizierbar)');

--
-- Daten für Tabelle `dependency`
--

INSERT INTO `dependency` (`id`, `condition_id`, `effect_id`, `rule_id`) VALUES
(1, NULL, 1, NULL),
(2, 1, 2, NULL),
(3, 2, 3, NULL),
(4, 3, 4, NULL),
(5, 4, 5, NULL),
(6, 5, 6, NULL),
(7, 6, 7, NULL),
(8, 7, 8, NULL),
(9, 8, 9, NULL),
(10, 9, 10, NULL),
(11, 13, 11, NULL),
(12, 17, 12, NULL),
(13, 21, 13, NULL),
(14, 25, 14, NULL),
(15, 29, 15, NULL),
(16, 33, 16, NULL),
(17, 37, 17, NULL),
(18, 41, 18, NULL),
(19, 45, 19, NULL),
(20, 49, 20, NULL),
(21, 53, 21, NULL),
(22, 57, 22, NULL),
(23, 61, 23, NULL),
(24, 65, 24, NULL),
(25, 69, 25, NULL),
(26, 73, 26, NULL),
(27, 77, 27, NULL),
(28, 81, 28, NULL),
(29, 85, 29, NULL),
(30, 89, 30, NULL),
(31, 93, 31, NULL),
(32, 97, 32, NULL),
(33, 101, 33, NULL),
(34, 105, 34, NULL),
(35, 109, 35, NULL),
(36, 113, 36, NULL),
(37, 117, 37, NULL),
(38, 121, 38, NULL),
(39, 125, 39, NULL),
(40, 129, 40, NULL),
(41, 133, 41, NULL),
(42, 137, 42, NULL),
(43, 141, 43, NULL),
(44, 145, 44, NULL),
(45, 149, 45, NULL),
(46, 153, 46, NULL),
(47, 157, 47, NULL),
(48, 161, 48, NULL),
(49, 165, 49, NULL),
(50, 169, 50, NULL),
(51, 173, 51, NULL),
(52, 177, 52, NULL),
(53, 181, 53, NULL),
(54, 185, 54, NULL),
(55, 189, 55, NULL),
(56, 193, 56, NULL),
(57, 197, 57, NULL),
(58, 201, 58, NULL),
(59, 205, 59, NULL),
(60, 209, 60, NULL),
(61, 213, 61, NULL),
(62, 217, 62, NULL),
(63, 221, 63, NULL),
(64, 225, 64, NULL),
(65, 229, 65, NULL),
(66, 233, 66, NULL),
(67, 237, 67, NULL),
(68, 241, 68, NULL),
(69, 245, 69, NULL),
(70, 264, 70, NULL),
(71, 283, 71, NULL),
(72, 286, 72, NULL),
(73, 289, 73, NULL),
(74, 290, 74, NULL),
(75, 291, 75, NULL),
(76, 292, 76, NULL),
(77, 293, 77, NULL),
(78, 294, 78, NULL),
(79, 295, 79, NULL),
(80, 297, 80, NULL),
(81, 298, 81, NULL),
(82, 299, 82, NULL),
(83, 300, 83, NULL),
(84, 301, 84, NULL),
(85, 303, 85, NULL),
(86, 305, 86, NULL),
(87, 308, 87, NULL),
(88, 310, 88, NULL),
(89, 312, 89, NULL),
(90, 315, 90, NULL),
(91, 319, 91, NULL),
(92, 324, 92, NULL),
(93, 326, 93, NULL),
(94, 328, 94, NULL),
(95, 330, 95, NULL),
(96, 334, 96, NULL),
(97, 338, 97, NULL),
(98, 342, 98, NULL),
(99, 346, 99, NULL),
(100, 348, 100, NULL),
(101, 351, 101, NULL),
(102, 354, 102, NULL),
(103, 356, 103, NULL),
(104, 358, 104, NULL),
(105, 361, 105, NULL),
(106, 363, 106, NULL),
(107, 366, 107, NULL),
(108, 369, 108, NULL),
(109, 372, 109, NULL),
(110, 375, 110, NULL),
(111, 378, 111, NULL),
(112, 380, 112, NULL),
(113, 383, 113, NULL),
(114, 385, 114, NULL),
(115, 386, 115, NULL),
(116, 390, 116, NULL),
(117, 394, 117, NULL),
(118, 398, 118, NULL),
(119, 402, 119, NULL),
(120, 403, 120, NULL),
(121, 405, 121, NULL),
(122, 408, 122, NULL),
(123, 409, 123, NULL),
(124, 413, 124, NULL),
(125, 414, 125, NULL),
(126, 415, 126, NULL),
(127, 416, 127, NULL),
(128, 417, 128, NULL),
(129, 419, 129, NULL),
(130, 420, 130, NULL),
(131, 421, 131, NULL),
(132, 424, 132, NULL),
(133, 426, 133, NULL),
(134, 429, 134, NULL),
(135, 431, 135, NULL),
(136, 433, 136, NULL),
(137, 435, 137, NULL),
(138, 436, 138, NULL),
(139, 439, 139, NULL),
(140, 440, 140, NULL),
(141, 444, 141, NULL),
(142, 450, 142, NULL),
(143, 454, 143, NULL),
(144, 455, 144, NULL),
(145, 456, 145, NULL),
(146, 458, 146, NULL),
(147, 459, 147, NULL),
(148, 468, 148, NULL),
(149, 470, 149, NULL),
(150, 473, 150, NULL),
(151, 474, 151, NULL),
(152, 475, 152, NULL),
(153, 477, 153, NULL),
(154, 479, 154, NULL),
(155, 483, 155, NULL),
(156, 484, 156, NULL),
(157, 485, 157, NULL),
(158, 488, 158, NULL),
(159, 489, 159, NULL),
(160, 490, 160, NULL),
(161, 494, 161, NULL),
(162, 497, 162, NULL),
(163, 499, 163, NULL),
(164, 500, 164, NULL),
(165, 501, 165, NULL),
(166, 504, 166, NULL),
(167, 506, 167, NULL),
(168, 507, 168, NULL),
(169, 511, 169, NULL),
(170, 513, 170, NULL),
(171, 514, 171, NULL),
(172, 515, 172, NULL),
(173, 519, 173, NULL),
(174, 522, 174, NULL),
(175, 526, 175, NULL),
(176, 527, 176, NULL),
(177, 528, 177, NULL),
(178, 532, 178, NULL),
(179, 536, 179, NULL),
(180, 537, 180, NULL),
(181, 540, 181, NULL),
(182, 543, 182, NULL),
(183, 544, 183, NULL),
(184, 545, 184, NULL),
(185, 546, 185, NULL),
(186, 548, 186, NULL),
(187, 551, 187, NULL),
(188, 555, 188, NULL),
(189, 559, 189, NULL),
(190, 561, 190, NULL),
(191, 565, 191, NULL),
(192, 566, 192, NULL),
(193, 569, 193, NULL),
(194, 570, 194, NULL),
(195, 571, 195, NULL),
(196, 572, 196, NULL),
(197, 575, 197, NULL),
(198, 576, 198, NULL),
(199, 579, 199, NULL),
(200, 582, 200, NULL),
(201, 585, 201, NULL),
(202, 590, 202, NULL),
(203, 593, 203, NULL),
(204, 595, 204, NULL),
(205, 596, 205, NULL),
(206, 601, 206, NULL),
(207, 604, 207, NULL),
(208, 607, 208, NULL),
(209, 611, 209, NULL),
(210, 612, 210, NULL),
(211, 613, 211, NULL),
(212, 614, 212, NULL),
(213, 615, 213, NULL),
(214, 616, 214, NULL),
(215, 617, 215, NULL),
(216, 618, 216, NULL),
(217, 621, 217, NULL),
(218, 622, 218, NULL),
(219, 623, 219, NULL),
(220, 624, 220, NULL),
(221, 627, 221, NULL),
(222, 628, 222, NULL),
(223, 632, 223, NULL),
(224, 634, 224, NULL),
(225, 635, 225, NULL),
(226, 637, 226, NULL),
(227, 640, 227, NULL),
(228, 643, 228, NULL),
(229, 646, 229, NULL),
(230, 647, 230, NULL),
(231, 650, 231, NULL),
(232, 653, 232, NULL),
(233, 654, 233, NULL),
(234, 655, 234, NULL),
(235, 656, 235, NULL),
(236, 657, 236, NULL),
(237, 660, 237, NULL),
(238, 662, 238, NULL),
(239, 664, 239, NULL),
(240, 666, 240, NULL),
(241, 669, 241, NULL),
(242, 671, 242, NULL),
(243, 673, 243, NULL),
(244, 676, 244, NULL),
(245, 678, 245, NULL),
(246, 680, 246, NULL),
(247, 682, 247, NULL),
(248, 684, 248, NULL),
(249, 686, 249, NULL),
(250, 688, 250, NULL),
(251, 691, 251, NULL),
(252, 693, 252, NULL),
(253, 695, 253, NULL),
(254, 697, 254, NULL),
(255, 699, 255, NULL),
(256, 701, 256, NULL),
(257, 702, 257, NULL),
(258, 706, 258, NULL),
(259, 710, 259, NULL),
(260, 714, 260, NULL),
(261, 715, 261, NULL),
(262, 719, 262, NULL),
(263, 723, 263, NULL),
(264, 727, 264, NULL),
(265, 731, 265, NULL),
(266, 735, 266, NULL),
(267, 739, 267, NULL),
(268, 743, 268, NULL),
(269, 746, 269, NULL),
(270, 747, 270, NULL),
(271, 748, 271, NULL),
(272, 749, 272, NULL),
(273, 750, 273, NULL),
(274, 756, 274, NULL),
(275, 762, 275, NULL),
(276, 768, 276, NULL),
(277, 771, 277, NULL),
(278, 772, 278, NULL),
(279, 776, 279, NULL),
(280, 780, 280, NULL),
(281, 784, 281, NULL),
(282, 785, 282, NULL),
(283, 786, 283, NULL),
(284, 787, 284, NULL),
(285, 793, 285, NULL),
(286, 799, 286, NULL),
(287, 805, 287, NULL),
(288, 811, 288, NULL),
(289, 812, 289, NULL),
(290, 813, 290, NULL),
(291, 817, 291, NULL),
(292, 818, 292, NULL),
(293, 819, 293, NULL),
(294, 825, 294, NULL),
(295, 831, 295, NULL),
(296, 837, 296, NULL),
(297, 843, 297, NULL),
(298, 844, 298, NULL),
(299, 845, 299, NULL),
(300, 846, 300, NULL),
(301, 847, 301, NULL),
(302, 850, 302, NULL),
(303, 851, 303, NULL),
(304, 854, 304, NULL),
(305, 855, 305, NULL),
(306, 856, 306, NULL),
(307, 860, 307, NULL),
(308, 864, 308, NULL),
(309, 868, 309, NULL),
(310, 872, 310, NULL),
(311, 878, 311, NULL),
(312, 884, 312, NULL),
(313, 890, 313, NULL),
(314, 896, 314, NULL),
(315, 897, 315, NULL),
(316, 901, 316, NULL),
(317, 905, 317, NULL),
(318, 909, 318, NULL),
(319, 915, 319, NULL),
(320, 921, 320, NULL),
(321, 927, 321, NULL),
(322, 930, 322, NULL),
(323, 931, 323, NULL),
(324, 932, 324, NULL),
(325, 935, 325, NULL),
(326, 939, 326, NULL),
(327, 943, 327, NULL),
(328, 947, 328, NULL),
(329, 951, 329, NULL),
(330, 955, 330, NULL),
(331, 961, 331, NULL),
(332, 967, 332, NULL),
(333, 973, 333, NULL),
(334, 979, 334, NULL),
(335, 980, 335, NULL),
(336, 981, 336, NULL),
(337, 982, 337, NULL),
(338, 983, 338, NULL),
(339, 989, 339, NULL),
(340, 995, 340, NULL),
(341, 1001, 341, NULL),
(342, 1007, 342, NULL),
(343, 1010, 343, NULL),
(344, 1011, 344, NULL),
(345, 1012, 345, NULL),
(346, 1013, 346, NULL),
(347, 1014, 347, NULL),
(348, 1015, 348, NULL),
(349, 1018, 349, NULL),
(350, 1019, 350, NULL),
(351, 1021, 351, NULL),
(352, 1024, 352, NULL),
(353, 1027, 353, NULL),
(354, 1028, 354, NULL),
(355, 1029, 355, NULL),
(356, 1030, 356, NULL),
(357, 1031, 357, NULL),
(358, 1032, 358, NULL),
(359, 1033, 359, NULL),
(360, 1034, 360, NULL),
(361, 1035, 361, NULL),
(362, 1039, 362, NULL),
(363, 1042, 363, NULL),
(364, 1043, 364, NULL),
(365, 1044, 365, NULL),
(366, 1045, 366, NULL),
(367, 1048, 367, NULL),
(368, 1051, 368, NULL),
(369, 1052, 369, NULL),
(370, 1055, 370, NULL),
(371, 1056, 371, NULL),
(372, 1057, 372, NULL),
(373, 1058, 373, NULL),
(374, 1061, 374, NULL),
(375, 1062, 375, NULL),
(376, 1063, 376, NULL),
(377, 1064, 377, NULL),
(378, 1065, 378, NULL),
(379, 1067, 379, NULL),
(380, 1068, 380, NULL),
(381, 1069, 381, NULL),
(382, 1070, 382, NULL),
(383, 1071, 383, NULL),
(384, 1072, 384, NULL),
(385, 1073, 385, NULL),
(386, 1074, 386, NULL),
(387, 1075, 387, NULL),
(388, 1076, 388, NULL),
(389, 1077, 389, NULL),
(390, 1078, 390, NULL),
(391, 1079, 391, NULL),
(392, 1080, 392, NULL),
(393, 1081, 393, NULL),
(394, 1082, 394, NULL),
(395, 1083, 395, NULL),
(396, 1084, 396, NULL),
(397, 1088, 397, NULL),
(398, 1092, 398, NULL),
(399, 1100, 399, NULL),
(400, 1101, 400, NULL),
(401, 1104, 401, NULL),
(402, 1107, 402, NULL),
(403, 1110, 403, NULL),
(404, 1113, 404, NULL),
(405, 1116, 405, NULL),
(406, 1119, 406, NULL),
(407, 1122, 407, NULL),
(408, 1125, 408, NULL),
(409, 1128, 409, NULL),
(410, 1131, 410, NULL),
(411, 1134, 411, NULL),
(412, 1137, 412, NULL),
(413, 1140, 413, NULL),
(414, 1143, 414, NULL),
(415, 1146, 415, NULL),
(416, 1149, 416, NULL),
(417, 1152, 417, NULL),
(418, 1155, 418, NULL),
(419, 1158, 419, NULL),
(420, 1161, 420, NULL),
(421, 1164, 421, NULL),
(422, 1167, 422, NULL),
(423, 1170, 423, NULL),
(424, 1173, 424, NULL),
(425, 1176, 425, NULL),
(426, 1179, 426, NULL),
(427, 1182, 427, NULL),
(428, 1185, 428, NULL),
(429, 1188, 429, NULL),
(430, 1191, 430, NULL),
(431, 1194, 431, NULL),
(432, 1197, 432, NULL),
(433, 1200, 433, NULL),
(434, 1203, 434, NULL),
(435, 1206, 435, NULL),
(436, 1209, 436, NULL),
(437, 1212, 437, NULL),
(438, 1215, 438, NULL),
(439, 1218, 439, NULL),
(440, 1221, 440, NULL),
(441, 1224, 441, NULL),
(442, 1227, 442, NULL),
(443, 1230, 443, NULL),
(444, 1233, 444, NULL),
(445, 1236, 445, NULL),
(446, 1239, 446, NULL),
(447, 1242, 447, NULL),
(448, 1245, 448, NULL),
(449, 1248, 449, NULL),
(450, 1251, 450, NULL),
(451, 1254, 451, NULL),
(452, 1257, 452, NULL),
(453, 1260, 453, NULL),
(454, 1263, 454, NULL),
(455, 1266, 455, NULL),
(456, 1269, 456, NULL),
(457, 1272, 457, NULL),
(458, 1275, 458, NULL),
(459, 1278, 459, NULL),
(460, 1281, 460, NULL),
(461, 1284, 461, NULL),
(462, 1287, 462, NULL),
(463, 1290, 463, NULL),
(464, 1293, 464, NULL),
(465, 1296, 465, NULL),
(466, 1299, 466, NULL),
(467, 1302, 467, NULL),
(468, 1305, 468, NULL),
(469, 1308, 469, NULL),
(470, 1311, 470, NULL),
(471, 1314, 471, NULL),
(472, 1317, 472, NULL),
(473, 1320, 473, NULL),
(474, 1323, 474, NULL),
(475, 1326, 475, NULL),
(476, 1329, 476, NULL),
(477, 1332, 477, NULL),
(478, 1335, 478, NULL),
(479, 1338, 479, NULL),
(480, 1341, 480, NULL),
(481, 1344, 481, NULL),
(482, 1347, 482, NULL),
(483, 1350, 483, NULL),
(484, 1353, 484, NULL),
(485, 1356, 485, NULL),
(486, 1359, 486, NULL),
(487, 1362, 487, NULL),
(488, 1365, 488, NULL),
(489, 1368, 489, NULL),
(490, 1371, 490, NULL),
(491, 1374, 491, NULL),
(492, 1377, 492, NULL),
(493, 1380, 493, NULL),
(494, 1383, 494, NULL),
(495, 1386, 495, NULL),
(496, 1389, 496, NULL),
(497, 1392, 497, NULL),
(498, 1395, 498, NULL),
(499, 1398, 499, NULL),
(500, 1401, 500, NULL),
(501, 1404, 501, NULL),
(502, 1407, 502, NULL),
(503, 1410, 503, NULL),
(504, 1413, 504, NULL),
(505, 1416, 505, NULL),
(506, 1419, 506, NULL),
(507, 1422, 507, NULL),
(508, 1425, 508, NULL),
(509, 1428, 509, NULL),
(510, 1431, 510, NULL),
(511, 1434, 511, NULL),
(512, 1437, 512, NULL),
(513, 1440, 513, NULL),
(514, 1443, 514, NULL),
(515, 1446, 515, NULL),
(516, 1449, 516, NULL),
(517, 1452, 517, NULL),
(518, 1455, 518, NULL),
(519, 1458, 519, NULL),
(520, 1461, 520, NULL),
(521, 1464, 521, NULL),
(522, 1467, 522, NULL),
(523, 1470, 523, NULL),
(524, 1473, 524, NULL),
(525, 1476, 525, NULL),
(526, 1479, 526, NULL),
(527, 1482, 527, NULL),
(528, 1485, 528, NULL),
(529, 1488, 529, NULL),
(530, 1491, 530, NULL),
(531, 1494, 531, NULL),
(532, 1497, 532, NULL),
(533, 1500, 533, NULL),
(534, 1503, 534, NULL),
(535, 1506, 535, NULL),
(536, 1509, 536, NULL),
(537, 1512, 537, NULL),
(538, 1515, 538, NULL),
(539, 1518, 539, NULL),
(540, 1521, 540, NULL),
(541, 1524, 541, NULL),
(542, 1527, 542, NULL),
(543, 1530, 543, NULL),
(544, 1533, 544, NULL),
(545, 1536, 545, NULL),
(546, 1539, 546, NULL),
(547, 1542, 547, NULL),
(548, 1545, 548, NULL),
(549, 1548, 549, NULL),
(550, 1551, 550, NULL),
(551, 1554, 551, NULL),
(552, 1557, 552, NULL),
(553, 1560, 553, NULL),
(554, 1563, 554, NULL),
(555, 1566, 555, NULL),
(556, 1569, 556, NULL),
(557, 1572, 557, NULL),
(558, 1575, 558, NULL),
(559, 1578, 559, NULL),
(560, 1581, 560, NULL),
(561, 1584, 561, NULL),
(562, 1587, 562, NULL),
(563, 1590, 563, NULL),
(564, 1593, 564, NULL),
(565, 1596, 565, NULL),
(566, 1599, 566, NULL),
(567, 1602, 567, NULL),
(568, 1605, 568, NULL),
(569, 1608, 569, NULL),
(570, 1611, 570, NULL),
(571, 1614, 571, NULL),
(572, 1617, 572, NULL),
(573, 1620, 573, NULL),
(574, 1623, 574, NULL),
(575, 1626, 575, NULL),
(576, 1629, 576, NULL),
(577, 1632, 577, NULL),
(578, 1635, 578, NULL),
(579, 1638, 579, NULL),
(580, 1641, 580, NULL),
(581, 1644, 581, NULL),
(582, 1647, 582, NULL),
(583, 1650, 583, NULL),
(584, 1653, 584, NULL),
(585, 1656, 585, NULL),
(586, 1659, 586, NULL),
(587, 1662, 587, NULL),
(588, 1665, 588, NULL),
(589, 1668, 589, NULL),
(590, 1671, 590, NULL),
(591, 1674, 591, NULL),
(592, 1677, 592, NULL),
(593, 1680, 593, NULL),
(594, 1683, 594, NULL),
(595, 1686, 595, NULL),
(596, 1689, 596, NULL),
(597, 1692, 597, NULL),
(598, 1695, 598, NULL),
(599, 1698, 599, NULL),
(600, 1701, 600, NULL),
(601, 1704, 601, NULL),
(602, 1707, 602, NULL),
(603, 1710, 603, NULL),
(604, 1713, 604, NULL),
(605, 1716, 605, NULL),
(606, 1719, 606, NULL),
(607, 1722, 607, NULL),
(608, 1725, 608, NULL),
(609, 1728, 609, NULL),
(610, 1731, 610, NULL),
(611, 1734, 611, NULL),
(612, 1737, 612, NULL),
(613, 1740, 613, NULL),
(614, 1743, 614, NULL),
(615, 1746, 615, NULL),
(616, 1749, 616, NULL),
(617, 1752, 617, NULL),
(618, 1755, 618, NULL),
(619, 1758, 619, NULL),
(620, 1761, 620, NULL),
(621, 1764, 621, NULL),
(622, 1767, 622, NULL),
(623, 1770, 623, NULL),
(624, 1773, 624, NULL),
(625, 1776, 625, NULL),
(626, 1779, 626, NULL),
(627, 1782, 627, NULL),
(628, 1785, 628, NULL),
(629, 1788, 629, NULL),
(630, 1791, 630, NULL),
(631, 1794, 631, NULL),
(632, 1797, 632, NULL),
(633, 1800, 633, NULL),
(634, 1803, 634, NULL),
(635, 1806, 635, NULL),
(636, 1809, 636, NULL),
(637, 1812, 637, NULL),
(638, 1815, 638, NULL),
(639, 1818, 639, NULL),
(640, 1821, 640, NULL),
(641, 1824, 641, NULL),
(642, 1827, 642, NULL),
(643, 1830, 643, NULL),
(644, 1833, 644, NULL),
(645, 1836, 645, NULL),
(646, 1839, 646, NULL),
(647, 1842, 647, NULL),
(648, 1845, 648, NULL),
(649, 1848, 649, NULL),
(650, 1851, 650, NULL),
(651, 1854, 651, NULL),
(652, 1857, 652, NULL),
(653, 1860, 653, NULL),
(654, 1863, 654, NULL),
(655, 1866, 655, NULL),
(656, 1869, 656, NULL),
(657, 1872, 657, NULL),
(658, 1875, 658, NULL),
(659, 1878, 659, NULL),
(660, 1881, 660, NULL),
(661, 1884, 661, NULL),
(662, 1887, 662, NULL),
(663, 1890, 663, NULL),
(664, 1893, 664, NULL),
(665, 1896, 665, NULL),
(666, 1899, 666, NULL),
(667, 1902, 667, NULL),
(668, 1905, 668, NULL),
(669, 1908, 669, NULL),
(670, 1911, 670, NULL),
(671, 1914, 671, NULL),
(672, 1917, 672, NULL),
(673, 1920, 673, NULL),
(674, 1923, 674, NULL),
(675, 1926, 675, NULL),
(676, 1929, 676, NULL),
(677, 1932, 677, NULL),
(678, 1935, 678, NULL),
(679, 1938, 679, NULL),
(680, 1941, 680, NULL),
(681, 1944, 681, NULL),
(682, 1947, 682, NULL),
(683, 1950, 683, NULL),
(684, 1951, 684, NULL),
(685, 1952, 685, NULL),
(686, 1953, 686, NULL),
(687, 1961, 687, NULL),
(688, 1962, 688, NULL),
(689, 1970, 689, NULL),
(690, 1972, 690, NULL),
(691, 1974, 691, NULL),
(692, 1976, 692, NULL),
(693, 1978, 693, NULL),
(694, 1980, 694, NULL),
(695, 1982, 695, NULL),
(696, 1984, 696, NULL),
(697, 1986, 697, NULL),
(698, 1987, 698, NULL),
(699, 1990, 699, NULL),
(700, 1993, 700, NULL),
(701, 1997, 701, NULL),
(702, 1999, 702, NULL),
(703, 2001, 703, NULL),
(704, 2003, 704, NULL),
(705, 2011, 705, NULL),
(706, 2013, 706, NULL),
(707, 2015, 707, NULL),
(708, 2017, 708, NULL),
(709, 2019, 709, NULL),
(710, 2021, 710, NULL),
(711, 2023, 711, NULL),
(712, 2025, 712, NULL),
(713, 2027, 713, NULL),
(714, 2029, 714, NULL),
(715, 2031, 715, NULL),
(716, 2033, 716, NULL),
(717, 2035, 717, NULL),
(718, 2037, 718, NULL),
(719, 2039, 719, NULL),
(720, 2041, 720, NULL),
(721, 2043, 721, NULL),
(722, 2045, 722, NULL),
(723, 2047, 723, NULL),
(724, 2049, 724, NULL),
(725, 2051, 725, NULL),
(726, 2053, 726, NULL),
(727, 2055, 727, NULL),
(728, 2057, 728, NULL),
(729, 2059, 729, NULL),
(730, 2061, 730, NULL),
(731, 2063, 731, NULL),
(732, 2065, 732, NULL),
(733, 2067, 733, NULL),
(734, 2069, 734, NULL),
(735, 2071, 735, NULL),
(736, 2073, 736, NULL),
(737, 2075, 737, NULL),
(738, 2077, 738, NULL),
(739, 2079, 739, NULL),
(740, 2081, 740, NULL),
(741, 2083, 741, NULL),
(742, 2085, 742, NULL),
(743, 2087, 743, NULL),
(744, 2089, 744, NULL),
(745, 2091, 745, NULL),
(746, 2093, 746, NULL),
(747, 2095, 747, NULL),
(748, 2097, 748, NULL),
(749, 2099, 749, NULL),
(750, 2101, 750, NULL),
(751, 2103, 751, NULL),
(752, 2105, 752, NULL),
(753, 2107, 753, NULL),
(754, 2109, 754, NULL),
(755, 2111, 755, NULL),
(756, 2113, 756, NULL),
(757, 2115, 757, NULL),
(758, 2117, 758, NULL),
(759, 2119, 759, NULL),
(760, 2121, 760, NULL),
(761, 2123, 761, NULL),
(762, 2125, 762, NULL),
(763, 2127, 763, NULL),
(764, 2129, 764, NULL),
(765, 2131, 765, NULL),
(766, 2133, 766, NULL),
(767, 2135, 767, NULL),
(768, 2137, 768, NULL),
(769, 2139, 769, NULL),
(770, 2141, 770, NULL),
(771, 2143, 771, NULL),
(772, 2145, 772, NULL),
(773, 2147, 773, NULL),
(774, 2149, 774, NULL),
(775, 2151, 775, NULL),
(776, 2153, 776, NULL),
(777, 2155, 777, NULL),
(778, 2157, 778, NULL),
(779, 2159, 779, NULL),
(780, 2161, 780, NULL),
(781, 2163, 781, NULL),
(782, 2165, 782, NULL),
(783, 2167, 783, NULL),
(784, 2169, 784, NULL),
(785, 2171, 785, NULL),
(786, 2173, 786, NULL),
(787, 2175, 787, NULL),
(788, 2177, 788, NULL),
(789, 2179, 789, NULL),
(790, 2181, 790, NULL),
(791, 2183, 791, NULL),
(792, 2185, 792, NULL),
(793, 2187, 793, NULL),
(794, 2189, 794, NULL),
(795, 2191, 795, NULL),
(796, 2193, 796, NULL),
(797, 2195, 797, NULL),
(798, 2197, 798, NULL),
(799, 2199, 799, NULL),
(800, 2201, 800, NULL),
(801, 2203, 801, NULL),
(802, 2205, 802, NULL),
(803, 2207, 803, NULL),
(804, 2209, 804, NULL),
(805, 2211, 805, NULL),
(806, 2213, 806, NULL),
(807, 2215, 807, NULL),
(808, 2217, 808, NULL),
(809, 2219, 809, NULL),
(810, 2221, 810, NULL),
(811, 2223, 811, NULL),
(812, 2225, 812, NULL),
(813, 2227, 813, NULL),
(814, 2229, 814, NULL),
(815, 2231, 815, NULL),
(816, 2233, 816, NULL),
(817, 2235, 817, NULL),
(818, 2237, 818, NULL),
(819, 2239, 819, NULL),
(820, 2241, 820, NULL),
(821, 2243, 821, NULL),
(822, 2245, 822, NULL),
(823, 2247, 823, NULL),
(824, 2249, 824, NULL),
(825, 2251, 825, NULL),
(826, 2253, 826, NULL),
(827, 2255, 827, NULL),
(828, 2257, 828, NULL),
(829, 2259, 829, NULL),
(830, 2261, 830, NULL),
(831, 2263, 831, NULL),
(832, 2265, 832, NULL),
(833, 2267, 833, NULL),
(834, 2269, 834, NULL),
(835, 2271, 835, NULL),
(836, 2273, 836, NULL),
(837, 2275, 837, NULL),
(838, 2277, 838, NULL),
(839, 2279, 839, NULL),
(840, 2281, 840, NULL),
(841, 2283, 841, NULL),
(842, 2285, 842, NULL),
(843, 2287, 843, NULL),
(844, 2289, 844, NULL),
(845, 2291, 845, NULL),
(846, 2293, 846, NULL),
(847, 2295, 847, NULL),
(848, 2297, 848, NULL),
(849, 2299, 849, NULL),
(850, 2301, 850, NULL),
(851, 2303, 851, NULL),
(852, 2305, 852, NULL),
(853, 2307, 853, NULL),
(854, 2309, 854, NULL),
(855, 2311, 855, NULL),
(856, 2313, 856, NULL),
(857, 2315, 857, NULL),
(858, 2317, 858, NULL),
(859, 2319, 859, NULL),
(860, 2321, 860, NULL),
(861, 2323, 861, NULL),
(862, 2325, 862, NULL),
(863, 2327, 863, NULL),
(864, 2329, 864, NULL),
(865, 2331, 865, NULL),
(866, 2333, 866, NULL),
(867, 2335, 867, NULL),
(868, 2337, 868, NULL),
(869, 2339, 869, NULL),
(870, 2341, 870, NULL),
(871, 2343, 871, NULL),
(872, 2345, 872, NULL),
(873, 2347, 873, NULL),
(874, 2349, 874, NULL),
(875, 2351, 875, NULL),
(876, 2353, 876, NULL),
(877, 2355, 877, NULL),
(878, 2357, 878, NULL),
(879, 2359, 879, NULL),
(880, 2361, 880, NULL),
(881, 2363, 881, NULL),
(882, 2365, 882, NULL),
(883, 2367, 883, NULL),
(884, 2369, 884, NULL),
(885, 2371, 885, NULL),
(886, 2373, 886, NULL),
(887, 2375, 887, NULL),
(888, 2377, 888, NULL),
(889, 2379, 889, NULL),
(890, 2381, 890, NULL),
(891, 2383, 891, NULL),
(892, 2385, 892, NULL),
(893, 2387, 893, NULL),
(894, 2389, 894, NULL),
(895, 2391, 895, NULL),
(896, 2393, 896, NULL),
(897, 2395, 897, NULL),
(898, 2397, 898, NULL),
(899, 2399, 899, NULL),
(900, 2401, 900, NULL),
(901, 2403, 901, NULL),
(902, 2405, 902, NULL),
(903, 2407, 903, NULL),
(904, 2409, 904, NULL),
(905, 2411, 905, NULL),
(906, 2413, 906, NULL),
(907, 2415, 907, NULL),
(908, 2417, 908, NULL),
(909, 2419, 909, NULL),
(910, 2421, 910, NULL),
(911, 2423, 911, NULL),
(912, 2425, 912, NULL),
(913, 2427, 913, NULL),
(914, 2429, 914, NULL),
(915, 2431, 915, NULL),
(916, 2433, 916, NULL),
(917, 2435, 917, NULL),
(918, 2437, 918, NULL),
(919, 2439, 919, NULL),
(920, 2441, 920, NULL),
(921, 2443, 921, NULL),
(922, 2445, 922, NULL),
(923, 2447, 923, NULL),
(924, 2449, 924, NULL),
(925, 2451, 925, NULL),
(926, 2453, 926, NULL),
(927, 2455, 927, NULL),
(928, 2457, 928, NULL),
(929, 2459, 929, NULL),
(930, 2461, 930, NULL),
(931, 2463, 931, NULL),
(932, 2465, 932, NULL),
(933, 2467, 933, NULL),
(934, 2469, 934, NULL),
(935, 2471, 935, NULL),
(936, 2473, 936, NULL),
(937, 2475, 937, NULL),
(938, 2477, 938, NULL),
(939, 2479, 939, NULL),
(940, 2481, 940, NULL),
(941, 2483, 941, NULL),
(942, 2485, 942, NULL),
(943, 2487, 943, NULL),
(944, 2489, 944, NULL),
(945, 2491, 945, NULL),
(946, 2493, 946, NULL),
(947, 2495, 947, NULL),
(948, 2497, 948, NULL),
(949, 2499, 949, NULL),
(950, 2501, 950, NULL),
(951, 2503, 951, NULL),
(952, 2505, 952, NULL),
(953, 2507, 953, NULL),
(954, 2509, 954, NULL),
(955, 2511, 955, NULL),
(956, 2513, 956, NULL),
(957, 2515, 957, NULL),
(958, 2517, 958, NULL),
(959, 2519, 959, NULL),
(960, 2521, 960, NULL),
(961, 2523, 961, NULL),
(962, 2525, 962, NULL),
(963, 2527, 963, NULL),
(964, 2529, 964, NULL),
(965, 2531, 965, NULL),
(966, 2533, 966, NULL),
(967, 2535, 967, NULL),
(968, 2537, 968, NULL),
(969, 2539, 969, NULL),
(970, 2541, 970, NULL),
(971, 2543, 971, NULL),
(972, 2545, 972, NULL),
(973, 2547, 973, NULL),
(974, 2549, 974, NULL),
(975, 2551, 975, NULL),
(976, 2553, 976, NULL),
(977, 2555, 977, NULL),
(978, 2557, 978, NULL),
(979, 2559, 979, NULL),
(980, 2561, 980, NULL),
(981, 2563, 981, NULL),
(982, 2565, 982, NULL),
(983, 2567, 983, NULL),
(984, 2569, 984, NULL),
(985, 2571, 985, NULL),
(986, 2573, 986, NULL),
(987, 2575, 987, NULL),
(988, 2577, 988, NULL),
(989, 2578, 989, NULL),
(990, 2586, 990, NULL),
(991, 2587, 991, NULL),
(992, 2591, 992, NULL),
(993, 2595, 993, NULL),
(994, 2599, 994, NULL),
(995, 2603, 995, NULL),
(996, 2607, 996, NULL),
(997, 2611, 997, NULL),
(998, 2615, 998, NULL),
(999, 2619, 999, NULL),
(1000, 2623, 1000, NULL),
(1001, 2627, 1001, NULL),
(1002, 2631, 1002, NULL),
(1003, 2635, 1003, NULL),
(1004, 2639, 1004, NULL),
(1005, 2643, 1005, NULL),
(1006, 2647, 1006, NULL),
(1007, 2652, 1007, NULL),
(1008, 2654, 1008, NULL),
(1009, 2656, 1009, NULL),
(1010, 2658, 1010, NULL),
(1011, 2660, 1011, NULL),
(1012, 2662, 1012, NULL),
(1013, 2664, 1013, NULL),
(1014, 2666, 1014, NULL),
(1015, 2668, 1015, NULL),
(1016, 2670, 1016, NULL),
(1017, 2672, 1017, NULL),
(1018, 2673, 1018, NULL),
(1019, 2677, 1019, NULL),
(1020, 2679, 1020, NULL),
(1021, 2681, 1021, NULL),
(1022, 2682, 1022, NULL),
(1023, 2685, 1023, NULL),
(1024, 2689, 1024, NULL),
(1025, 2693, 1025, NULL),
(1026, 2694, 1026, NULL),
(1027, 2699, 1027, NULL),
(1028, 2701, 1028, NULL),
(1029, 2703, 1029, NULL),
(1030, 2705, 1030, NULL),
(1031, 2707, 1031, NULL),
(1032, 2709, 1032, NULL),
(1033, 2711, 1033, NULL),
(1034, 2713, 1034, NULL),
(1035, 2715, 1035, NULL),
(1036, 2717, 1036, NULL),
(1037, 2719, 1037, NULL),
(1038, 2720, 1038, NULL),
(1039, 2721, 1039, NULL),
(1040, 2727, 1040, NULL),
(1041, 2728, 1041, NULL),
(1042, 2732, 1042, NULL),
(1043, 2736, 1043, NULL),
(1044, 2740, 1044, NULL),
(1045, 2744, 1045, NULL),
(1046, 2748, 1046, NULL),
(1047, 2752, 1047, NULL),
(1048, 2756, 1048, NULL),
(1049, 2761, 1049, NULL),
(1050, 2763, 1050, NULL),
(1051, 2765, 1051, NULL),
(1052, 2767, 1052, NULL),
(1053, 2768, 1053, NULL),
(1054, 2770, 1054, NULL),
(1055, 2771, 1055, NULL),
(1056, 2772, 1056, NULL),
(1057, 2775, 1057, NULL),
(1058, 2778, 1058, NULL),
(1059, 2781, 1059, NULL),
(1060, 2785, 1060, NULL),
(1061, 2787, 1061, NULL),
(1062, 2788, 1062, NULL),
(1063, 2790, 1063, NULL),
(1064, 2792, 1064, NULL),
(1065, 2794, 1065, NULL),
(1066, 2796, 1066, NULL),
(1067, 2797, 1067, NULL),
(1068, 2799, 1068, NULL),
(1069, 2800, 1069, NULL),
(1070, 2809, 1070, NULL),
(1071, 2811, 1071, NULL),
(1072, 2814, 1072, NULL),
(1073, 2822, 1073, NULL),
(1074, 2823, 1074, NULL),
(1075, 2825, 1075, NULL),
(1076, 2827, 1076, NULL),
(1077, 2829, 1077, NULL),
(1078, 2831, 1078, NULL),
(1079, 2833, 1079, NULL),
(1080, 2835, 1080, NULL),
(1081, 2837, 1081, NULL),
(1082, 2838, 1082, NULL),
(1083, 2843, 1083, NULL),
(1084, 2845, 1084, NULL),
(1085, 2846, 1085, NULL),
(1086, 2848, 1086, NULL),
(1087, 2850, 1087, NULL),
(1088, 2853, 1088, NULL),
(1089, 2856, 1089, NULL),
(1090, 2859, 1090, NULL),
(1091, 2862, 1091, NULL),
(1092, 2864, 1092, NULL),
(1093, 2866, 1093, NULL),
(1094, 2872, 1094, NULL),
(1095, 2873, 1095, NULL),
(1096, 2875, 1096, NULL),
(1097, 2876, 1097, NULL),
(1098, 2877, 1098, NULL),
(1099, 2882, 1099, NULL),
(1100, 2886, 1100, NULL),
(1101, 2890, 1101, NULL),
(1102, 2894, 1102, NULL),
(1103, 2898, 1103, NULL),
(1104, 2902, 1104, NULL),
(1105, 2906, 1105, NULL),
(1106, 2910, 1106, NULL),
(1107, 2914, 1107, NULL),
(1108, 2918, 1108, NULL),
(1109, 2922, 1109, NULL),
(1110, 2926, 1110, NULL),
(1111, 2930, 1111, NULL),
(1112, 2934, 1112, NULL),
(1113, 2938, 1113, NULL),
(1114, 2942, 1114, NULL),
(1115, 2947, 1115, NULL),
(1116, 2949, 1116, NULL),
(1117, 2951, 1117, NULL),
(1118, 2953, 1118, NULL),
(1119, 2955, 1119, NULL),
(1120, 2957, 1120, NULL),
(1121, 2959, 1121, NULL),
(1122, 2961, 1122, NULL),
(1123, 2963, 1123, NULL),
(1124, 2965, 1124, NULL),
(1125, 2967, 1125, NULL),
(1126, 2969, 1126, NULL),
(1127, 2971, 1127, NULL),
(1128, 2973, 1128, NULL),
(1129, 2974, 1129, NULL),
(1130, 2975, 1130, NULL),
(1131, 2979, 1131, NULL),
(1132, 2983, 1132, NULL),
(1133, 2987, 1133, NULL),
(1134, 2991, 1134, NULL),
(1135, 2995, 1135, NULL),
(1136, 2999, 1136, NULL),
(1137, 3003, 1137, NULL),
(1138, 3008, 1138, NULL),
(1139, 3010, 1139, NULL),
(1140, 3012, 1140, NULL),
(1141, 3014, 1141, NULL),
(1142, 3021, 1142, NULL),
(1143, 3022, 1143, NULL),
(1144, 3023, 1144, NULL),
(1145, 3024, 1145, NULL),
(1146, 3027, 1146, NULL),
(1147, 3029, 1147, NULL),
(1148, 3031, 1148, NULL),
(1149, 3032, 1149, NULL),
(1150, 3040, 1150, NULL),
(1151, 3041, 1151, NULL),
(1152, 3044, 1152, NULL),
(1153, 3047, 1153, NULL),
(1154, 3050, 1154, NULL),
(1155, 3053, 1155, NULL),
(1156, 3056, 1156, NULL),
(1157, 3059, 1157, NULL),
(1158, 3062, 1158, NULL),
(1159, 3065, 1159, NULL),
(1160, 3068, 1160, NULL),
(1161, 3071, 1161, NULL),
(1162, 3074, 1162, NULL),
(1163, 3077, 1163, NULL),
(1164, 3080, 1164, NULL),
(1165, 3083, 1165, NULL),
(1166, 3086, 1166, NULL),
(1167, 3089, 1167, NULL),
(1168, 3092, 1168, NULL),
(1169, 3095, 1169, NULL),
(1170, 3098, 1170, NULL),
(1171, 3101, 1171, NULL),
(1172, 3104, 1172, NULL),
(1173, 3107, 1173, NULL),
(1174, 3110, 1174, NULL),
(1175, 3113, 1175, NULL),
(1176, 3116, 1176, NULL),
(1177, 3119, 1177, NULL),
(1178, 3122, 1178, NULL),
(1179, 3125, 1179, NULL),
(1180, 3128, 1180, NULL),
(1181, 3131, 1181, NULL),
(1182, 3134, 1182, NULL),
(1183, 3137, 1183, NULL),
(1184, 3140, 1184, NULL),
(1185, 3143, 1185, NULL),
(1186, 3146, 1186, NULL),
(1187, 3149, 1187, NULL),
(1188, 3152, 1188, NULL),
(1189, 3155, 1189, NULL),
(1190, 3158, 1190, NULL),
(1191, 3161, 1191, NULL),
(1192, 3164, 1192, NULL),
(1193, 3167, 1193, NULL),
(1194, 3170, 1194, NULL),
(1195, 3173, 1195, NULL),
(1196, 3176, 1196, NULL),
(1197, 3179, 1197, NULL),
(1198, 3182, 1198, NULL),
(1199, 3185, 1199, NULL),
(1200, 3188, 1200, NULL),
(1201, 3191, 1201, NULL),
(1202, 3194, 1202, NULL),
(1203, 3197, 1203, NULL),
(1204, 3200, 1204, NULL),
(1205, 3203, 1205, NULL),
(1206, 3206, 1206, NULL),
(1207, 3209, 1207, NULL),
(1208, 3212, 1208, NULL),
(1209, 3215, 1209, NULL),
(1210, 3218, 1210, NULL),
(1211, 3221, 1211, NULL),
(1212, 3224, 1212, NULL),
(1213, 3227, 1213, NULL),
(1214, 3230, 1214, NULL),
(1215, 3233, 1215, NULL),
(1216, 3236, 1216, NULL),
(1217, 3239, 1217, NULL),
(1218, 3242, 1218, NULL),
(1219, 3245, 1219, NULL),
(1220, 3248, 1220, NULL),
(1221, 3251, 1221, NULL),
(1222, 3254, 1222, NULL),
(1223, 3257, 1223, NULL),
(1224, 3260, 1224, NULL),
(1225, 3263, 1225, NULL),
(1226, 3266, 1226, NULL),
(1227, 3269, 1227, NULL),
(1228, 3272, 1228, NULL),
(1229, 3275, 1229, NULL),
(1230, 3278, 1230, NULL),
(1231, 3281, 1231, NULL),
(1232, 3284, 1232, NULL),
(1233, 3287, 1233, NULL),
(1234, 3290, 1234, NULL),
(1235, 3293, 1235, NULL),
(1236, 3296, 1236, NULL),
(1237, 3299, 1237, NULL),
(1238, 3302, 1238, NULL),
(1239, 3305, 1239, NULL),
(1240, 3308, 1240, NULL),
(1241, 3311, 1241, NULL),
(1242, 3314, 1242, NULL),
(1243, 3317, 1243, NULL),
(1244, 3320, 1244, NULL),
(1245, 3323, 1245, NULL),
(1246, 3326, 1246, NULL),
(1247, 3329, 1247, NULL),
(1248, 3332, 1248, NULL),
(1249, 3335, 1249, NULL),
(1250, 3338, 1250, NULL),
(1251, 3341, 1251, NULL),
(1252, 3344, 1252, NULL),
(1253, 3347, 1253, NULL),
(1254, 3350, 1254, NULL),
(1255, 3353, 1255, NULL),
(1256, 3356, 1256, NULL),
(1257, 3359, 1257, NULL),
(1258, 3362, 1258, NULL),
(1259, 3365, 1259, NULL),
(1260, 3368, 1260, NULL),
(1261, 3371, 1261, NULL),
(1262, 3374, 1262, NULL),
(1263, 3377, 1263, NULL),
(1264, 3380, 1264, NULL),
(1265, 3383, 1265, NULL),
(1266, 3386, 1266, NULL),
(1267, 3389, 1267, NULL),
(1268, 3392, 1268, NULL),
(1269, 3395, 1269, NULL),
(1270, 3398, 1270, NULL),
(1271, 3401, 1271, NULL),
(1272, 3404, 1272, NULL),
(1273, 3407, 1273, NULL),
(1274, 3410, 1274, NULL),
(1275, 3413, 1275, NULL),
(1276, 3416, 1276, NULL),
(1277, 3419, 1277, NULL),
(1278, 3422, 1278, NULL),
(1279, 3425, 1279, NULL),
(1280, 3428, 1280, NULL),
(1281, 3431, 1281, NULL),
(1282, 3434, 1282, NULL),
(1283, 3437, 1283, NULL),
(1284, 3440, 1284, NULL),
(1285, 3443, 1285, NULL),
(1286, 3446, 1286, NULL),
(1287, 3449, 1287, NULL),
(1288, 3452, 1288, NULL),
(1289, 3455, 1289, NULL),
(1290, 3458, 1290, NULL),
(1291, 3461, 1291, NULL),
(1292, 3464, 1292, NULL),
(1293, 3467, 1293, NULL),
(1294, 3470, 1294, NULL),
(1295, 3473, 1295, NULL),
(1296, 3476, 1296, NULL),
(1297, 3479, 1297, NULL),
(1298, 3482, 1298, NULL),
(1299, 3485, 1299, NULL),
(1300, 3488, 1300, NULL),
(1301, 3491, 1301, NULL),
(1302, 3494, 1302, NULL),
(1303, 3497, 1303, NULL),
(1304, 3500, 1304, NULL),
(1305, 3503, 1305, NULL),
(1306, 3506, 1306, NULL),
(1307, 3509, 1307, NULL),
(1308, 3512, 1308, NULL),
(1309, 3515, 1309, NULL),
(1310, 3518, 1310, NULL),
(1311, 3521, 1311, NULL),
(1312, 3524, 1312, NULL),
(1313, 3527, 1313, NULL),
(1314, 3530, 1314, NULL),
(1315, 3533, 1315, NULL),
(1316, 3536, 1316, NULL),
(1317, 3539, 1317, NULL),
(1318, 3542, 1318, NULL),
(1319, 3545, 1319, NULL),
(1320, 3548, 1320, NULL),
(1321, 3551, 1321, NULL),
(1322, 3554, 1322, NULL),
(1323, 3557, 1323, NULL),
(1324, 3560, 1324, NULL),
(1325, 3563, 1325, NULL),
(1326, 3566, 1326, NULL),
(1327, 3569, 1327, NULL),
(1328, 3572, 1328, NULL),
(1329, 3575, 1329, NULL),
(1330, 3578, 1330, NULL),
(1331, 3581, 1331, NULL),
(1332, 3584, 1332, NULL),
(1333, 3587, 1333, NULL),
(1334, 3590, 1334, NULL),
(1335, 3593, 1335, NULL),
(1336, 3596, 1336, NULL),
(1337, 3599, 1337, NULL),
(1338, 3602, 1338, NULL),
(1339, 3605, 1339, NULL),
(1340, 3608, 1340, NULL),
(1341, 3611, 1341, NULL),
(1342, 3614, 1342, NULL),
(1343, 3617, 1343, NULL),
(1344, 3620, 1344, NULL),
(1345, 3623, 1345, NULL),
(1346, 3626, 1346, NULL),
(1347, 3629, 1347, NULL),
(1348, 3632, 1348, NULL),
(1349, 3635, 1349, NULL),
(1350, 3638, 1350, NULL),
(1351, 3641, 1351, NULL),
(1352, 3644, 1352, NULL),
(1353, 3647, 1353, NULL),
(1354, 3650, 1354, NULL),
(1355, 3653, 1355, NULL),
(1356, 3656, 1356, NULL),
(1357, 3659, 1357, NULL),
(1358, 3662, 1358, NULL),
(1359, 3665, 1359, NULL),
(1360, 3668, 1360, NULL),
(1361, 3671, 1361, NULL),
(1362, 3674, 1362, NULL),
(1363, 3677, 1363, NULL),
(1364, 3680, 1364, NULL),
(1365, 3683, 1365, NULL),
(1366, 3686, 1366, NULL),
(1367, 3689, 1367, NULL),
(1368, 3692, 1368, NULL),
(1369, 3695, 1369, NULL),
(1370, 3698, 1370, NULL),
(1371, 3701, 1371, NULL),
(1372, 3704, 1372, NULL),
(1373, 3707, 1373, NULL),
(1374, 3710, 1374, NULL),
(1375, 3713, 1375, NULL),
(1376, 3716, 1376, NULL),
(1377, 3719, 1377, NULL),
(1378, 3722, 1378, NULL),
(1379, 3725, 1379, NULL),
(1380, 3728, 1380, NULL),
(1381, 3731, 1381, NULL),
(1382, 3734, 1382, NULL),
(1383, 3737, 1383, NULL),
(1384, 3740, 1384, NULL),
(1385, 3743, 1385, NULL),
(1386, 3746, 1386, NULL),
(1387, 3749, 1387, NULL),
(1388, 3752, 1388, NULL),
(1389, 3755, 1389, NULL),
(1390, 3758, 1390, NULL),
(1391, 3761, 1391, NULL),
(1392, 3764, 1392, NULL),
(1393, 3767, 1393, NULL),
(1394, 3770, 1394, NULL),
(1395, 3773, 1395, NULL),
(1396, 3776, 1396, NULL),
(1397, 3779, 1397, NULL),
(1398, 3782, 1398, NULL),
(1399, 3785, 1399, NULL),
(1400, 3788, 1400, NULL),
(1401, 3791, 1401, NULL),
(1402, 3794, 1402, NULL),
(1403, 3797, 1403, NULL),
(1404, 3800, 1404, NULL),
(1405, 3803, 1405, NULL),
(1406, 3806, 1406, NULL),
(1407, 3809, 1407, NULL),
(1408, 3812, 1408, NULL),
(1409, 3815, 1409, NULL),
(1410, 3818, 1410, NULL),
(1411, 3821, 1411, NULL),
(1412, 3824, 1412, NULL),
(1413, 3827, 1413, NULL),
(1414, 3830, 1414, NULL),
(1415, 3833, 1415, NULL),
(1416, 3836, 1416, NULL),
(1417, 3839, 1417, NULL),
(1418, 3842, 1418, NULL),
(1419, 3845, 1419, NULL),
(1420, 3848, 1420, NULL),
(1421, 3851, 1421, NULL),
(1422, 3854, 1422, NULL),
(1423, 3857, 1423, NULL),
(1424, 3860, 1424, NULL),
(1425, 3863, 1425, NULL),
(1426, 3866, 1426, NULL),
(1427, 3869, 1427, NULL),
(1428, 3872, 1428, NULL),
(1429, 3875, 1429, NULL),
(1430, 3878, 1430, NULL),
(1431, 3881, 1431, NULL),
(1432, 3884, 1432, NULL),
(1433, 3887, 1433, NULL),
(1434, 3897, 1434, NULL),
(1435, 3898, 1435, NULL),
(1436, 3901, 1436, NULL),
(1437, 3904, 1437, NULL),
(1438, 3907, 1438, NULL),
(1439, 3910, 1439, NULL),
(1440, 3911, 1440, NULL),
(1441, 3912, 1441, NULL),
(1442, 3913, 1442, NULL),
(1443, 3914, 1443, NULL),
(1444, 3916, 1444, NULL);

--
-- Daten für Tabelle `duration`
--

INSERT INTO `duration` (`id`, `name`) VALUES
(1, 'aufrechterhaltend'),
(2, 'sofort'),
(3, 'QS in Kampfrunden'),
(4, 'QS x 3 Minuten'),
(5, 'QS x 3 in Minuten'),
(6, 'QS x 3 in Kampfrunden'),
(7, 'QS x 3 in KR'),
(8, 'QS x 3 Tage'),
(9, '1 Minute'),
(10, '30 Minuten'),
(11, 'QS x 3 in Stunden'),
(12, '1 Jahr'),
(13, 'QS x 15 Minuten'),
(14, 'QS x 3 Stunden'),
(15, 'QS x 2 Minuten'),
(16, 'QS Stunden'),
(17, 'QS x 30 Minuten'),
(18, '8 Stunden (Wirkungsdauer nicht modifizierbar)'),
(19, 'QS x 5 Minuten'),
(20, 'QS x 3 in Tagen'),
(21, 'QS x 10 Minuten'),
(22, 'QS x 3 Wochen'),
(23, 'FP in Tage'),
(24, 'QS Tage'),
(25, 'QS/2 Tage'),
(26, 'bis zum Ende der Krankheit, maximal aber QS x 3 Tage'),
(27, 'QS x 2 in Tagen'),
(28, 'bis zum Ende der Krankheit, maximal aber QS x 3 in Tagen'),
(29, 'QS x 3 in Wochen'),
(30, 'eine halbe Stunde'),
(31, '5 Kampfrunden'),
(32, '5 Minuten'),
(33, 'in Zwölfgötterkirchen bis zum 12. Lebensjahr'),
(34, '12 Stunden'),
(35, '12 Monate'),
(36, '4 Kampfrunden'),
(37, '12 Kampfrunden'),
(38, 'QS Kampfrunden'),
(39, 'QS x 2 KR'),
(40, 'QS x 5 Kampfrunden'),
(41, 'QS x 2 Stunden'),
(42, 'QS Minuten'),
(43, 'QS x 2 in Kampfrunden'),
(44, 'QS x 3 Kampfrunden'),
(45, '10 Kampfrunden'),
(46, 'Bis zum nächsten Schuss, maximal QS x 2 Kampfrunden'),
(47, '30 Kampfrunden'),
(48, 'QS x 3 KR'),
(49, '1 Tag'),
(50, 'QS x 10 in KR'),
(51, 'QS x 2 Kampfrunden'),
(52, 'QS x 2 KR (statt der üblichen Zeit von 2W20 KR des Status’'),
(53, 'QS x 15 Minuten, danach verweht der Nebel'),
(54, 'QS x 2 in Minuten'),
(55, 'QS x 15 in Minuten'),
(56, 'bis zum Tod der Tiere, maximal jedoch 20 KR'),
(57, '8 Stunden'),
(58, 'QS in Jahren'),
(59, 'aufrechterhaltend, maximal jedoch 50 KR'),
(60, 'QS in KR'),
(61, '1 Aktion'),
(62, '1 Stunde'),
(63, '30 Sekunden'),
(64, '5 Sekunden'),
(65, '6 Stunden'),
(66, 'max. 10 Sekunden'),
(67, '10 Minuten'),
(68, 'ein Wachstumszyklus (zwischen 6 und 12 Monaten)'),
(69, '9 Jahre'),
(70, 'permanent');

--
-- Daten für Tabelle `effect`
--

INSERT INTO `effect` (`id`, `modifier`, `value`, `property_id`) VALUES
(1, 0, 'MAX_ATTRIBUTE_TOTAL', NULL),
(2, 2, 'MAX_ATTRIBUTE_VALUE', 1),
(3, 2, 'MAX_ATTRIBUTE_VALUE', 2),
(4, 2, 'MAX_ATTRIBUTE_VALUE', 3),
(5, 2, 'MAX_ATTRIBUTE_VALUE', 4),
(6, 2, 'MAX_ATTRIBUTE_VALUE', 5),
(7, 2, 'MAX_ATTRIBUTE_VALUE', 6),
(8, 2, 'MAX_ATTRIBUTE_VALUE', 7),
(9, 2, 'MAX_ATTRIBUTE_VALUE', 8),
(10, 2, 'MAX_SKILL_VALUE', 9),
(11, 2, 'MAX_SKILL_VALUE', 10),
(12, 2, 'MAX_SKILL_VALUE', 11),
(13, 2, 'MAX_SKILL_VALUE', 12),
(14, 2, 'MAX_SKILL_VALUE', 13),
(15, 2, 'MAX_SKILL_VALUE', 14),
(16, 2, 'MAX_SKILL_VALUE', 15),
(17, 2, 'MAX_SKILL_VALUE', 16),
(18, 2, 'MAX_SKILL_VALUE', 17),
(19, 2, 'MAX_SKILL_VALUE', 18),
(20, 2, 'MAX_SKILL_VALUE', 19),
(21, 2, 'MAX_SKILL_VALUE', 20),
(22, 2, 'MAX_SKILL_VALUE', 21),
(23, 2, 'MAX_SKILL_VALUE', 22),
(24, 2, 'MAX_SKILL_VALUE', 23),
(25, 2, 'MAX_SKILL_VALUE', 24),
(26, 2, 'MAX_SKILL_VALUE', 25),
(27, 2, 'MAX_SKILL_VALUE', 26),
(28, 2, 'MAX_SKILL_VALUE', 27),
(29, 2, 'MAX_SKILL_VALUE', 28),
(30, 2, 'MAX_SKILL_VALUE', 29),
(31, 2, 'MAX_SKILL_VALUE', 30),
(32, 2, 'MAX_SKILL_VALUE', 31),
(33, 2, 'MAX_SKILL_VALUE', 32),
(34, 2, 'MAX_SKILL_VALUE', 33),
(35, 2, 'MAX_SKILL_VALUE', 34),
(36, 2, 'MAX_SKILL_VALUE', 35),
(37, 2, 'MAX_SKILL_VALUE', 36),
(38, 2, 'MAX_SKILL_VALUE', 37),
(39, 2, 'MAX_SKILL_VALUE', 38),
(40, 2, 'MAX_SKILL_VALUE', 39),
(41, 2, 'MAX_SKILL_VALUE', 40),
(42, 2, 'MAX_SKILL_VALUE', 41),
(43, 2, 'MAX_SKILL_VALUE', 42),
(44, 2, 'MAX_SKILL_VALUE', 43),
(45, 2, 'MAX_SKILL_VALUE', 44),
(46, 2, 'MAX_SKILL_VALUE', 45),
(47, 2, 'MAX_SKILL_VALUE', 46),
(48, 2, 'MAX_SKILL_VALUE', 47),
(49, 2, 'MAX_SKILL_VALUE', 48),
(50, 2, 'MAX_SKILL_VALUE', 49),
(51, 2, 'MAX_SKILL_VALUE', 50),
(52, 2, 'MAX_SKILL_VALUE', 51),
(53, 2, 'MAX_SKILL_VALUE', 52),
(54, 2, 'MAX_SKILL_VALUE', 53),
(55, 2, 'MAX_SKILL_VALUE', 54),
(56, 2, 'MAX_SKILL_VALUE', 55),
(57, 2, 'MAX_SKILL_VALUE', 56),
(58, 2, 'MAX_SKILL_VALUE', 57),
(59, 2, 'MAX_SKILL_VALUE', 58),
(60, 2, 'MAX_SKILL_VALUE', 59),
(61, 2, 'MAX_SKILL_VALUE', 60),
(62, 2, 'MAX_SKILL_VALUE', 61),
(63, 2, 'MAX_SKILL_VALUE', 62),
(64, 2, 'MAX_SKILL_VALUE', 63),
(65, 2, 'MAX_SKILL_VALUE', 64),
(66, 2, 'MAX_SKILL_VALUE', 65),
(67, 2, 'MAX_SKILL_VALUE', 66),
(68, 2, 'MAX_SKILL_VALUE', 67),
(69, 0, NULL, 2005),
(70, 0, NULL, 2006),
(71, 2, NULL, 2007),
(72, 2, NULL, 2008),
(73, 0, NULL, 161),
(74, 0, NULL, 162),
(75, 0, NULL, 163),
(76, 0, NULL, 164),
(77, 0, NULL, 165),
(78, 0, NULL, 166),
(79, 0, NULL, 167),
(80, 0, NULL, 168),
(81, 0, NULL, 169),
(82, 0, NULL, 170),
(83, 0, NULL, 171),
(84, 0, NULL, 172),
(85, 0, NULL, 173),
(86, 0, NULL, 174),
(87, 0, NULL, 175),
(88, 0, NULL, 176),
(89, 0, NULL, 177),
(90, 0, NULL, 178),
(91, 0, NULL, 179),
(92, 0, NULL, 180),
(93, 0, NULL, 181),
(94, 0, NULL, 182),
(95, 0, NULL, 183),
(96, 0, NULL, 184),
(97, 0, NULL, 185),
(98, 0, NULL, 186),
(99, 0, NULL, 187),
(100, 0, NULL, 188),
(101, 0, NULL, 190),
(102, 0, NULL, 191),
(103, 0, NULL, 192),
(104, 0, NULL, 193),
(105, 0, NULL, 194),
(106, 0, NULL, 195),
(107, 0, NULL, 196),
(108, 0, NULL, 197),
(109, 0, NULL, 198),
(110, 0, NULL, 199),
(111, 0, NULL, 201),
(112, 0, NULL, 202),
(113, 0, NULL, 203),
(114, 0, NULL, 204),
(115, 0, NULL, 205),
(116, 0, NULL, 206),
(117, 0, NULL, 207),
(118, 0, NULL, 208),
(119, 0, NULL, 209),
(120, 0, NULL, 210),
(121, 0, NULL, 211),
(122, 0, NULL, 212),
(123, 0, NULL, 214),
(124, 0, NULL, 215),
(125, 0, NULL, 216),
(126, 0, NULL, 217),
(127, 0, NULL, 218),
(128, 0, NULL, 219),
(129, 0, NULL, 220),
(130, 0, NULL, 221),
(131, 0, NULL, 223),
(132, 0, NULL, 224),
(133, 0, NULL, 225),
(134, 0, NULL, 226),
(135, 0, NULL, 227),
(136, 0, NULL, 228),
(137, 0, NULL, 229),
(138, 0, NULL, 230),
(139, 0, NULL, 231),
(140, 0, NULL, 232),
(141, 0, NULL, 233),
(142, 0, NULL, 234),
(143, 0, NULL, 235),
(144, 0, NULL, 236),
(145, 0, NULL, 237),
(146, 0, NULL, 238),
(147, 0, NULL, 239),
(148, 0, NULL, 240),
(149, 0, NULL, 241),
(150, 0, NULL, 242),
(151, 0, NULL, 244),
(152, 0, NULL, 245),
(153, 0, NULL, 246),
(154, 0, NULL, 247),
(155, 0, NULL, 248),
(156, 0, NULL, 249),
(157, 0, NULL, 250),
(158, 0, NULL, 251),
(159, 0, NULL, 255),
(160, 0, NULL, 256),
(161, 0, NULL, 257),
(162, 0, NULL, 258),
(163, 0, NULL, 259),
(164, 0, NULL, 260),
(165, 0, NULL, 261),
(166, 0, NULL, 262),
(167, 0, NULL, 263),
(168, 0, NULL, 264),
(169, 0, NULL, 265),
(170, 0, NULL, 267),
(171, 0, NULL, 268),
(172, 0, NULL, 269),
(173, 0, NULL, 270),
(174, 0, NULL, 271),
(175, 0, NULL, 272),
(176, 0, NULL, 273),
(177, 0, NULL, 274),
(178, 0, NULL, 276),
(179, 0, NULL, 277),
(180, 0, NULL, 283),
(181, 0, NULL, 284),
(182, 0, NULL, 285),
(183, 0, NULL, 286),
(184, 0, NULL, 287),
(185, 0, NULL, 288),
(186, 0, NULL, 289),
(187, 0, NULL, 290),
(188, 0, NULL, 291),
(189, 0, NULL, 292),
(190, 0, NULL, 293),
(191, 0, NULL, 295),
(192, 0, NULL, 297),
(193, 0, NULL, 298),
(194, 0, NULL, 299),
(195, 0, NULL, 300),
(196, 0, NULL, 302),
(197, 0, NULL, 303),
(198, 0, NULL, 304),
(199, 0, NULL, 305),
(200, 0, NULL, 306),
(201, 0, NULL, 307),
(202, 0, NULL, 308),
(203, 0, NULL, 309),
(204, 0, NULL, 310),
(205, 0, NULL, 311),
(206, 0, NULL, 312),
(207, 0, NULL, 314),
(208, 0, NULL, 315),
(209, 0, NULL, 316),
(210, 0, NULL, 317),
(211, 0, NULL, 318),
(212, 0, NULL, 319),
(213, 0, NULL, 320),
(214, 0, NULL, 321),
(215, 0, NULL, 322),
(216, 0, NULL, 323),
(217, 0, NULL, 324),
(218, 0, NULL, 325),
(219, 0, NULL, 326),
(220, 0, NULL, 327),
(221, 0, NULL, 328),
(222, 0, NULL, 329),
(223, 0, NULL, 330),
(224, 0, NULL, 331),
(225, 0, NULL, 332),
(226, 0, NULL, 337),
(227, 0, NULL, 338),
(228, 0, NULL, 339),
(229, 0, NULL, 340),
(230, 0, NULL, 341),
(231, 0, NULL, 342),
(232, 0, NULL, 344),
(233, 0, NULL, 345),
(234, 0, NULL, 346),
(235, 0, NULL, 347),
(236, 0, NULL, 348),
(237, 0, NULL, 349),
(238, 0, NULL, 350),
(239, 0, NULL, 351),
(240, 0, NULL, 352),
(241, 0, NULL, 353),
(242, 0, NULL, 358),
(243, 0, NULL, 359),
(244, 0, NULL, 360),
(245, 0, NULL, 362),
(246, 0, NULL, 363),
(247, 0, NULL, 364),
(248, 0, NULL, 369),
(249, 0, NULL, 370),
(250, 0, NULL, 372),
(251, 0, NULL, 373),
(252, 0, NULL, 374),
(253, 0, NULL, 375),
(254, 0, NULL, 387),
(255, 0, NULL, 390),
(256, 0, NULL, 432),
(257, 0, NULL, 433),
(258, 0, NULL, 434),
(259, 0, NULL, 435),
(260, 0, NULL, 436),
(261, 0, NULL, 437),
(262, 0, NULL, 438),
(263, 0, NULL, 439),
(264, 0, NULL, 440),
(265, 0, NULL, 441),
(266, 0, NULL, 442),
(267, 0, NULL, 443),
(268, 0, NULL, 444),
(269, 0, NULL, 445),
(270, 0, NULL, 446),
(271, 0, NULL, 447),
(272, 0, NULL, 448),
(273, 0, NULL, 449),
(274, 0, NULL, 450),
(275, 0, NULL, 451),
(276, 0, NULL, 452),
(277, 0, NULL, 453),
(278, 0, NULL, 454),
(279, 0, NULL, 455),
(280, 0, NULL, 456),
(281, 0, NULL, 457),
(282, 0, NULL, 458),
(283, 0, NULL, 459),
(284, 0, NULL, 460),
(285, 0, NULL, 461),
(286, 0, NULL, 462),
(287, 0, NULL, 463),
(288, 0, NULL, 464),
(289, 0, NULL, 465),
(290, 0, NULL, 467),
(291, 0, NULL, 468),
(292, 0, NULL, 469),
(293, 0, NULL, 470),
(294, 0, NULL, 471),
(295, 0, NULL, 472),
(296, 0, NULL, 473),
(297, 0, NULL, 474),
(298, 0, NULL, 475),
(299, 0, NULL, 476),
(300, 0, NULL, 477),
(301, 0, NULL, 478),
(302, 0, NULL, 479),
(303, 0, NULL, 480),
(304, 0, NULL, 481),
(305, 0, NULL, 482),
(306, 0, NULL, 483),
(307, 0, NULL, 484),
(308, 0, NULL, 485),
(309, 0, NULL, 486),
(310, 0, NULL, 487),
(311, 0, NULL, 488),
(312, 0, NULL, 489),
(313, 0, NULL, 490),
(314, 0, NULL, 491),
(315, 0, NULL, 492),
(316, 0, NULL, 493),
(317, 0, NULL, 494),
(318, 0, NULL, 495),
(319, 0, NULL, 496),
(320, 0, NULL, 497),
(321, 0, NULL, 498),
(322, 0, NULL, 499),
(323, 0, NULL, 500),
(324, 0, NULL, 501),
(325, 0, NULL, 502),
(326, 0, NULL, 503),
(327, 0, NULL, 504),
(328, 0, NULL, 505),
(329, 0, NULL, 506),
(330, 0, NULL, 507),
(331, 0, NULL, 508),
(332, 0, NULL, 509),
(333, 0, NULL, 510),
(334, 0, NULL, 511),
(335, 0, NULL, 512),
(336, 0, NULL, 513),
(337, 0, NULL, 514),
(338, 0, NULL, 515),
(339, 0, NULL, 516),
(340, 0, NULL, 517),
(341, 0, NULL, 518),
(342, 0, NULL, 519),
(343, 0, NULL, 520),
(344, 0, NULL, 521),
(345, 0, NULL, 522),
(346, 0, NULL, 523),
(347, 0, NULL, 524),
(348, 0, NULL, 525),
(349, 0, NULL, 526),
(350, 0, NULL, 527),
(351, 0, NULL, 528),
(352, 0, NULL, 529),
(353, 0, NULL, 530),
(354, 0, NULL, 531),
(355, 0, NULL, 532),
(356, 0, NULL, 533),
(357, 0, NULL, 534),
(358, 0, NULL, 535),
(359, 0, NULL, 536),
(360, 0, NULL, 537),
(361, 0, NULL, 538),
(362, 0, NULL, 539),
(363, 0, NULL, 540),
(364, 0, NULL, 541),
(365, 0, NULL, 542),
(366, 0, NULL, 543),
(367, 0, NULL, 544),
(368, 0, NULL, 545),
(369, 0, NULL, 546),
(370, 0, NULL, 547),
(371, 0, NULL, 549),
(372, 0, NULL, 550),
(373, 0, NULL, 551),
(374, 0, NULL, 558),
(375, 0, NULL, 563),
(376, 0, NULL, 564),
(377, 0, NULL, 572),
(378, 0, NULL, 583),
(379, 0, NULL, 629),
(380, 0, NULL, 630),
(381, 0, NULL, 631),
(382, 0, NULL, 632),
(383, 0, NULL, 633),
(384, 0, NULL, 634),
(385, 0, NULL, 635),
(386, 0, NULL, 636),
(387, 0, NULL, 637),
(388, 0, NULL, 638),
(389, 0, NULL, 639),
(390, 0, NULL, 640),
(391, 0, NULL, 641),
(392, 0, NULL, 642),
(393, 0, NULL, 643),
(394, 0, NULL, 644),
(395, 0, NULL, 645),
(396, 0, NULL, 863),
(397, 0, NULL, 864),
(398, 0, NULL, 865),
(399, 0, NULL, 866),
(400, 0, NULL, 869),
(401, 0, NULL, 870),
(402, 0, NULL, 871),
(403, 0, NULL, 872),
(404, 0, NULL, 873),
(405, 0, NULL, 874),
(406, 0, NULL, 875),
(407, 0, NULL, 876),
(408, 0, NULL, 877),
(409, 0, NULL, 878),
(410, 0, NULL, 879),
(411, 0, NULL, 880),
(412, 0, NULL, 881),
(413, 0, NULL, 882),
(414, 0, NULL, 883),
(415, 0, NULL, 884),
(416, 0, NULL, 885),
(417, 0, NULL, 886),
(418, 0, NULL, 887),
(419, 0, NULL, 888),
(420, 0, NULL, 889),
(421, 0, NULL, 890),
(422, 0, NULL, 891),
(423, 0, NULL, 892),
(424, 0, NULL, 893),
(425, 0, NULL, 894),
(426, 0, NULL, 895),
(427, 0, NULL, 896),
(428, 0, NULL, 897),
(429, 0, NULL, 898),
(430, 0, NULL, 899),
(431, 0, NULL, 900),
(432, 0, NULL, 901),
(433, 0, NULL, 902),
(434, 0, NULL, 903),
(435, 0, NULL, 904),
(436, 0, NULL, 905),
(437, 0, NULL, 906),
(438, 0, NULL, 907),
(439, 0, NULL, 908),
(440, 0, NULL, 909),
(441, 0, NULL, 910),
(442, 0, NULL, 911),
(443, 0, NULL, 912),
(444, 0, NULL, 913),
(445, 0, NULL, 914),
(446, 0, NULL, 915),
(447, 0, NULL, 916),
(448, 0, NULL, 917),
(449, 0, NULL, 918),
(450, 0, NULL, 919),
(451, 0, NULL, 920),
(452, 0, NULL, 921),
(453, 0, NULL, 922),
(454, 0, NULL, 923),
(455, 0, NULL, 924),
(456, 0, NULL, 925),
(457, 0, NULL, 926),
(458, 0, NULL, 927),
(459, 0, NULL, 928),
(460, 0, NULL, 929),
(461, 0, NULL, 930),
(462, 0, NULL, 931),
(463, 0, NULL, 932),
(464, 0, NULL, 933),
(465, 0, NULL, 934),
(466, 0, NULL, 935),
(467, 0, NULL, 936),
(468, 0, NULL, 937),
(469, 0, NULL, 938),
(470, 0, NULL, 939),
(471, 0, NULL, 940),
(472, 0, NULL, 941),
(473, 0, NULL, 942),
(474, 0, NULL, 943),
(475, 0, NULL, 944),
(476, 0, NULL, 945),
(477, 0, NULL, 946),
(478, 0, NULL, 947),
(479, 0, NULL, 948),
(480, 0, NULL, 949),
(481, 0, NULL, 950),
(482, 0, NULL, 951),
(483, 0, NULL, 952),
(484, 0, NULL, 953),
(485, 0, NULL, 954),
(486, 0, NULL, 955),
(487, 0, NULL, 956),
(488, 0, NULL, 957),
(489, 0, NULL, 958),
(490, 0, NULL, 959),
(491, 0, NULL, 960),
(492, 0, NULL, 961),
(493, 0, NULL, 962),
(494, 0, NULL, 963),
(495, 0, NULL, 964),
(496, 0, NULL, 965),
(497, 0, NULL, 966),
(498, 0, NULL, 967),
(499, 0, NULL, 968),
(500, 0, NULL, 969),
(501, 0, NULL, 970),
(502, 0, NULL, 971),
(503, 0, NULL, 972),
(504, 0, NULL, 973),
(505, 0, NULL, 974),
(506, 0, NULL, 975),
(507, 0, NULL, 976),
(508, 0, NULL, 977),
(509, 0, NULL, 978),
(510, 0, NULL, 979),
(511, 0, NULL, 980),
(512, 0, NULL, 981),
(513, 0, NULL, 982),
(514, 0, NULL, 983),
(515, 0, NULL, 984),
(516, 0, NULL, 985),
(517, 0, NULL, 986),
(518, 0, NULL, 987),
(519, 0, NULL, 988),
(520, 0, NULL, 989),
(521, 0, NULL, 990),
(522, 0, NULL, 991),
(523, 0, NULL, 992),
(524, 0, NULL, 993),
(525, 0, NULL, 994),
(526, 0, NULL, 995),
(527, 0, NULL, 996),
(528, 0, NULL, 997),
(529, 0, NULL, 998),
(530, 0, NULL, 999),
(531, 0, NULL, 1000),
(532, 0, NULL, 1001),
(533, 0, NULL, 1002),
(534, 0, NULL, 1003),
(535, 0, NULL, 1004),
(536, 0, NULL, 1005),
(537, 0, NULL, 1006),
(538, 0, NULL, 1007),
(539, 0, NULL, 1008),
(540, 0, NULL, 1009),
(541, 0, NULL, 1010),
(542, 0, NULL, 1011),
(543, 0, NULL, 1012),
(544, 0, NULL, 1013),
(545, 0, NULL, 1014),
(546, 0, NULL, 1015),
(547, 0, NULL, 1016),
(548, 0, NULL, 1017),
(549, 0, NULL, 1018),
(550, 0, NULL, 1019),
(551, 0, NULL, 1020),
(552, 0, NULL, 1021),
(553, 0, NULL, 1022),
(554, 0, NULL, 1023),
(555, 0, NULL, 1024),
(556, 0, NULL, 1025),
(557, 0, NULL, 1026),
(558, 0, NULL, 1027),
(559, 0, NULL, 1028),
(560, 0, NULL, 1029),
(561, 0, NULL, 1030),
(562, 0, NULL, 1031),
(563, 0, NULL, 1032),
(564, 0, NULL, 1033),
(565, 0, NULL, 1034),
(566, 0, NULL, 1035),
(567, 0, NULL, 1036),
(568, 0, NULL, 1037),
(569, 0, NULL, 1038),
(570, 0, NULL, 1039),
(571, 0, NULL, 1040),
(572, 0, NULL, 1041),
(573, 0, NULL, 1042),
(574, 0, NULL, 1043),
(575, 0, NULL, 1044),
(576, 0, NULL, 1045),
(577, 0, NULL, 1046),
(578, 0, NULL, 1047),
(579, 0, NULL, 1048),
(580, 0, NULL, 1049),
(581, 0, NULL, 1050),
(582, 0, NULL, 1051),
(583, 0, NULL, 1052),
(584, 0, NULL, 1053),
(585, 0, NULL, 1054),
(586, 0, NULL, 1055),
(587, 0, NULL, 1056),
(588, 0, NULL, 1057),
(589, 0, NULL, 1058),
(590, 0, NULL, 1059),
(591, 0, NULL, 1060),
(592, 0, NULL, 1061),
(593, 0, NULL, 1062),
(594, 0, NULL, 1063),
(595, 0, NULL, 1064),
(596, 0, NULL, 1065),
(597, 0, NULL, 1066),
(598, 0, NULL, 1067),
(599, 0, NULL, 1068),
(600, 0, NULL, 1069),
(601, 0, NULL, 1070),
(602, 0, NULL, 1071),
(603, 0, NULL, 1072),
(604, 0, NULL, 1073),
(605, 0, NULL, 1074),
(606, 0, NULL, 1075),
(607, 0, NULL, 1076),
(608, 0, NULL, 1077),
(609, 0, NULL, 1078),
(610, 0, NULL, 1079),
(611, 0, NULL, 1080),
(612, 0, NULL, 1081),
(613, 0, NULL, 1082),
(614, 0, NULL, 1083),
(615, 0, NULL, 1084),
(616, 0, NULL, 1085),
(617, 0, NULL, 1086),
(618, 0, NULL, 1087),
(619, 0, NULL, 1088),
(620, 0, NULL, 1089),
(621, 0, NULL, 1090),
(622, 0, NULL, 1091),
(623, 0, NULL, 1092),
(624, 0, NULL, 1093),
(625, 0, NULL, 1094),
(626, 0, NULL, 1095),
(627, 0, NULL, 1096),
(628, 0, NULL, 1097),
(629, 0, NULL, 1098),
(630, 0, NULL, 1099),
(631, 0, NULL, 1100),
(632, 0, NULL, 1101),
(633, 0, NULL, 1102),
(634, 0, NULL, 1103),
(635, 0, NULL, 1104),
(636, 0, NULL, 1105),
(637, 0, NULL, 1106),
(638, 0, NULL, 1107),
(639, 0, NULL, 1108),
(640, 0, NULL, 1109),
(641, 0, NULL, 1110),
(642, 0, NULL, 1111),
(643, 0, NULL, 1112),
(644, 0, NULL, 1113),
(645, 0, NULL, 1114),
(646, 0, NULL, 1115),
(647, 0, NULL, 1116),
(648, 0, NULL, 1117),
(649, 0, NULL, 1118),
(650, 0, NULL, 1119),
(651, 0, NULL, 1120),
(652, 0, NULL, 1121),
(653, 0, NULL, 1122),
(654, 0, NULL, 1123),
(655, 0, NULL, 1124),
(656, 0, NULL, 1125),
(657, 0, NULL, 1126),
(658, 0, NULL, 1127),
(659, 0, NULL, 1128),
(660, 0, NULL, 1129),
(661, 0, NULL, 1130),
(662, 0, NULL, 1131),
(663, 0, NULL, 1132),
(664, 0, NULL, 1133),
(665, 0, NULL, 1134),
(666, 0, NULL, 1135),
(667, 0, NULL, 1136),
(668, 0, NULL, 1137),
(669, 0, NULL, 1138),
(670, 0, NULL, 1139),
(671, 0, NULL, 1140),
(672, 0, NULL, 1141),
(673, 0, NULL, 1142),
(674, 0, NULL, 1143),
(675, 0, NULL, 1144),
(676, 0, NULL, 1145),
(677, 0, NULL, 1146),
(678, 0, NULL, 1147),
(679, 0, NULL, 1148),
(680, 0, NULL, 1149),
(681, 0, NULL, 1150),
(682, 0, NULL, 1151),
(683, 0, NULL, 1154),
(684, 0, NULL, 1155),
(685, 0, NULL, 1156),
(686, 0, NULL, 1157),
(687, 0, NULL, 1159),
(688, 0, NULL, 1160),
(689, 0, NULL, 1161),
(690, 0, NULL, 1163),
(691, 0, NULL, 1165),
(692, 0, NULL, 1166),
(693, 0, NULL, 1167),
(694, 0, NULL, 1168),
(695, 0, NULL, 1169),
(696, 0, NULL, 1170),
(697, 0, NULL, 1171),
(698, 0, NULL, 1172),
(699, 0, NULL, 1173),
(700, 0, NULL, 1174),
(701, 0, NULL, 1175),
(702, 0, NULL, 1176),
(703, 0, NULL, 1177),
(704, 0, NULL, 1178),
(705, 0, NULL, 1181),
(706, 0, NULL, 1182),
(707, 0, NULL, 1183),
(708, 0, NULL, 1184),
(709, 0, NULL, 1185),
(710, 0, NULL, 1186),
(711, 0, NULL, 1187),
(712, 0, NULL, 1188),
(713, 0, NULL, 1189),
(714, 0, NULL, 1190),
(715, 0, NULL, 1191),
(716, 0, NULL, 1192),
(717, 0, NULL, 1193),
(718, 0, NULL, 1194),
(719, 0, NULL, 1195),
(720, 0, NULL, 1196),
(721, 0, NULL, 1197),
(722, 0, NULL, 1198),
(723, 0, NULL, 1199),
(724, 0, NULL, 1200),
(725, 0, NULL, 1201),
(726, 0, NULL, 1202),
(727, 0, NULL, 1203),
(728, 0, NULL, 1204),
(729, 0, NULL, 1205),
(730, 0, NULL, 1206),
(731, 0, NULL, 1207),
(732, 0, NULL, 1208),
(733, 0, NULL, 1209),
(734, 0, NULL, 1210),
(735, 0, NULL, 1211),
(736, 0, NULL, 1212),
(737, 0, NULL, 1213),
(738, 0, NULL, 1214),
(739, 0, NULL, 1215),
(740, 0, NULL, 1216),
(741, 0, NULL, 1217),
(742, 0, NULL, 1218),
(743, 0, NULL, 1219),
(744, 0, NULL, 1220),
(745, 0, NULL, 1221),
(746, 0, NULL, 1222),
(747, 0, NULL, 1223),
(748, 0, NULL, 1224),
(749, 0, NULL, 1225),
(750, 0, NULL, 1226),
(751, 0, NULL, 1227),
(752, 0, NULL, 1228),
(753, 0, NULL, 1229),
(754, 0, NULL, 1230),
(755, 0, NULL, 1231),
(756, 0, NULL, 1232),
(757, 0, NULL, 1233),
(758, 0, NULL, 1234),
(759, 0, NULL, 1235),
(760, 0, NULL, 1236),
(761, 0, NULL, 1237),
(762, 0, NULL, 1238),
(763, 0, NULL, 1239),
(764, 0, NULL, 1240),
(765, 0, NULL, 1241),
(766, 0, NULL, 1242),
(767, 0, NULL, 1243),
(768, 0, NULL, 1244),
(769, 0, NULL, 1245),
(770, 0, NULL, 1246),
(771, 0, NULL, 1247),
(772, 0, NULL, 1248),
(773, 0, NULL, 1249),
(774, 0, NULL, 1250),
(775, 0, NULL, 1251),
(776, 0, NULL, 1252),
(777, 0, NULL, 1253),
(778, 0, NULL, 1254),
(779, 0, NULL, 1255),
(780, 0, NULL, 1256),
(781, 0, NULL, 1257),
(782, 0, NULL, 1258),
(783, 0, NULL, 1259),
(784, 0, NULL, 1260),
(785, 0, NULL, 1261),
(786, 0, NULL, 1262),
(787, 0, NULL, 1263),
(788, 0, NULL, 1264),
(789, 0, NULL, 1265),
(790, 0, NULL, 1266),
(791, 0, NULL, 1267),
(792, 0, NULL, 1268),
(793, 0, NULL, 1269),
(794, 0, NULL, 1270),
(795, 0, NULL, 1271),
(796, 0, NULL, 1272),
(797, 0, NULL, 1273),
(798, 0, NULL, 1274),
(799, 0, NULL, 1275),
(800, 0, NULL, 1276),
(801, 0, NULL, 1277),
(802, 0, NULL, 1278),
(803, 0, NULL, 1279),
(804, 0, NULL, 1280),
(805, 0, NULL, 1281),
(806, 0, NULL, 1282),
(807, 0, NULL, 1283),
(808, 0, NULL, 1284),
(809, 0, NULL, 1285),
(810, 0, NULL, 1286),
(811, 0, NULL, 1287),
(812, 0, NULL, 1288),
(813, 0, NULL, 1289),
(814, 0, NULL, 1290),
(815, 0, NULL, 1291),
(816, 0, NULL, 1292),
(817, 0, NULL, 1293),
(818, 0, NULL, 1294),
(819, 0, NULL, 1295),
(820, 0, NULL, 1296),
(821, 0, NULL, 1297),
(822, 0, NULL, 1298),
(823, 0, NULL, 1299),
(824, 0, NULL, 1300),
(825, 0, NULL, 1301),
(826, 0, NULL, 1302),
(827, 0, NULL, 1303),
(828, 0, NULL, 1304),
(829, 0, NULL, 1305),
(830, 0, NULL, 1306),
(831, 0, NULL, 1307),
(832, 0, NULL, 1308),
(833, 0, NULL, 1309),
(834, 0, NULL, 1310),
(835, 0, NULL, 1311),
(836, 0, NULL, 1312),
(837, 0, NULL, 1313),
(838, 0, NULL, 1314),
(839, 0, NULL, 1315),
(840, 0, NULL, 1316),
(841, 0, NULL, 1317),
(842, 0, NULL, 1318),
(843, 0, NULL, 1319),
(844, 0, NULL, 1320),
(845, 0, NULL, 1321),
(846, 0, NULL, 1322),
(847, 0, NULL, 1323),
(848, 0, NULL, 1324),
(849, 0, NULL, 1325),
(850, 0, NULL, 1326),
(851, 0, NULL, 1327),
(852, 0, NULL, 1328),
(853, 0, NULL, 1329),
(854, 0, NULL, 1330),
(855, 0, NULL, 1331),
(856, 0, NULL, 1332),
(857, 0, NULL, 1333),
(858, 0, NULL, 1334),
(859, 0, NULL, 1335),
(860, 0, NULL, 1336),
(861, 0, NULL, 1337),
(862, 0, NULL, 1338),
(863, 0, NULL, 1339),
(864, 0, NULL, 1340),
(865, 0, NULL, 1341),
(866, 0, NULL, 1342),
(867, 0, NULL, 1343),
(868, 0, NULL, 1344),
(869, 0, NULL, 1345),
(870, 0, NULL, 1346),
(871, 0, NULL, 1347),
(872, 0, NULL, 1348),
(873, 0, NULL, 1349),
(874, 0, NULL, 1350),
(875, 0, NULL, 1351),
(876, 0, NULL, 1352),
(877, 0, NULL, 1353),
(878, 0, NULL, 1354),
(879, 0, NULL, 1355),
(880, 0, NULL, 1356),
(881, 0, NULL, 1357),
(882, 0, NULL, 1358),
(883, 0, NULL, 1359),
(884, 0, NULL, 1360),
(885, 0, NULL, 1361),
(886, 0, NULL, 1362),
(887, 0, NULL, 1363),
(888, 0, NULL, 1364),
(889, 0, NULL, 1365),
(890, 0, NULL, 1366),
(891, 0, NULL, 1367),
(892, 0, NULL, 1368),
(893, 0, NULL, 1369),
(894, 0, NULL, 1370),
(895, 0, NULL, 1371),
(896, 0, NULL, 1372),
(897, 0, NULL, 1373),
(898, 0, NULL, 1374),
(899, 0, NULL, 1375),
(900, 0, NULL, 1376),
(901, 0, NULL, 1377),
(902, 0, NULL, 1378),
(903, 0, NULL, 1379),
(904, 0, NULL, 1380),
(905, 0, NULL, 1381),
(906, 0, NULL, 1382),
(907, 0, NULL, 1383),
(908, 0, NULL, 1384),
(909, 0, NULL, 1385),
(910, 0, NULL, 1386),
(911, 0, NULL, 1387),
(912, 0, NULL, 1388),
(913, 0, NULL, 1389),
(914, 0, NULL, 1390),
(915, 0, NULL, 1391),
(916, 0, NULL, 1392),
(917, 0, NULL, 1393),
(918, 0, NULL, 1394),
(919, 0, NULL, 1395),
(920, 0, NULL, 1396),
(921, 0, NULL, 1397),
(922, 0, NULL, 1398),
(923, 0, NULL, 1399),
(924, 0, NULL, 1400),
(925, 0, NULL, 1401),
(926, 0, NULL, 1402),
(927, 0, NULL, 1403),
(928, 0, NULL, 1404),
(929, 0, NULL, 1405),
(930, 0, NULL, 1406),
(931, 0, NULL, 1407),
(932, 0, NULL, 1408),
(933, 0, NULL, 1409),
(934, 0, NULL, 1410),
(935, 0, NULL, 1411),
(936, 0, NULL, 1412),
(937, 0, NULL, 1413),
(938, 0, NULL, 1414),
(939, 0, NULL, 1415),
(940, 0, NULL, 1416),
(941, 0, NULL, 1417),
(942, 0, NULL, 1418),
(943, 0, NULL, 1419),
(944, 0, NULL, 1420),
(945, 0, NULL, 1421),
(946, 0, NULL, 1422),
(947, 0, NULL, 1423),
(948, 0, NULL, 1424),
(949, 0, NULL, 1425),
(950, 0, NULL, 1426),
(951, 0, NULL, 1427),
(952, 0, NULL, 1428),
(953, 0, NULL, 1429),
(954, 0, NULL, 1430),
(955, 0, NULL, 1431),
(956, 0, NULL, 1432),
(957, 0, NULL, 1433),
(958, 0, NULL, 1434),
(959, 0, NULL, 1435),
(960, 0, NULL, 1436),
(961, 0, NULL, 1437),
(962, 0, NULL, 1438),
(963, 0, NULL, 1439),
(964, 0, NULL, 1440),
(965, 0, NULL, 1441),
(966, 0, NULL, 1442),
(967, 0, NULL, 1443),
(968, 0, NULL, 1444),
(969, 0, NULL, 1445),
(970, 0, NULL, 1446),
(971, 0, NULL, 1447),
(972, 0, NULL, 1448),
(973, 0, NULL, 1449),
(974, 0, NULL, 1450),
(975, 0, NULL, 1451),
(976, 0, NULL, 1452),
(977, 0, NULL, 1453),
(978, 0, NULL, 1454),
(979, 0, NULL, 1455),
(980, 0, NULL, 1456),
(981, 0, NULL, 1457),
(982, 0, NULL, 1458),
(983, 0, NULL, 1459),
(984, 0, NULL, 1460),
(985, 0, NULL, 1461),
(986, 0, NULL, 1462),
(987, 0, NULL, 1463),
(988, 0, NULL, 1464),
(989, 0, NULL, 1485),
(990, 0, NULL, 1486),
(991, 0, NULL, 1487),
(992, 0, NULL, 1488),
(993, 0, NULL, 1489),
(994, 0, NULL, 1490),
(995, 0, NULL, 1491),
(996, 0, NULL, 1492),
(997, 0, NULL, 1493),
(998, 0, NULL, 1494),
(999, 0, NULL, 1495),
(1000, 0, NULL, 1496),
(1001, 0, NULL, 1497),
(1002, 0, NULL, 1498),
(1003, 0, NULL, 1499),
(1004, 0, NULL, 1500),
(1005, 0, NULL, 1501),
(1006, 0, NULL, 1502),
(1007, 0, NULL, 1503),
(1008, 0, NULL, 1504),
(1009, 0, NULL, 1505),
(1010, 0, NULL, 1506),
(1011, 0, NULL, 1507),
(1012, 0, NULL, 1508),
(1013, 0, NULL, 1509),
(1014, 0, NULL, 1510),
(1015, 0, NULL, 1511),
(1016, 0, NULL, 1512),
(1017, 0, NULL, 1515),
(1018, 0, NULL, 1516),
(1019, 0, NULL, 1517),
(1020, 0, NULL, 1518),
(1021, 0, NULL, 1519),
(1022, 0, NULL, 1520),
(1023, 0, NULL, 1521),
(1024, 0, NULL, 1522),
(1025, 0, NULL, 1523),
(1026, 0, NULL, 1524),
(1027, 0, NULL, 1525),
(1028, 0, NULL, 1526),
(1029, 0, NULL, 1527),
(1030, 0, NULL, 1528),
(1031, 0, NULL, 1529),
(1032, 0, NULL, 1530),
(1033, 0, NULL, 1531),
(1034, 0, NULL, 1532),
(1035, 0, NULL, 1533),
(1036, 0, NULL, 1534),
(1037, 0, NULL, 1535),
(1038, 0, NULL, 1543),
(1039, 0, NULL, 1544),
(1040, 0, NULL, 1545),
(1041, 0, NULL, 1547),
(1042, 0, NULL, 1548),
(1043, 0, NULL, 1549),
(1044, 0, NULL, 1550),
(1045, 0, NULL, 1551),
(1046, 0, NULL, 1552),
(1047, 0, NULL, 1553),
(1048, 0, NULL, 1554),
(1049, 0, NULL, 1555),
(1050, 0, NULL, 1556),
(1051, 0, NULL, 1557),
(1052, 0, NULL, 1558),
(1053, 0, NULL, 1559),
(1054, 0, NULL, 1560),
(1055, 0, NULL, 1581),
(1056, 0, NULL, 1582),
(1057, 0, NULL, 1583),
(1058, 0, NULL, 1584),
(1059, 0, NULL, 1585),
(1060, 0, NULL, 1586),
(1061, 0, NULL, 1587),
(1062, 0, NULL, 1590),
(1063, 0, NULL, 1596),
(1064, 0, NULL, 1597),
(1065, 0, NULL, 1598),
(1066, 0, NULL, 1599),
(1067, 0, NULL, 1600),
(1068, 0, NULL, 1601),
(1069, 0, NULL, 1602),
(1070, 0, NULL, 1603),
(1071, 0, NULL, 1604),
(1072, 0, NULL, 1605),
(1073, 0, NULL, 1607),
(1074, 0, NULL, 1608),
(1075, 0, NULL, 1609),
(1076, 0, NULL, 1610),
(1077, 0, NULL, 1611),
(1078, 0, NULL, 1613),
(1079, 0, NULL, 1614),
(1080, 0, NULL, 1615),
(1081, 0, NULL, 1616),
(1082, 0, NULL, 1617),
(1083, 0, NULL, 1618),
(1084, 0, NULL, 1620),
(1085, 0, NULL, 1621),
(1086, 0, NULL, 1622),
(1087, 0, NULL, 1623),
(1088, 0, NULL, 1624),
(1089, 0, NULL, 1625),
(1090, 0, NULL, 1626),
(1091, 0, NULL, 1628),
(1092, 0, NULL, 1629),
(1093, 0, NULL, 1630),
(1094, 0, NULL, 1631),
(1095, 0, NULL, 1632),
(1096, 0, NULL, 1634),
(1097, 0, NULL, 1635),
(1098, 0, NULL, 1636),
(1099, 0, NULL, 1637),
(1100, 0, NULL, 1638),
(1101, 0, NULL, 1639),
(1102, 0, NULL, 1640),
(1103, 0, NULL, 1641),
(1104, 0, NULL, 1642),
(1105, 0, NULL, 1643),
(1106, 0, NULL, 1644),
(1107, 0, NULL, 1645),
(1108, 0, NULL, 1646),
(1109, 0, NULL, 1647),
(1110, 0, NULL, 1648),
(1111, 0, NULL, 1649),
(1112, 0, NULL, 1650),
(1113, 0, NULL, 1651),
(1114, 0, NULL, 1652),
(1115, 0, NULL, 1653),
(1116, 0, NULL, 1654),
(1117, 0, NULL, 1655),
(1118, 0, NULL, 1656),
(1119, 0, NULL, 1657),
(1120, 0, NULL, 1658),
(1121, 0, NULL, 1659),
(1122, 0, NULL, 1660),
(1123, 0, NULL, 1661),
(1124, 0, NULL, 1662),
(1125, 0, NULL, 1663),
(1126, 0, NULL, 1664),
(1127, 0, NULL, 1665),
(1128, 0, NULL, 1666),
(1129, 0, NULL, 1673),
(1130, 0, NULL, 1677),
(1131, 0, NULL, 1678),
(1132, 0, NULL, 1679),
(1133, 0, NULL, 1680),
(1134, 0, NULL, 1681),
(1135, 0, NULL, 1682),
(1136, 0, NULL, 1683),
(1137, 0, NULL, 1684),
(1138, 0, NULL, 1685),
(1139, 0, NULL, 1686),
(1140, 0, NULL, 1687),
(1141, 0, NULL, 1688),
(1142, 0, NULL, 1690),
(1143, 0, NULL, 1691),
(1144, 0, NULL, 1692),
(1145, 0, NULL, 1693),
(1146, 0, NULL, 1694),
(1147, 0, NULL, 1695),
(1148, 0, NULL, 1696),
(1149, 0, NULL, 1698),
(1150, 0, NULL, 1699),
(1151, 0, NULL, 1700),
(1152, 0, NULL, 1701),
(1153, 0, NULL, 1702),
(1154, 0, NULL, 1703),
(1155, 0, NULL, 1704),
(1156, 0, NULL, 1705),
(1157, 0, NULL, 1706),
(1158, 0, NULL, 1707),
(1159, 0, NULL, 1708),
(1160, 0, NULL, 1709),
(1161, 0, NULL, 1710),
(1162, 0, NULL, 1711),
(1163, 0, NULL, 1712),
(1164, 0, NULL, 1713),
(1165, 0, NULL, 1714),
(1166, 0, NULL, 1715),
(1167, 0, NULL, 1716),
(1168, 0, NULL, 1717),
(1169, 0, NULL, 1718),
(1170, 0, NULL, 1719),
(1171, 0, NULL, 1720),
(1172, 0, NULL, 1721),
(1173, 0, NULL, 1722),
(1174, 0, NULL, 1723),
(1175, 0, NULL, 1724),
(1176, 0, NULL, 1725),
(1177, 0, NULL, 1726),
(1178, 0, NULL, 1727),
(1179, 0, NULL, 1728),
(1180, 0, NULL, 1729),
(1181, 0, NULL, 1730),
(1182, 0, NULL, 1731),
(1183, 0, NULL, 1732),
(1184, 0, NULL, 1733),
(1185, 0, NULL, 1734),
(1186, 0, NULL, 1735),
(1187, 0, NULL, 1736),
(1188, 0, NULL, 1737),
(1189, 0, NULL, 1738),
(1190, 0, NULL, 1739),
(1191, 0, NULL, 1740),
(1192, 0, NULL, 1741),
(1193, 0, NULL, 1742),
(1194, 0, NULL, 1743),
(1195, 0, NULL, 1744),
(1196, 0, NULL, 1745),
(1197, 0, NULL, 1746),
(1198, 0, NULL, 1747),
(1199, 0, NULL, 1748),
(1200, 0, NULL, 1749),
(1201, 0, NULL, 1750),
(1202, 0, NULL, 1751),
(1203, 0, NULL, 1752),
(1204, 0, NULL, 1753),
(1205, 0, NULL, 1754),
(1206, 0, NULL, 1755),
(1207, 0, NULL, 1756),
(1208, 0, NULL, 1757),
(1209, 0, NULL, 1758),
(1210, 0, NULL, 1759),
(1211, 0, NULL, 1760),
(1212, 0, NULL, 1761),
(1213, 0, NULL, 1762),
(1214, 0, NULL, 1763),
(1215, 0, NULL, 1764),
(1216, 0, NULL, 1765),
(1217, 0, NULL, 1766),
(1218, 0, NULL, 1767),
(1219, 0, NULL, 1768),
(1220, 0, NULL, 1769),
(1221, 0, NULL, 1770),
(1222, 0, NULL, 1771),
(1223, 0, NULL, 1772),
(1224, 0, NULL, 1773),
(1225, 0, NULL, 1774),
(1226, 0, NULL, 1775),
(1227, 0, NULL, 1776),
(1228, 0, NULL, 1777),
(1229, 0, NULL, 1778),
(1230, 0, NULL, 1779),
(1231, 0, NULL, 1780),
(1232, 0, NULL, 1781),
(1233, 0, NULL, 1782),
(1234, 0, NULL, 1783),
(1235, 0, NULL, 1784),
(1236, 0, NULL, 1785),
(1237, 0, NULL, 1786),
(1238, 0, NULL, 1787),
(1239, 0, NULL, 1788),
(1240, 0, NULL, 1789),
(1241, 0, NULL, 1790),
(1242, 0, NULL, 1791),
(1243, 0, NULL, 1792),
(1244, 0, NULL, 1793),
(1245, 0, NULL, 1794),
(1246, 0, NULL, 1795),
(1247, 0, NULL, 1796),
(1248, 0, NULL, 1797),
(1249, 0, NULL, 1798),
(1250, 0, NULL, 1799),
(1251, 0, NULL, 1800),
(1252, 0, NULL, 1801),
(1253, 0, NULL, 1802),
(1254, 0, NULL, 1803),
(1255, 0, NULL, 1804),
(1256, 0, NULL, 1805),
(1257, 0, NULL, 1806),
(1258, 0, NULL, 1807),
(1259, 0, NULL, 1808),
(1260, 0, NULL, 1809),
(1261, 0, NULL, 1810),
(1262, 0, NULL, 1811),
(1263, 0, NULL, 1812),
(1264, 0, NULL, 1813),
(1265, 0, NULL, 1814),
(1266, 0, NULL, 1815),
(1267, 0, NULL, 1816),
(1268, 0, NULL, 1817),
(1269, 0, NULL, 1818),
(1270, 0, NULL, 1819),
(1271, 0, NULL, 1820),
(1272, 0, NULL, 1821),
(1273, 0, NULL, 1822),
(1274, 0, NULL, 1823),
(1275, 0, NULL, 1824),
(1276, 0, NULL, 1825),
(1277, 0, NULL, 1826),
(1278, 0, NULL, 1827),
(1279, 0, NULL, 1828),
(1280, 0, NULL, 1829),
(1281, 0, NULL, 1830),
(1282, 0, NULL, 1831),
(1283, 0, NULL, 1832),
(1284, 0, NULL, 1833),
(1285, 0, NULL, 1834),
(1286, 0, NULL, 1835),
(1287, 0, NULL, 1836),
(1288, 0, NULL, 1837),
(1289, 0, NULL, 1838),
(1290, 0, NULL, 1839),
(1291, 0, NULL, 1840),
(1292, 0, NULL, 1841),
(1293, 0, NULL, 1842),
(1294, 0, NULL, 1843),
(1295, 0, NULL, 1844),
(1296, 0, NULL, 1845),
(1297, 0, NULL, 1846),
(1298, 0, NULL, 1847),
(1299, 0, NULL, 1848),
(1300, 0, NULL, 1849),
(1301, 0, NULL, 1850),
(1302, 0, NULL, 1851),
(1303, 0, NULL, 1852),
(1304, 0, NULL, 1853),
(1305, 0, NULL, 1854),
(1306, 0, NULL, 1855),
(1307, 0, NULL, 1856),
(1308, 0, NULL, 1857),
(1309, 0, NULL, 1858),
(1310, 0, NULL, 1859),
(1311, 0, NULL, 1860),
(1312, 0, NULL, 1861),
(1313, 0, NULL, 1862),
(1314, 0, NULL, 1863),
(1315, 0, NULL, 1864),
(1316, 0, NULL, 1865),
(1317, 0, NULL, 1866),
(1318, 0, NULL, 1867),
(1319, 0, NULL, 1868),
(1320, 0, NULL, 1869),
(1321, 0, NULL, 1870),
(1322, 0, NULL, 1871),
(1323, 0, NULL, 1872),
(1324, 0, NULL, 1873),
(1325, 0, NULL, 1874),
(1326, 0, NULL, 1875),
(1327, 0, NULL, 1876),
(1328, 0, NULL, 1877),
(1329, 0, NULL, 1878),
(1330, 0, NULL, 1879),
(1331, 0, NULL, 1880),
(1332, 0, NULL, 1881),
(1333, 0, NULL, 1882),
(1334, 0, NULL, 1883),
(1335, 0, NULL, 1884),
(1336, 0, NULL, 1885),
(1337, 0, NULL, 1886),
(1338, 0, NULL, 1887),
(1339, 0, NULL, 1888),
(1340, 0, NULL, 1889),
(1341, 0, NULL, 1890),
(1342, 0, NULL, 1891),
(1343, 0, NULL, 1892),
(1344, 0, NULL, 1893),
(1345, 0, NULL, 1894),
(1346, 0, NULL, 1895),
(1347, 0, NULL, 1896),
(1348, 0, NULL, 1897),
(1349, 0, NULL, 1898),
(1350, 0, NULL, 1899),
(1351, 0, NULL, 1900),
(1352, 0, NULL, 1901),
(1353, 0, NULL, 1902),
(1354, 0, NULL, 1903),
(1355, 0, NULL, 1904),
(1356, 0, NULL, 1905),
(1357, 0, NULL, 1906),
(1358, 0, NULL, 1907),
(1359, 0, NULL, 1908),
(1360, 0, NULL, 1909),
(1361, 0, NULL, 1910),
(1362, 0, NULL, 1911),
(1363, 0, NULL, 1912),
(1364, 0, NULL, 1913),
(1365, 0, NULL, 1914),
(1366, 0, NULL, 1915),
(1367, 0, NULL, 1916),
(1368, 0, NULL, 1917),
(1369, 0, NULL, 1918),
(1370, 0, NULL, 1919),
(1371, 0, NULL, 1920),
(1372, 0, NULL, 1921),
(1373, 0, NULL, 1922),
(1374, 0, NULL, 1923),
(1375, 0, NULL, 1924),
(1376, 0, NULL, 1925),
(1377, 0, NULL, 1926),
(1378, 0, NULL, 1927),
(1379, 0, NULL, 1928),
(1380, 0, NULL, 1929),
(1381, 0, NULL, 1930),
(1382, 0, NULL, 1931),
(1383, 0, NULL, 1932),
(1384, 0, NULL, 1933),
(1385, 0, NULL, 1934),
(1386, 0, NULL, 1935),
(1387, 0, NULL, 1936),
(1388, 0, NULL, 1937),
(1389, 0, NULL, 1938),
(1390, 0, NULL, 1939),
(1391, 0, NULL, 1940),
(1392, 0, NULL, 1941),
(1393, 0, NULL, 1942),
(1394, 0, NULL, 1943),
(1395, 0, NULL, 1944),
(1396, 0, NULL, 1945),
(1397, 0, NULL, 1946),
(1398, 0, NULL, 1947),
(1399, 0, NULL, 1948),
(1400, 0, NULL, 1949),
(1401, 0, NULL, 1950),
(1402, 0, NULL, 1951),
(1403, 0, NULL, 1952),
(1404, 0, NULL, 1953),
(1405, 0, NULL, 1954),
(1406, 0, NULL, 1955),
(1407, 0, NULL, 1956),
(1408, 0, NULL, 1957),
(1409, 0, NULL, 1958),
(1410, 0, NULL, 1959),
(1411, 0, NULL, 1960),
(1412, 0, NULL, 1961),
(1413, 0, NULL, 1962),
(1414, 0, NULL, 1963),
(1415, 0, NULL, 1964),
(1416, 0, NULL, 1965),
(1417, 0, NULL, 1966),
(1418, 0, NULL, 1967),
(1419, 0, NULL, 1968),
(1420, 0, NULL, 1969),
(1421, 0, NULL, 1970),
(1422, 0, NULL, 1971),
(1423, 0, NULL, 1972),
(1424, 0, NULL, 1973),
(1425, 0, NULL, 1974),
(1426, 0, NULL, 1975),
(1427, 0, NULL, 1976),
(1428, 0, NULL, 1977),
(1429, 0, NULL, 1978),
(1430, 0, NULL, 1979),
(1431, 0, NULL, 1980),
(1432, 0, NULL, 1981),
(1433, 0, NULL, 1982),
(1434, 0, NULL, 1984),
(1435, 0, NULL, 1985),
(1436, 0, NULL, 1986),
(1437, 0, NULL, 1987),
(1438, 0, NULL, 1988),
(1439, 0, NULL, 1989),
(1440, 0, NULL, 1990),
(1441, 0, NULL, 1991),
(1442, 0, NULL, 1992),
(1443, 0, NULL, 2000),
(1444, 0, NULL, 2004);

--
-- Daten für Tabelle `experience`
--

INSERT INTO `experience` (`id`, `adventure_points`, `max_number_of_spells_or_liturgical_chants`, `maximum_attribute_total`, `maximum_attribute_value`, `maximum_combat_technique`, `maximum_skill_value`, `name`, `numer_from_other_traditions`) VALUES
(1, 900, 8, 95, 12, 8, 10, 'Unerfahren', 0),
(2, 1000, 10, 98, 13, 10, 10, 'Durchschnitt', 1),
(3, 1100, 12, 100, 14, 12, 10, 'Erfahren', 2),
(4, 1200, 14, 102, 15, 14, 13, 'Kompetent', 3),
(5, 1400, 16, 105, 16, 16, 16, 'Meisterlich', 4),
(6, 1700, 18, 109, 17, 18, 19, 'Brillant', 5),
(7, 2100, 20, 114, 18, 20, 20, 'Legendär', 6);

--
-- Daten für Tabelle `level_check`
--

INSERT INTO `level_check` (`type`, `id`) VALUES
('Experience', 1),
('Experience', 2),
('Experience', 3),
('Experience', 4),
('Experience', 5),
('Experience', 6),
('Experience', 7),
('Experience', 8),
('Experience', 9),
('Experience', 10),
('Experience', 11),
('Experience', 12),
('Experience', 13),
('Experience', 14),
('Experience', 15),
('Experience', 16),
('Experience', 17),
('Experience', 18),
('Experience', 19),
('Experience', 20),
('Experience', 21),
('Experience', 22),
('Experience', 23),
('Experience', 24),
('Experience', 25),
('Experience', 26),
('Experience', 27),
('Experience', 28),
('Experience', 29),
('Experience', 30),
('Experience', 31),
('Experience', 32),
('Experience', 33),
('Experience', 34),
('Experience', 35),
('Experience', 36),
('Fix', 37),
('Fix', 38),
('Fix', 39),
('Fix', 40),
('Fix', 41),
('Fix', 42),
('Fix', 43),
('Fix', 44),
('Fix', 45),
('Fix', 46),
('Fix', 47),
('Fix', 48),
('Fix', 49),
('Fix', 50),
('Fix', 51),
('Fix', 52),
('Fix', 53),
('Fix', 54),
('Fix', 55),
('Fix', 56),
('Fix', 57),
('Fix', 58),
('Fix', 59),
('Fix', 60),
('Fix', 61),
('Fix', 62),
('Fix', 63),
('Fix', 64),
('Fix', 65),
('Fix', 66),
('Fix', 67),
('Fix', 68),
('Fix', 69),
('Fix', 70),
('Fix', 71),
('Fix', 72),
('Fix', 73),
('Fix', 74),
('Fix', 75),
('Fix', 76),
('Fix', 77),
('Fix', 78),
('Fix', 79),
('Fix', 80),
('Fix', 81),
('Fix', 82),
('Fix', 83),
('Fix', 84),
('Fix', 85),
('Fix', 86),
('Fix', 87),
('Fix', 88),
('Fix', 89),
('Fix', 90),
('Fix', 91),
('Fix', 92),
('Fix', 93),
('Fix', 94),
('Fix', 95),
('Fix', 96),
('Fix', 97),
('Fix', 98),
('Fix', 99),
('Fix', 100),
('Fix', 101),
('Fix', 102),
('Fix', 103),
('Fix', 104),
('Fix', 105),
('Fix', 106),
('Fix', 107),
('Fix', 108),
('Fix', 109),
('Fix', 110),
('Fix', 111),
('Fix', 112),
('Fix', 113),
('Fix', 114),
('Fix', 115),
('Fix', 116),
('Fix', 117),
('Fix', 118),
('Fix', 119),
('Fix', 120),
('Fix', 121),
('Fix', 122),
('Fix', 123),
('Fix', 124),
('Fix', 125),
('Fix', 126),
('Fix', 127),
('Fix', 128),
('Fix', 129),
('Fix', 130),
('Fix', 131),
('Fix', 132),
('Fix', 133),
('Fix', 134),
('Fix', 135),
('Fix', 136),
('Fix', 137),
('Fix', 138),
('Fix', 139),
('Fix', 140),
('Fix', 141),
('Fix', 142),
('Fix', 143),
('Fix', 144),
('Fix', 145),
('Fix', 146),
('Fix', 147),
('Fix', 148),
('Fix', 149),
('Fix', 150),
('Fix', 151),
('Fix', 152),
('Fix', 153),
('Fix', 154),
('Fix', 155),
('Fix', 156),
('Fix', 157),
('Fix', 158),
('Fix', 159),
('Fix', 160),
('Fix', 161),
('Fix', 162),
('Fix', 163),
('Fix', 164),
('Fix', 165),
('Fix', 166),
('Fix', 167),
('Fix', 168),
('Fix', 169),
('Fix', 170),
('Fix', 171),
('Fix', 172),
('Fix', 173),
('Fix', 174),
('Fix', 175),
('Fix', 176),
('Fix', 177),
('Fix', 178),
('Fix', 179),
('Fix', 180),
('Fix', 181),
('Fix', 182),
('Fix', 183),
('Fix', 184),
('Fix', 185),
('Fix', 186),
('Fix', 187),
('Fix', 188),
('Fix', 189),
('Fix', 190),
('Fix', 191),
('Fix', 192),
('Fix', 193),
('Fix', 194),
('Fix', 195),
('Fix', 196),
('Fix', 197),
('Fix', 198),
('Fix', 199),
('Fix', 200),
('Fix', 201),
('Fix', 202),
('Fix', 203),
('Fix', 204),
('Fix', 205),
('Fix', 206),
('Fix', 207),
('Fix', 208),
('Fix', 209),
('Fix', 210),
('Fix', 211),
('Fix', 212),
('Fix', 213),
('Fix', 214),
('Fix', 215),
('Fix', 216),
('Fix', 217),
('Fix', 218),
('Fix', 219),
('Fix', 220),
('Fix', 221),
('Fix', 222),
('Fix', 223),
('Fix', 224),
('Fix', 225),
('Fix', 226),
('Fix', 227),
('Fix', 228),
('Fix', 229),
('Fix', 230),
('Fix', 231),
('Fix', 232),
('Fix', 233),
('Fix', 234),
('Fix', 235),
('Fix', 236),
('Fix', 237),
('Fix', 238),
('Fix', 239),
('Fix', 240),
('Fix', 241),
('Fix', 242),
('Fix', 243),
('Fix', 244),
('Fix', 245),
('Fix', 246),
('Fix', 247),
('Fix', 248),
('Fix', 249),
('Fix', 250),
('Fix', 251),
('Fix', 252),
('Fix', 253),
('Fix', 254),
('Fix', 255),
('Fix', 256),
('Fix', 257),
('Fix', 258),
('Fix', 259),
('Fix', 260),
('Fix', 261),
('Fix', 262),
('Fix', 263),
('Fix', 264),
('Fix', 265),
('Fix', 266),
('Fix', 267),
('Fix', 268),
('Fix', 269),
('Fix', 270),
('Fix', 271),
('Fix', 272),
('Fix', 273),
('Fix', 274),
('Fix', 275),
('Fix', 276),
('Fix', 277),
('Fix', 278),
('Fix', 279),
('Fix', 280),
('Fix', 281),
('Fix', 282),
('Fix', 283),
('Fix', 284),
('Fix', 285),
('Fix', 286),
('Fix', 287),
('Fix', 288),
('Fix', 289),
('Fix', 290),
('Fix', 291),
('Fix', 292),
('Fix', 293),
('Fix', 294),
('Fix', 295),
('Fix', 296),
('Fix', 297),
('Fix', 298),
('Fix', 299),
('Fix', 300),
('Fix', 301),
('Fix', 302),
('Fix', 303),
('Fix', 304),
('Fix', 305),
('Fix', 306),
('Fix', 307),
('Fix', 308),
('Fix', 309),
('Fix', 310),
('Fix', 311),
('Fix', 312),
('Fix', 313),
('Fix', 314),
('Fix', 315),
('Fix', 316),
('Fix', 317),
('Fix', 318),
('Fix', 319),
('Fix', 320),
('Fix', 321),
('Fix', 322),
('Fix', 323),
('Fix', 324),
('Fix', 325),
('Fix', 326),
('Fix', 327),
('Fix', 328),
('Fix', 329),
('Fix', 330),
('Fix', 331),
('Fix', 332),
('Fix', 333),
('Fix', 334),
('Fix', 335),
('Fix', 336),
('Fix', 337),
('Fix', 338),
('Fix', 339),
('Fix', 340),
('Fix', 341),
('Fix', 342),
('Fix', 343),
('Fix', 344),
('Fix', 345),
('Fix', 346),
('Fix', 347),
('Fix', 348),
('Fix', 349),
('Fix', 350),
('Fix', 351),
('Fix', 352),
('Fix', 353),
('Fix', 354),
('Fix', 355),
('Fix', 356),
('Fix', 357),
('Fix', 358),
('Fix', 359),
('Fix', 360),
('Fix', 361),
('Fix', 362),
('Fix', 363),
('Fix', 364),
('Fix', 365),
('Fix', 366),
('Fix', 367),
('Fix', 368),
('Fix', 369),
('Fix', 370),
('Fix', 371),
('Fix', 372),
('Fix', 373),
('Fix', 374),
('Fix', 375),
('Fix', 376),
('Fix', 377),
('Fix', 378);

--
-- Daten für Tabelle `level_check_experience`
--

INSERT INTO `level_check_experience` (`value`, `id`) VALUES
('MAX_ATTRIBUTE_VALUE', 1),
('MAX_ATTRIBUTE_VALUE', 2),
('MAX_ATTRIBUTE_VALUE', 3),
('MAX_ATTRIBUTE_VALUE', 4),
('MAX_ATTRIBUTE_VALUE', 5),
('MAX_ATTRIBUTE_VALUE', 6),
('MAX_ATTRIBUTE_VALUE', 7),
('MAX_ATTRIBUTE_VALUE', 8),
('MAX_ATTRIBUTE_VALUE', 9),
('MAX_ATTRIBUTE_VALUE', 10),
('MAX_ATTRIBUTE_VALUE', 11),
('MAX_ATTRIBUTE_VALUE', 12),
('MAX_ATTRIBUTE_VALUE', 13),
('MAX_ATTRIBUTE_VALUE', 14),
('MAX_ATTRIBUTE_VALUE', 15),
('MAX_ATTRIBUTE_VALUE', 16),
('MAX_ATTRIBUTE_VALUE', 17),
('MAX_ATTRIBUTE_VALUE', 18),
('MAX_ATTRIBUTE_VALUE', 19),
('MAX_ATTRIBUTE_VALUE', 20),
('MAX_ATTRIBUTE_VALUE', 21),
('MAX_ATTRIBUTE_VALUE', 22),
('MAX_ATTRIBUTE_VALUE', 23),
('MAX_ATTRIBUTE_VALUE', 24),
('MAX_ATTRIBUTE_VALUE', 25),
('MAX_ATTRIBUTE_VALUE', 26),
('MAX_ATTRIBUTE_VALUE', 27),
('MAX_ATTRIBUTE_VALUE', 28),
('MAX_ATTRIBUTE_VALUE', 29),
('MAX_ATTRIBUTE_VALUE', 30),
('MAX_ATTRIBUTE_VALUE', 31),
('MAX_ATTRIBUTE_VALUE', 32),
('MAX_ATTRIBUTE_VALUE', 33),
('MAX_ATTRIBUTE_VALUE', 34),
('MAX_ATTRIBUTE_VALUE', 35),
('MAX_ATTRIBUTE_VALUE', 36);

--
-- Daten für Tabelle `level_check_fixed`
--

INSERT INTO `level_check_fixed` (`level`, `id`) VALUES
(13, 37),
(15, 38),
(12, 39),
(13, 40),
(13, 41),
(15, 42),
(14, 43),
(10, 44),
(8, 45),
(13, 46),
(13, 47),
(13, 48),
(15, 49),
(13, 50),
(13, 51),
(15, 52),
(15, 53),
(13, 54),
(12, 55),
(14, 56),
(12, 57),
(12, 58),
(8, 59),
(4, 60),
(4, 61),
(4, 62),
(4, 63),
(4, 64),
(4, 65),
(8, 66),
(4, 67),
(12, 68),
(8, 69),
(8, 70),
(8, 71),
(2, 72),
(4, 73),
(4, 74),
(4, 75),
(4, 76),
(4, 77),
(8, 78),
(8, 79),
(4, 80),
(4, 81),
(8, 82),
(8, 83),
(4, 84),
(4, 85),
(8, 86),
(8, 87),
(8, 88),
(4, 89),
(4, 90),
(8, 91),
(4, 92),
(2, 93),
(8, 94),
(4, 95),
(8, 96),
(4, 97),
(4, 98),
(8, 99),
(4, 100),
(4, 101),
(4, 102),
(8, 103),
(4, 104),
(8, 105),
(4, 106),
(4, 107),
(8, 108),
(4, 109),
(4, 110),
(8, 111),
(8, 112),
(4, 113),
(8, 114),
(8, 115),
(4, 116),
(4, 117),
(8, 118),
(8, 119),
(8, 120),
(8, 121),
(8, 122),
(8, 123),
(8, 124),
(4, 125),
(8, 126),
(4, 127),
(4, 128),
(4, 129),
(8, 130),
(8, 131),
(8, 132),
(8, 133),
(8, 134),
(4, 135),
(4, 136),
(8, 137),
(4, 138),
(4, 139),
(4, 140),
(4, 141),
(4, 142),
(4, 143),
(4, 144),
(4, 145),
(4, 146),
(4, 147),
(4, 148),
(8, 149),
(4, 150),
(4, 151),
(10, 152),
(4, 153),
(4, 154),
(8, 155),
(8, 156),
(8, 157),
(4, 158),
(4, 159),
(8, 160),
(8, 161),
(8, 162),
(8, 163),
(10, 164),
(12, 165),
(12, 166),
(15, 167),
(15, 168),
(13, 169),
(10, 170),
(13, 171),
(15, 172),
(13, 173),
(13, 174),
(15, 175),
(15, 176),
(15, 177),
(15, 178),
(15, 179),
(15, 180),
(15, 181),
(13, 182),
(13, 183),
(15, 184),
(13, 185),
(15, 186),
(13, 187),
(15, 188),
(13, 189),
(13, 190),
(13, 191),
(13, 192),
(15, 193),
(13, 194),
(15, 195),
(13, 196),
(15, 197),
(13, 198),
(15, 199),
(13, 200),
(15, 201),
(13, 202),
(15, 203),
(10, 204),
(10, 205),
(10, 206),
(15, 207),
(13, 208),
(15, 209),
(8, 210),
(17, 211),
(12, 212),
(15, 213),
(8, 214),
(17, 215),
(12, 216),
(15, 217),
(8, 218),
(17, 219),
(12, 220),
(8, 221),
(8, 222),
(13, 223),
(15, 224),
(17, 225),
(15, 226),
(17, 227),
(15, 228),
(17, 229),
(15, 230),
(15, 231),
(13, 232),
(13, 233),
(15, 234),
(17, 235),
(13, 236),
(15, 237),
(17, 238),
(13, 239),
(15, 240),
(17, 241),
(13, 242),
(15, 243),
(17, 244),
(13, 245),
(13, 246),
(15, 247),
(13, 248),
(13, 249),
(13, 250),
(15, 251),
(17, 252),
(13, 253),
(15, 254),
(17, 255),
(13, 256),
(15, 257),
(17, 258),
(13, 259),
(15, 260),
(17, 261),
(13, 262),
(13, 263),
(13, 264),
(13, 265),
(13, 266),
(15, 267),
(13, 268),
(13, 269),
(15, 270),
(17, 271),
(13, 272),
(15, 273),
(17, 274),
(13, 275),
(15, 276),
(17, 277),
(13, 278),
(15, 279),
(17, 280),
(13, 281),
(15, 282),
(17, 283),
(13, 284),
(15, 285),
(17, 286),
(13, 287),
(15, 288),
(17, 289),
(13, 290),
(15, 291),
(17, 292),
(15, 293),
(15, 294),
(17, 295),
(15, 296),
(17, 297),
(15, 298),
(17, 299),
(15, 300),
(17, 301),
(15, 302),
(17, 303),
(15, 304),
(17, 305),
(13, 306),
(13, 307),
(13, 308),
(13, 309),
(13, 310),
(15, 311),
(13, 312),
(15, 313),
(13, 314),
(15, 315),
(13, 316),
(15, 317),
(4, 318),
(8, 319),
(12, 320),
(4, 321),
(8, 322),
(12, 323),
(4, 324),
(8, 325),
(12, 326),
(4, 327),
(8, 328),
(12, 329),
(13, 330),
(13, 331),
(13, 332),
(15, 333),
(17, 334),
(13, 335),
(15, 336),
(17, 337),
(13, 338),
(15, 339),
(17, 340),
(13, 341),
(15, 342),
(17, 343),
(13, 344),
(13, 345),
(13, 346),
(13, 347),
(13, 348),
(13, 349),
(13, 350),
(13, 351),
(13, 352),
(13, 353),
(13, 354),
(13, 355),
(13, 356),
(13, 357),
(13, 358),
(13, 359),
(13, 360),
(13, 361),
(13, 362),
(13, 363),
(4, 364),
(4, 365),
(13, 366),
(13, 367),
(13, 368),
(13, 369),
(13, 370),
(15, 371),
(13, 372),
(13, 373),
(8, 374),
(13, 375),
(13, 376),
(15, 377),
(13, 378);

--
-- Daten für Tabelle `liturgical_chant`
--

INSERT INTO `liturgical_chant` (`improvement_chart`, `id`, `cast_time_id`, `check1_id`, `check2_id`, `check3_id`, `cost_id`, `duration_id`, `range_id`) VALUES
('A', 87, 1, 1, 2, 4, 1, 1, 1),
('B', 88, 2, 3, 4, 4, 2, 2, 2),
('B', 89, 3, 1, 2, 4, 3, 1, 1),
('A', 90, 1, 1, 2, 3, 4, 3, 3),
(NULL, 91, 1, 3, 4, 4, 2, 4, 3),
('B', 92, 3, 1, 3, 4, 2, 5, 3),
('A', 93, 4, 2, 2, 3, 4, 5, 1),
('B', 94, 3, 1, 3, 4, 2, 5, 2),
('A', 95, 1, 1, 3, 6, 2, 6, 1),
('B', 96, 1, 1, 3, 4, 2, 7, 1),
('B', 97, 3, 2, 3, 4, 5, 2, 2),
('A', 98, 3, 2, 3, 3, 2, 2, 1),
('A', 99, 3, 3, 3, 4, 4, 6, 4),
('B', 100, 5, 2, 3, 4, 6, 2, 2),
(NULL, 101, 1, 1, 3, 4, 2, 8, 5),
('B', 102, 1, 1, 1, 4, 7, 2, 3),
('B', 103, 2, 1, 3, 4, 8, 2, 6),
('B', 104, 5, 2, 3, 4, 9, 2, 2),
('B', 105, 3, 3, 3, 6, 1, 1, 1),
('C', 106, 3, 1, 3, 4, 10, 1, 1),
('A', 107, 2, 2, 3, 3, 4, 9, 3),
('A', 108, 3, 2, 2, 3, 11, 1, 1),
('B', 109, 1, 2, 3, 4, 2, 5, 1),
('C', 110, 3, 2, 3, 4, 12, 10, 1),
('B', 111, 3, 1, 3, 4, 13, 2, 3),
('B', 112, 6, 1, 3, 4, 13, 8, 6),
(NULL, 113, 2, 2, 3, 4, 2, 8, 2),
('B', 114, 3, 1, 3, 4, 4, 11, 2),
('A', 115, 4, 1, 2, 3, 4, 11, 4),
(NULL, 116, 3, 1, 2, 4, 14, 2, 6),
('A', 117, 5, 2, 3, 4, 2, 12, 2),
('A', 118, 5, 1, 2, 3, 2, 11, 7),
('B', 119, 2, 2, 3, 4, 2, 5, 3),
('B', 120, 2, 1, 2, 3, 2, 5, 4),
('A', 121, 4, 1, 2, 3, 2, 5, 4),
('C', 122, 1, 1, 3, 7, 2, 6, 1),
('B', 123, 1, 1, 3, 4, 2, 5, 6),
('A', 124, 2, 2, 3, 4, 2, 13, 3),
('C', 125, 4, 1, 2, 3, 13, 5, 2),
('B', 126, 2, 3, 3, 6, 2, 5, 1),
('B', 127, 2, 2, 2, 3, 2, 11, 1);

--
-- Daten für Tabelle `liturgical_chant_targets`
--

INSERT INTO `liturgical_chant_targets` (`liturgical_chant_id`, `targets_id`) VALUES
(87, 1),
(88, 2),
(89, 3),
(90, 1),
(91, 2),
(92, 2),
(93, 2),
(94, 2),
(94, 4),
(95, 2),
(96, 2),
(97, 1),
(98, 2),
(99, 3),
(100, 2),
(100, 4),
(101, 5),
(102, 6),
(103, 7),
(104, 1),
(105, 2),
(106, 2),
(107, 1),
(107, 8),
(108, 2),
(109, 2),
(110, 3),
(111, 1),
(112, 2),
(113, 2),
(114, 8),
(115, 3),
(116, 9),
(117, 10),
(118, 11),
(119, 2),
(120, 8),
(121, 12),
(122, 2),
(123, 2),
(124, 8),
(125, 2),
(126, 2),
(127, 1);

--
-- Daten für Tabelle `property`
--

INSERT INTO `property` (`type`, `id`, `name`, `wiki_url`, `subcategory_of_id`) VALUES
('Eigenschaft', 1, 'Mut', NULL, NULL),
('Eigenschaft', 2, 'Klugheit', NULL, NULL),
('Eigenschaft', 3, 'Intuition', NULL, NULL),
('Eigenschaft', 4, 'Charisma', NULL, NULL),
('Eigenschaft', 5, 'Fingerfertigkeit', NULL, NULL),
('Eigenschaft', 6, 'Gewandtheit', NULL, NULL),
('Eigenschaft', 7, 'Konstitution', NULL, NULL),
('Eigenschaft', 8, 'Körperkraft', NULL, NULL),
('Fertigkeit', 9, 'Fliegen', 'http://www.ulisses-regelwiki.de/index.php/Koerpertalente.html', NULL),
('Fertigkeit', 10, 'Gaukeleien', 'http://www.ulisses-regelwiki.de/index.php/Koerpertalente.html', NULL),
('Fertigkeit', 11, 'Klettern', 'http://www.ulisses-regelwiki.de/index.php/Koerpertalente.html', NULL),
('Fertigkeit', 12, 'Körperbeherrschung', 'http://www.ulisses-regelwiki.de/index.php/Koerpertalente.html', NULL),
('Fertigkeit', 13, 'Kraftakt', 'http://www.ulisses-regelwiki.de/index.php/Koerpertalente.html', NULL),
('Fertigkeit', 14, 'Reiten', 'http://www.ulisses-regelwiki.de/index.php/Koerpertalente.html', NULL),
('Fertigkeit', 15, 'Schwimmen', 'http://www.ulisses-regelwiki.de/index.php/Koerpertalente.html', NULL),
('Fertigkeit', 16, 'Selbstbeherrschung', 'http://www.ulisses-regelwiki.de/index.php/Koerpertalente.html', NULL),
('Fertigkeit', 17, 'Singen', 'http://www.ulisses-regelwiki.de/index.php/Koerpertalente.html', NULL),
('Fertigkeit', 18, 'Sinnesschärfe', 'http://www.ulisses-regelwiki.de/index.php/Koerpertalente.html', NULL),
('Fertigkeit', 19, 'Tanzen', 'http://www.ulisses-regelwiki.de/index.php/Koerpertalente.html', NULL),
('Fertigkeit', 20, 'Taschendiebstahl', 'http://www.ulisses-regelwiki.de/index.php/Koerpertalente.html', NULL),
('Fertigkeit', 21, 'Verbergen', 'http://www.ulisses-regelwiki.de/index.php/Koerpertalente.html', NULL),
('Fertigkeit', 22, 'Zechen', 'http://www.ulisses-regelwiki.de/index.php/Koerpertalente.html', NULL),
('Fertigkeit', 23, 'Bekehren & Überzeugen', 'http://www.ulisses-regelwiki.de/index.php/Gesellschaftstalente.html', NULL),
('Fertigkeit', 24, 'Betören', 'http://www.ulisses-regelwiki.de/index.php/Gesellschaftstalente.html', NULL),
('Fertigkeit', 25, 'Einschüchtern', 'http://www.ulisses-regelwiki.de/index.php/Gesellschaftstalente.html', NULL),
('Fertigkeit', 26, 'Etikette', 'http://www.ulisses-regelwiki.de/index.php/Gesellschaftstalente.html', NULL),
('Fertigkeit', 27, 'Gassenwissen', 'http://www.ulisses-regelwiki.de/index.php/Gesellschaftstalente.html', NULL),
('Fertigkeit', 28, 'Menschenkenntnis', 'http://www.ulisses-regelwiki.de/index.php/Gesellschaftstalente.html', NULL),
('Fertigkeit', 29, 'Überreden', 'http://www.ulisses-regelwiki.de/index.php/Gesellschaftstalente.html', NULL),
('Fertigkeit', 30, 'Verkleiden', 'http://www.ulisses-regelwiki.de/index.php/Gesellschaftstalente.html', NULL),
('Fertigkeit', 31, 'Willenskraft', 'http://www.ulisses-regelwiki.de/index.php/Gesellschaftstalente.html', NULL),
('Fertigkeit', 32, 'Fährtensuchen', 'http://www.ulisses-regelwiki.de/index.php/Naturtalente.html', NULL),
('Fertigkeit', 33, 'Fesseln', 'http://www.ulisses-regelwiki.de/index.php/Naturtalente.html', NULL),
('Fertigkeit', 34, 'Fischen & Angeln', 'http://www.ulisses-regelwiki.de/index.php/Naturtalente.html', NULL),
('Fertigkeit', 35, 'Orientierung', 'http://www.ulisses-regelwiki.de/index.php/Naturtalente.html', NULL),
('Fertigkeit', 36, 'Pflanzenkunde', 'http://www.ulisses-regelwiki.de/index.php/Naturtalente.html', NULL),
('Fertigkeit', 37, 'Tierkunde', 'http://www.ulisses-regelwiki.de/index.php/Naturtalente.html', NULL),
('Fertigkeit', 38, 'Wildnisleben', 'http://www.ulisses-regelwiki.de/index.php/Naturtalente.html', NULL),
('Fertigkeit', 39, 'Brett- & Glücksspiel', 'http://www.ulisses-regelwiki.de/index.php/Wissenstalente.html', NULL),
('Fertigkeit', 40, 'Geographie', 'http://www.ulisses-regelwiki.de/index.php/Wissenstalente.html', NULL),
('Fertigkeit', 41, 'Geschichtswissen', 'http://www.ulisses-regelwiki.de/index.php/Wissenstalente.html', NULL),
('Fertigkeit', 42, 'Götter & Kulte', 'http://www.ulisses-regelwiki.de/index.php/Wissenstalente.html', NULL),
('Fertigkeit', 43, 'Kriegskunst', 'http://www.ulisses-regelwiki.de/index.php/Wissenstalente.html', NULL),
('Fertigkeit', 44, 'Magiekunde', 'http://www.ulisses-regelwiki.de/index.php/Wissenstalente.html', NULL),
('Fertigkeit', 45, 'Mechanik', 'http://www.ulisses-regelwiki.de/index.php/Wissenstalente.html', NULL),
('Fertigkeit', 46, 'Rechnen', 'http://www.ulisses-regelwiki.de/index.php/Wissenstalente.html', NULL),
('Fertigkeit', 47, 'Rechtskunde', 'http://www.ulisses-regelwiki.de/index.php/Wissenstalente.html', NULL),
('Fertigkeit', 48, 'Sagen & Legenden', 'http://www.ulisses-regelwiki.de/index.php/Wissenstalente.html', NULL),
('Fertigkeit', 49, 'Sphärenkunde', 'http://www.ulisses-regelwiki.de/index.php/Wissenstalente.html', NULL),
('Fertigkeit', 50, 'Sternkunde', 'http://www.ulisses-regelwiki.de/index.php/Wissenstalente.html', NULL),
('Fertigkeit', 51, 'Alchimie', 'http://www.ulisses-regelwiki.de/index.php/Handwerkstalente.html', NULL),
('Fertigkeit', 52, 'Boote & Schiffe', 'http://www.ulisses-regelwiki.de/index.php/Handwerkstalente.html', NULL),
('Fertigkeit', 53, 'Fahrzeuge', 'http://www.ulisses-regelwiki.de/index.php/Handwerkstalente.html', NULL),
('Fertigkeit', 54, 'Handel', 'http://www.ulisses-regelwiki.de/index.php/Handwerkstalente.html', NULL),
('Fertigkeit', 55, 'Heilkunde Gift', 'http://www.ulisses-regelwiki.de/index.php/Handwerkstalente.html', NULL),
('Fertigkeit', 56, 'Heilkunde Krankheiten', 'http://www.ulisses-regelwiki.de/index.php/Handwerkstalente.html', NULL),
('Fertigkeit', 57, 'Heilkunde Seele', 'http://www.ulisses-regelwiki.de/index.php/Handwerkstalente.html', NULL),
('Fertigkeit', 58, 'Heilkunde Wunden', 'http://www.ulisses-regelwiki.de/index.php/Handwerkstalente.html', NULL),
('Fertigkeit', 59, 'Holzbearbeitung', 'http://www.ulisses-regelwiki.de/index.php/Handwerkstalente.html', NULL),
('Fertigkeit', 60, 'Lebensmittelbearbeitung', 'http://www.ulisses-regelwiki.de/index.php/Handwerkstalente.html', NULL),
('Fertigkeit', 61, 'Lederbearbeitung', 'http://www.ulisses-regelwiki.de/index.php/Handwerkstalente.html', NULL),
('Fertigkeit', 62, 'Malen & Zeichnen', 'http://www.ulisses-regelwiki.de/index.php/Handwerkstalente.html', NULL),
('Fertigkeit', 63, 'Metallbearbeitung', 'http://www.ulisses-regelwiki.de/index.php/Handwerkstalente.html', NULL),
('Fertigkeit', 64, 'Musizieren', 'http://www.ulisses-regelwiki.de/index.php/Handwerkstalente.html', NULL),
('Fertigkeit', 65, 'Schlösserknacken', 'http://www.ulisses-regelwiki.de/index.php/Handwerkstalente.html', NULL),
('Fertigkeit', 66, 'Steinbearbeitung', 'http://www.ulisses-regelwiki.de/index.php/Handwerkstalente.html', NULL),
('Fertigkeit', 67, 'Stoffbearbeitung', 'http://www.ulisses-regelwiki.de/index.php/Handwerkstalente.html', NULL),
('Kampftechnik', 68, 'Armbrüste', 'http://www.ulisses-regelwiki.de/index.php/KT_Armbrüste.html', NULL),
('Kampftechnik', 69, 'Blasrohre', 'http://www.ulisses-regelwiki.de/index.php/KT_Blasrohre.html', NULL),
('Kampftechnik', 70, 'Bögen', 'http://www.ulisses-regelwiki.de/index.php/kt_boegen.html', NULL),
('Kampftechnik', 71, 'Dikusse', 'http://www.ulisses-regelwiki.de/index.php/KT_Diskusse.html', NULL),
('Kampftechnik', 72, 'Feierspeien', 'http://www.ulisses-regelwiki.de/index.php/KT_Feuerspeien.html', NULL),
('Kampftechnik', 73, 'Schleudern', 'http://www.ulisses-regelwiki.de/index.php/KT_Schleudern.html', NULL),
('Kampftechnik', 74, 'Wurfwaffen', 'http://www.ulisses-regelwiki.de/index.php/KT_Wurfwaffen.html', NULL),
('Kampftechnik', 75, 'Dolche', 'http://www.ulisses-regelwiki.de/index.php/KT_Dolche.html', NULL),
('Kampftechnik', 76, 'Fechtwaffen', 'http://www.ulisses-regelwiki.de/index.php/KT_Fechtwaffen.html', NULL),
('Kampftechnik', 77, 'Hiebwaffen', 'http://www.ulisses-regelwiki.de/index.php/KT_Hiebwaffen.html', NULL),
('Kampftechnik', 78, 'Kettenwaffen', 'http://www.ulisses-regelwiki.de/index.php/KT_Kettenwaffen.html', NULL),
('Kampftechnik', 79, 'Lanzen', 'http://www.ulisses-regelwiki.de/index.php/KT_Lanzen.html', NULL),
('Kampftechnik', 80, 'Peitschen', 'http://www.ulisses-regelwiki.de/index.php/KT_Peitschen.html', NULL),
('Kampftechnik', 81, 'Raufen', 'http://www.ulisses-regelwiki.de/index.php/KT_Raufen.html', NULL),
('Kampftechnik', 82, 'Schilde', 'http://www.ulisses-regelwiki.de/index.php/KT_Schilde.html', NULL),
('Kampftechnik', 83, 'Schwerter', 'http://www.ulisses-regelwiki.de/index.php/kt_schwerter.html', NULL),
('Kampftechnik', 84, 'Stangenwaffen', 'http://www.ulisses-regelwiki.de/index.php/KT_Stangenwaffen.html', NULL),
('Kampftechnik', 85, 'Zweihandhiebwaffen', 'http://www.ulisses-regelwiki.de/index.php/KT_Zweihandhiebwaffen.html', NULL),
('Kampftechnik', 86, 'Zweihandschwerter', 'http://www.ulisses-regelwiki.de/index.php/KT_Zweihandschwerter.html', NULL),
('Liturgie', 87, 'Bann der Dunkelheit', 'http://www.ulisses-regelwiki.de/index.php/Lit_BannderDunkelheit.html', NULL),
('Liturgie', 88, 'Bann der Furcht', 'http://www.ulisses-regelwiki.de/index.php/Lit_BannderFurcht.html', NULL),
('Liturgie', 89, 'Bann des Lichts', 'http://www.ulisses-regelwiki.de/index.php/Lit_BanndesLichts.html', NULL),
('Liturgie', 90, 'Blendstrahl', 'http://www.ulisses-regelwiki.de/index.php/Lit_Blendstrahl.html', NULL),
('Liturgie', 91, 'Des Einen bezaubernder Sphärenklang', 'http://www.ulisses-regelwiki.de/index.php/Lit_DesEinenbezaubernderSphaerenklang.html', NULL),
('Liturgie', 92, 'Ehrenhaftigkeit', 'http://www.ulisses-regelwiki.de/index.php/Lit_Ehrenhaftigkeit.html', NULL),
('Liturgie', 93, 'Entzifferung', 'http://www.ulisses-regelwiki.de/index.php/Lit_Entzifferung.html', NULL),
('Liturgie', 94, 'Ermutigung', 'http://www.ulisses-regelwiki.de/index.php/Lit_Ermutigiung.html', NULL),
('Liturgie', 95, 'Fall ins Nichts', 'http://www.ulisses-regelwiki.de/index.php/Lit_FallinsNichts.html', NULL),
('Liturgie', 96, 'Friedvolle Aura', 'http://www.ulisses-regelwiki.de/index.php/Lit_FriedvolleAura.html', NULL),
('Liturgie', 97, 'Giftbann', 'http://www.ulisses-regelwiki.de/index.php/Lit_Giftbann.html', NULL),
('Liturgie', 98, 'Göttlicher Fingerzeig', 'http://www.ulisses-regelwiki.de/index.php/Lit_GöttlicherFingerzeig.html', NULL),
('Liturgie', 99, 'Göttliches Zeichen', 'http://www.ulisses-regelwiki.de/index.php/Lit_GöttlichesZeichen.html', NULL),
('Liturgie', 100, 'Heilsegen', 'http://www.ulisses-regelwiki.de/index.php/Lit_Heilsegen.html', NULL),
('Liturgie', 101, 'Herbeirufung der Heerscharen des Rattenkindes', 'http://www.ulisses-regelwiki.de/index.php/Lit_HerbeirufungHeerscharenRattenkindes.html', NULL),
('Liturgie', 102, 'Kleiner Bann wider Untote', 'http://www.ulisses-regelwiki.de/index.php/Lit_KleinerBannwiderUntote.html', NULL),
('Liturgie', 103, 'Kleiner Bannstrahl', 'http://www.ulisses-regelwiki.de/index.php/Lit_KleinerBannstrahl.html', NULL),
('Liturgie', 104, 'Krankheitsbann', 'http://www.ulisses-regelwiki.de/index.php/Lit_Krankheitsbann.html', NULL),
('Liturgie', 105, 'Lautlos', 'http://www.ulisses-regelwiki.de/index.php/Lit_Lautlos.html', NULL),
('Liturgie', 106, 'Magieschutz', 'http://www.ulisses-regelwiki.de/index.php/Lit_Magieschutz.html', NULL),
('Liturgie', 107, 'Magiesicht', 'http://www.ulisses-regelwiki.de/index.php/Lit_Magiesicht.html', NULL),
('Liturgie', 108, 'Mondsicht', 'http://www.ulisses-regelwiki.de/index.php/Lit_Mondsicht.html', NULL),
('Liturgie', 109, 'Mondsilberzunge', 'http://www.ulisses-regelwiki.de/index.php/Lit_Mondsilberzunge.html', NULL),
('Liturgie', 110, 'Namenlose Kälte', 'http://www.ulisses-regelwiki.de/index.php/Lit_NamenloseKaelte.html', NULL),
('Liturgie', 111, 'Namenlose Raserei', 'http://www.ulisses-regelwiki.de/index.php/Lit_NamenloseRaserei.html', NULL),
('Liturgie', 112, 'Namenlose Zweifel', 'http://www.ulisses-regelwiki.de/index.php/Lit_NamenloseZweifel.html', NULL),
('Liturgie', 113, 'Namenloses Vergessen', 'http://www.ulisses-regelwiki.de/index.php/Lit_NamenlosesVergessen.html', NULL),
('Liturgie', 114, 'Objektsegen', 'http://www.ulisses-regelwiki.de/index.php/Lit_Objektsegen.html', NULL),
('Liturgie', 115, 'Ort der Ruhe', 'http://www.ulisses-regelwiki.de/index.php/Lit_OrtderRuhe.html', NULL),
('Liturgie', 116, 'Pech-und-Schwefel-Strahl', 'http://www.ulisses-regelwiki.de/index.php/Lit_PechundSchwefelStrahl.html', NULL),
('Liturgie', 117, 'Pflanzenwuchs', 'http://www.ulisses-regelwiki.de/index.php/Lit_Pflanzenwuchs.html', NULL),
('Liturgie', 118, 'Rabenruf', 'http://www.ulisses-regelwiki.de/index.php/Lit_Rabenruf.html', NULL),
('Liturgie', 119, 'Schlaf', 'http://www.ulisses-regelwiki.de/index.php/Lit_Schlaf.html', NULL),
('Liturgie', 120, 'Schlangenstab', 'http://www.ulisses-regelwiki.de/index.php/Lit_Schlangenstab.html', NULL),
('Liturgie', 121, 'Schlangenzunge', 'http://www.ulisses-regelwiki.de/index.php/Lit_Schlangenzunge.html', NULL),
('Liturgie', 122, 'Schmerzresistenz', 'http://www.ulisses-regelwiki.de/index.php/Lit_Schmerzresistenz.html', NULL),
('Liturgie', 123, 'Schutz der Wehrlosen', 'http://www.ulisses-regelwiki.de/index.php/Lit_SchutzderWehrlosen.html', NULL),
('Liturgie', 124, 'Sternenglanz', 'http://www.ulisses-regelwiki.de/index.php/Lit_Sternenglanz.html', NULL),
('Liturgie', 125, 'Wahrheit', 'http://www.ulisses-regelwiki.de/index.php/Lit_Wahrheit.html', NULL),
('Liturgie', 126, 'Wieselflink', 'http://www.ulisses-regelwiki.de/index.php/Lit_Wieselflink.html', NULL),
('Liturgie', 127, 'Wundersame Verständigung', 'http://www.ulisses-regelwiki.de/index.php/Lit_WundersameVerständigung.html', NULL),
('Ritual', 128, 'Accuratum', 'http://www.ulisses-regelwiki.de/index.php/Rit_Accuratum.html', NULL),
('Ritual', 129, 'Arcanovi', 'http://www.ulisses-regelwiki.de/index.php/Rit_Arcanovi.html', NULL),
('Ritual', 130, 'Aufmerksamer Wächter', 'http://www.ulisses-regelwiki.de/index.php/Rit_AufmerksamerWaechter.html', NULL),
('Ritual', 131, 'Caldofrigo', 'http://www.ulisses-regelwiki.de/index.php/Rit_Caldofrigo.html', NULL),
('Ritual', 132, 'Dschinnenruf', 'http://www.ulisses-regelwiki.de/index.php/Rit_Dschinnenruf.html', NULL),
('Ritual', 133, 'Elementarer Diener', 'http://www.ulisses-regelwiki.de/index.php/Rit_Diener.html', NULL),
('Ritual', 134, 'Hagelschlag und Sturmgebrüll', 'http://www.ulisses-regelwiki.de/index.php/Rit_HagelschlagundSturmgebruell.html', NULL),
('Ritual', 135, 'Hartes schmelze', 'http://www.ulisses-regelwiki.de/index.php/Rit_Hartesschmelze.html', NULL),
('Ritual', 136, 'Invovatio maior', 'http://www.ulisses-regelwiki.de/index.php/Rit_Invomaior.html', NULL),
('Ritual', 137, 'Invocatio Minor', 'http://www.ulisses-regelwiki.de/index.php/Rit_Invominor.html', NULL),
('Ritual', 138, 'Leidensbund', 'http://www.ulisses-regelwiki.de/index.php/Rit_Leidensbund.html', NULL),
('Ritual', 139, 'Magischer Raub', 'http://www.ulisses-regelwiki.de/index.php/Rit_MagischerRaub.html', NULL),
('Ritual', 140, 'Memorabia Falsifir', 'http://www.ulisses-regelwiki.de/index.php/Rit_MemorabiaFalsifir.html', NULL),
('Ritual', 141, 'Movimento', 'http://www.ulisses-regelwiki.de/index.php/Rit_Movimento.html', NULL),
('Ritual', 142, 'Nihilogravo', 'http://www.ulisses-regelwiki.de/index.php/Rit_Nihilogravo.html', NULL),
('Ritual', 143, 'Orvai Kurims Kriegstrommel', 'http://www.ulisses-regelwiki.de/index.php/Rit_OrvaiKurimsKriegstrommel.html', NULL),
('Ritual', 144, 'Ruf des Bienenstocks', 'http://www.ulisses-regelwiki.de/index.php/Rit_RufdesBienenstocks.html', NULL),
('Ritual', 145, 'Ruhe Körper', 'http://www.ulisses-regelwiki.de/index.php/Rit_RuheKoerper.html', NULL),
('Ritual', 146, 'Traumgestalt', 'http://www.ulisses-regelwiki.de/index.php/Rit_Traumgestalt.html', NULL),
('Ritual', 147, 'Unberührt von Satinav', 'http://www.ulisses-regelwiki.de/index.php/Rit_UnberuehrtvonSatinav.html', NULL),
('Ritual', 148, 'Widerwille', 'http://www.ulisses-regelwiki.de/index.php/Rit_Widerwille.html', NULL),
('Ritual', 149, 'Wirbelform', 'http://www.ulisses-regelwiki.de/index.php/Rit_Wirbelform.html', NULL),
('Ritual', 150, 'Xenographus', 'http://www.ulisses-regelwiki.de/index.php/Rit_Xenographus.html', NULL),
('Ritual', 151, 'Zauberklinge Geisterspeer', 'http://www.ulisses-regelwiki.de/index.php/Rit_Zauberklinge.html', NULL),
('Sonderfertigkeit', 152, 'Diebesschreck', 'http://www.ulisses-regelwiki.de/index.php/diebesschreck.html', NULL),
('Sonderfertigkeit', 153, 'Feinstes Leder', 'http://www.ulisses-regelwiki.de/index.php/feinstesleder.html', NULL),
('Sonderfertigkeit', 154, 'Fischreichtum', 'http://www.ulisses-regelwiki.de/index.php/fischreichtum.html', NULL),
('Sonderfertigkeit', 155, 'Harter Kern', 'http://www.ulisses-regelwiki.de/index.php/harterkern.html', NULL),
('Sonderfertigkeit', 156, 'Leicht wie eine Feder', 'http://www.ulisses-regelwiki.de/index.php/leichtwieeine.html', NULL),
('Sonderfertigkeit', 157, 'Namensbogen', 'http://www.ulisses-regelwiki.de/index.php/namensbogen.html', NULL),
('Sonderfertigkeit', 158, 'Schutz wider Pfeilhagel', 'http://www.ulisses-regelwiki.de/index.php/schutzpfeil.html', NULL),
('Sonderfertigkeit', 159, 'Windfang', 'http://www.ulisses-regelwiki.de/index.php/windfang.html', NULL),
('Sonderfertigkeit', 160, 'Zeichen der Angst', 'http://www.ulisses-regelwiki.de/index.php/zeichenderangst.html', NULL),
('Sonderfertigkeit', 161, 'Aspektkenntnis', 'http://www.ulisses-regelwiki.de/index.php/KaP_Aspektkenntnis.html', NULL),
('Sonderfertigkeit', 162, 'Fokussierung', 'http://www.ulisses-regelwiki.de/index.php/KaP_Fokussierung.html', NULL),
('Sonderfertigkeit', 163, 'Stärke des Glaubens', 'http://www.ulisses-regelwiki.de/index.php/KaP_StärkedesGlaubens.html', NULL),
('Sonderfertigkeit', 164, 'Starke Segnungen', 'http://www.ulisses-regelwiki.de/index.php/KaP_StarkeSegnungen.html', NULL),
('Sonderfertigkeit', 165, 'Tradition (Boronkirche)', 'http://www.ulisses-regelwiki.de/index.php/Tra_Bor.html', NULL),
('Sonderfertigkeit', 166, 'Tradition (Hesindekirche)', 'http://www.ulisses-regelwiki.de/index.php/Tra_Hes.html', NULL),
('Sonderfertigkeit', 167, 'Tradition (Namenloser Kult)', 'http://www.ulisses-regelwiki.de/index.php/SF_TraditionNamenloserKult.html', NULL),
('Sonderfertigkeit', 168, 'Tradition (Perainekirche)', 'http://www.ulisses-regelwiki.de/index.php/Tra_Per.html', NULL),
('Sonderfertigkeit', 169, 'Tradition (Phexkirche)', 'http://www.ulisses-regelwiki.de/index.php/Tra_Phe.html', NULL),
('Sonderfertigkeit', 170, 'Tradition (Praioskirche)', 'http://www.ulisses-regelwiki.de/index.php/Tra_Pra.html', NULL),
('Sonderfertigkeit', 171, 'Tradition (Rondrakirche)', 'http://www.ulisses-regelwiki.de/index.php/Tra_Ron.html', NULL),
('Sonderfertigkeit', 172, 'Abgeschwächter Zauber', 'http://www.ulisses-regelwiki.de/index.php/abzauber.html', NULL),
('Sonderfertigkeit', 173, 'Adaption (Zauber)', 'http://www.ulisses-regelwiki.de/index.php/Adaption.html', NULL),
('Sonderfertigkeit', 174, 'Alchimieverstärkung', 'http://www.ulisses-regelwiki.de/index.php/Alchimieverstärkung.html', NULL),
('Sonderfertigkeit', 175, 'Astrale Meditation', 'http://www.ulisses-regelwiki.de/index.php/asmed.html', NULL),
('Sonderfertigkeit', 176, 'Aurapanzer', 'http://www.ulisses-regelwiki.de/index.php/Aurapanzer.html', NULL),
('Sonderfertigkeit', 177, 'Aura verbergen', 'http://www.ulisses-regelwiki.de/index.php/AsP_Auraverbergen.html', NULL),
('Sonderfertigkeit', 178, 'Druidenrache', 'http://www.ulisses-regelwiki.de/index.php/drache.html', NULL),
('Sonderfertigkeit', 179, 'Eisen- und Stahlverzauberung', 'http://www.ulisses-regelwiki.de/index.php/EisenundStahlverzauberung.html', NULL),
('Sonderfertigkeit', 180, 'Entschwörung (Dämonen)', 'http://www.ulisses-regelwiki.de/index.php/Entschwoerung_dae.html', NULL),
('Sonderfertigkeit', 181, 'Entschwörung (Elementare)', 'http://www.ulisses-regelwiki.de/index.php/Entschwoerung_E.html', NULL),
('Sonderfertigkeit', 182, 'Entschwörung (Geister)', 'http://www.ulisses-regelwiki.de/index.php/Entschwoerung_ge.html', NULL),
('Sonderfertigkeit', 183, 'Exorzist', 'http://www.ulisses-regelwiki.de/index.php/Exorzist.html', NULL),
('Sonderfertigkeit', 184, 'I', 'http://www.ulisses-regelwiki.de/index.php/Exorzist.html', 183),
('Sonderfertigkeit', 185, 'II', 'http://www.ulisses-regelwiki.de/index.php/Exorzist.html', 183),
('Sonderfertigkeit', 186, 'III', 'http://www.ulisses-regelwiki.de/index.php/Exorzist.html', 183),
('Sonderfertigkeit', 187, 'Extrem starke Zaubertricks', 'http://www.ulisses-regelwiki.de/index.php/ExtremstarkeZaubertricks.html', NULL),
('Sonderfertigkeit', 188, 'Fernzaubern', 'http://www.ulisses-regelwiki.de/index.php/fernzaubern.html', NULL),
('Sonderfertigkeit', 189, 'Flugsalbe', 'http://www.ulisses-regelwiki.de/index.php/dfgfdgfgdgfdg.html', NULL),
('Sonderfertigkeit', 190, 'Gedankenschutz', 'http://www.ulisses-regelwiki.de/index.php/Gedankenschutz.html', NULL),
('Sonderfertigkeit', 191, 'Improvisationszauberei (Formel)', 'http://www.ulisses-regelwiki.de/index.php/Improvisationszauberei_form.html', NULL),
('Sonderfertigkeit', 192, 'Improvisationszauberei (Gesten)', 'http://www.ulisses-regelwiki.de/index.php/Improvisationszauberei_ge.html', NULL),
('Sonderfertigkeit', 193, 'Improvisiertes Ritual', 'http://www.ulisses-regelwiki.de/index.php/impritual.html', NULL),
('Sonderfertigkeit', 194, 'Kleine Kraftkontrolle', 'http://www.ulisses-regelwiki.de/index.php/KleineKraftkontrolle.html', NULL),
('Sonderfertigkeit', 195, 'Konzentrationsstärke', 'http://www.ulisses-regelwiki.de/index.php/konzenst.html', NULL),
('Sonderfertigkeit', 196, 'Kraftkontrolle', 'http://www.ulisses-regelwiki.de/index.php/Kraftkontrolle.html', NULL),
('Sonderfertigkeit', 197, 'Lieblingszauber', 'http://www.ulisses-regelwiki.de/index.php/Lieblingszauber.html', NULL),
('Sonderfertigkeit', 198, 'Machtvolle Entschwörung (Dämonen)', 'http://www.ulisses-regelwiki.de/index.php/MachtvolleEntschw_dae.html', NULL),
('Sonderfertigkeit', 199, 'Machtvolle Entschwörung (Elementare)', 'http://www.ulisses-regelwiki.de/index.php/MachtvolleEntschw_EL.html', NULL),
('Sonderfertigkeit', 200, '', 'http://www.ulisses-regelwiki.de/index.php/Machtvolle_Entschw_ge.html', NULL),
('Sonderfertigkeit', 201, 'Magische Regeneration I', 'http://www.ulisses-regelwiki.de/index.php/MagischeRegeneration.html', NULL),
('Sonderfertigkeit', 202, 'Magischer Gedankenschutz', 'http://www.ulisses-regelwiki.de/index.php/MagischerGedankenschutz.html', NULL),
('Sonderfertigkeit', 203, 'Matrixkontrolle', 'http://www.ulisses-regelwiki.de/index.php/Matrixkontrolle.html', NULL),
('Sonderfertigkeit', 204, 'Meisterliche Regeneration', 'http://www.ulisses-regelwiki.de/index.php/MeisterlicheRegeneration.html', NULL),
('Sonderfertigkeit', 205, 'Meistertrick', 'http://www.ulisses-regelwiki.de/index.php/Meistertrick.html', NULL),
('Sonderfertigkeit', 206, 'I', 'http://www.ulisses-regelwiki.de/index.php/Meistertrick.html', 205),
('Sonderfertigkeit', 207, 'II', 'http://www.ulisses-regelwiki.de/index.php/Meistertrick.html', 205),
('Sonderfertigkeit', 208, 'III', 'http://www.ulisses-regelwiki.de/index.php/Meistertrick.html', 205),
('Sonderfertigkeit', 209, 'Merkmalskenntnis', 'http://www.ulisses-regelwiki.de/index.php/AsP_Merkmalskenntnis.html', NULL),
('Sonderfertigkeit', 210, 'Parallelzauberei', 'http://www.ulisses-regelwiki.de/index.php/Parallelzauberei.html', NULL),
('Sonderfertigkeit', 211, 'Routinierte Zauberwiederholung', 'http://www.ulisses-regelwiki.de/index.php/RoutinierteZauberwiederholung.html', NULL),
('Sonderfertigkeit', 212, 'Starke Zaubertricks', 'http://www.ulisses-regelwiki.de/index.php/AsP_StarkeZaubertricks.html', NULL),
('Sonderfertigkeit', 213, 'Steckenverzauberung', 'http://www.ulisses-regelwiki.de/index.php/Steckenverzauberung.html', NULL),
('Sonderfertigkeit', 214, 'Tradition (Druiden)', 'http://www.ulisses-regelwiki.de/index.php/druiden.html', NULL),
('Sonderfertigkeit', 215, 'Tradition (Elfen)', 'http://www.ulisses-regelwiki.de/index.php/Tra_Elfen.html', NULL),
('Sonderfertigkeit', 216, 'Tradition (Gildenmagier)', 'http://www.ulisses-regelwiki.de/index.php/Tra_Gilden.html', NULL),
('Sonderfertigkeit', 217, 'Tradition (Goblinzauberinnen)', 'http://www.ulisses-regelwiki.de/index.php/SF_TraditionGoblinzauberinnen.html', NULL),
('Sonderfertigkeit', 218, 'Tradition (Hexen)', 'http://www.ulisses-regelwiki.de/index.php/Tra_Hexen.html', NULL),
('Sonderfertigkeit', 219, 'Tradition (Nachtalben)', 'http://www.ulisses-regelwiki.de/index.php/SF_TraditionNachtalben.html', NULL),
('Sonderfertigkeit', 220, 'Tradition (Zibilja)', 'http://www.ulisses-regelwiki.de/index.php/SF_TraditionZibilja.html', NULL),
('Sonderfertigkeit', 221, 'Verbotene Pforten', 'http://www.ulisses-regelwiki.de/index.php/AsP_VerbotenePforten.html', NULL),
('Sonderfertigkeit', 222, 'Vertrautenbindung', 'http://www.ulisses-regelwiki.de/index.php/AsP_Vertrautenbindung.html', NULL),
('Sonderfertigkeit', 223, 'Vielfache Ladung', 'http://www.ulisses-regelwiki.de/index.php/VielfacheLadung.html', NULL),
('Sonderfertigkeit', 224, 'Zauber abbrechen', 'http://www.ulisses-regelwiki.de/index.php/Zauberabbrechen.html', NULL),
('Sonderfertigkeit', 225, 'Zauber bereithalten', 'http://www.ulisses-regelwiki.de/index.php/Zauberbereithalten.html', NULL),
('Sonderfertigkeit', 226, 'Zauber bündeln', 'http://www.ulisses-regelwiki.de/index.php/Zauberbuendeln.html', NULL),
('Sonderfertigkeit', 227, 'I', 'http://www.ulisses-regelwiki.de/index.php/Zauberbuendeln.html', 226),
('Sonderfertigkeit', 228, 'II', 'http://www.ulisses-regelwiki.de/index.php/Zauberbuendeln.html', 226),
('Sonderfertigkeit', 229, 'Zauberstil-Kombination', 'http://www.ulisses-regelwiki.de/index.php/ZauberstilKombination.html', NULL),
('Sonderfertigkeit', 230, 'Zauber unterbrechen', 'http://www.ulisses-regelwiki.de/index.php/zauber-unterbrechen.html', NULL),
('Sonderfertigkeit', 231, 'Zauberzeichen', 'http://www.ulisses-regelwiki.de/index.php/AsP_Zauberzeichen.html', NULL),
('Sonderfertigkeit', 232, 'Abrichter', 'http://www.ulisses-regelwiki.de/index.php/SF_Abrichter.html', NULL),
('Sonderfertigkeit', 233, 'Abrollen', 'http://www.ulisses-regelwiki.de/index.php/SF_Abrollen.html', NULL),
('Sonderfertigkeit', 234, 'Ackerbau', 'http://www.ulisses-regelwiki.de/index.php/SF_Ackerbau.html', NULL),
('Sonderfertigkeit', 235, 'Analytiker', 'http://www.ulisses-regelwiki.de/index.php/SF_Analytiker.html', NULL),
('Sonderfertigkeit', 236, 'Anführer', 'http://www.ulisses-regelwiki.de/index.php/SF_Anführer.html', NULL),
('Sonderfertigkeit', 237, 'Anpeitscher', 'http://www.ulisses-regelwiki.de/index.php/SF_Anpeitscher.html', NULL),
('Sonderfertigkeit', 238, 'Archivar', 'http://www.ulisses-regelwiki.de/index.php/SF_Archivar.html', NULL),
('Sonderfertigkeit', 239, 'Athlet', 'http://www.ulisses-regelwiki.de/index.php/SF_Athlet.html', NULL),
('Sonderfertigkeit', 240, 'Ätzes geben', 'http://www.ulisses-regelwiki.de/index.php/SF_Aetzesgeben.html', NULL),
('Sonderfertigkeit', 241, 'Bauchreden', 'http://www.ulisses-regelwiki.de/index.php/SF_Bauchreden.html', NULL),
('Sonderfertigkeit', 242, 'Bernstein erhitzen', 'http://www.ulisses-regelwiki.de/index.php/bernsteiner.html', NULL),
('Sonderfertigkeit', 243, 'Berufsgeheimnis', 'http://www.ulisses-regelwiki.de/index.php/SF_Berufsgeheimnisse.html', NULL),
('Sonderfertigkeit', 244, 'Bildhauerei', 'http://www.ulisses-regelwiki.de/index.php/SF_Bildhauerei.html', NULL),
('Sonderfertigkeit', 245, 'Bine Maschores', 'http://www.ulisses-regelwiki.de/index.php/SF_BineMaschores.html', NULL),
('Sonderfertigkeit', 246, 'Bootsbauer', 'http://www.ulisses-regelwiki.de/index.php/SF_Bootsbauer.html', NULL),
('Sonderfertigkeit', 247, 'Buchdrucker', 'http://www.ulisses-regelwiki.de/index.php/SF_Buchdrucker.html', NULL),
('Sonderfertigkeit', 248, 'Deichbauer', 'http://www.ulisses-regelwiki.de/index.php/SF_Deichbauer.html', NULL),
('Sonderfertigkeit', 249, 'Diener', 'http://www.ulisses-regelwiki.de/index.php/SF_Diener.html', NULL),
('Sonderfertigkeit', 250, 'Dokumentfälscher', 'http://www.ulisses-regelwiki.de/index.php/SF_Dokumentfälscher.html', NULL),
('Sonderfertigkeit', 251, 'Drohgebärden', 'http://www.ulisses-regelwiki.de/index.php/SF_Drohgebärden.html', NULL),
('Sonderfertigkeit', 252, 'Eiserner Wille', 'http://www.ulisses-regelwiki.de/index.php/SF_EisernerWille.html', NULL),
('Sonderfertigkeit', 253, 'I', 'http://www.ulisses-regelwiki.de/index.php/SF_EisernerWille.html', 252),
('Sonderfertigkeit', 254, 'II', 'http://www.ulisses-regelwiki.de/index.php/SF_EisernerWille.html', 252),
('Sonderfertigkeit', 255, 'Ermutigender Gesang', 'http://www.ulisses-regelwiki.de/index.php/SF_ErmutigenderGesang.html', NULL),
('Sonderfertigkeit', 256, 'Fächersprache', 'http://www.ulisses-regelwiki.de/index.php/SF_Fächersprache.html', NULL),
('Sonderfertigkeit', 257, 'Fallen entschärfen', 'http://www.ulisses-regelwiki.de/index.php/SF_Fallenentschärfen.html', NULL),
('Sonderfertigkeit', 258, 'Falschspielen', 'http://www.ulisses-regelwiki.de/index.php/SF_Falschspielen.html', NULL),
('Sonderfertigkeit', 259, 'Faszinierender Gesang', 'http://www.ulisses-regelwiki.de/index.php/SF_FaszinierenderGesang.html', NULL),
('Sonderfertigkeit', 260, 'Fertigkeitsspezialisierung (Talente)', 'http://www.ulisses-regelwiki.de/index.php/SF_FertigkeitsspezialisierungTalente.html', NULL),
('Sonderfertigkeit', 261, 'Feuerschlucker', 'http://www.ulisses-regelwiki.de/index.php/SF_Feuerschlucker.html', NULL),
('Sonderfertigkeit', 262, 'Fischer', 'http://www.ulisses-regelwiki.de/index.php/SF_Fischer.html', NULL),
('Sonderfertigkeit', 263, 'Freiklettern', 'http://www.ulisses-regelwiki.de/index.php/SF_Freiklettern.html', NULL),
('Sonderfertigkeit', 264, 'Füchsisch', 'http://www.ulisses-regelwiki.de/index.php/SF_Füchsisch.html', NULL),
('Sonderfertigkeit', 265, 'Gestählter Wille', 'http://www.ulisses-regelwiki.de/index.php/SF_GestählterWille.html', NULL),
('Sonderfertigkeit', 266, 'Geländekunde', 'http://www.ulisses-regelwiki.de/index.php/SF_Geländekunde.html', NULL),
('Sonderfertigkeit', 267, 'Gildenrecht', 'http://www.ulisses-regelwiki.de/index.php/SF_Gildenrecht.html', NULL),
('Sonderfertigkeit', 268, 'Glasbläserei', 'http://www.ulisses-regelwiki.de/index.php/SF_Glasbläserei.html', NULL),
('Sonderfertigkeit', 269, 'Guter Gardist, böser Gardist', 'http://www.ulisses-regelwiki.de/index.php/SF_GuterGardist.html', NULL),
('Sonderfertigkeit', 270, 'Hauswirtschaft', 'http://www.ulisses-regelwiki.de/index.php/SF_Hauswirtschaft.html', NULL),
('Sonderfertigkeit', 271, 'Hehlerei', 'http://www.ulisses-regelwiki.de/index.php/SF_Hehlerei.html', NULL),
('Sonderfertigkeit', 272, 'Heraldik', 'http://www.ulisses-regelwiki.de/index.php/SF_Heraldik.html', NULL),
('Sonderfertigkeit', 273, 'Heraldikspezialist', 'http://www.ulisses-regelwiki.de/index.php/hspez.html', NULL),
('Sonderfertigkeit', 274, 'Iglubau', 'http://www.ulisses-regelwiki.de/index.php/SF_Iglubau.html', NULL),
('Sonderfertigkeit', 275, 'Instrumente bauen', 'http://www.ulisses-regelwiki.de/index.php/SF_Instrumentebauen.html', NULL),
('Sonderfertigkeit', 276, 'Jäger', 'http://www.ulisses-regelwiki.de/index.php/SF_Jäger.html', NULL),
('Sonderfertigkeit', 277, 'Kalligraphie', 'http://www.ulisses-regelwiki.de/index.php/SF_Kalligraphie.html', NULL),
('Sonderfertigkeit', 278, 'Kampftrinker', 'http://www.ulisses-regelwiki.de/index.php/PSF_Kampftrinker.html', NULL),
('Sonderfertigkeit', 279, 'I', 'http://www.ulisses-regelwiki.de/index.php/PSF_Kampftrinker.html', 278),
('Sonderfertigkeit', 280, 'II', 'http://www.ulisses-regelwiki.de/index.php/PSF_Kampftrinker.html', 278),
('Sonderfertigkeit', 281, 'III', 'http://www.ulisses-regelwiki.de/index.php/PSF_Kampftrinker.html', 278),
('Sonderfertigkeit', 282, 'IV', 'http://www.ulisses-regelwiki.de/index.php/PSF_Kampftrinker.html', 278),
('Sonderfertigkeit', 283, 'Kapellmeister', 'http://www.ulisses-regelwiki.de/index.php/SF_Kapellmeister.html', NULL),
('Sonderfertigkeit', 284, 'Kartographie', 'http://www.ulisses-regelwiki.de/index.php/SF_Kartographie.html', NULL),
('Sonderfertigkeit', 285, 'Kohlezeichnungen', 'http://www.ulisses-regelwiki.de/index.php/SF_Kohlezeichnungen.html', NULL),
('Sonderfertigkeit', 286, 'Konditor', 'http://www.ulisses-regelwiki.de/index.php/SF_Konditor.html', NULL),
('Sonderfertigkeit', 287, 'Kristallzucht', 'http://www.ulisses-regelwiki.de/index.php/SF_Kristallzucht.html', NULL),
('Sonderfertigkeit', 288, 'Kupferstich', 'http://www.ulisses-regelwiki.de/index.php/SF_Kupferstich.html', NULL),
('Sonderfertigkeit', 289, 'Kutschenbauer', 'http://www.ulisses-regelwiki.de/index.php/SF_Kutschenbauer.html', NULL),
('Sonderfertigkeit', 290, 'Leibdiener', 'http://www.ulisses-regelwiki.de/index.php/SF_Leibdiener.html', NULL),
('Sonderfertigkeit', 291, 'Leg-ga-leg', 'http://www.ulisses-regelwiki.de/index.php/SF_Leggaleg.html', NULL),
('Sonderfertigkeit', 292, 'Liebling der Massen', 'http://www.ulisses-regelwiki.de/index.php/SF_LieblingderMassen.html', NULL),
('Sonderfertigkeit', 293, 'Lippenlesen', 'http://www.ulisses-regelwiki.de/index.php/SF_Lippenlesen.html', NULL),
('Sonderfertigkeit', 294, 'Meister der Improvisation', 'http://www.ulisses-regelwiki.de/index.php/SF_MeisterderImprovisation.html', NULL),
('Sonderfertigkeit', 295, 'Möbel herstellen', 'http://www.ulisses-regelwiki.de/index.php/SF_Möbelherstellen.html', NULL),
('Sonderfertigkeit', 296, 'Namensschmeichler', 'http://www.ulisses-regelwiki.de/index.php/namenschme.html', NULL),
('Sonderfertigkeit', 297, 'Navigation', 'http://www.ulisses-regelwiki.de/index.php/SF_Navigation.html', NULL),
('Sonderfertigkeit', 298, 'Ölmalerei', 'http://www.ulisses-regelwiki.de/index.php/SF_Ölmalerei.html', NULL),
('Sonderfertigkeit', 299, 'Opernsänger', 'http://www.ulisses-regelwiki.de/index.php/SF_Opernsänger.html', NULL),
('Sonderfertigkeit', 300, 'Orientierung unter Tage', 'http://www.ulisses-regelwiki.de/index.php/SF_OrientierungunterTage.html', NULL),
('Sonderfertigkeit', 301, 'Ortskenntnis', 'http://www.ulisses-regelwiki.de/index.php/SF_Ortskenntnis.html', NULL),
('Sonderfertigkeit', 302, 'Provozieren', 'http://www.ulisses-regelwiki.de/index.php/SF_Provozieren.html', NULL),
('Sonderfertigkeit', 303, 'Prunkkleidung herstellen', 'http://www.ulisses-regelwiki.de/index.php/SF_Prunkkleidungherstellen.html', NULL),
('Sonderfertigkeit', 304, 'Pyromantiker', 'http://www.ulisses-regelwiki.de/index.php/SF_Pyromantiker.html', NULL),
('Sonderfertigkeit', 305, 'Rahjasutra-Kenntnisse', 'http://www.ulisses-regelwiki.de/index.php/SF_RahjasutraKenntnisse.html', NULL),
('Sonderfertigkeit', 306, 'Rosstäuscher', 'http://www.ulisses-regelwiki.de/index.php/SF_Rosstäuscher.html', NULL),
('Sonderfertigkeit', 307, 'Rüstungsbau', 'http://www.ulisses-regelwiki.de/index.php/SF_Rüstungsbau.html', NULL),
('Sonderfertigkeit', 308, 'Sammler', 'http://www.ulisses-regelwiki.de/index.php/SF_Sammler.html', NULL),
('Sonderfertigkeit', 309, 'Schiffsbauer', 'http://www.ulisses-regelwiki.de/index.php/SF_Schiffsbauer.html', NULL),
('Sonderfertigkeit', 310, 'Schmerzen unterdrücken', 'http://www.ulisses-regelwiki.de/index.php/SF_Schmerzenunterdrücken.html', NULL),
('Sonderfertigkeit', 311, 'Schmuck herstellen', 'http://www.ulisses-regelwiki.de/index.php/SF_Schmuckherstellen.html', NULL),
('Sonderfertigkeit', 312, 'Schnapsbrennerei', 'http://www.ulisses-regelwiki.de/index.php/SF_Schnapsbrennerei.html', NULL),
('Sonderfertigkeit', 313, 'Schnellschreiber', 'http://www.ulisses-regelwiki.de/index.php/SF_Schnellschreiber.html', NULL),
('Sonderfertigkeit', 314, 'Schrift', 'http://www.ulisses-regelwiki.de/index.php/SF_Schrift.html', NULL),
('Sonderfertigkeit', 315, 'Schriftstellerei', 'http://www.ulisses-regelwiki.de/index.php/SF_Schriftstellerei.html', NULL),
('Sonderfertigkeit', 316, 'Seile herstellen', 'http://www.ulisses-regelwiki.de/index.php/SF_Seileherstellen.html', NULL),
('Sonderfertigkeit', 317, 'Skifahren', 'http://www.ulisses-regelwiki.de/index.php/SF_Skifahren.html', NULL),
('Sonderfertigkeit', 318, 'Smutje', 'http://www.ulisses-regelwiki.de/index.php/SF_Smutje.html', NULL),
('Sonderfertigkeit', 319, 'Sprache', 'http://www.ulisses-regelwiki.de/index.php/SF_Sprache.html', NULL),
('Sonderfertigkeit', 320, 'I', 'http://www.ulisses-regelwiki.de/index.php/SF_Sprache.html', 319),
('Sonderfertigkeit', 321, 'II', 'http://www.ulisses-regelwiki.de/index.php/SF_Sprache.html', 319),
('Sonderfertigkeit', 322, 'III', 'http://www.ulisses-regelwiki.de/index.php/SF_Sprache.html', 319),
('Sonderfertigkeit', 323, 'Stellmacherei', 'http://www.ulisses-regelwiki.de/index.php/SF_Stellmacherei.html', NULL),
('Sonderfertigkeit', 324, 'Tätowierer', 'http://www.ulisses-regelwiki.de/index.php/SF_Tätowierer.html', NULL),
('Sonderfertigkeit', 325, 'Tierstimmen imitiere', 'http://www.ulisses-regelwiki.de/index.php/SF_Tierstimmenimitieren.html', NULL),
('Sonderfertigkeit', 326, 'Töpferei', 'http://www.ulisses-regelwiki.de/index.php/SF_Töpferei.html', NULL),
('Sonderfertigkeit', 327, 'Verführungskunst', 'http://www.ulisses-regelwiki.de/index.php/SF_Verführungskunst.html', NULL),
('Sonderfertigkeit', 328, 'Viehzucht', 'http://www.ulisses-regelwiki.de/index.php/SF_Viehzucht.html', NULL),
('Sonderfertigkeit', 329, 'Waffenbau', 'http://www.ulisses-regelwiki.de/index.php/SF_Waffenbau.html', NULL),
('Sonderfertigkeit', 330, 'Wandmalerei', 'http://www.ulisses-regelwiki.de/index.php/SF_Wandmalerei.html', NULL),
('Sonderfertigkeit', 331, 'Wettervorhersage', 'http://www.ulisses-regelwiki.de/index.php/SF_Wettervorhersage.html', NULL),
('Sonderfertigkeit', 332, 'Zahlenmystik', 'http://www.ulisses-regelwiki.de/index.php/SF_Zahlenmystik.html', NULL),
('Sonderfertigkeit', 333, 'Bann- und Schutzkreis gegen Dschinne', 'http://www.ulisses-regelwiki.de/index.php/dsfdsfdsfdf.html', NULL),
('Sonderfertigkeit', 334, 'Bann- und Schutzkreis gegen Elementargeister', 'http://www.ulisses-regelwiki.de/index.php/reegregre.html', NULL),
('Sonderfertigkeit', 335, 'Bann- und Schutzkreis gegen gehörnte Dämonen', 'http://www.ulisses-regelwiki.de/index.php/refregrefer.html', NULL),
('Sonderfertigkeit', 336, 'Bann- und Schutzkreis gegen niedere Dämonen', 'http://www.ulisses-regelwiki.de/index.php/fgregregreg.html', NULL),
('Sonderfertigkeit', 337, 'Befehl Flugangriff', 'http://www.ulisses-regelwiki.de/index.php/BF_Flugangriff.html', NULL),
('Sonderfertigkeit', 338, 'Befehl Klammerangriff', 'http://www.ulisses-regelwiki.de/index.php/Befehl_Klammerangriff.html', NULL),
('Sonderfertigkeit', 339, 'Befehl Mächtiger Schlag', 'http://www.ulisses-regelwiki.de/index.php/Befehl_Maechtiger_Schlag.html', NULL),
('Sonderfertigkeit', 340, 'Befehl Sichelangriff', 'http://www.ulisses-regelwiki.de/index.php/Befehl_Sichelangriff.html', NULL),
('Sonderfertigkeit', 341, 'Befehl Trampeln', 'http://www.ulisses-regelwiki.de/index.php/Befehl_Trampeln.html', NULL),
('Sonderfertigkeit', 342, 'Befehl Überrennen', 'http://www.ulisses-regelwiki.de/index.php/Befehl_Ueberrennen.html', NULL),
('Sonderfertigkeit', 343, 'Bindung des Dolches', 'http://www.ulisses-regelwiki.de/index.php/Bindungdolch.html', NULL),
('Sonderfertigkeit', 344, 'Dolch-Apport', 'http://www.ulisses-regelwiki.de/index.php/Dolch-Apport.html', NULL),
('Sonderfertigkeit', 345, 'Kraft der Erde', 'http://www.ulisses-regelwiki.de/index.php/Kraftdererde.html', NULL),
('Sonderfertigkeit', 346, 'Sicht im Dunkeln', 'http://www.ulisses-regelwiki.de/index.php/sichtdunke.html', NULL),
('Sonderfertigkeit', 347, 'Wegweiser', 'http://www.ulisses-regelwiki.de/index.php/wegsweiser.html', NULL),
('Sonderfertigkeit', 348, 'Aufspießen', 'http://www.ulisses-regelwiki.de/index.php/EKS_Aufspießen.html', NULL),
('Sonderfertigkeit', 349, 'Binden', 'http://www.ulisses-regelwiki.de/index.php/EKS_Binden.html', NULL),
('Sonderfertigkeit', 350, 'Breschenangriff', 'http://www.ulisses-regelwiki.de/index.php/EKS_Breschenangriff.html', NULL),
('Sonderfertigkeit', 351, 'Fahrender Schütze', 'http://www.ulisses-regelwiki.de/index.php/EKS_FahrenderSchütze.html', NULL),
('Sonderfertigkeit', 352, 'Frontalangriff', 'http://www.ulisses-regelwiki.de/index.php/EKS_Frontalangriff.html', NULL),
('Sonderfertigkeit', 353, 'Fußfeger', 'http://www.ulisses-regelwiki.de/index.php/ESK_Fußfeger.html', NULL),
('Sonderfertigkeit', 354, 'Haltegriff brechen', 'http://www.ulisses-regelwiki.de/index.php/ESF_Haltegriffbrechen.html', NULL),
('Sonderfertigkeit', 355, 'Handkantenschlag', 'http://www.ulisses-regelwiki.de/index.php/ESF_Handkantenschlag.html', NULL),
('Sonderfertigkeit', 356, 'Hohe Klinge', 'http://www.ulisses-regelwiki.de/index.php/ESK_HoheKlinge.html', NULL),
('Sonderfertigkeit', 357, 'Kopfstoß', 'http://www.ulisses-regelwiki.de/index.php/ESK_Kopfstoß.html', NULL),
('Sonderfertigkeit', 358, 'Mächtiger Lanzenangriff', 'http://www.ulisses-regelwiki.de/index.php/ESK_MächtigerLanzenangriff.html', NULL),
('Sonderfertigkeit', 359, 'Mächtiger Rundumschlag', 'http://www.ulisses-regelwiki.de/index.php/ESK_MächtgerRundumschlag.html', NULL),
('Sonderfertigkeit', 360, 'Meisterlicher Wurf', 'http://www.ulisses-regelwiki.de/index.php/ESF_MeisterlicherWurf.html', NULL),
('Sonderfertigkeit', 361, 'Schilddeckung', 'http://www.ulisses-regelwiki.de/index.php/ESK_Schilddeckung.html', NULL),
('Sonderfertigkeit', 362, 'Schildstoß', 'http://www.ulisses-regelwiki.de/index.php/ESK_Schildstoß.html', NULL),
('Sonderfertigkeit', 363, 'Schwinger', 'http://www.ulisses-regelwiki.de/index.php/ESK_Schwinger.html', NULL),
('Sonderfertigkeit', 364, 'Sprungangriff', 'http://www.ulisses-regelwiki.de/index.php/ESK_Sprungangriff.html', NULL),
('Sonderfertigkeit', 365, 'Sprungtritt', 'http://www.ulisses-regelwiki.de/index.php/ESK_Sprungtritt.html', NULL),
('Sonderfertigkeit', 366, 'Tiefschlag', 'http://www.ulisses-regelwiki.de/index.php/ESK_Tiefschlag.html', NULL),
('Sonderfertigkeit', 367, 'Tod von Links', 'http://www.ulisses-regelwiki.de/index.php/ESK_TodvonLinks.html', NULL),
('Sonderfertigkeit', 368, 'Verkürzte Waffenführung', 'http://www.ulisses-regelwiki.de/index.php/ESK_VerkürzteWaffenführung.html', NULL),
('Sonderfertigkeit', 369, 'Vorbeiziehen', 'http://www.ulisses-regelwiki.de/index.php/ESK_Vorbeiziehen.html', NULL),
('Sonderfertigkeit', 370, 'Waffenwurf', 'http://www.ulisses-regelwiki.de/index.php/ESK_Waffenwurf.html', NULL),
('Sonderfertigkeit', 371, 'Weiter Schwung', 'http://www.ulisses-regelwiki.de/index.php/ESK_WeiterSchwung.html', NULL),
('Sonderfertigkeit', 372, 'Windmühle', 'http://www.ulisses-regelwiki.de/index.php/ESK_Windmühle.html', NULL),
('Sonderfertigkeit', 373, 'Wuchtiger Wurf', 'http://www.ulisses-regelwiki.de/index.php/ESK_WuchtigerWurf.html', NULL),
('Sonderfertigkeit', 374, 'Würgegriff', 'http://www.ulisses-regelwiki.de/index.php/ESK_Würgegriff.html', NULL),
('Sonderfertigkeit', 375, 'Zertrümmern', 'http://www.ulisses-regelwiki.de/index.php/ESK_Zertrümmern.html', NULL),
('Sonderfertigkeit', 376, 'Erinnerungsmelodie', 'http://www.ulisses-regelwiki.de/index.php/ESF_Erinnerungsmelodie.html', NULL),
('Sonderfertigkeit', 377, 'Friedenslied', 'http://www.ulisses-regelwiki.de/index.php/ESF_Friedenslied.html', NULL),
('Sonderfertigkeit', 378, 'Freundschaftslied', 'http://www.ulisses-regelwiki.de/index.php/ESF_Freundschaftslied.html', NULL),
('Sonderfertigkeit', 379, 'Melodie der Kunstfertigkeit', 'http://www.ulisses-regelwiki.de/index.php/ESF_MelodiederKunstfertigkeit.html', NULL),
('Sonderfertigkeit', 380, 'Sorgenlied', 'http://www.ulisses-regelwiki.de/index.php/ESF_Sorgenlied.html', NULL),
('Sonderfertigkeit', 381, 'Zaubermelodie', 'http://www.ulisses-regelwiki.de/index.php/ESF_Zaubermelodie.html', NULL),
('Sonderfertigkeit', 382, 'Artefaktanalytiker', 'http://www.ulisses-regelwiki.de/index.php/Artefaktanalytiker.html', NULL),
('Sonderfertigkeit', 383, 'Aufladung', 'http://www.ulisses-regelwiki.de/index.php/Aufladung.html', NULL),
('Sonderfertigkeit', 384, 'Austreibung', 'http://www.ulisses-regelwiki.de/index.php/BewanderterHeilzauberer.html', NULL),
('Sonderfertigkeit', 385, 'Brillanter Telekinetiker', 'http://www.ulisses-regelwiki.de/index.php/BrillanterTelekinetiker.html', NULL),
('Sonderfertigkeit', 386, 'Destruktor', 'http://www.ulisses-regelwiki.de/index.php/Destruktor.html', NULL),
('Sonderfertigkeit', 387, 'Eiserne Konzentrationsstärke', 'http://www.ulisses-regelwiki.de/index.php/EiserneKonzentrationsstaerke.html', NULL),
('Sonderfertigkeit', 388, 'Elfenfreund', 'http://www.ulisses-regelwiki.de/index.php/Elfenfreund.html', NULL),
('Sonderfertigkeit', 389, 'Erfahrener Antimagier', 'http://www.ulisses-regelwiki.de/index.php/ErfahrenerAntimagier.html', NULL),
('Sonderfertigkeit', 390, 'Erweiterter Gedankenschutz', 'http://www.ulisses-regelwiki.de/index.php/ErweiterterGedankenschutz.html', NULL),
('Sonderfertigkeit', 391, 'Geistzauberer', 'http://www.ulisses-regelwiki.de/index.php/Geistzauberer.html', NULL),
('Sonderfertigkeit', 392, 'Harmoniezauberei', 'http://www.ulisses-regelwiki.de/index.php/Harmoniezauberei.html', NULL),
('Sonderfertigkeit', 393, 'Illusionäre Undurchschaubarkeit', 'http://www.ulisses-regelwiki.de/index.php/IllusionaereUndurchschaubarkeit.html', NULL),
('Sonderfertigkeit', 394, 'Kriegszauberer', 'http://www.ulisses-regelwiki.de/index.php/Kriegszauberer.html', NULL),
('Sonderfertigkeit', 395, 'Kundiger Sphärologe', 'http://www.ulisses-regelwiki.de/index.php/KundigerSphaerologe.html', NULL),
('Sonderfertigkeit', 396, 'Langanhaltende Illusion', 'http://www.ulisses-regelwiki.de/index.php/LanganhaltendeIllusion.html', NULL),
('Sonderfertigkeit', 397, 'Machtvolle Verbotene Pforten', 'http://www.ulisses-regelwiki.de/index.php/MachtvolleVerbotenePforten.html', NULL),
('Sonderfertigkeit', 398, 'Matrixzauberei', 'http://www.ulisses-regelwiki.de/index.php/Matrixzauberei.html', NULL),
('Sonderfertigkeit', 399, 'Meisterliches Auraverbergen', 'http://www.ulisses-regelwiki.de/index.php/MeisterlichesAuraverbergen.html', NULL),
('Sonderfertigkeit', 400, 'Mitverwandlung', 'http://www.ulisses-regelwiki.de/index.php/Mitverwandlung.html', NULL),
('Sonderfertigkeit', 401, 'Qabalya-Magie', 'http://www.ulisses-regelwiki.de/index.php/QabalyaMagie.html', NULL),
('Sonderfertigkeit', 402, 'Selbstkontrolle', 'http://www.ulisses-regelwiki.de/index.php/Selbstkontrolle.html', NULL),
('Sonderfertigkeit', 403, 'Selbstverzauberer', 'http://www.ulisses-regelwiki.de/index.php/Selbstverzauberer.html', NULL),
('Sonderfertigkeit', 404, 'Tierflüsterer', 'http://www.ulisses-regelwiki.de/index.php/Tierfluesterer.html', NULL),
('Sonderfertigkeit', 405, 'Überragender Dämonologe', 'http://www.ulisses-regelwiki.de/index.php/UeberragenderDaemonologe.html', NULL),
('Sonderfertigkeit', 406, 'Unübertroffener Verwandler', 'http://www.ulisses-regelwiki.de/index.php/UnuebertroffenerVerwandler.html', NULL),
('Sonderfertigkeit', 407, 'Urtulamidische Heilmagie', 'http://www.ulisses-regelwiki.de/index.php/UrtulamidischeHeilmagie.html', NULL),
('Sonderfertigkeit', 408, 'Verständigungszauberer', 'http://www.ulisses-regelwiki.de/index.php/Verstaendigungszauberer.html', NULL),
('Sonderfertigkeit', 409, 'Vollendeter Elementarist', 'http://www.ulisses-regelwiki.de/index.php/VollendeterElementarist.html', NULL),
('Sonderfertigkeit', 410, 'Vollkommener Beherrscher', 'http://www.ulisses-regelwiki.de/index.php/VollkommenerBeherrscher.html', NULL),
('Sonderfertigkeit', 411, 'Vortrefflicher Hellseher', 'http://www.ulisses-regelwiki.de/index.php/VortrefflicherHellseher.html', NULL),
('Sonderfertigkeit', 412, 'Tradition (intuitive Zauberer)', 'http://www.ulisses-regelwiki.de/index.php/SF_intuitiveZauberer.html', NULL),
('Sonderfertigkeit', 413, 'Tradition (Qabalyamagier)', 'http://www.ulisses-regelwiki.de/index.php/TRA_Qabalyamagier.html', NULL),
('Sonderfertigkeit', 414, 'Tradition (Scharlatane)', 'http://www.ulisses-regelwiki.de/index.php/TRA_Scharlatane.html', NULL),
('Sonderfertigkeit', 415, 'Tradition (Zauberbarden)', 'http://www.ulisses-regelwiki.de/index.php/TRA_Zauberbarden.html', NULL),
('Sonderfertigkeit', 416, 'Tradition (Zaubertänzer)', 'http://www.ulisses-regelwiki.de/index.php/TRA_Zaubertänzer.html', NULL),
('Sonderfertigkeit', 417, 'Ausbruch unterdrückter Gefühle', 'http://www.ulisses-regelwiki.de/index.php/Ausbruchunterdr.html', NULL),
('Sonderfertigkeit', 418, 'Figur der Schmerzen', 'http://www.ulisses-regelwiki.de/index.php/FigurderSchmerzen.html', NULL),
('Sonderfertigkeit', 419, 'Fluch der Pestilenz', 'http://www.ulisses-regelwiki.de/index.php/FluchderPestilenz.html', NULL),
('Sonderfertigkeit', 420, 'Fluch der Schlaflosigkeit', 'http://www.ulisses-regelwiki.de/index.php/FluchderSchlaflosigkeit.html', NULL),
('Sonderfertigkeit', 421, 'Macht über Schlafwandler', 'http://www.ulisses-regelwiki.de/index.php/MachtueberSchlafwandler.html', NULL),
('Sonderfertigkeit', 422, 'Beiß auf Granit!', 'http://www.ulisses-regelwiki.de/index.php/HSF_BeißaufGranit.html', NULL),
('Sonderfertigkeit', 423, 'Beute!', 'http://www.ulisses-regelwiki.de/index.php/HSF_Beute.html', NULL),
('Sonderfertigkeit', 424, 'Hagelschlag', 'http://www.ulisses-regelwiki.de/index.php/HSF_Hagelschlag.html', NULL),
('Sonderfertigkeit', 425, 'Hexenschuss', 'http://www.ulisses-regelwiki.de/index.php/HSF_Hexenschuss.html', NULL),
('Sonderfertigkeit', 426, 'Pech an den Hals wünschen', 'http://www.ulisses-regelwiki.de/index.php/HSF_PechandenHalswuenschen.html', NULL),
('Sonderfertigkeit', 427, 'Pestilenz', 'http://www.ulisses-regelwiki.de/index.php/HSF_Pestilenz.html', NULL),
('Sonderfertigkeit', 428, 'Schlaf rauben', 'http://www.ulisses-regelwiki.de/index.php/HSF_Schlafrauben.html', NULL),
('Sonderfertigkeit', 429, 'Unfruchtbarkeit', 'http://www.ulisses-regelwiki.de/index.php/1178.html', NULL),
('Sonderfertigkeit', 430, 'Warzen sprießen', 'http://www.ulisses-regelwiki.de/index.php/HSF_Warzensprießen.html', NULL),
('Sonderfertigkeit', 431, 'Zunge lähmen', 'http://www.ulisses-regelwiki.de/index.php/HSF_Zungelaehmen.html', NULL),
('Sonderfertigkeit', 432, 'Armbrust überdrehen', 'http://www.ulisses-regelwiki.de/index.php/KSF_Armbristüberdrehen.html', NULL),
('Sonderfertigkeit', 433, 'Auf Distanz halten', 'http://www.ulisses-regelwiki.de/index.php/KSF_AufDistanzhalten.html', NULL),
('Sonderfertigkeit', 434, 'I', 'http://www.ulisses-regelwiki.de/index.php/KSF_AufDistanzhalten.html', 433),
('Sonderfertigkeit', 435, 'II', 'http://www.ulisses-regelwiki.de/index.php/KSF_AufDistanzhalten.html', 433),
('Sonderfertigkeit', 436, 'Aufmerksamkeit', 'http://www.ulisses-regelwiki.de/index.php/KSF_Aufmerksamkeit.html', NULL),
('Sonderfertigkeit', 437, 'Ballistischer Schuss', 'http://www.ulisses-regelwiki.de/index.php/KSF_BallistischerSchuss.html', NULL),
('Sonderfertigkeit', 438, 'Belastungsgewöhnung', 'http://www.ulisses-regelwiki.de/index.php/KSF_Belastungsgewöhnung.html', NULL),
('Sonderfertigkeit', 439, 'I', 'http://www.ulisses-regelwiki.de/index.php/KSF_Belastungsgewöhnung.html', 438),
('Sonderfertigkeit', 440, 'II', 'http://www.ulisses-regelwiki.de/index.php/KSF_Belastungsgewöhnung.html', 438),
('Sonderfertigkeit', 441, 'Beidhändiger Kampf', 'http://www.ulisses-regelwiki.de/index.php/KSF_BeihändigerKampf.html', NULL),
('Sonderfertigkeit', 442, 'I', 'http://www.ulisses-regelwiki.de/index.php/KSF_BeihändigerKampf.html', 441),
('Sonderfertigkeit', 443, 'II', 'http://www.ulisses-regelwiki.de/index.php/KSF_BeihändigerKampf.html', 441),
('Sonderfertigkeit', 444, 'Berittener Flugkampf', 'http://www.ulisses-regelwiki.de/index.php/KSF_BerittenerFlugkampf.html', NULL),
('Sonderfertigkeit', 445, 'Berittener Kampf', 'http://www.ulisses-regelwiki.de/index.php/KSF_BerittenerKampf.html', NULL),
('Sonderfertigkeit', 446, 'Berittener Schütze', 'http://www.ulisses-regelwiki.de/index.php/KSF_BerittenerSchütze.html', NULL),
('Sonderfertigkeit', 447, 'Beschützer', 'http://www.ulisses-regelwiki.de/index.php/KSF_Beschützer.html', NULL),
('Sonderfertigkeit', 448, 'Betäubungsschlag', 'http://www.ulisses-regelwiki.de/index.php/KSF_Betäubungsschlag.html', NULL),
('Sonderfertigkeit', 449, 'Blindkampf', 'http://www.ulisses-regelwiki.de/index.php/KSF_Blindkampf.html', NULL),
('Sonderfertigkeit', 450, 'I', 'http://www.ulisses-regelwiki.de/index.php/KSF_Blindkampf.html', 449),
('Sonderfertigkeit', 451, 'II', 'http://www.ulisses-regelwiki.de/index.php/KSF_Blindkampf.html', 449),
('Sonderfertigkeit', 452, 'Drachenkampf-Taktik', 'http://www.ulisses-regelwiki.de/index.php/SF_DrachenkampfTaktik.html', NULL),
('Sonderfertigkeit', 453, 'Einhändiger Kampf', 'http://www.ulisses-regelwiki.de/index.php/KSF_EinhändigerKampf.html', NULL),
('Sonderfertigkeit', 454, 'Eisenhagel', 'http://www.ulisses-regelwiki.de/index.php/KSF_Eisenhagel.html', NULL),
('Sonderfertigkeit', 455, 'I', 'http://www.ulisses-regelwiki.de/index.php/KSF_Eisenhagel.html', 454),
('Sonderfertigkeit', 456, 'II', 'http://www.ulisses-regelwiki.de/index.php/KSF_Eisenhagel.html', 454),
('Sonderfertigkeit', 457, 'Entwaffnen', 'http://www.ulisses-regelwiki.de/index.php/KSDF_Entwaffnen.html', NULL),
('Sonderfertigkeit', 458, 'Feindgespür', 'http://www.ulisses-regelwiki.de/index.php/KSF_Feindgespür.html', NULL),
('Sonderfertigkeit', 459, 'Festnageln', 'http://www.ulisses-regelwiki.de/index.php/KSF_Festnageln.html', NULL),
('Sonderfertigkeit', 460, 'Finte', 'http://www.ulisses-regelwiki.de/index.php/KSF_Finte.html', NULL),
('Sonderfertigkeit', 461, 'I', 'http://www.ulisses-regelwiki.de/index.php/KSF_Finte.html', 460),
('Sonderfertigkeit', 462, 'II', 'http://www.ulisses-regelwiki.de/index.php/KSF_Finte.html', 460),
('Sonderfertigkeit', 463, 'III', 'http://www.ulisses-regelwiki.de/index.php/KSF_Finte.html', 460),
('Sonderfertigkeit', 464, 'Gezielter Angriff', 'http://www.ulisses-regelwiki.de/index.php/KSF_GezielterAngriff.html', NULL),
('Sonderfertigkeit', 465, 'Gezielter Schuss', 'http://www.ulisses-regelwiki.de/index.php/KSF_GezielterSchuss.html', NULL),
('Sonderfertigkeit', 466, 'Haltegriff', 'http://www.ulisses-regelwiki.de/index.php/KSF_Haltegriff.html', NULL),
('Sonderfertigkeit', 467, 'Hammerschlag', 'http://www.ulisses-regelwiki.de/index.php/KSF_Hammerschlag.html', NULL),
('Sonderfertigkeit', 468, 'Herunterstoßen', 'http://www.ulisses-regelwiki.de/index.php/KSF_Herunterstoßen.html', NULL),
('Sonderfertigkeit', 469, 'Kampf im Wasser', 'http://www.ulisses-regelwiki.de/index.php/KSF_KampfimwASSER.html', NULL),
('Sonderfertigkeit', 470, 'Kampfreflexe', 'http://www.ulisses-regelwiki.de/index.php/KSF_Kampfreflexe.html', NULL),
('Sonderfertigkeit', 471, 'I', 'http://www.ulisses-regelwiki.de/index.php/KSF_Kampfreflexe.html', 470),
('Sonderfertigkeit', 472, 'II', 'http://www.ulisses-regelwiki.de/index.php/KSF_Kampfreflexe.html', 470),
('Sonderfertigkeit', 473, 'III', 'http://www.ulisses-regelwiki.de/index.php/KSF_Kampfreflexe.html', 470);
INSERT INTO `property` (`type`, `id`, `name`, `wiki_url`, `subcategory_of_id`) VALUES
('Sonderfertigkeit', 474, 'Kampfstil-Kombination', 'http://www.ulisses-regelwiki.de/index.php/KSF_kampfstilKombination.html', NULL),
('Sonderfertigkeit', 475, 'Klingenfänger', 'http://www.ulisses-regelwiki.de/index.php/KSF_Klingenfänger.html', NULL),
('Sonderfertigkeit', 476, 'Klingensturm', 'http://www.ulisses-regelwiki.de/index.php/KSF_Klingensturm.html', NULL),
('Sonderfertigkeit', 477, 'Kreuzblock', 'http://www.ulisses-regelwiki.de/index.php/KSF_Kreuzblock.html', NULL),
('Sonderfertigkeit', 478, 'Lanzenangriff', 'http://www.ulisses-regelwiki.de/index.php/KSF_Lanzenangriff.html', NULL),
('Sonderfertigkeit', 479, 'Meister der improvisierten Waffen', 'http://www.ulisses-regelwiki.de/index.php/KSF_MeisterderimprovisiertenWaffen.html', NULL),
('Sonderfertigkeit', 480, 'Meisterliches Ausweichen', 'http://www.ulisses-regelwiki.de/index.php/KSF_MeisterlichesAusweichen.html', NULL),
('Sonderfertigkeit', 481, 'Meisterparade', 'http://www.ulisses-regelwiki.de/index.php/KSF_Meisterparade.html', NULL),
('Sonderfertigkeit', 482, 'Pikenwall', 'http://www.ulisses-regelwiki.de/index.php/KSF_Pikenwall.html', NULL),
('Sonderfertigkeit', 483, 'Präziser Schuss/Wurf', 'http://www.ulisses-regelwiki.de/index.php/KSF_PräziserSchussWurf.html', NULL),
('Sonderfertigkeit', 484, 'I', 'http://www.ulisses-regelwiki.de/index.php/KSF_PräziserSchussWurf.html', 483),
('Sonderfertigkeit', 485, 'II', 'http://www.ulisses-regelwiki.de/index.php/KSF_PräziserSchussWurf.html', 483),
('Sonderfertigkeit', 486, 'III', 'http://www.ulisses-regelwiki.de/index.php/KSF_PräziserSchussWurf.html', 483),
('Sonderfertigkeit', 487, 'Präziser Stich', 'http://www.ulisses-regelwiki.de/index.php/KSF_PräszierStich.html', NULL),
('Sonderfertigkeit', 488, 'I', 'http://www.ulisses-regelwiki.de/index.php/KSF_PräszierStich.html', 487),
('Sonderfertigkeit', 489, 'II', 'http://www.ulisses-regelwiki.de/index.php/KSF_PräszierStich.html', 487),
('Sonderfertigkeit', 490, 'III', 'http://www.ulisses-regelwiki.de/index.php/KSF_PräszierStich.html', 487),
('Sonderfertigkeit', 491, 'Riposte', 'http://www.ulisses-regelwiki.de/index.php/KSF_Riposte.html', NULL),
('Sonderfertigkeit', 492, 'Rundumschlag', 'http://www.ulisses-regelwiki.de/index.php/KSF_Rundumschlag.html', NULL),
('Sonderfertigkeit', 493, 'I', 'http://www.ulisses-regelwiki.de/index.php/KSF_Rundumschlag.html', 492),
('Sonderfertigkeit', 494, 'II', 'http://www.ulisses-regelwiki.de/index.php/KSF_Rundumschlag.html', 492),
('Sonderfertigkeit', 495, 'Scharfschütze', 'http://www.ulisses-regelwiki.de/index.php/KSF_Scharfschütze.html', NULL),
('Sonderfertigkeit', 496, 'I', 'http://www.ulisses-regelwiki.de/index.php/KSF_Scharfschütze.html', 495),
('Sonderfertigkeit', 497, 'II', 'http://www.ulisses-regelwiki.de/index.php/KSF_Scharfschütze.html', 495),
('Sonderfertigkeit', 498, 'Schildspalter', 'http://www.ulisses-regelwiki.de/index.php/KSF_Schildspalter.html', NULL),
('Sonderfertigkeit', 499, 'Schnellladen (Kampftechnik)', 'http://www.ulisses-regelwiki.de/index.php/KSF_Schnellladen.html', NULL),
('Sonderfertigkeit', 500, 'Schnellziehen', 'http://www.ulisses-regelwiki.de/index.php/KSF_Schnellziehen.html', NULL),
('Sonderfertigkeit', 501, 'Schwitzkasten', 'http://www.ulisses-regelwiki.de/index.php/KSF_Schwitzkasten.html', NULL),
('Sonderfertigkeit', 502, 'Sturmangriff', 'http://www.ulisses-regelwiki.de/index.php/KSF_Sturmangriff.html', NULL),
('Sonderfertigkeit', 503, 'Todesstoß', 'http://www.ulisses-regelwiki.de/index.php/KSF_Todesstoß.html', NULL),
('Sonderfertigkeit', 504, 'Unterlaufen', 'http://www.ulisses-regelwiki.de/index.php/KSF_Unterlaufen.html', NULL),
('Sonderfertigkeit', 505, 'I', 'http://www.ulisses-regelwiki.de/index.php/KSF_Unterlaufen.html', 504),
('Sonderfertigkeit', 506, 'II', 'http://www.ulisses-regelwiki.de/index.php/KSF_Unterlaufen.html', 504),
('Sonderfertigkeit', 507, 'Verbessertes Ausweichen', 'http://www.ulisses-regelwiki.de/index.php/KSF_verbessertesAusweichen.html', NULL),
('Sonderfertigkeit', 508, 'I', 'http://www.ulisses-regelwiki.de/index.php/KSF_verbessertesAusweichen.html', 507),
('Sonderfertigkeit', 509, 'II', 'http://www.ulisses-regelwiki.de/index.php/KSF_verbessertesAusweichen.html', 507),
('Sonderfertigkeit', 510, 'III', 'http://www.ulisses-regelwiki.de/index.php/KSF_verbessertesAusweichen.html', 507),
('Sonderfertigkeit', 511, 'Verbessertes Unterlaufen', 'http://www.ulisses-regelwiki.de/index.php/KSF_VerbessertesUnterlaufen.html', NULL),
('Sonderfertigkeit', 512, 'Verteidigungshaltung', 'http://www.ulisses-regelwiki.de/index.php/KSF_Verteidigungshaltung.html', NULL),
('Sonderfertigkeit', 513, 'Verteilter Eisenhagel', 'http://www.ulisses-regelwiki.de/index.php/KSF_Verteilter_Eisenhagel.html', NULL),
('Sonderfertigkeit', 514, 'Vorstoß', 'http://www.ulisses-regelwiki.de/index.php/KSF_Vorstoß.html', NULL),
('Sonderfertigkeit', 515, 'Wuchtschlag', 'http://www.ulisses-regelwiki.de/index.php/KSF_Wuchtschlag.html', NULL),
('Sonderfertigkeit', 516, 'I', 'http://www.ulisses-regelwiki.de/index.php/KSF_Wuchtschlag.html', 515),
('Sonderfertigkeit', 517, 'II', 'http://www.ulisses-regelwiki.de/index.php/KSF_Wuchtschlag.html', 515),
('Sonderfertigkeit', 518, 'III', 'http://www.ulisses-regelwiki.de/index.php/KSF_Wuchtschlag.html', 515),
('Sonderfertigkeit', 519, 'Wurf', 'http://www.ulisses-regelwiki.de/index.php/KSF_Wurf.html', NULL),
('Sonderfertigkeit', 520, 'Zu Fall bringen', 'http://www.ulisses-regelwiki.de/index.php/KSF_ZuFallbringen.html', NULL),
('Sonderfertigkeit', 521, 'Zweihändiger Reiterkampf', 'http://www.ulisses-regelwiki.de/index.php/KSF_zweihändigerReiterkampf.html', NULL),
('Sonderfertigkeit', 522, 'Adersin-Stil', 'http://www.ulisses-regelwiki.de/index.php/KS_Adersin.html', NULL),
('Sonderfertigkeit', 523, 'Alter Adersin-Stil', 'http://www.ulisses-regelwiki.de/index.php/KSF_Alter_Adersin.html', NULL),
('Sonderfertigkeit', 524, 'Baburin-Stil', 'http://www.ulisses-regelwiki.de/index.php/KS_Baburin.html', NULL),
('Sonderfertigkeit', 525, 'Baliho-Stil', 'http://www.ulisses-regelwiki.de/index.php/KS_Baliho.html', NULL),
('Sonderfertigkeit', 526, 'Bornländisches Raufen', 'http://www.ulisses-regelwiki.de/index.php/KS_BornländischesRaufen.html', NULL),
('Sonderfertigkeit', 527, 'Cendrasch-Stil', 'http://www.ulisses-regelwiki.de/index.php/KS_Cendrasch.html', NULL),
('Sonderfertigkeit', 528, 'Dajin-Stil', 'http://www.ulisses-regelwiki.de/index.php/KS_Dajin.html', NULL),
('Sonderfertigkeit', 529, 'Elenvina-Stil', 'http://www.ulisses-regelwiki.de/index.php/KS_Elenvina.html', NULL),
('Sonderfertigkeit', 530, 'Fedorino-Stil', 'http://www.ulisses-regelwiki.de/index.php/KS_Fedorino.html', NULL),
('Sonderfertigkeit', 531, 'Gladiatoren-Stil', 'http://www.ulisses-regelwiki.de/index.php/KS_Gladiatoren.html', NULL),
('Sonderfertigkeit', 532, 'Hammerfaust-Stil', 'http://www.ulisses-regelwiki.de/index.php/KS_Hammerfaust.html', NULL),
('Sonderfertigkeit', 533, 'Hruruzat', 'http://www.ulisses-regelwiki.de/index.php/KS_Hruruzat.html', NULL),
('Sonderfertigkeit', 534, 'Hylailos-Stil', 'http://www.ulisses-regelwiki.de/index.php/KS_Hylailos.html', NULL),
('Sonderfertigkeit', 535, 'Marwan Sahib-Stil', 'http://www.ulisses-regelwiki.de/index.php/KS_MarwanSahib.html', NULL),
('Sonderfertigkeit', 536, 'Mengbilla-Stil', 'http://www.ulisses-regelwiki.de/index.php/KS_Mengbilla.html', NULL),
('Sonderfertigkeit', 537, 'Mercenario-Stil', 'http://www.ulisses-regelwiki.de/index.php/KS_Mercenario.html', NULL),
('Sonderfertigkeit', 538, 'Prem-Stil', 'http://www.ulisses-regelwiki.de/index.php/KS_Prem.html', NULL),
('Sonderfertigkeit', 539, 'Ritter des alten Wegs-Stil', 'http://www.ulisses-regelwiki.de/index.php/KS_RitterdesaltenWegs.html', NULL),
('Sonderfertigkeit', 540, 'Rondras Trutz-Stil', 'http://www.ulisses-regelwiki.de/index.php/KS_RondrasTrutz.html', NULL),
('Sonderfertigkeit', 541, 'Unauer Schule', 'http://www.ulisses-regelwiki.de/index.php/KS_UnauerSchule.html', NULL),
('Sonderfertigkeit', 542, 'Zyklopäisches Ringen', 'http://www.ulisses-regelwiki.de/index.php/KS_ZyklopäischesRingen.html', NULL),
('Sonderfertigkeit', 543, 'Backpfeifen-Sturm', 'http://www.ulisses-regelwiki.de/index.php/PSF_Backpfeifensturm.html', NULL),
('Sonderfertigkeit', 544, 'Durch die Wand', 'http://www.ulisses-regelwiki.de/index.php/PSF_DurchDieWand.html', NULL),
('Sonderfertigkeit', 545, 'Hose Herunterziehen/Hemd Hochziehen', 'http://www.ulisses-regelwiki.de/index.php/PSF_HoseHerunterziehen.html', NULL),
('Sonderfertigkeit', 546, 'Kneipen-Blutgrätsche', 'http://www.ulisses-regelwiki.de/index.php/PSF_KneipenBlutgraetsche.html', NULL),
('Sonderfertigkeit', 547, 'Kneipen-Geschossabwehr', 'http://www.ulisses-regelwiki.de/index.php/PSF_KneipenGeschossabwehr.html', NULL),
('Sonderfertigkeit', 548, 'Kneipen-Kopfstoß', 'http://www.ulisses-regelwiki.de/index.php/PSF_KneipenKopfstoss.html', NULL),
('Sonderfertigkeit', 549, 'Köpfe Aneinanderschlagen', 'http://www.ulisses-regelwiki.de/index.php/PSF_KöpfeAneinanderschlagen.html', NULL),
('Sonderfertigkeit', 550, 'Schlag auf den Kopf', 'http://www.ulisses-regelwiki.de/index.php/PSF_SchlagaufdenKopf.html', NULL),
('Sonderfertigkeit', 551, 'Tür gegen den Kopf Knallen', 'http://www.ulisses-regelwiki.de/index.php/PSF_TürgegendenKopfKnallen.html', NULL),
('Sonderfertigkeit', 552, 'Attacke verbessern', 'http://www.ulisses-regelwiki.de/index.php/SF_Attacke.html', NULL),
('Sonderfertigkeit', 553, 'Ausweichen verbessern', 'http://www.ulisses-regelwiki.de/index.php/SF_Ausweichen.html', NULL),
('Sonderfertigkeit', 554, 'Eigenschaft verbessern', 'http://www.ulisses-regelwiki.de/index.php/SF_Eigenschaft.html', NULL),
('Sonderfertigkeit', 555, 'Empathie', 'http://www.ulisses-regelwiki.de/index.php/SF_Empathie.html', NULL),
('Sonderfertigkeit', 556, 'Fernkampf verbessern', 'http://www.ulisses-regelwiki.de/index.php/SF_Fernkampf.html', NULL),
('Sonderfertigkeit', 557, 'Fleischwunde', 'http://www.ulisses-regelwiki.de/index.php/SF_Fleischwunde.html', NULL),
('Sonderfertigkeit', 558, 'Höhere Prophezeiung', 'http://www.ulisses-regelwiki.de/index.php/SF_HPro.html', NULL),
('Sonderfertigkeit', 559, 'Magiegespür', 'http://www.ulisses-regelwiki.de/index.php/SF_Magiegespür.html', NULL),
('Sonderfertigkeit', 560, 'Prophezeiung', 'http://www.ulisses-regelwiki.de/index.php/SF_Prophezeiung.html', NULL),
('Sonderfertigkeit', 561, 'Wachsamkeit', 'http://www.ulisses-regelwiki.de/index.php/SF_Wachsamkeit.html', NULL),
('Sonderfertigkeit', 562, 'Astraltransfer', 'http://www.ulisses-regelwiki.de/index.php/SSF_Astraltransfer.html', NULL),
('Sonderfertigkeit', 563, 'Astralentzug', 'http://www.ulisses-regelwiki.de/index.php/SSF_Astralentzug.html', NULL),
('Sonderfertigkeit', 564, 'Astralraub', 'http://www.ulisses-regelwiki.de/index.php/SSF_Astralraub.html', NULL),
('Sonderfertigkeit', 565, 'Bannstab des Adepten', 'http://www.ulisses-regelwiki.de/index.php/SSF_BannstabdesAdepten.html', NULL),
('Sonderfertigkeit', 566, 'Bannstab des Magus', 'http://www.ulisses-regelwiki.de/index.php/SSF_BannstabdesMagus.html', NULL),
('Sonderfertigkeit', 567, 'Bindung des Stabes', 'http://www.ulisses-regelwiki.de/index.php/SSF_BindungdesStabes.html', NULL),
('Sonderfertigkeit', 568, 'Doppeltes Maß', 'http://www.ulisses-regelwiki.de/index.php/SSF_DoppeltesMaß.html', NULL),
('Sonderfertigkeit', 569, 'Druckwelle', 'http://www.ulisses-regelwiki.de/index.php/SSF_Druckwelle.html', NULL),
('Sonderfertigkeit', 570, 'Energiestrahl', 'http://www.ulisses-regelwiki.de/index.php/SSF_Energiestrahl.html', NULL),
('Sonderfertigkeit', 571, 'Ewige Flamme', 'http://www.ulisses-regelwiki.de/index.php/SSF_EwigeFlamme.html', NULL),
('Sonderfertigkeit', 572, 'Flammenschwert', 'http://www.ulisses-regelwiki.de/index.php/SSF_Flammenschwert.html', NULL),
('Sonderfertigkeit', 573, 'Hammer des Adepten', 'http://www.ulisses-regelwiki.de/index.php/SSF_HammerdesAdepten.html', NULL),
('Sonderfertigkeit', 574, 'Halbes Maß', 'http://www.ulisses-regelwiki.de/index.php/SSF_HalbesMass.html', NULL),
('Sonderfertigkeit', 575, 'Hammer des Magus', 'http://www.ulisses-regelwiki.de/index.php/SSF_HammerdesMagus.html', NULL),
('Sonderfertigkeit', 576, 'Heilschlaf', 'http://www.ulisses-regelwiki.de/index.php/SSF_Heilschlaf.html', NULL),
('Sonderfertigkeit', 577, 'Kraftfokus', 'http://www.ulisses-regelwiki.de/index.php/SF_Kraftfokus.html', NULL),
('Sonderfertigkeit', 578, 'Machvolle Stabzauber', 'http://www.ulisses-regelwiki.de/index.php/SSF_MachvolleStabzauberI-IV.html', NULL),
('Sonderfertigkeit', 579, 'I', 'http://www.ulisses-regelwiki.de/index.php/SSF_MachvolleStabzauberI-IV.html', 578),
('Sonderfertigkeit', 580, 'II', 'http://www.ulisses-regelwiki.de/index.php/SSF_MachvolleStabzauberI-IV.html', 578),
('Sonderfertigkeit', 581, 'III', 'http://www.ulisses-regelwiki.de/index.php/SSF_MachvolleStabzauberI-IV.html', 578),
('Sonderfertigkeit', 582, 'IV', 'http://www.ulisses-regelwiki.de/index.php/SSF_MachvolleStabzauberI-IV.html', 578),
('Sonderfertigkeit', 583, 'Merkmalsfokus', 'http://www.ulisses-regelwiki.de/index.php/SSF_Merkmalsfokus.html', NULL),
('Sonderfertigkeit', 584, 'Modifikationsfokus', 'http://www.ulisses-regelwiki.de/index.php/SSF_Modifikationsfokus.html', NULL),
('Sonderfertigkeit', 585, 'Seil des Adepten', 'http://www.ulisses-regelwiki.de/index.php/SSF_SeildesAdepten.html', NULL),
('Sonderfertigkeit', 586, 'Seil des Magus', 'http://www.ulisses-regelwiki.de/index.php/SSF_SeildesMagus.html', NULL),
('Sonderfertigkeit', 587, 'Seilpeitsche', 'http://www.ulisses-regelwiki.de/index.php/SSF_Seilpeitsche.html', NULL),
('Sonderfertigkeit', 588, 'Seilschlange', 'http://www.ulisses-regelwiki.de/index.php/SSF_Seilschlange.html', NULL),
('Sonderfertigkeit', 589, 'Siegelbrecher', 'http://www.ulisses-regelwiki.de/index.php/SSF_Siegelbrecher.html', NULL),
('Sonderfertigkeit', 590, 'Stab-Apport', 'http://www.ulisses-regelwiki.de/index.php/SSF_Stab-Apport.html', NULL),
('Sonderfertigkeit', 591, 'Stabbohrer', 'http://www.ulisses-regelwiki.de/index.php/SSF_Stabbohrer.html', NULL),
('Sonderfertigkeit', 592, 'Stabexplosion', 'http://www.ulisses-regelwiki.de/index.php/SSF_Stabexplosion.html', NULL),
('Sonderfertigkeit', 593, 'Stabfixierung', 'http://www.ulisses-regelwiki.de/index.php/SSF_Stabfixierung.html', NULL),
('Sonderfertigkeit', 594, 'Telekineseschlag', 'http://www.ulisses-regelwiki.de/index.php/SSF_Telekineseschlag.html', NULL),
('Sonderfertigkeit', 595, 'Tierwandlung', 'http://www.ulisses-regelwiki.de/index.php/SSF_Tierwandlung.html', NULL),
('Sonderfertigkeit', 596, 'Volumenerweiterung des Zauberstabs', 'http://www.ulisses-regelwiki.de/index.php/SSF_VolumenerweiterungdesZauberstabsI-V.html', NULL),
('Sonderfertigkeit', 597, 'I', 'http://www.ulisses-regelwiki.de/index.php/SSF_VolumenerweiterungdesZauberstabsI-V.html', 596),
('Sonderfertigkeit', 598, 'II', 'http://www.ulisses-regelwiki.de/index.php/SSF_VolumenerweiterungdesZauberstabsI-V.html', 596),
('Sonderfertigkeit', 599, 'III', 'http://www.ulisses-regelwiki.de/index.php/SSF_VolumenerweiterungdesZauberstabsI-V.html', 596),
('Sonderfertigkeit', 600, 'IV', 'http://www.ulisses-regelwiki.de/index.php/SSF_VolumenerweiterungdesZauberstabsI-V.html', 596),
('Sonderfertigkeit', 601, 'V', 'http://www.ulisses-regelwiki.de/index.php/SSF_VolumenerweiterungdesZauberstabsI-V.html', 596),
('Sonderfertigkeit', 602, 'Zauberspeicher des Adepten', 'http://www.ulisses-regelwiki.de/index.php/SSF_ZauberspeicherdesAdepten.html', NULL),
('Sonderfertigkeit', 603, 'Angriff auf ungeschützte Stellen', 'http://www.ulisses-regelwiki.de/index.php/ffrefrefref.html', NULL),
('Sonderfertigkeit', 604, 'Anspringen', 'http://www.ulisses-regelwiki.de/index.php/frfrefrefe.html', NULL),
('Sonderfertigkeit', 605, 'Flugangriff', 'http://www.ulisses-regelwiki.de/index.php/errerefrere.html', NULL),
('Sonderfertigkeit', 606, 'Klammergriff', 'http://www.ulisses-regelwiki.de/index.php/regtrhzthztjhzt.html', NULL),
('Sonderfertigkeit', 607, 'Mächtiger Schlag', 'http://www.ulisses-regelwiki.de/index.php/regrtrhhg.html', NULL),
('Sonderfertigkeit', 608, 'Schwanz- oder Tentakelschwung', 'http://www.ulisses-regelwiki.de/index.php/bgbgreger.html', NULL),
('Sonderfertigkeit', 609, 'Trampeln', 'http://www.ulisses-regelwiki.de/index.php/fddfgdggr.html', NULL),
('Sonderfertigkeit', 610, 'Überrennen', 'http://www.ulisses-regelwiki.de/index.php/ghgfhfg.html', NULL),
('Sonderfertigkeit', 611, 'Verbeißen', 'http://www.ulisses-regelwiki.de/index.php/ghfghhghg.html', NULL),
('Sonderfertigkeit', 612, 'Dinge erspüren', 'http://www.ulisses-regelwiki.de/index.php/VSF_Dingeerspueren.html', NULL),
('Sonderfertigkeit', 613, 'Erster unter Gleichen', 'http://www.ulisses-regelwiki.de/index.php/VSF_ErsterunterGleichen.html', NULL),
('Sonderfertigkeit', 614, 'Fluchbote', 'http://www.ulisses-regelwiki.de/index.php/VSF_Fluchbote.html', NULL),
('Sonderfertigkeit', 615, 'Hexensinn', 'http://www.ulisses-regelwiki.de/index.php/VSF_Hexensinn.html', NULL),
('Sonderfertigkeit', 616, 'Kraftraub', 'http://www.ulisses-regelwiki.de/index.php/VSF_Kraftraub.html', NULL),
('Sonderfertigkeit', 617, 'Krötengift', 'http://www.ulisses-regelwiki.de/index.php/VSF_Kroetengift.html', NULL),
('Sonderfertigkeit', 618, 'Krötenschlag', 'http://www.ulisses-regelwiki.de/index.php/VSF_Kroetenschlag.html', NULL),
('Sonderfertigkeit', 619, 'Stimmungssinn', 'http://www.ulisses-regelwiki.de/index.php/VSF_Stimmungssinn.html', NULL),
('Sonderfertigkeit', 620, 'Tarnung', 'http://www.ulisses-regelwiki.de/index.php/VSF_Tarnung.html', NULL),
('Sonderfertigkeit', 621, 'Tiersinne', 'http://www.ulisses-regelwiki.de/index.php/VSF_Tiersinne.html', NULL),
('Sonderfertigkeit', 622, 'Ungesehener Beobachter', 'http://www.ulisses-regelwiki.de/index.php/VSF_UngesehenerBeobachter.html', NULL),
('Sonderfertigkeit', 623, 'Zwiegespräch', 'http://www.ulisses-regelwiki.de/index.php/VSF_Zwiegespraech.html', NULL),
('Sonderfertigkeit', 624, 'Kakophonie des Wahnsinns', 'http://www.ulisses-regelwiki.de/index.php/kako.html', NULL),
('Sonderfertigkeit', 625, 'Lied des Schmerzes', 'http://www.ulisses-regelwiki.de/index.php/lieddesschmerz.html', NULL),
('Sonderfertigkeit', 626, 'Schlachtlied', 'http://www.ulisses-regelwiki.de/index.php/Schlachtlied.html', NULL),
('Sonderfertigkeit', 627, 'Sklavenlied', 'http://www.ulisses-regelwiki.de/index.php/Sklavenlied.html', NULL),
('Sonderfertigkeit', 628, 'Sturmlied', 'http://www.ulisses-regelwiki.de/index.php/sturmlied.html', NULL),
('Sonderfertigkeit', 629, 'Scholar der Akademie der Geistigen Kraft zu Fasar', 'http://www.ulisses-regelwiki.de/index.php/ScholarFasar.html', NULL),
('Sonderfertigkeit', 630, 'Scholar der Akademie der Hohen Magie zu Punin', 'http://www.ulisses-regelwiki.de/index.php/ScholarPunin.html', NULL),
('Sonderfertigkeit', 631, 'Scholar der Akademie der Verformungen zu Lowangen', 'http://www.ulisses-regelwiki.de/index.php/ScholarLowangen.html', NULL),
('Sonderfertigkeit', 632, 'Scholar der Akademie Schwert und Stab zu Gareth', 'http://www.ulisses-regelwiki.de/index.php/ScholarGareth.html', NULL),
('Sonderfertigkeit', 633, 'Scholar der Halle der Antimagie zu Kuslik', 'http://www.ulisses-regelwiki.de/index.php/ScholarKuslik.html', NULL),
('Sonderfertigkeit', 634, 'Scholar der Halle der Erleuchtung zu Al’Anfa', 'http://www.ulisses-regelwiki.de/index.php/ScholarAlAnfa.html', NULL),
('Sonderfertigkeit', 635, 'Scholar der Khelbara ay Baburia', 'http://www.ulisses-regelwiki.de/index.php/ScholarBaburia.html', NULL),
('Sonderfertigkeit', 636, 'Scholar der Schule der Austreibung zu Perricum', 'http://www.ulisses-regelwiki.de/index.php/Scholar_Perricum.html', NULL),
('Sonderfertigkeit', 637, 'Scholar der Schule der Hellsicht zu Thorwal', 'http://www.ulisses-regelwiki.de/index.php/ScholarThorwal.html', NULL),
('Sonderfertigkeit', 638, 'Scholar der Schule des Direkten Weges zu Gerasim', 'http://www.ulisses-regelwiki.de/index.php/ScholarGerasim.html', NULL),
('Sonderfertigkeit', 639, 'Scholar der Schule des Seienden Scheins zu Zorgan', 'http://www.ulisses-regelwiki.de/index.php/ScholarZorgan.html', NULL),
('Sonderfertigkeit', 640, 'Scholar der Töchter Niobaras', 'http://www.ulisses-regelwiki.de/index.php/ScholarNiobaras.html', NULL),
('Sonderfertigkeit', 641, 'Scholar des Alrik Dagabor', 'http://www.ulisses-regelwiki.de/index.php/ScholarDagabor.html', NULL),
('Sonderfertigkeit', 642, 'Scholar des Demirion Ophenos', 'http://www.ulisses-regelwiki.de/index.php/ScholarOphenos.html', NULL),
('Sonderfertigkeit', 643, 'Scholar des Hesindius Lichtblick', 'http://www.ulisses-regelwiki.de/index.php/ScholarLichtblick.html', NULL),
('Sonderfertigkeit', 644, 'Scholar des Seminars der elfischen Verständigung und natürlichen Heilung zu Donnerbach', 'http://www.ulisses-regelwiki.de/index.php/ScholarDonnerbach.html', NULL),
('Sonderfertigkeit', 645, 'Scholar des Vadif sal Karim', 'http://www.ulisses-regelwiki.de/index.php/ScholarKarim.html', NULL),
('Segen', 646, 'Eidsegen', 'http://www.ulisses-regelwiki.de/index.php/Seg_Eidsegen.html', NULL),
('Segen', 647, 'Feuersegen', 'http://www.ulisses-regelwiki.de/index.php/Seg_Feuersegen.html', NULL),
('Segen', 648, 'Geburtssegen', 'http://www.ulisses-regelwiki.de/index.php/Seg_Geburtssegen.html', NULL),
('Segen', 649, 'Glückssegen', 'http://www.ulisses-regelwiki.de/index.php/Seg_Glückssegen.html', NULL),
('Segen', 650, 'Grabsegen', 'http://www.ulisses-regelwiki.de/index.php/Seg_Grabsegen.html', NULL),
('Segen', 651, 'Harmoniesegen', 'http://www.ulisses-regelwiki.de/index.php/Seg_Harmoniesegen.html', NULL),
('Segen', 652, 'Kleiner Heilsegen', 'http://www.ulisses-regelwiki.de/index.php/Seg_.html', NULL),
('Segen', 653, 'Kleiner Schutzsegen', 'http://www.ulisses-regelwiki.de/index.php/Seg_KleinerSchutzsegen.html', NULL),
('Segen', 654, 'Speisesegen', 'http://www.ulisses-regelwiki.de/index.php/Seg_Speisesegen.html', NULL),
('Segen', 655, 'Stärkungssegen', 'http://www.ulisses-regelwiki.de/index.php/Seg_Stärkungssegen.html', NULL),
('Segen', 656, 'Tranksegen', 'http://www.ulisses-regelwiki.de/index.php/Seg_Tranksegen.html', NULL),
('Segen', 657, 'Weisheitssegen', 'http://www.ulisses-regelwiki.de/index.php/SeG_Weisheitssegen.html', NULL),
('Zauber', 658, 'Ablativum', 'http://www.ulisses-regelwiki.de/index.php/ZS_Ablativum.html', NULL),
('Zauber', 659, 'Abvenenum', 'http://www.ulisses-regelwiki.de/index.php/ZS_Abvenenum.html', NULL),
('Zauber', 660, 'Adlerauge', 'http://www.ulisses-regelwiki.de/index.php/ZS_Adlerauge.html', NULL),
('Zauber', 661, 'Adlerschwinge', 'http://www.ulisses-regelwiki.de/index.php/ZS_Adlerschwinge.html', NULL),
('Zauber', 662, 'Aeolito', 'http://www.ulisses-regelwiki.de/index.php/ZS_Aeolito.html', NULL),
('Zauber', 663, 'Alpgestalt', 'http://www.ulisses-regelwiki.de/index.php/ZS_Alpgestalt.html', NULL),
('Zauber', 664, 'Altisonus', 'http://www.ulisses-regelwiki.de/index.php/ZS_Altisonus.html', NULL),
('Zauber', 665, 'Analys Arkanstruktur', 'http://www.ulisses-regelwiki.de/index.php/ZS_Analys.html', NULL),
('Zauber', 666, 'Angst auslösen', 'http://www.ulisses-regelwiki.de/index.php/ZS_Angstausloesen.html', NULL),
('Zauber', 667, 'Ängste lindern', 'http://www.ulisses-regelwiki.de/index.php/ZS_Ängste_lindern.html', NULL),
('Zauber', 668, 'Archofaxius', 'http://www.ulisses-regelwiki.de/index.php/ZS_Archofaxius.html', NULL),
('Zauber', 669, 'Archosphaero', 'http://www.ulisses-regelwiki.de/index.php/ZS_Archosphaero.html', NULL),
('Zauber', 670, 'Aromatis Illusionis', 'http://www.ulisses-regelwiki.de/index.php/ZS_AromatisIllusionis.html', NULL),
('Zauber', 671, 'Armatrutz', 'http://www.ulisses-regelwiki.de/index.php/ZS_Armatrutz.html', NULL),
('Zauber', 672, 'Atemnot', 'http://www.ulisses-regelwiki.de/index.php/ZS_Atemnot.html', NULL),
('Zauber', 673, 'Attributo (Charisma)', 'http://www.ulisses-regelwiki.de/index.php/ZS_AttributoCharisma.html', NULL),
('Zauber', 674, 'Attributo (Fingerfertigkeit)', 'http://www.ulisses-regelwiki.de/index.php/ZS_AttributoFingerfertigkeit.html', NULL),
('Zauber', 675, 'Attributo (Klugheit)', 'http://www.ulisses-regelwiki.de/index.php/ZS_AttributoKlugheit.html', NULL),
('Zauber', 676, 'Attributo (Körperkraft)', 'http://www.ulisses-regelwiki.de/index.php/ZS_Attributo_Körperkraft.html', NULL),
('Zauber', 677, 'Aufwecken', 'http://www.ulisses-regelwiki.de/index.php/ZS_Aufwecken.html', NULL),
('Zauber', 678, 'Auge des Limbus', 'http://www.ulisses-regelwiki.de/index.php/ZS_AugedesLimbus.html', NULL),
('Zauber', 679, 'Aureolus', 'http://www.ulisses-regelwiki.de/index.php/ZS_Aureolus.html', NULL),
('Zauber', 680, 'Auris Illusionis', 'http://www.ulisses-regelwiki.de/index.php/ZS_AurisIllusionis.html', NULL),
('Zauber', 681, 'Axxeleratus', 'http://www.ulisses-regelwiki.de/index.php/ZS_Axxeleratus.html', NULL),
('Zauber', 682, 'Balsam Salabunde', 'http://www.ulisses-regelwiki.de/index.php/ZS_Balsam.html', NULL),
('Zauber', 683, 'Bannbaladin', 'http://www.ulisses-regelwiki.de/index.php/ZS_Bannbaladin.html', NULL),
('Zauber', 684, 'Band und Fessel', 'http://www.ulisses-regelwiki.de/index.php/ZS_BandundFessel.html', NULL),
('Zauber', 685, 'Blick aufs Wesen', 'http://www.ulisses-regelwiki.de/index.php/ZS_BlickaufsWesen.html', NULL),
('Zauber', 686, 'Blick in die Gedanken', 'http://www.ulisses-regelwiki.de/index.php/ZS_Blick_in_die_Gedanken.html', NULL),
('Zauber', 687, 'Blindheit', 'http://www.ulisses-regelwiki.de/index.php/ZS_Blindheit.html', NULL),
('Zauber', 688, 'Blitz dich find', 'http://www.ulisses-regelwiki.de/index.php/ZS_Blitz.html', NULL),
('Zauber', 689, 'Chamaelioni', 'http://www.ulisses-regelwiki.de/index.php/ZS_Chamaelioni.html', NULL),
('Zauber', 690, 'Claudibus', 'http://www.ulisses-regelwiki.de/index.php/ZS_Claudibus.html', NULL),
('Zauber', 691, 'Corpofesso', 'http://www.ulisses-regelwiki.de/index.php/ZS_Corpofesso.html', NULL),
('Zauber', 692, 'Corpofrigo', 'http://www.ulisses-regelwiki.de/index.php/ZS_Corpofrigo.html', NULL),
('Zauber', 693, 'Dämonenbann', 'http://www.ulisses-regelwiki.de/index.php/ZS_Daemonenbann.html', NULL),
('Zauber', 694, 'Dämonenschild', 'http://www.ulisses-regelwiki.de/index.php/ZS_Daemonenschild.html', NULL),
('Zauber', 695, 'Debilitatio', 'http://www.ulisses-regelwiki.de/index.php/ZS_Debilitatio.html', NULL),
('Zauber', 696, 'Desintegratus', 'http://www.ulisses-regelwiki.de/index.php/ZS_Desintegratus.html', NULL),
('Zauber', 697, 'Disruptivo', 'http://www.ulisses-regelwiki.de/index.php/ZS_Disruptivo.html', NULL),
('Zauber', 698, 'Dunkelheit', 'http://www.ulisses-regelwiki.de/index.php/ZS_Dunkelheit.html', NULL),
('Zauber', 699, 'Duplicatus', 'http://www.ulisses-regelwiki.de/index.php/ZS_Duplicatus.html', NULL),
('Zauber', 700, 'Ecliptifactus', 'http://www.ulisses-regelwiki.de/index.php/ZS_Ecliptifactus.html', NULL),
('Zauber', 701, 'Einflussbann', 'http://www.ulisses-regelwiki.de/index.php/ZS_Einflussbann.html', NULL),
('Zauber', 702, 'Eigne Ängste', 'http://www.ulisses-regelwiki.de/index.php/ZS_EigeneAengste.html', NULL),
('Zauber', 703, 'Eisenrost', 'http://www.ulisses-regelwiki.de/index.php/ZS_Eisenrost.html', NULL),
('Zauber', 704, 'Elementarbann', 'http://www.ulisses-regelwiki.de/index.php/ZS_Elementarbann.html', NULL),
('Zauber', 705, 'Elfenstimme', 'http://www.ulisses-regelwiki.de/index.php/ZS_Elfenstimme.html', NULL),
('Zauber', 706, 'Erinnerung verlasse dich', 'http://www.ulisses-regelwiki.de/index.php/ZS_Erinnerungverlassedich.html', NULL),
('Zauber', 707, 'Exposami', 'http://www.ulisses-regelwiki.de/index.php/ZS_Exposami.html', NULL),
('Zauber', 708, 'Falkenauge', 'http://www.ulisses-regelwiki.de/index.php/SZ_Falkenauge.html', NULL),
('Zauber', 709, 'Favilludo', 'http://www.ulisses-regelwiki.de/index.php/ZS_Favilludo.html', NULL),
('Zauber', 710, 'Firnlauf', 'http://www.ulisses-regelwiki.de/index.php/ZS_Firnlauf.html', NULL),
('Zauber', 711, 'Fischflosse', 'http://www.ulisses-regelwiki.de/index.php/ZS_Fischflosse.html', NULL),
('Zauber', 712, 'Flim Flam', 'http://www.ulisses-regelwiki.de/index.php/ZS_Flim_Flam.html', NULL),
('Zauber', 713, 'Foramen', 'http://www.ulisses-regelwiki.de/index.php/ZS_Foramen.html', NULL),
('Zauber', 714, 'Fortifex', 'http://www.ulisses-regelwiki.de/index.php/ZS_Fortifex.html', NULL),
('Zauber', 715, 'Fulminictus', 'http://www.ulisses-regelwiki.de/index.php/ZS_Fulminictus.html', NULL),
('Zauber', 716, 'Gardianum', 'http://www.ulisses-regelwiki.de/index.php/ZS_Gardianium.html', NULL),
('Zauber', 717, 'Gedankenbilder', 'http://www.ulisses-regelwiki.de/index.php/ZS_Gedankenbilder.html', NULL),
('Zauber', 718, 'Gefunden', 'http://www.ulisses-regelwiki.de/index.php/ZS_Gefunden.html', NULL),
('Zauber', 719, 'Gletscherform', 'http://www.ulisses-regelwiki.de/index.php/ZS_Gletscherform.html', NULL),
('Zauber', 720, 'Große Gier', 'http://www.ulisses-regelwiki.de/index.php/ZS_GrosseGier.html', NULL),
('Zauber', 721, 'Große Verwirrung', 'http://www.ulisses-regelwiki.de/index.php/ZS_GrosseVerwirrung.html', NULL),
('Zauber', 722, 'Harmlose Gestalt', 'http://www.ulisses-regelwiki.de/index.php/ZS_Harmlose_Gestalt.html', NULL),
('Zauber', 723, 'Haselbusch', 'http://www.ulisses-regelwiki.de/index.php/ZS_Haselbusch.html', NULL),
('Zauber', 724, 'Heilungsbann', 'http://www.ulisses-regelwiki.de/index.php/ZS_Heilungsbann.html', NULL),
('Zauber', 725, 'Hellsichtbann', 'http://www.ulisses-regelwiki.de/index.php/ZS_Hellsichtbann.html', NULL),
('Zauber', 726, 'Herr über das Tierreich', 'http://www.ulisses-regelwiki.de/index.php/ZS_Herr_über_das_Tierreich.html', NULL),
('Zauber', 727, 'Heptagramma', 'http://www.ulisses-regelwiki.de/index.php/ZS_Heptagramma.html', NULL),
('Zauber', 728, 'Herzschlag ruhe', 'http://www.ulisses-regelwiki.de/index.php/ZS_Herzschlagruhe.html', NULL),
('Zauber', 729, 'Hexagramma', 'http://www.ulisses-regelwiki.de/index.php/ZS_Hexagramma.html', NULL),
('Zauber', 730, 'Hexenholz', 'http://www.ulisses-regelwiki.de/index.php/ZS_Hexenholz.html', NULL),
('Zauber', 731, 'Hexengalle', 'http://www.ulisses-regelwiki.de/index.php/ZS_Hexengalle.html', NULL),
('Zauber', 732, 'Hexenknoten', 'http://www.ulisses-regelwiki.de/index.php/ZS_Hexenknoten.html', NULL),
('Zauber', 733, 'Hexenkrallen', 'http://www.ulisses-regelwiki.de/index.php/ZS_Hexenkrallen.html', NULL),
('Zauber', 734, 'Höllenpein', 'http://www.ulisses-regelwiki.de/index.php/ZS_Höllenpein.html', NULL),
('Zauber', 735, 'Horriphobus', 'http://www.ulisses-regelwiki.de/index.php/ZS_Horriphobus.html', NULL),
('Zauber', 736, 'Ignifaxius', 'http://www.ulisses-regelwiki.de/index.php/ZS_Ignifaxius.html', NULL),
('Zauber', 737, 'Ignisphaero', 'http://www.ulisses-regelwiki.de/index.php/ZS_Ignisphaero.html', NULL),
('Zauber', 738, 'Ignorantia', 'http://www.ulisses-regelwiki.de/index.php/ZS_Ignorantia.html', NULL),
('Zauber', 739, 'Illusionsbann', 'http://www.ulisses-regelwiki.de/index.php/ZS_Illusionsbann.html', NULL),
('Zauber', 740, 'Imperavi', 'http://www.ulisses-regelwiki.de/index.php/ZS_Imperavi.html', NULL),
('Zauber', 741, 'Impersona', 'http://www.ulisses-regelwiki.de/index.php/ZS_Impersona.html', NULL),
('Zauber', 742, 'Incendio', 'http://www.ulisses-regelwiki.de/index.php/ZS_Incendio.html', NULL),
('Zauber', 743, 'Invercano', 'http://www.ulisses-regelwiki.de/index.php/ZS_Invercano.html', NULL),
('Zauber', 744, 'Invocatio Minima', 'http://www.ulisses-regelwiki.de/index.php/ZS_Invominima.html', NULL),
('Zauber', 745, 'Karnifilo', 'http://www.ulisses-regelwiki.de/index.php/ZS_Karnifilo.html', NULL),
('Zauber', 746, 'Katzenaugen', 'http://www.ulisses-regelwiki.de/index.php/ZS_Katzenaugen.html', NULL),
('Zauber', 747, 'Klarum Purum', 'http://www.ulisses-regelwiki.de/index.php/ZS_Klarum_Purum.html', NULL),
('Zauber', 748, 'Krötensprung', 'http://www.ulisses-regelwiki.de/index.php/ZS_Krötensprung.html', NULL),
('Zauber', 749, 'Kusch', 'http://www.ulisses-regelwiki.de/index.php/ZS_Kusch.html', NULL),
('Zauber', 750, 'Last des Alters', 'http://www.ulisses-regelwiki.de/index.php/ZS_LastdesAlters.html', NULL),
('Zauber', 751, 'Lunge des Leviatan', 'http://www.ulisses-regelwiki.de/index.php/ZS_LungedesLeviatan.html', NULL),
('Zauber', 752, 'Manifesto', 'http://www.ulisses-regelwiki.de/index.php/ZS_Manifesto.html', NULL),
('Zauber', 753, 'Manus Illusionis', 'http://www.ulisses-regelwiki.de/index.php/ZS_ManusIllusionis.html', NULL),
('Zauber', 754, 'Manus Miracula', 'http://www.ulisses-regelwiki.de/index.php/ZS_Manus_Miracula.html', NULL),
('Zauber', 755, 'Memorans', 'http://www.ulisses-regelwiki.de/index.php/ZS_Memorans.html', NULL),
('Zauber', 756, 'Menetekel', 'http://www.ulisses-regelwiki.de/index.php/ZS_Menetekel.html', NULL),
('Zauber', 757, 'Motoricus', 'http://www.ulisses-regelwiki.de/index.php/ZS_Motoricus.html', NULL),
('Zauber', 758, 'Nebelwand', 'http://www.ulisses-regelwiki.de/index.php/ZS_Nebelwand.html', NULL),
('Zauber', 759, 'Nuntiovolo', 'http://www.ulisses-regelwiki.de/index.php/ZS_Nuntiovolo.html', NULL),
('Zauber', 760, 'Objectobscuro', 'http://www.ulisses-regelwiki.de/index.php/ZS_Objectobscuro.html', NULL),
('Zauber', 761, 'Objectofixo', 'http://www.ulisses-regelwiki.de/index.php/ZS_Objectofixo.html', NULL),
('Zauber', 762, 'Objektbann', 'http://www.ulisses-regelwiki.de/index.php/ZS_Objektbann.html', NULL),
('Zauber', 763, 'Oculus Astralis', 'http://www.ulisses-regelwiki.de/index.php/ZS_OculusAstralis.html', NULL),
('Zauber', 764, 'Oculus Illusionis', 'http://www.ulisses-regelwiki.de/index.php/ZS_Oculus_llusionis.html', NULL),
('Zauber', 765, 'Odem Arcanum', 'http://www.ulisses-regelwiki.de/index.php/ZS_Odem_Arcanum.html', NULL),
('Zauber', 766, 'Orcanofaxius', 'http://www.ulisses-regelwiki.de/index.php/ZS_Orcanofaxius.html', NULL),
('Zauber', 767, 'Orcanosphaero', 'http://www.ulisses-regelwiki.de/index.php/ZS_Orcanosphaero.html', NULL),
('Zauber', 768, 'Paralysis', 'http://www.ulisses-regelwiki.de/index.php/paral.html', NULL),
('Zauber', 769, 'Penetrizzel', 'http://www.ulisses-regelwiki.de/index.php/ZS_Penetrizzel.html', NULL),
('Zauber', 770, 'Pentagramma', 'http://www.ulisses-regelwiki.de/index.php/ZS_Pentagramma.html', NULL),
('Zauber', 771, 'Pestilenz erspüren', 'http://www.ulisses-regelwiki.de/index.php/ZS_Pestilenz_erspüren.html', NULL),
('Zauber', 772, 'Physiostabilis', 'http://www.ulisses-regelwiki.de/index.php/ZS_Physiostabilis.html', NULL),
('Zauber', 773, 'Plumbumbarum', 'http://www.ulisses-regelwiki.de/index.php/ZS_Plumbumbarum.html', NULL),
('Zauber', 774, 'Projectimago', 'http://www.ulisses-regelwiki.de/index.php/ZS_Projectimago.html', NULL),
('Zauber', 775, 'Psychostabilis', 'http://www.ulisses-regelwiki.de/index.php/ZS_Psychostabilis.html', NULL),
('Zauber', 776, 'Radau', 'http://www.ulisses-regelwiki.de/index.php/ZS_Radau.html', NULL),
('Zauber', 777, 'Reflectimago', 'http://www.ulisses-regelwiki.de/index.php/ZS_Reflectimago.html', NULL),
('Zauber', 778, 'Regeneratio', 'http://www.ulisses-regelwiki.de/index.php/ZS_Regeneratio.html', NULL),
('Zauber', 779, 'Respondami', 'http://www.ulisses-regelwiki.de/index.php/ZS_Respondami.html', NULL),
('Zauber', 780, 'Salander', 'http://www.ulisses-regelwiki.de/index.php/ZS_Salander.html', NULL),
('Zauber', 781, 'Sanftmut', 'http://www.ulisses-regelwiki.de/index.php/ZS_Sanftmut.html', NULL),
('Zauber', 782, 'Sapefacta', 'http://www.ulisses-regelwiki.de/index.php/ZS_Sapefacta.html', NULL),
('Zauber', 783, 'Satuarias Herrlichkeit', 'http://www.ulisses-regelwiki.de/index.php/ZS_Satuarias_Herrlichkeit.html', NULL),
('Zauber', 784, 'Schlangenruf', 'http://www.ulisses-regelwiki.de/index.php/ZS_Schlangenruf.html', NULL),
('Zauber', 785, 'Schmerzen lindern', 'http://www.ulisses-regelwiki.de/index.php/ZS_Schmerzenlindern.html', NULL),
('Zauber', 786, 'Schwarzer Schrecken', 'http://www.ulisses-regelwiki.de/index.php/ZS_SchwarzerSchrecken.html', NULL),
('Zauber', 787, 'Schwarz und Rot', 'http://www.ulisses-regelwiki.de/index.php/ZS_SchwarzundRot.html', NULL),
('Zauber', 788, 'Sensibar', 'http://www.ulisses-regelwiki.de/index.php/ZS_Sensibar.html', NULL),
('Zauber', 789, 'Silentium', 'http://www.ulisses-regelwiki.de/index.php/ZS_Silentium.html', NULL),
('Zauber', 790, 'Skelettarius', 'http://www.ulisses-regelwiki.de/index.php/ZS_Skelettarius.html', NULL),
('Zauber', 791, 'Zaubererweiterungen', 'http://www.ulisses-regelwiki.de/index.php/ZS_Solidirid.html', NULL),
('Zauber', 792, 'Somnigravis', 'http://www.ulisses-regelwiki.de/index.php/ZS_Somnigravis.html', NULL),
('Zauber', 793, 'Spinnenlauf', 'http://www.ulisses-regelwiki.de/index.php/ZS_Spinnenlauf.html', NULL),
('Zauber', 794, 'Spurlos', 'http://www.ulisses-regelwiki.de/index.php/ZS_Spurlos.html', NULL),
('Zauber', 795, 'Stillstand', 'http://www.ulisses-regelwiki.de/index.php/ZS_Stillstand.html', NULL),
('Zauber', 796, 'Sumus Elixiere', 'http://www.ulisses-regelwiki.de/index.php/ZS_Sumus_Elixiere.html', NULL),
('Zauber', 797, 'Taubheit', 'http://www.ulisses-regelwiki.de/index.php/ZS_Taubheit.html', NULL),
('Zauber', 798, 'Telekinesebann', 'http://www.ulisses-regelwiki.de/index.php/ZS_Telekinesebann.html', NULL),
('Zauber', 799, 'Tiergedanken', 'http://www.ulisses-regelwiki.de/index.php/ZS_Tiergedanken.html', NULL),
('Zauber', 800, 'Transversalis', 'http://www.ulisses-regelwiki.de/index.php/ZS_Transversalis.html', NULL),
('Zauber', 801, 'Verwandlungsbann', 'http://www.ulisses-regelwiki.de/index.php/ZS_Verwandlungsbann.html', NULL),
('Zauber', 802, 'Vipernblick', 'http://www.ulisses-regelwiki.de/index.php/ZS_Vipernblick.html', NULL),
('Zauber', 803, 'Visibili', 'http://www.ulisses-regelwiki.de/index.php/ZS_Visibili.html', NULL),
('Zauber', 804, 'Vogelzwitschern', 'http://www.ulisses-regelwiki.de/index.php/ZS_Vogelzwitschern.html', NULL),
('Zauber', 805, 'Wasseratem', 'http://www.ulisses-regelwiki.de/index.php/ZS_Wasseratem.html', NULL),
('Zauber', 806, 'Wolfstatze', 'http://www.ulisses-regelwiki.de/index.php/ZS_Wolfstatze.html', NULL),
('Zauber', 807, 'Zunge betäuben', 'http://www.ulisses-regelwiki.de/index.php/ZS_Zunge_betäuben.html', NULL),
('Zauber', 808, 'Zwingtanz', 'http://www.ulisses-regelwiki.de/index.php/ZS_Zwingtanz.html', NULL),
('Zaubertrick', 809, 'Abkühlung', 'http://www.ulisses-regelwiki.de/index.php/ZT_Abkühlung.html', NULL),
('Zaubertrick', 810, 'Aranische Rasur', 'http://www.ulisses-regelwiki.de/index.php/ZT_AranischeRasur.html', NULL),
('Zaubertrick', 811, 'Bartwuchs', 'http://www.ulisses-regelwiki.de/index.php/ZT_Bartwuchs.html', NULL),
('Zaubertrick', 812, 'Bauchreden', 'http://www.ulisses-regelwiki.de/index.php/ZT_Bauchreden.html', NULL),
('Zaubertrick', 813, 'Beeren & Nüsse', 'http://www.ulisses-regelwiki.de/index.php/ZT_BeerenundNüsse.html', NULL),
('Zaubertrick', 814, 'Beruhigung', 'http://www.ulisses-regelwiki.de/index.php/ZT_Beruhigung.html', NULL),
('Zaubertrick', 815, 'Blütenduft', 'http://www.ulisses-regelwiki.de/index.php/ZT_Blütenduft.html', NULL),
('Zaubertrick', 816, 'Duft', 'http://www.ulisses-regelwiki.de/index.php/ZT_Duft.html', NULL),
('Zaubertrick', 817, 'Ehrfürchtiges Verhalten', 'http://www.ulisses-regelwiki.de/index.php/ZT_EhrfürchtigesVerhalten.html', NULL),
('Zaubertrick', 818, 'Feenfüße', 'http://www.ulisses-regelwiki.de/index.php/ZT_Feenfuesse.html', NULL),
('Zaubertrick', 819, 'Feuerfinger', 'http://www.ulisses-regelwiki.de/index.php/ZT_Feuerfinger.html', NULL),
('Zaubertrick', 820, 'Glücksgriff', 'http://www.ulisses-regelwiki.de/index.php/ZT_Glücksgriff.html', NULL),
('Zaubertrick', 821, 'Grußworte', 'http://www.ulisses-regelwiki.de/index.php/ZT_Grußworte.html', NULL),
('Zaubertrick', 822, 'Guten Morgen', 'http://www.ulisses-regelwiki.de/index.php/ZT_GutenMorgen.html', NULL),
('Zaubertrick', 823, 'Haarpracht', 'http://www.ulisses-regelwiki.de/index.php/ZT_Haarpracht.html', NULL),
('Zaubertrick', 824, 'Handwärmer', 'http://www.ulisses-regelwiki.de/index.php/ZT_Handwärmer.html', NULL),
('Zaubertrick', 825, 'Heller Stern', 'http://www.ulisses-regelwiki.de/index.php/ZT_HellerStern.html', NULL),
('Zaubertrick', 826, 'Hexenblick', 'http://www.ulisses-regelwiki.de/index.php/ZT_Hexenblick.html', NULL),
('Zaubertrick', 827, 'Hintergrundmusik', 'http://www.ulisses-regelwiki.de/index.php/ZT_Hintergrundmusik.html', NULL),
('Zaubertrick', 828, 'Insektenbann', 'http://www.ulisses-regelwiki.de/index.php/ZT_Insektenbann.html', NULL),
('Zaubertrick', 829, 'Kehrbesen', 'http://www.ulisses-regelwiki.de/index.php/ZT_Kehrbesen.html', NULL),
('Zaubertrick', 830, 'Leselampe', 'http://www.ulisses-regelwiki.de/index.php/ZT_Leselampe.html', NULL),
('Zaubertrick', 831, 'Luftstoß', 'http://www.ulisses-regelwiki.de/index.php/ZT_Luftstoß.html', NULL),
('Zaubertrick', 832, 'Lockruf', 'http://www.ulisses-regelwiki.de/index.php/ZT_Lockruf.html', NULL),
('Zaubertrick', 833, 'Nagellack', 'http://www.ulisses-regelwiki.de/index.php/ZT_Nagellack.html', NULL),
('Zaubertrick', 834, 'Ordentlich', 'http://www.ulisses-regelwiki.de/index.php/SF_Ordentlich.html', NULL),
('Zaubertrick', 835, 'Pflanzenempathie', 'http://www.ulisses-regelwiki.de/index.php/ZT_Pflanzenempathie.html', NULL),
('Zaubertrick', 836, 'Regenbogenaugen', 'http://www.ulisses-regelwiki.de/index.php/ZT_Regenbogenaugen.html', NULL),
('Zaubertrick', 837, 'Rohrstock', 'http://www.ulisses-regelwiki.de/index.php/ZT_Rohrstock.html', NULL),
('Zaubertrick', 838, 'Sandfigur', 'http://www.ulisses-regelwiki.de/index.php/ZT_Sandfigur.html', NULL),
('Zaubertrick', 839, 'Selbstarchivierung', 'http://www.ulisses-regelwiki.de/index.php/ZT_Selbstarchivierung.html', NULL),
('Zaubertrick', 840, 'Schlangenhände', 'http://www.ulisses-regelwiki.de/index.php/ZT_Schlangenhände.html', NULL),
('Zaubertrick', 841, 'Schminken', 'http://www.ulisses-regelwiki.de/index.php/ZT_Schminken.html', NULL),
('Zaubertrick', 842, 'Schnipsen', 'http://www.ulisses-regelwiki.de/index.php/ZT_Schnipsen.html', NULL),
('Zaubertrick', 843, 'Signatur', 'http://www.ulisses-regelwiki.de/index.php/ZT_Signatur.html', NULL),
('Zaubertrick', 844, 'Tätowierung', 'http://www.ulisses-regelwiki.de/index.php/ZT_Tätowierung.html', NULL),
('Zaubertrick', 845, 'Trocken', 'http://www.ulisses-regelwiki.de/index.php/ZT_Trocken.html', NULL),
('Zaubertrick', 846, 'Unheimliches Lachen', 'http://www.ulisses-regelwiki.de/index.php/ZT_UnheimlichesLachen.html', NULL),
('Zaubertrick', 847, 'Waffensäuberung', 'http://www.ulisses-regelwiki.de/index.php/ZT_Waffensäuberung.html', NULL),
('Zaubertrick', 848, 'Wasserhöhe', 'http://www.ulisses-regelwiki.de/index.php/ZT_Wasserhoehe.html', NULL),
('Zaubertrick', 849, 'Weisheit des Leytfadens', 'http://www.ulisses-regelwiki.de/index.php/ZT_WeisheitdesLeytfadens.html', NULL),
('Zaubertrick', 850, 'Würze', 'http://www.ulisses-regelwiki.de/index.php/ZT_Würze.html', NULL),
('Zaubertrick', 851, 'Zauberfeder', 'http://www.ulisses-regelwiki.de/index.php/ZT_Zauberfeder.html', NULL),
('Zeremonie', 852, 'Ackersegen', 'http://www.ulisses-regelwiki.de/index.php/Lit_Ackersegen.html', NULL),
('Zeremonie', 853, 'Empfängnis des Korsmals', 'http://www.ulisses-regelwiki.de/index.php/Zer_EmpfaengnisdesKorsmals.html', NULL),
('Zeremonie', 854, 'Exorzismus', 'http://www.ulisses-regelwiki.de/index.php/Zer_Exorzismus.html', NULL),
('Zeremonie', 855, 'Geweihter Panzer', 'http://www.ulisses-regelwiki.de/index.php/Lit_GeweihterPanzer.html', NULL),
('Zeremonie', 856, 'Löwengestalt', 'http://www.ulisses-regelwiki.de/index.php/Zer_Löwengestalt.html', NULL),
('Zeremonie', 857, 'Nebelleib', 'http://www.ulisses-regelwiki.de/index.php/Zer_Nebelleib.html', NULL),
('Zeremonie', 858, 'Objektweihe', 'http://www.ulisses-regelwiki.de/index.php/Zer_Objektweihe.html', NULL),
('Vorteil', 859, 'Adel', 'http://www.ulisses-regelwiki.de/index.php/V_Adel.html', NULL),
('Vorteil', 860, 'I', 'http://www.ulisses-regelwiki.de/index.php/V_Adel.html', 859),
('Vorteil', 861, 'II', 'http://www.ulisses-regelwiki.de/index.php/V_Adel.html', 859),
('Vorteil', 862, 'III', 'http://www.ulisses-regelwiki.de/index.php/V_Adel.html', 859),
('Vorteil', 863, 'Affinität zu Dämonen', 'http://www.ulisses-regelwiki.de/index.php/V_AffinitaetzuDaemonen.html', NULL),
('Vorteil', 864, 'Affinität zu Elementaren', 'http://www.ulisses-regelwiki.de/index.php/V_AffinitaetzuElementaren.html', NULL),
('Vorteil', 865, 'Allerweltsname', 'http://www.ulisses-regelwiki.de/index.php/aller.html', NULL),
('Vorteil', 866, 'Altersresistenz (*)', 'http://www.ulisses-regelwiki.de/index.php/V_Altersresistenz.html', NULL),
('Vorteil', 867, 'Angenehmer Geruch', 'http://www.ulisses-regelwiki.de/index.php/V_AngenehmerGeruch.html', NULL),
('Vorteil', 868, 'Basiliskentöter', 'http://www.ulisses-regelwiki.de/index.php/V_Basiliskentöter.html', NULL),
('Vorteil', 869, 'Begabung', 'http://www.ulisses-regelwiki.de/index.php/V_Begabung.html', NULL),
('Vorteil', 870, 'Fliegen', 'http://www.ulisses-regelwiki.de/index.php/V_Begabung.html', 869),
('Vorteil', 871, 'Gaukeleien', 'http://www.ulisses-regelwiki.de/index.php/V_Begabung.html', 869),
('Vorteil', 872, 'Klettern', 'http://www.ulisses-regelwiki.de/index.php/V_Begabung.html', 869),
('Vorteil', 873, 'Körperbeherrschung', 'http://www.ulisses-regelwiki.de/index.php/V_Begabung.html', 869),
('Vorteil', 874, 'Kraftakt', 'http://www.ulisses-regelwiki.de/index.php/V_Begabung.html', 869),
('Vorteil', 875, 'Reiten', 'http://www.ulisses-regelwiki.de/index.php/V_Begabung.html', 869),
('Vorteil', 876, 'Schwimmen', 'http://www.ulisses-regelwiki.de/index.php/V_Begabung.html', 869),
('Vorteil', 877, 'Selbstbeherrschung', 'http://www.ulisses-regelwiki.de/index.php/V_Begabung.html', 869),
('Vorteil', 878, 'Singen', 'http://www.ulisses-regelwiki.de/index.php/V_Begabung.html', 869),
('Vorteil', 879, 'Sinnesschärfe', 'http://www.ulisses-regelwiki.de/index.php/V_Begabung.html', 869),
('Vorteil', 880, 'Tanzen', 'http://www.ulisses-regelwiki.de/index.php/V_Begabung.html', 869),
('Vorteil', 881, 'Taschendiebstahl', 'http://www.ulisses-regelwiki.de/index.php/V_Begabung.html', 869),
('Vorteil', 882, 'Verbergen', 'http://www.ulisses-regelwiki.de/index.php/V_Begabung.html', 869),
('Vorteil', 883, 'Zechen', 'http://www.ulisses-regelwiki.de/index.php/V_Begabung.html', 869),
('Vorteil', 884, 'Bekehren & Überzeugen', 'http://www.ulisses-regelwiki.de/index.php/V_Begabung.html', 869),
('Vorteil', 885, 'Betören', 'http://www.ulisses-regelwiki.de/index.php/V_Begabung.html', 869),
('Vorteil', 886, 'Einschüchtern', 'http://www.ulisses-regelwiki.de/index.php/V_Begabung.html', 869),
('Vorteil', 887, 'Etikette', 'http://www.ulisses-regelwiki.de/index.php/V_Begabung.html', 869),
('Vorteil', 888, 'Gassenwissen', 'http://www.ulisses-regelwiki.de/index.php/V_Begabung.html', 869),
('Vorteil', 889, 'Menschenkenntnis', 'http://www.ulisses-regelwiki.de/index.php/V_Begabung.html', 869),
('Vorteil', 890, 'Überreden', 'http://www.ulisses-regelwiki.de/index.php/V_Begabung.html', 869),
('Vorteil', 891, 'Verkleiden', 'http://www.ulisses-regelwiki.de/index.php/V_Begabung.html', 869),
('Vorteil', 892, 'Willenskraft', 'http://www.ulisses-regelwiki.de/index.php/V_Begabung.html', 869),
('Vorteil', 893, 'Fährtensuchen', 'http://www.ulisses-regelwiki.de/index.php/V_Begabung.html', 869),
('Vorteil', 894, 'Fesseln', 'http://www.ulisses-regelwiki.de/index.php/V_Begabung.html', 869),
('Vorteil', 895, 'Fischen & Angeln', 'http://www.ulisses-regelwiki.de/index.php/V_Begabung.html', 869),
('Vorteil', 896, 'Orientierung', 'http://www.ulisses-regelwiki.de/index.php/V_Begabung.html', 869),
('Vorteil', 897, 'Pflanzenkunde', 'http://www.ulisses-regelwiki.de/index.php/V_Begabung.html', 869),
('Vorteil', 898, 'Tierkunde', 'http://www.ulisses-regelwiki.de/index.php/V_Begabung.html', 869),
('Vorteil', 899, 'Wildnisleben', 'http://www.ulisses-regelwiki.de/index.php/V_Begabung.html', 869),
('Vorteil', 900, 'Brett- & Glücksspiel', 'http://www.ulisses-regelwiki.de/index.php/V_Begabung.html', 869),
('Vorteil', 901, 'Geographie', 'http://www.ulisses-regelwiki.de/index.php/V_Begabung.html', 869),
('Vorteil', 902, 'Geschichtswissen', 'http://www.ulisses-regelwiki.de/index.php/V_Begabung.html', 869),
('Vorteil', 903, 'Götter & Kulte', 'http://www.ulisses-regelwiki.de/index.php/V_Begabung.html', 869),
('Vorteil', 904, 'Kriegskunst', 'http://www.ulisses-regelwiki.de/index.php/V_Begabung.html', 869),
('Vorteil', 905, 'Magiekunde', 'http://www.ulisses-regelwiki.de/index.php/V_Begabung.html', 869),
('Vorteil', 906, 'Mechanik', 'http://www.ulisses-regelwiki.de/index.php/V_Begabung.html', 869),
('Vorteil', 907, 'Rechnen', 'http://www.ulisses-regelwiki.de/index.php/V_Begabung.html', 869),
('Vorteil', 908, 'Rechtskunde', 'http://www.ulisses-regelwiki.de/index.php/V_Begabung.html', 869),
('Vorteil', 909, 'Sagen & Legenden', 'http://www.ulisses-regelwiki.de/index.php/V_Begabung.html', 869),
('Vorteil', 910, 'Sphärenkunde', 'http://www.ulisses-regelwiki.de/index.php/V_Begabung.html', 869),
('Vorteil', 911, 'Sternkunde', 'http://www.ulisses-regelwiki.de/index.php/V_Begabung.html', 869),
('Vorteil', 912, 'Alchimie', 'http://www.ulisses-regelwiki.de/index.php/V_Begabung.html', 869),
('Vorteil', 913, 'Boote & Schiffe', 'http://www.ulisses-regelwiki.de/index.php/V_Begabung.html', 869),
('Vorteil', 914, 'Fahrzeuge', 'http://www.ulisses-regelwiki.de/index.php/V_Begabung.html', 869),
('Vorteil', 915, 'Handel', 'http://www.ulisses-regelwiki.de/index.php/V_Begabung.html', 869),
('Vorteil', 916, 'Heilkunde Gift', 'http://www.ulisses-regelwiki.de/index.php/V_Begabung.html', 869),
('Vorteil', 917, 'Heilkunde Krankheiten', 'http://www.ulisses-regelwiki.de/index.php/V_Begabung.html', 869),
('Vorteil', 918, 'Heilkunde Seele', 'http://www.ulisses-regelwiki.de/index.php/V_Begabung.html', 869),
('Vorteil', 919, 'Heilkunde Wunden', 'http://www.ulisses-regelwiki.de/index.php/V_Begabung.html', 869),
('Vorteil', 920, 'Holzbearbeitung', 'http://www.ulisses-regelwiki.de/index.php/V_Begabung.html', 869),
('Vorteil', 921, 'Lebensmittelbearbeitung', 'http://www.ulisses-regelwiki.de/index.php/V_Begabung.html', 869),
('Vorteil', 922, 'Lederbearbeitung', 'http://www.ulisses-regelwiki.de/index.php/V_Begabung.html', 869),
('Vorteil', 923, 'Malen & Zeichnen', 'http://www.ulisses-regelwiki.de/index.php/V_Begabung.html', 869),
('Vorteil', 924, 'Metallbearbeitung', 'http://www.ulisses-regelwiki.de/index.php/V_Begabung.html', 869),
('Vorteil', 925, 'Musizieren', 'http://www.ulisses-regelwiki.de/index.php/V_Begabung.html', 869),
('Vorteil', 926, 'Schlösserknacken', 'http://www.ulisses-regelwiki.de/index.php/V_Begabung.html', 869),
('Vorteil', 927, 'Steinbearbeitung', 'http://www.ulisses-regelwiki.de/index.php/V_Begabung.html', 869),
('Vorteil', 928, 'Stoffbearbeitung', 'http://www.ulisses-regelwiki.de/index.php/V_Begabung.html', 869),
('Vorteil', 929, 'Bann der Dunkelheit', 'http://www.ulisses-regelwiki.de/index.php/V_Begabung.html', 869),
('Vorteil', 930, 'Bann der Furcht', 'http://www.ulisses-regelwiki.de/index.php/V_Begabung.html', 869),
('Vorteil', 931, 'Bann des Lichts', 'http://www.ulisses-regelwiki.de/index.php/V_Begabung.html', 869),
('Vorteil', 932, 'Blendstrahl', 'http://www.ulisses-regelwiki.de/index.php/V_Begabung.html', 869),
('Vorteil', 933, 'Des Einen bezaubernder Sphärenklang', 'http://www.ulisses-regelwiki.de/index.php/V_Begabung.html', 869);
INSERT INTO `property` (`type`, `id`, `name`, `wiki_url`, `subcategory_of_id`) VALUES
('Vorteil', 934, 'Ehrenhaftigkeit', 'http://www.ulisses-regelwiki.de/index.php/V_Begabung.html', 869),
('Vorteil', 935, 'Entzifferung', 'http://www.ulisses-regelwiki.de/index.php/V_Begabung.html', 869),
('Vorteil', 936, 'Ermutigung', 'http://www.ulisses-regelwiki.de/index.php/V_Begabung.html', 869),
('Vorteil', 937, 'Fall ins Nichts', 'http://www.ulisses-regelwiki.de/index.php/V_Begabung.html', 869),
('Vorteil', 938, 'Friedvolle Aura', 'http://www.ulisses-regelwiki.de/index.php/V_Begabung.html', 869),
('Vorteil', 939, 'Giftbann', 'http://www.ulisses-regelwiki.de/index.php/V_Begabung.html', 869),
('Vorteil', 940, 'Göttlicher Fingerzeig', 'http://www.ulisses-regelwiki.de/index.php/V_Begabung.html', 869),
('Vorteil', 941, 'Göttliches Zeichen', 'http://www.ulisses-regelwiki.de/index.php/V_Begabung.html', 869),
('Vorteil', 942, 'Heilsegen', 'http://www.ulisses-regelwiki.de/index.php/V_Begabung.html', 869),
('Vorteil', 943, 'Herbeirufung der Heerscharen des Rattenkindes', 'http://www.ulisses-regelwiki.de/index.php/V_Begabung.html', 869),
('Vorteil', 944, 'Kleiner Bann wider Untote', 'http://www.ulisses-regelwiki.de/index.php/V_Begabung.html', 869),
('Vorteil', 945, 'Kleiner Bannstrahl', 'http://www.ulisses-regelwiki.de/index.php/V_Begabung.html', 869),
('Vorteil', 946, 'Krankheitsbann', 'http://www.ulisses-regelwiki.de/index.php/V_Begabung.html', 869),
('Vorteil', 947, 'Lautlos', 'http://www.ulisses-regelwiki.de/index.php/V_Begabung.html', 869),
('Vorteil', 948, 'Magieschutz', 'http://www.ulisses-regelwiki.de/index.php/V_Begabung.html', 869),
('Vorteil', 949, 'Magiesicht', 'http://www.ulisses-regelwiki.de/index.php/V_Begabung.html', 869),
('Vorteil', 950, 'Mondsicht', 'http://www.ulisses-regelwiki.de/index.php/V_Begabung.html', 869),
('Vorteil', 951, 'Mondsilberzunge', 'http://www.ulisses-regelwiki.de/index.php/V_Begabung.html', 869),
('Vorteil', 952, 'Namenlose Kälte', 'http://www.ulisses-regelwiki.de/index.php/V_Begabung.html', 869),
('Vorteil', 953, 'Namenlose Raserei', 'http://www.ulisses-regelwiki.de/index.php/V_Begabung.html', 869),
('Vorteil', 954, 'Namenlose Zweifel', 'http://www.ulisses-regelwiki.de/index.php/V_Begabung.html', 869),
('Vorteil', 955, 'Namenloses Vergessen', 'http://www.ulisses-regelwiki.de/index.php/V_Begabung.html', 869),
('Vorteil', 956, 'Objektsegen', 'http://www.ulisses-regelwiki.de/index.php/V_Begabung.html', 869),
('Vorteil', 957, 'Ort der Ruhe', 'http://www.ulisses-regelwiki.de/index.php/V_Begabung.html', 869),
('Vorteil', 958, 'Pech-und-Schwefel-Strahl', 'http://www.ulisses-regelwiki.de/index.php/V_Begabung.html', 869),
('Vorteil', 959, 'Pflanzenwuchs', 'http://www.ulisses-regelwiki.de/index.php/V_Begabung.html', 869),
('Vorteil', 960, 'Rabenruf', 'http://www.ulisses-regelwiki.de/index.php/V_Begabung.html', 869),
('Vorteil', 961, 'Schlaf', 'http://www.ulisses-regelwiki.de/index.php/V_Begabung.html', 869),
('Vorteil', 962, 'Schlangenstab', 'http://www.ulisses-regelwiki.de/index.php/V_Begabung.html', 869),
('Vorteil', 963, 'Schlangenzunge', 'http://www.ulisses-regelwiki.de/index.php/V_Begabung.html', 869),
('Vorteil', 964, 'Schmerzresistenz', 'http://www.ulisses-regelwiki.de/index.php/V_Begabung.html', 869),
('Vorteil', 965, 'Schutz der Wehrlosen', 'http://www.ulisses-regelwiki.de/index.php/V_Begabung.html', 869),
('Vorteil', 966, 'Sternenglanz', 'http://www.ulisses-regelwiki.de/index.php/V_Begabung.html', 869),
('Vorteil', 967, 'Wahrheit', 'http://www.ulisses-regelwiki.de/index.php/V_Begabung.html', 869),
('Vorteil', 968, 'Wieselflink', 'http://www.ulisses-regelwiki.de/index.php/V_Begabung.html', 869),
('Vorteil', 969, 'Wundersame Verständigung', 'http://www.ulisses-regelwiki.de/index.php/V_Begabung.html', 869),
('Vorteil', 970, 'Ablativum', 'http://www.ulisses-regelwiki.de/index.php/V_Begabung.html', 869),
('Vorteil', 971, 'Abvenenum', 'http://www.ulisses-regelwiki.de/index.php/V_Begabung.html', 869),
('Vorteil', 972, 'Adlerauge', 'http://www.ulisses-regelwiki.de/index.php/V_Begabung.html', 869),
('Vorteil', 973, 'Adlerschwinge', 'http://www.ulisses-regelwiki.de/index.php/V_Begabung.html', 869),
('Vorteil', 974, 'Aeolito', 'http://www.ulisses-regelwiki.de/index.php/V_Begabung.html', 869),
('Vorteil', 975, 'Alpgestalt', 'http://www.ulisses-regelwiki.de/index.php/V_Begabung.html', 869),
('Vorteil', 976, 'Altisonus', 'http://www.ulisses-regelwiki.de/index.php/V_Begabung.html', 869),
('Vorteil', 977, 'Analys Arkanstruktur', 'http://www.ulisses-regelwiki.de/index.php/V_Begabung.html', 869),
('Vorteil', 978, 'Angst auslösen', 'http://www.ulisses-regelwiki.de/index.php/V_Begabung.html', 869),
('Vorteil', 979, 'Ängste lindern', 'http://www.ulisses-regelwiki.de/index.php/V_Begabung.html', 869),
('Vorteil', 980, 'Archofaxius', 'http://www.ulisses-regelwiki.de/index.php/V_Begabung.html', 869),
('Vorteil', 981, 'Archosphaero', 'http://www.ulisses-regelwiki.de/index.php/V_Begabung.html', 869),
('Vorteil', 982, 'Aromatis Illusionis', 'http://www.ulisses-regelwiki.de/index.php/V_Begabung.html', 869),
('Vorteil', 983, 'Armatrutz', 'http://www.ulisses-regelwiki.de/index.php/V_Begabung.html', 869),
('Vorteil', 984, 'Atemnot', 'http://www.ulisses-regelwiki.de/index.php/V_Begabung.html', 869),
('Vorteil', 985, 'Attributo (Charisma)', 'http://www.ulisses-regelwiki.de/index.php/V_Begabung.html', 869),
('Vorteil', 986, 'Attributo (Fingerfertigkeit)', 'http://www.ulisses-regelwiki.de/index.php/V_Begabung.html', 869),
('Vorteil', 987, 'Attributo (Klugheit)', 'http://www.ulisses-regelwiki.de/index.php/V_Begabung.html', 869),
('Vorteil', 988, 'Attributo (Körperkraft)', 'http://www.ulisses-regelwiki.de/index.php/V_Begabung.html', 869),
('Vorteil', 989, 'Aufwecken', 'http://www.ulisses-regelwiki.de/index.php/V_Begabung.html', 869),
('Vorteil', 990, 'Auge des Limbus', 'http://www.ulisses-regelwiki.de/index.php/V_Begabung.html', 869),
('Vorteil', 991, 'Aureolus', 'http://www.ulisses-regelwiki.de/index.php/V_Begabung.html', 869),
('Vorteil', 992, 'Auris Illusionis', 'http://www.ulisses-regelwiki.de/index.php/V_Begabung.html', 869),
('Vorteil', 993, 'Axxeleratus', 'http://www.ulisses-regelwiki.de/index.php/V_Begabung.html', 869),
('Vorteil', 994, 'Balsam Salabunde', 'http://www.ulisses-regelwiki.de/index.php/V_Begabung.html', 869),
('Vorteil', 995, 'Bannbaladin', 'http://www.ulisses-regelwiki.de/index.php/V_Begabung.html', 869),
('Vorteil', 996, 'Band und Fessel', 'http://www.ulisses-regelwiki.de/index.php/V_Begabung.html', 869),
('Vorteil', 997, 'Blick aufs Wesen', 'http://www.ulisses-regelwiki.de/index.php/V_Begabung.html', 869),
('Vorteil', 998, 'Blick in die Gedanken', 'http://www.ulisses-regelwiki.de/index.php/V_Begabung.html', 869),
('Vorteil', 999, 'Blindheit', 'http://www.ulisses-regelwiki.de/index.php/V_Begabung.html', 869),
('Vorteil', 1000, 'Blitz dich find', 'http://www.ulisses-regelwiki.de/index.php/V_Begabung.html', 869),
('Vorteil', 1001, 'Chamaelioni', 'http://www.ulisses-regelwiki.de/index.php/V_Begabung.html', 869),
('Vorteil', 1002, 'Claudibus', 'http://www.ulisses-regelwiki.de/index.php/V_Begabung.html', 869),
('Vorteil', 1003, 'Corpofesso', 'http://www.ulisses-regelwiki.de/index.php/V_Begabung.html', 869),
('Vorteil', 1004, 'Corpofrigo', 'http://www.ulisses-regelwiki.de/index.php/V_Begabung.html', 869),
('Vorteil', 1005, 'Dämonenbann', 'http://www.ulisses-regelwiki.de/index.php/V_Begabung.html', 869),
('Vorteil', 1006, 'Dämonenschild', 'http://www.ulisses-regelwiki.de/index.php/V_Begabung.html', 869),
('Vorteil', 1007, 'Debilitatio', 'http://www.ulisses-regelwiki.de/index.php/V_Begabung.html', 869),
('Vorteil', 1008, 'Desintegratus', 'http://www.ulisses-regelwiki.de/index.php/V_Begabung.html', 869),
('Vorteil', 1009, 'Disruptivo', 'http://www.ulisses-regelwiki.de/index.php/V_Begabung.html', 869),
('Vorteil', 1010, 'Dunkelheit', 'http://www.ulisses-regelwiki.de/index.php/V_Begabung.html', 869),
('Vorteil', 1011, 'Duplicatus', 'http://www.ulisses-regelwiki.de/index.php/V_Begabung.html', 869),
('Vorteil', 1012, 'Ecliptifactus', 'http://www.ulisses-regelwiki.de/index.php/V_Begabung.html', 869),
('Vorteil', 1013, 'Einflussbann', 'http://www.ulisses-regelwiki.de/index.php/V_Begabung.html', 869),
('Vorteil', 1014, 'Eigne Ängste', 'http://www.ulisses-regelwiki.de/index.php/V_Begabung.html', 869),
('Vorteil', 1015, 'Eisenrost', 'http://www.ulisses-regelwiki.de/index.php/V_Begabung.html', 869),
('Vorteil', 1016, 'Elementarbann', 'http://www.ulisses-regelwiki.de/index.php/V_Begabung.html', 869),
('Vorteil', 1017, 'Elfenstimme', 'http://www.ulisses-regelwiki.de/index.php/V_Begabung.html', 869),
('Vorteil', 1018, 'Erinnerung verlasse dich', 'http://www.ulisses-regelwiki.de/index.php/V_Begabung.html', 869),
('Vorteil', 1019, 'Exposami', 'http://www.ulisses-regelwiki.de/index.php/V_Begabung.html', 869),
('Vorteil', 1020, 'Falkenauge', 'http://www.ulisses-regelwiki.de/index.php/V_Begabung.html', 869),
('Vorteil', 1021, 'Favilludo', 'http://www.ulisses-regelwiki.de/index.php/V_Begabung.html', 869),
('Vorteil', 1022, 'Firnlauf', 'http://www.ulisses-regelwiki.de/index.php/V_Begabung.html', 869),
('Vorteil', 1023, 'Fischflosse', 'http://www.ulisses-regelwiki.de/index.php/V_Begabung.html', 869),
('Vorteil', 1024, 'Flim Flam', 'http://www.ulisses-regelwiki.de/index.php/V_Begabung.html', 869),
('Vorteil', 1025, 'Foramen', 'http://www.ulisses-regelwiki.de/index.php/V_Begabung.html', 869),
('Vorteil', 1026, 'Fortifex', 'http://www.ulisses-regelwiki.de/index.php/V_Begabung.html', 869),
('Vorteil', 1027, 'Fulminictus', 'http://www.ulisses-regelwiki.de/index.php/V_Begabung.html', 869),
('Vorteil', 1028, 'Gardianum', 'http://www.ulisses-regelwiki.de/index.php/V_Begabung.html', 869),
('Vorteil', 1029, 'Gedankenbilder', 'http://www.ulisses-regelwiki.de/index.php/V_Begabung.html', 869),
('Vorteil', 1030, 'Gefunden', 'http://www.ulisses-regelwiki.de/index.php/V_Begabung.html', 869),
('Vorteil', 1031, 'Gletscherform', 'http://www.ulisses-regelwiki.de/index.php/V_Begabung.html', 869),
('Vorteil', 1032, 'Große Gier', 'http://www.ulisses-regelwiki.de/index.php/V_Begabung.html', 869),
('Vorteil', 1033, 'Große Verwirrung', 'http://www.ulisses-regelwiki.de/index.php/V_Begabung.html', 869),
('Vorteil', 1034, 'Harmlose Gestalt', 'http://www.ulisses-regelwiki.de/index.php/V_Begabung.html', 869),
('Vorteil', 1035, 'Haselbusch', 'http://www.ulisses-regelwiki.de/index.php/V_Begabung.html', 869),
('Vorteil', 1036, 'Heilungsbann', 'http://www.ulisses-regelwiki.de/index.php/V_Begabung.html', 869),
('Vorteil', 1037, 'Hellsichtbann', 'http://www.ulisses-regelwiki.de/index.php/V_Begabung.html', 869),
('Vorteil', 1038, 'Herr über das Tierreich', 'http://www.ulisses-regelwiki.de/index.php/V_Begabung.html', 869),
('Vorteil', 1039, 'Heptagramma', 'http://www.ulisses-regelwiki.de/index.php/V_Begabung.html', 869),
('Vorteil', 1040, 'Herzschlag ruhe', 'http://www.ulisses-regelwiki.de/index.php/V_Begabung.html', 869),
('Vorteil', 1041, 'Hexagramma', 'http://www.ulisses-regelwiki.de/index.php/V_Begabung.html', 869),
('Vorteil', 1042, 'Hexenholz', 'http://www.ulisses-regelwiki.de/index.php/V_Begabung.html', 869),
('Vorteil', 1043, 'Hexengalle', 'http://www.ulisses-regelwiki.de/index.php/V_Begabung.html', 869),
('Vorteil', 1044, 'Hexenknoten', 'http://www.ulisses-regelwiki.de/index.php/V_Begabung.html', 869),
('Vorteil', 1045, 'Hexenkrallen', 'http://www.ulisses-regelwiki.de/index.php/V_Begabung.html', 869),
('Vorteil', 1046, 'Höllenpein', 'http://www.ulisses-regelwiki.de/index.php/V_Begabung.html', 869),
('Vorteil', 1047, 'Horriphobus', 'http://www.ulisses-regelwiki.de/index.php/V_Begabung.html', 869),
('Vorteil', 1048, 'Ignifaxius', 'http://www.ulisses-regelwiki.de/index.php/V_Begabung.html', 869),
('Vorteil', 1049, 'Ignisphaero', 'http://www.ulisses-regelwiki.de/index.php/V_Begabung.html', 869),
('Vorteil', 1050, 'Ignorantia', 'http://www.ulisses-regelwiki.de/index.php/V_Begabung.html', 869),
('Vorteil', 1051, 'Illusionsbann', 'http://www.ulisses-regelwiki.de/index.php/V_Begabung.html', 869),
('Vorteil', 1052, 'Imperavi', 'http://www.ulisses-regelwiki.de/index.php/V_Begabung.html', 869),
('Vorteil', 1053, 'Impersona', 'http://www.ulisses-regelwiki.de/index.php/V_Begabung.html', 869),
('Vorteil', 1054, 'Incendio', 'http://www.ulisses-regelwiki.de/index.php/V_Begabung.html', 869),
('Vorteil', 1055, 'Invercano', 'http://www.ulisses-regelwiki.de/index.php/V_Begabung.html', 869),
('Vorteil', 1056, 'Invocatio Minima', 'http://www.ulisses-regelwiki.de/index.php/V_Begabung.html', 869),
('Vorteil', 1057, 'Karnifilo', 'http://www.ulisses-regelwiki.de/index.php/V_Begabung.html', 869),
('Vorteil', 1058, 'Katzenaugen', 'http://www.ulisses-regelwiki.de/index.php/V_Begabung.html', 869),
('Vorteil', 1059, 'Klarum Purum', 'http://www.ulisses-regelwiki.de/index.php/V_Begabung.html', 869),
('Vorteil', 1060, 'Krötensprung', 'http://www.ulisses-regelwiki.de/index.php/V_Begabung.html', 869),
('Vorteil', 1061, 'Kusch', 'http://www.ulisses-regelwiki.de/index.php/V_Begabung.html', 869),
('Vorteil', 1062, 'Last des Alters', 'http://www.ulisses-regelwiki.de/index.php/V_Begabung.html', 869),
('Vorteil', 1063, 'Lunge des Leviatan', 'http://www.ulisses-regelwiki.de/index.php/V_Begabung.html', 869),
('Vorteil', 1064, 'Manifesto', 'http://www.ulisses-regelwiki.de/index.php/V_Begabung.html', 869),
('Vorteil', 1065, 'Manus Illusionis', 'http://www.ulisses-regelwiki.de/index.php/V_Begabung.html', 869),
('Vorteil', 1066, 'Manus Miracula', 'http://www.ulisses-regelwiki.de/index.php/V_Begabung.html', 869),
('Vorteil', 1067, 'Memorans', 'http://www.ulisses-regelwiki.de/index.php/V_Begabung.html', 869),
('Vorteil', 1068, 'Menetekel', 'http://www.ulisses-regelwiki.de/index.php/V_Begabung.html', 869),
('Vorteil', 1069, 'Motoricus', 'http://www.ulisses-regelwiki.de/index.php/V_Begabung.html', 869),
('Vorteil', 1070, 'Nebelwand', 'http://www.ulisses-regelwiki.de/index.php/V_Begabung.html', 869),
('Vorteil', 1071, 'Nuntiovolo', 'http://www.ulisses-regelwiki.de/index.php/V_Begabung.html', 869),
('Vorteil', 1072, 'Objectobscuro', 'http://www.ulisses-regelwiki.de/index.php/V_Begabung.html', 869),
('Vorteil', 1073, 'Objectofixo', 'http://www.ulisses-regelwiki.de/index.php/V_Begabung.html', 869),
('Vorteil', 1074, 'Objektbann', 'http://www.ulisses-regelwiki.de/index.php/V_Begabung.html', 869),
('Vorteil', 1075, 'Oculus Astralis', 'http://www.ulisses-regelwiki.de/index.php/V_Begabung.html', 869),
('Vorteil', 1076, 'Oculus Illusionis', 'http://www.ulisses-regelwiki.de/index.php/V_Begabung.html', 869),
('Vorteil', 1077, 'Odem Arcanum', 'http://www.ulisses-regelwiki.de/index.php/V_Begabung.html', 869),
('Vorteil', 1078, 'Orcanofaxius', 'http://www.ulisses-regelwiki.de/index.php/V_Begabung.html', 869),
('Vorteil', 1079, 'Orcanosphaero', 'http://www.ulisses-regelwiki.de/index.php/V_Begabung.html', 869),
('Vorteil', 1080, 'Paralysis', 'http://www.ulisses-regelwiki.de/index.php/V_Begabung.html', 869),
('Vorteil', 1081, 'Penetrizzel', 'http://www.ulisses-regelwiki.de/index.php/V_Begabung.html', 869),
('Vorteil', 1082, 'Pentagramma', 'http://www.ulisses-regelwiki.de/index.php/V_Begabung.html', 869),
('Vorteil', 1083, 'Pestilenz erspüren', 'http://www.ulisses-regelwiki.de/index.php/V_Begabung.html', 869),
('Vorteil', 1084, 'Physiostabilis', 'http://www.ulisses-regelwiki.de/index.php/V_Begabung.html', 869),
('Vorteil', 1085, 'Plumbumbarum', 'http://www.ulisses-regelwiki.de/index.php/V_Begabung.html', 869),
('Vorteil', 1086, 'Projectimago', 'http://www.ulisses-regelwiki.de/index.php/V_Begabung.html', 869),
('Vorteil', 1087, 'Psychostabilis', 'http://www.ulisses-regelwiki.de/index.php/V_Begabung.html', 869),
('Vorteil', 1088, 'Radau', 'http://www.ulisses-regelwiki.de/index.php/V_Begabung.html', 869),
('Vorteil', 1089, 'Reflectimago', 'http://www.ulisses-regelwiki.de/index.php/V_Begabung.html', 869),
('Vorteil', 1090, 'Regeneratio', 'http://www.ulisses-regelwiki.de/index.php/V_Begabung.html', 869),
('Vorteil', 1091, 'Respondami', 'http://www.ulisses-regelwiki.de/index.php/V_Begabung.html', 869),
('Vorteil', 1092, 'Salander', 'http://www.ulisses-regelwiki.de/index.php/V_Begabung.html', 869),
('Vorteil', 1093, 'Sanftmut', 'http://www.ulisses-regelwiki.de/index.php/V_Begabung.html', 869),
('Vorteil', 1094, 'Sapefacta', 'http://www.ulisses-regelwiki.de/index.php/V_Begabung.html', 869),
('Vorteil', 1095, 'Satuarias Herrlichkeit', 'http://www.ulisses-regelwiki.de/index.php/V_Begabung.html', 869),
('Vorteil', 1096, 'Schlangenruf', 'http://www.ulisses-regelwiki.de/index.php/V_Begabung.html', 869),
('Vorteil', 1097, 'Schmerzen lindern', 'http://www.ulisses-regelwiki.de/index.php/V_Begabung.html', 869),
('Vorteil', 1098, 'Schwarzer Schrecken', 'http://www.ulisses-regelwiki.de/index.php/V_Begabung.html', 869),
('Vorteil', 1099, 'Schwarz und Rot', 'http://www.ulisses-regelwiki.de/index.php/V_Begabung.html', 869),
('Vorteil', 1100, 'Sensibar', 'http://www.ulisses-regelwiki.de/index.php/V_Begabung.html', 869),
('Vorteil', 1101, 'Silentium', 'http://www.ulisses-regelwiki.de/index.php/V_Begabung.html', 869),
('Vorteil', 1102, 'Skelettarius', 'http://www.ulisses-regelwiki.de/index.php/V_Begabung.html', 869),
('Vorteil', 1103, 'Zaubererweiterungen', 'http://www.ulisses-regelwiki.de/index.php/V_Begabung.html', 869),
('Vorteil', 1104, 'Somnigravis', 'http://www.ulisses-regelwiki.de/index.php/V_Begabung.html', 869),
('Vorteil', 1105, 'Spinnenlauf', 'http://www.ulisses-regelwiki.de/index.php/V_Begabung.html', 869),
('Vorteil', 1106, 'Spurlos', 'http://www.ulisses-regelwiki.de/index.php/V_Begabung.html', 869),
('Vorteil', 1107, 'Stillstand', 'http://www.ulisses-regelwiki.de/index.php/V_Begabung.html', 869),
('Vorteil', 1108, 'Sumus Elixiere', 'http://www.ulisses-regelwiki.de/index.php/V_Begabung.html', 869),
('Vorteil', 1109, 'Taubheit', 'http://www.ulisses-regelwiki.de/index.php/V_Begabung.html', 869),
('Vorteil', 1110, 'Telekinesebann', 'http://www.ulisses-regelwiki.de/index.php/V_Begabung.html', 869),
('Vorteil', 1111, 'Tiergedanken', 'http://www.ulisses-regelwiki.de/index.php/V_Begabung.html', 869),
('Vorteil', 1112, 'Transversalis', 'http://www.ulisses-regelwiki.de/index.php/V_Begabung.html', 869),
('Vorteil', 1113, 'Verwandlungsbann', 'http://www.ulisses-regelwiki.de/index.php/V_Begabung.html', 869),
('Vorteil', 1114, 'Vipernblick', 'http://www.ulisses-regelwiki.de/index.php/V_Begabung.html', 869),
('Vorteil', 1115, 'Visibili', 'http://www.ulisses-regelwiki.de/index.php/V_Begabung.html', 869),
('Vorteil', 1116, 'Vogelzwitschern', 'http://www.ulisses-regelwiki.de/index.php/V_Begabung.html', 869),
('Vorteil', 1117, 'Wasseratem', 'http://www.ulisses-regelwiki.de/index.php/V_Begabung.html', 869),
('Vorteil', 1118, 'Wolfstatze', 'http://www.ulisses-regelwiki.de/index.php/V_Begabung.html', 869),
('Vorteil', 1119, 'Zunge betäuben', 'http://www.ulisses-regelwiki.de/index.php/V_Begabung.html', 869),
('Vorteil', 1120, 'Zwingtanz', 'http://www.ulisses-regelwiki.de/index.php/V_Begabung.html', 869),
('Vorteil', 1121, 'Accuratum', 'http://www.ulisses-regelwiki.de/index.php/V_Begabung.html', 869),
('Vorteil', 1122, 'Arcanovi', 'http://www.ulisses-regelwiki.de/index.php/V_Begabung.html', 869),
('Vorteil', 1123, 'Aufmerksamer Wächter', 'http://www.ulisses-regelwiki.de/index.php/V_Begabung.html', 869),
('Vorteil', 1124, 'Caldofrigo', 'http://www.ulisses-regelwiki.de/index.php/V_Begabung.html', 869),
('Vorteil', 1125, 'Dschinnenruf', 'http://www.ulisses-regelwiki.de/index.php/V_Begabung.html', 869),
('Vorteil', 1126, 'Elementarer Diener', 'http://www.ulisses-regelwiki.de/index.php/V_Begabung.html', 869),
('Vorteil', 1127, 'Hagelschlag und Sturmgebrüll', 'http://www.ulisses-regelwiki.de/index.php/V_Begabung.html', 869),
('Vorteil', 1128, 'Hartes schmelze', 'http://www.ulisses-regelwiki.de/index.php/V_Begabung.html', 869),
('Vorteil', 1129, 'Invovatio maior', 'http://www.ulisses-regelwiki.de/index.php/V_Begabung.html', 869),
('Vorteil', 1130, 'Invocatio Minor', 'http://www.ulisses-regelwiki.de/index.php/V_Begabung.html', 869),
('Vorteil', 1131, 'Leidensbund', 'http://www.ulisses-regelwiki.de/index.php/V_Begabung.html', 869),
('Vorteil', 1132, 'Magischer Raub', 'http://www.ulisses-regelwiki.de/index.php/V_Begabung.html', 869),
('Vorteil', 1133, 'Memorabia Falsifir', 'http://www.ulisses-regelwiki.de/index.php/V_Begabung.html', 869),
('Vorteil', 1134, 'Movimento', 'http://www.ulisses-regelwiki.de/index.php/V_Begabung.html', 869),
('Vorteil', 1135, 'Nihilogravo', 'http://www.ulisses-regelwiki.de/index.php/V_Begabung.html', 869),
('Vorteil', 1136, 'Orvai Kurims Kriegstrommel', 'http://www.ulisses-regelwiki.de/index.php/V_Begabung.html', 869),
('Vorteil', 1137, 'Ruf des Bienenstocks', 'http://www.ulisses-regelwiki.de/index.php/V_Begabung.html', 869),
('Vorteil', 1138, 'Ruhe Körper', 'http://www.ulisses-regelwiki.de/index.php/V_Begabung.html', 869),
('Vorteil', 1139, 'Traumgestalt', 'http://www.ulisses-regelwiki.de/index.php/V_Begabung.html', 869),
('Vorteil', 1140, 'Unberührt von Satinav', 'http://www.ulisses-regelwiki.de/index.php/V_Begabung.html', 869),
('Vorteil', 1141, 'Widerwille', 'http://www.ulisses-regelwiki.de/index.php/V_Begabung.html', 869),
('Vorteil', 1142, 'Wirbelform', 'http://www.ulisses-regelwiki.de/index.php/V_Begabung.html', 869),
('Vorteil', 1143, 'Xenographus', 'http://www.ulisses-regelwiki.de/index.php/V_Begabung.html', 869),
('Vorteil', 1144, 'Zauberklinge Geisterspeer', 'http://www.ulisses-regelwiki.de/index.php/V_Begabung.html', 869),
('Vorteil', 1145, 'Ackersegen', 'http://www.ulisses-regelwiki.de/index.php/V_Begabung.html', 869),
('Vorteil', 1146, 'Empfängnis des Korsmals', 'http://www.ulisses-regelwiki.de/index.php/V_Begabung.html', 869),
('Vorteil', 1147, 'Exorzismus', 'http://www.ulisses-regelwiki.de/index.php/V_Begabung.html', 869),
('Vorteil', 1148, 'Geweihter Panzer', 'http://www.ulisses-regelwiki.de/index.php/V_Begabung.html', 869),
('Vorteil', 1149, 'Löwengestalt', 'http://www.ulisses-regelwiki.de/index.php/V_Begabung.html', 869),
('Vorteil', 1150, 'Nebelleib', 'http://www.ulisses-regelwiki.de/index.php/V_Begabung.html', 869),
('Vorteil', 1151, 'Objektweihe', 'http://www.ulisses-regelwiki.de/index.php/V_Begabung.html', 869),
('Vorteil', 1152, 'Beidhändig', 'http://www.ulisses-regelwiki.de/index.php/V_Beidhändig.html', NULL),
('Vorteil', 1153, 'Drachentöter', 'http://www.ulisses-regelwiki.de/index.php/V_Drachentöter.html', NULL),
('Vorteil', 1154, 'Dunkelsicht', 'http://www.ulisses-regelwiki.de/index.php/V_Dunkelsicht.html', NULL),
('Vorteil', 1155, 'I', 'http://www.ulisses-regelwiki.de/index.php/V_Dunkelsicht.html', 1154),
('Vorteil', 1156, 'II', 'http://www.ulisses-regelwiki.de/index.php/V_Dunkelsicht.html', 1154),
('Vorteil', 1157, 'Eisenaffine Aura', 'http://www.ulisses-regelwiki.de/index.php/V_EisenaffineAura.html', NULL),
('Vorteil', 1158, 'Eisern', 'http://www.ulisses-regelwiki.de/index.php/Eisern.html', NULL),
('Vorteil', 1159, 'Entfernungssinn', 'http://www.ulisses-regelwiki.de/index.php/V_Entfernungssinn.html', NULL),
('Vorteil', 1160, 'Feenfreund', 'http://www.ulisses-regelwiki.de/index.php/V_Feenfreund.html', NULL),
('Vorteil', 1161, 'Flink', 'http://www.ulisses-regelwiki.de/index.php/V_Flink.html', NULL),
('Vorteil', 1162, 'Fuchssinn', 'http://www.ulisses-regelwiki.de/index.php/V_Fuchssinn.html', NULL),
('Vorteil', 1163, 'Geborener Redner', 'http://www.ulisses-regelwiki.de/index.php/V_GeborenerRedner.html', NULL),
('Vorteil', 1164, 'Geweihter', 'http://www.ulisses-regelwiki.de/index.php/V_Geweihter.html', NULL),
('Vorteil', 1165, 'Giftresistenz', 'http://www.ulisses-regelwiki.de/index.php/V_Giftresistenz.html', NULL),
('Vorteil', 1166, 'I', 'http://www.ulisses-regelwiki.de/index.php/V_Giftresistenz.html', 1165),
('Vorteil', 1167, 'II', 'http://www.ulisses-regelwiki.de/index.php/V_Giftresistenz.html', 1165),
('Vorteil', 1168, 'Glück', 'http://www.ulisses-regelwiki.de/index.php/V_Glück.html', NULL),
('Vorteil', 1169, 'I', 'http://www.ulisses-regelwiki.de/index.php/V_Glück.html', 1168),
('Vorteil', 1170, 'II', 'http://www.ulisses-regelwiki.de/index.php/V_Glück.html', 1168),
('Vorteil', 1171, 'III', 'http://www.ulisses-regelwiki.de/index.php/V_Glück.html', 1168),
('Vorteil', 1172, 'Große Zauberauswahl', 'http://www.ulisses-regelwiki.de/index.php/V_GroßeZauberauswahlI-II.html', NULL),
('Vorteil', 1173, 'I', 'http://www.ulisses-regelwiki.de/index.php/V_GroßeZauberauswahlI-II.html', 1172),
('Vorteil', 1174, 'II', 'http://www.ulisses-regelwiki.de/index.php/V_GroßeZauberauswahlI-II.html', 1172),
('Vorteil', 1175, 'Gutaussehend', 'http://www.ulisses-regelwiki.de/index.php/V_Gutaussehend.html', NULL),
('Vorteil', 1176, 'I', 'http://www.ulisses-regelwiki.de/index.php/V_Gutaussehend.html', 1175),
('Vorteil', 1177, 'II', 'http://www.ulisses-regelwiki.de/index.php/V_Gutaussehend.html', 1175),
('Vorteil', 1178, 'Gutes Namensgedächtnis', 'http://www.ulisses-regelwiki.de/index.php/gutesbame.html', NULL),
('Vorteil', 1179, 'Hart im Nehmen', 'http://www.ulisses-regelwiki.de/index.php/Hartim.html', NULL),
('Vorteil', 1180, 'Hass auf', 'http://www.ulisses-regelwiki.de/index.php/V_Hass_auf.html', NULL),
('Vorteil', 1181, 'Heldenhafter Name', 'http://www.ulisses-regelwiki.de/index.php/heldenname.html', NULL),
('Vorteil', 1182, 'Herausragende Fertigkeit', 'http://www.ulisses-regelwiki.de/index.php/V_Fertigkeit.html', NULL),
('Vorteil', 1183, 'Fliegen', 'http://www.ulisses-regelwiki.de/index.php/V_Fertigkeit.html', 1182),
('Vorteil', 1184, 'Gaukeleien', 'http://www.ulisses-regelwiki.de/index.php/V_Fertigkeit.html', 1182),
('Vorteil', 1185, 'Klettern', 'http://www.ulisses-regelwiki.de/index.php/V_Fertigkeit.html', 1182),
('Vorteil', 1186, 'Körperbeherrschung', 'http://www.ulisses-regelwiki.de/index.php/V_Fertigkeit.html', 1182),
('Vorteil', 1187, 'Kraftakt', 'http://www.ulisses-regelwiki.de/index.php/V_Fertigkeit.html', 1182),
('Vorteil', 1188, 'Reiten', 'http://www.ulisses-regelwiki.de/index.php/V_Fertigkeit.html', 1182),
('Vorteil', 1189, 'Schwimmen', 'http://www.ulisses-regelwiki.de/index.php/V_Fertigkeit.html', 1182),
('Vorteil', 1190, 'Selbstbeherrschung', 'http://www.ulisses-regelwiki.de/index.php/V_Fertigkeit.html', 1182),
('Vorteil', 1191, 'Singen', 'http://www.ulisses-regelwiki.de/index.php/V_Fertigkeit.html', 1182),
('Vorteil', 1192, 'Sinnesschärfe', 'http://www.ulisses-regelwiki.de/index.php/V_Fertigkeit.html', 1182),
('Vorteil', 1193, 'Tanzen', 'http://www.ulisses-regelwiki.de/index.php/V_Fertigkeit.html', 1182),
('Vorteil', 1194, 'Taschendiebstahl', 'http://www.ulisses-regelwiki.de/index.php/V_Fertigkeit.html', 1182),
('Vorteil', 1195, 'Verbergen', 'http://www.ulisses-regelwiki.de/index.php/V_Fertigkeit.html', 1182),
('Vorteil', 1196, 'Zechen', 'http://www.ulisses-regelwiki.de/index.php/V_Fertigkeit.html', 1182),
('Vorteil', 1197, 'Bekehren & Überzeugen', 'http://www.ulisses-regelwiki.de/index.php/V_Fertigkeit.html', 1182),
('Vorteil', 1198, 'Betören', 'http://www.ulisses-regelwiki.de/index.php/V_Fertigkeit.html', 1182),
('Vorteil', 1199, 'Einschüchtern', 'http://www.ulisses-regelwiki.de/index.php/V_Fertigkeit.html', 1182),
('Vorteil', 1200, 'Etikette', 'http://www.ulisses-regelwiki.de/index.php/V_Fertigkeit.html', 1182),
('Vorteil', 1201, 'Gassenwissen', 'http://www.ulisses-regelwiki.de/index.php/V_Fertigkeit.html', 1182),
('Vorteil', 1202, 'Menschenkenntnis', 'http://www.ulisses-regelwiki.de/index.php/V_Fertigkeit.html', 1182),
('Vorteil', 1203, 'Überreden', 'http://www.ulisses-regelwiki.de/index.php/V_Fertigkeit.html', 1182),
('Vorteil', 1204, 'Verkleiden', 'http://www.ulisses-regelwiki.de/index.php/V_Fertigkeit.html', 1182),
('Vorteil', 1205, 'Willenskraft', 'http://www.ulisses-regelwiki.de/index.php/V_Fertigkeit.html', 1182),
('Vorteil', 1206, 'Fährtensuchen', 'http://www.ulisses-regelwiki.de/index.php/V_Fertigkeit.html', 1182),
('Vorteil', 1207, 'Fesseln', 'http://www.ulisses-regelwiki.de/index.php/V_Fertigkeit.html', 1182),
('Vorteil', 1208, 'Fischen & Angeln', 'http://www.ulisses-regelwiki.de/index.php/V_Fertigkeit.html', 1182),
('Vorteil', 1209, 'Orientierung', 'http://www.ulisses-regelwiki.de/index.php/V_Fertigkeit.html', 1182),
('Vorteil', 1210, 'Pflanzenkunde', 'http://www.ulisses-regelwiki.de/index.php/V_Fertigkeit.html', 1182),
('Vorteil', 1211, 'Tierkunde', 'http://www.ulisses-regelwiki.de/index.php/V_Fertigkeit.html', 1182),
('Vorteil', 1212, 'Wildnisleben', 'http://www.ulisses-regelwiki.de/index.php/V_Fertigkeit.html', 1182),
('Vorteil', 1213, 'Brett- & Glücksspiel', 'http://www.ulisses-regelwiki.de/index.php/V_Fertigkeit.html', 1182),
('Vorteil', 1214, 'Geographie', 'http://www.ulisses-regelwiki.de/index.php/V_Fertigkeit.html', 1182),
('Vorteil', 1215, 'Geschichtswissen', 'http://www.ulisses-regelwiki.de/index.php/V_Fertigkeit.html', 1182),
('Vorteil', 1216, 'Götter & Kulte', 'http://www.ulisses-regelwiki.de/index.php/V_Fertigkeit.html', 1182),
('Vorteil', 1217, 'Kriegskunst', 'http://www.ulisses-regelwiki.de/index.php/V_Fertigkeit.html', 1182),
('Vorteil', 1218, 'Magiekunde', 'http://www.ulisses-regelwiki.de/index.php/V_Fertigkeit.html', 1182),
('Vorteil', 1219, 'Mechanik', 'http://www.ulisses-regelwiki.de/index.php/V_Fertigkeit.html', 1182),
('Vorteil', 1220, 'Rechnen', 'http://www.ulisses-regelwiki.de/index.php/V_Fertigkeit.html', 1182),
('Vorteil', 1221, 'Rechtskunde', 'http://www.ulisses-regelwiki.de/index.php/V_Fertigkeit.html', 1182),
('Vorteil', 1222, 'Sagen & Legenden', 'http://www.ulisses-regelwiki.de/index.php/V_Fertigkeit.html', 1182),
('Vorteil', 1223, 'Sphärenkunde', 'http://www.ulisses-regelwiki.de/index.php/V_Fertigkeit.html', 1182),
('Vorteil', 1224, 'Sternkunde', 'http://www.ulisses-regelwiki.de/index.php/V_Fertigkeit.html', 1182),
('Vorteil', 1225, 'Alchimie', 'http://www.ulisses-regelwiki.de/index.php/V_Fertigkeit.html', 1182),
('Vorteil', 1226, 'Boote & Schiffe', 'http://www.ulisses-regelwiki.de/index.php/V_Fertigkeit.html', 1182),
('Vorteil', 1227, 'Fahrzeuge', 'http://www.ulisses-regelwiki.de/index.php/V_Fertigkeit.html', 1182),
('Vorteil', 1228, 'Handel', 'http://www.ulisses-regelwiki.de/index.php/V_Fertigkeit.html', 1182),
('Vorteil', 1229, 'Heilkunde Gift', 'http://www.ulisses-regelwiki.de/index.php/V_Fertigkeit.html', 1182),
('Vorteil', 1230, 'Heilkunde Krankheiten', 'http://www.ulisses-regelwiki.de/index.php/V_Fertigkeit.html', 1182),
('Vorteil', 1231, 'Heilkunde Seele', 'http://www.ulisses-regelwiki.de/index.php/V_Fertigkeit.html', 1182),
('Vorteil', 1232, 'Heilkunde Wunden', 'http://www.ulisses-regelwiki.de/index.php/V_Fertigkeit.html', 1182),
('Vorteil', 1233, 'Holzbearbeitung', 'http://www.ulisses-regelwiki.de/index.php/V_Fertigkeit.html', 1182),
('Vorteil', 1234, 'Lebensmittelbearbeitung', 'http://www.ulisses-regelwiki.de/index.php/V_Fertigkeit.html', 1182),
('Vorteil', 1235, 'Lederbearbeitung', 'http://www.ulisses-regelwiki.de/index.php/V_Fertigkeit.html', 1182),
('Vorteil', 1236, 'Malen & Zeichnen', 'http://www.ulisses-regelwiki.de/index.php/V_Fertigkeit.html', 1182),
('Vorteil', 1237, 'Metallbearbeitung', 'http://www.ulisses-regelwiki.de/index.php/V_Fertigkeit.html', 1182),
('Vorteil', 1238, 'Musizieren', 'http://www.ulisses-regelwiki.de/index.php/V_Fertigkeit.html', 1182),
('Vorteil', 1239, 'Schlösserknacken', 'http://www.ulisses-regelwiki.de/index.php/V_Fertigkeit.html', 1182),
('Vorteil', 1240, 'Steinbearbeitung', 'http://www.ulisses-regelwiki.de/index.php/V_Fertigkeit.html', 1182),
('Vorteil', 1241, 'Stoffbearbeitung', 'http://www.ulisses-regelwiki.de/index.php/V_Fertigkeit.html', 1182),
('Vorteil', 1242, 'Bann der Dunkelheit', 'http://www.ulisses-regelwiki.de/index.php/V_Fertigkeit.html', 1182),
('Vorteil', 1243, 'Bann der Furcht', 'http://www.ulisses-regelwiki.de/index.php/V_Fertigkeit.html', 1182),
('Vorteil', 1244, 'Bann des Lichts', 'http://www.ulisses-regelwiki.de/index.php/V_Fertigkeit.html', 1182),
('Vorteil', 1245, 'Blendstrahl', 'http://www.ulisses-regelwiki.de/index.php/V_Fertigkeit.html', 1182),
('Vorteil', 1246, 'Des Einen bezaubernder Sphärenklang', 'http://www.ulisses-regelwiki.de/index.php/V_Fertigkeit.html', 1182),
('Vorteil', 1247, 'Ehrenhaftigkeit', 'http://www.ulisses-regelwiki.de/index.php/V_Fertigkeit.html', 1182),
('Vorteil', 1248, 'Entzifferung', 'http://www.ulisses-regelwiki.de/index.php/V_Fertigkeit.html', 1182),
('Vorteil', 1249, 'Ermutigung', 'http://www.ulisses-regelwiki.de/index.php/V_Fertigkeit.html', 1182),
('Vorteil', 1250, 'Fall ins Nichts', 'http://www.ulisses-regelwiki.de/index.php/V_Fertigkeit.html', 1182),
('Vorteil', 1251, 'Friedvolle Aura', 'http://www.ulisses-regelwiki.de/index.php/V_Fertigkeit.html', 1182),
('Vorteil', 1252, 'Giftbann', 'http://www.ulisses-regelwiki.de/index.php/V_Fertigkeit.html', 1182),
('Vorteil', 1253, 'Göttlicher Fingerzeig', 'http://www.ulisses-regelwiki.de/index.php/V_Fertigkeit.html', 1182),
('Vorteil', 1254, 'Göttliches Zeichen', 'http://www.ulisses-regelwiki.de/index.php/V_Fertigkeit.html', 1182),
('Vorteil', 1255, 'Heilsegen', 'http://www.ulisses-regelwiki.de/index.php/V_Fertigkeit.html', 1182),
('Vorteil', 1256, 'Herbeirufung der Heerscharen des Rattenkindes', 'http://www.ulisses-regelwiki.de/index.php/V_Fertigkeit.html', 1182),
('Vorteil', 1257, 'Kleiner Bann wider Untote', 'http://www.ulisses-regelwiki.de/index.php/V_Fertigkeit.html', 1182),
('Vorteil', 1258, 'Kleiner Bannstrahl', 'http://www.ulisses-regelwiki.de/index.php/V_Fertigkeit.html', 1182),
('Vorteil', 1259, 'Krankheitsbann', 'http://www.ulisses-regelwiki.de/index.php/V_Fertigkeit.html', 1182),
('Vorteil', 1260, 'Lautlos', 'http://www.ulisses-regelwiki.de/index.php/V_Fertigkeit.html', 1182),
('Vorteil', 1261, 'Magieschutz', 'http://www.ulisses-regelwiki.de/index.php/V_Fertigkeit.html', 1182),
('Vorteil', 1262, 'Magiesicht', 'http://www.ulisses-regelwiki.de/index.php/V_Fertigkeit.html', 1182),
('Vorteil', 1263, 'Mondsicht', 'http://www.ulisses-regelwiki.de/index.php/V_Fertigkeit.html', 1182),
('Vorteil', 1264, 'Mondsilberzunge', 'http://www.ulisses-regelwiki.de/index.php/V_Fertigkeit.html', 1182),
('Vorteil', 1265, 'Namenlose Kälte', 'http://www.ulisses-regelwiki.de/index.php/V_Fertigkeit.html', 1182),
('Vorteil', 1266, 'Namenlose Raserei', 'http://www.ulisses-regelwiki.de/index.php/V_Fertigkeit.html', 1182),
('Vorteil', 1267, 'Namenlose Zweifel', 'http://www.ulisses-regelwiki.de/index.php/V_Fertigkeit.html', 1182),
('Vorteil', 1268, 'Namenloses Vergessen', 'http://www.ulisses-regelwiki.de/index.php/V_Fertigkeit.html', 1182),
('Vorteil', 1269, 'Objektsegen', 'http://www.ulisses-regelwiki.de/index.php/V_Fertigkeit.html', 1182),
('Vorteil', 1270, 'Ort der Ruhe', 'http://www.ulisses-regelwiki.de/index.php/V_Fertigkeit.html', 1182),
('Vorteil', 1271, 'Pech-und-Schwefel-Strahl', 'http://www.ulisses-regelwiki.de/index.php/V_Fertigkeit.html', 1182),
('Vorteil', 1272, 'Pflanzenwuchs', 'http://www.ulisses-regelwiki.de/index.php/V_Fertigkeit.html', 1182),
('Vorteil', 1273, 'Rabenruf', 'http://www.ulisses-regelwiki.de/index.php/V_Fertigkeit.html', 1182),
('Vorteil', 1274, 'Schlaf', 'http://www.ulisses-regelwiki.de/index.php/V_Fertigkeit.html', 1182),
('Vorteil', 1275, 'Schlangenstab', 'http://www.ulisses-regelwiki.de/index.php/V_Fertigkeit.html', 1182),
('Vorteil', 1276, 'Schlangenzunge', 'http://www.ulisses-regelwiki.de/index.php/V_Fertigkeit.html', 1182),
('Vorteil', 1277, 'Schmerzresistenz', 'http://www.ulisses-regelwiki.de/index.php/V_Fertigkeit.html', 1182),
('Vorteil', 1278, 'Schutz der Wehrlosen', 'http://www.ulisses-regelwiki.de/index.php/V_Fertigkeit.html', 1182),
('Vorteil', 1279, 'Sternenglanz', 'http://www.ulisses-regelwiki.de/index.php/V_Fertigkeit.html', 1182),
('Vorteil', 1280, 'Wahrheit', 'http://www.ulisses-regelwiki.de/index.php/V_Fertigkeit.html', 1182),
('Vorteil', 1281, 'Wieselflink', 'http://www.ulisses-regelwiki.de/index.php/V_Fertigkeit.html', 1182),
('Vorteil', 1282, 'Wundersame Verständigung', 'http://www.ulisses-regelwiki.de/index.php/V_Fertigkeit.html', 1182),
('Vorteil', 1283, 'Ablativum', 'http://www.ulisses-regelwiki.de/index.php/V_Fertigkeit.html', 1182),
('Vorteil', 1284, 'Abvenenum', 'http://www.ulisses-regelwiki.de/index.php/V_Fertigkeit.html', 1182),
('Vorteil', 1285, 'Adlerauge', 'http://www.ulisses-regelwiki.de/index.php/V_Fertigkeit.html', 1182),
('Vorteil', 1286, 'Adlerschwinge', 'http://www.ulisses-regelwiki.de/index.php/V_Fertigkeit.html', 1182),
('Vorteil', 1287, 'Aeolito', 'http://www.ulisses-regelwiki.de/index.php/V_Fertigkeit.html', 1182),
('Vorteil', 1288, 'Alpgestalt', 'http://www.ulisses-regelwiki.de/index.php/V_Fertigkeit.html', 1182),
('Vorteil', 1289, 'Altisonus', 'http://www.ulisses-regelwiki.de/index.php/V_Fertigkeit.html', 1182),
('Vorteil', 1290, 'Analys Arkanstruktur', 'http://www.ulisses-regelwiki.de/index.php/V_Fertigkeit.html', 1182),
('Vorteil', 1291, 'Angst auslösen', 'http://www.ulisses-regelwiki.de/index.php/V_Fertigkeit.html', 1182),
('Vorteil', 1292, 'Ängste lindern', 'http://www.ulisses-regelwiki.de/index.php/V_Fertigkeit.html', 1182),
('Vorteil', 1293, 'Archofaxius', 'http://www.ulisses-regelwiki.de/index.php/V_Fertigkeit.html', 1182),
('Vorteil', 1294, 'Archosphaero', 'http://www.ulisses-regelwiki.de/index.php/V_Fertigkeit.html', 1182),
('Vorteil', 1295, 'Aromatis Illusionis', 'http://www.ulisses-regelwiki.de/index.php/V_Fertigkeit.html', 1182),
('Vorteil', 1296, 'Armatrutz', 'http://www.ulisses-regelwiki.de/index.php/V_Fertigkeit.html', 1182),
('Vorteil', 1297, 'Atemnot', 'http://www.ulisses-regelwiki.de/index.php/V_Fertigkeit.html', 1182),
('Vorteil', 1298, 'Attributo (Charisma)', 'http://www.ulisses-regelwiki.de/index.php/V_Fertigkeit.html', 1182),
('Vorteil', 1299, 'Attributo (Fingerfertigkeit)', 'http://www.ulisses-regelwiki.de/index.php/V_Fertigkeit.html', 1182),
('Vorteil', 1300, 'Attributo (Klugheit)', 'http://www.ulisses-regelwiki.de/index.php/V_Fertigkeit.html', 1182),
('Vorteil', 1301, 'Attributo (Körperkraft)', 'http://www.ulisses-regelwiki.de/index.php/V_Fertigkeit.html', 1182),
('Vorteil', 1302, 'Aufwecken', 'http://www.ulisses-regelwiki.de/index.php/V_Fertigkeit.html', 1182),
('Vorteil', 1303, 'Auge des Limbus', 'http://www.ulisses-regelwiki.de/index.php/V_Fertigkeit.html', 1182),
('Vorteil', 1304, 'Aureolus', 'http://www.ulisses-regelwiki.de/index.php/V_Fertigkeit.html', 1182),
('Vorteil', 1305, 'Auris Illusionis', 'http://www.ulisses-regelwiki.de/index.php/V_Fertigkeit.html', 1182),
('Vorteil', 1306, 'Axxeleratus', 'http://www.ulisses-regelwiki.de/index.php/V_Fertigkeit.html', 1182),
('Vorteil', 1307, 'Balsam Salabunde', 'http://www.ulisses-regelwiki.de/index.php/V_Fertigkeit.html', 1182),
('Vorteil', 1308, 'Bannbaladin', 'http://www.ulisses-regelwiki.de/index.php/V_Fertigkeit.html', 1182),
('Vorteil', 1309, 'Band und Fessel', 'http://www.ulisses-regelwiki.de/index.php/V_Fertigkeit.html', 1182),
('Vorteil', 1310, 'Blick aufs Wesen', 'http://www.ulisses-regelwiki.de/index.php/V_Fertigkeit.html', 1182),
('Vorteil', 1311, 'Blick in die Gedanken', 'http://www.ulisses-regelwiki.de/index.php/V_Fertigkeit.html', 1182),
('Vorteil', 1312, 'Blindheit', 'http://www.ulisses-regelwiki.de/index.php/V_Fertigkeit.html', 1182),
('Vorteil', 1313, 'Blitz dich find', 'http://www.ulisses-regelwiki.de/index.php/V_Fertigkeit.html', 1182),
('Vorteil', 1314, 'Chamaelioni', 'http://www.ulisses-regelwiki.de/index.php/V_Fertigkeit.html', 1182),
('Vorteil', 1315, 'Claudibus', 'http://www.ulisses-regelwiki.de/index.php/V_Fertigkeit.html', 1182),
('Vorteil', 1316, 'Corpofesso', 'http://www.ulisses-regelwiki.de/index.php/V_Fertigkeit.html', 1182),
('Vorteil', 1317, 'Corpofrigo', 'http://www.ulisses-regelwiki.de/index.php/V_Fertigkeit.html', 1182),
('Vorteil', 1318, 'Dämonenbann', 'http://www.ulisses-regelwiki.de/index.php/V_Fertigkeit.html', 1182),
('Vorteil', 1319, 'Dämonenschild', 'http://www.ulisses-regelwiki.de/index.php/V_Fertigkeit.html', 1182),
('Vorteil', 1320, 'Debilitatio', 'http://www.ulisses-regelwiki.de/index.php/V_Fertigkeit.html', 1182),
('Vorteil', 1321, 'Desintegratus', 'http://www.ulisses-regelwiki.de/index.php/V_Fertigkeit.html', 1182),
('Vorteil', 1322, 'Disruptivo', 'http://www.ulisses-regelwiki.de/index.php/V_Fertigkeit.html', 1182),
('Vorteil', 1323, 'Dunkelheit', 'http://www.ulisses-regelwiki.de/index.php/V_Fertigkeit.html', 1182),
('Vorteil', 1324, 'Duplicatus', 'http://www.ulisses-regelwiki.de/index.php/V_Fertigkeit.html', 1182),
('Vorteil', 1325, 'Ecliptifactus', 'http://www.ulisses-regelwiki.de/index.php/V_Fertigkeit.html', 1182),
('Vorteil', 1326, 'Einflussbann', 'http://www.ulisses-regelwiki.de/index.php/V_Fertigkeit.html', 1182),
('Vorteil', 1327, 'Eigne Ängste', 'http://www.ulisses-regelwiki.de/index.php/V_Fertigkeit.html', 1182),
('Vorteil', 1328, 'Eisenrost', 'http://www.ulisses-regelwiki.de/index.php/V_Fertigkeit.html', 1182),
('Vorteil', 1329, 'Elementarbann', 'http://www.ulisses-regelwiki.de/index.php/V_Fertigkeit.html', 1182),
('Vorteil', 1330, 'Elfenstimme', 'http://www.ulisses-regelwiki.de/index.php/V_Fertigkeit.html', 1182),
('Vorteil', 1331, 'Erinnerung verlasse dich', 'http://www.ulisses-regelwiki.de/index.php/V_Fertigkeit.html', 1182),
('Vorteil', 1332, 'Exposami', 'http://www.ulisses-regelwiki.de/index.php/V_Fertigkeit.html', 1182),
('Vorteil', 1333, 'Falkenauge', 'http://www.ulisses-regelwiki.de/index.php/V_Fertigkeit.html', 1182),
('Vorteil', 1334, 'Favilludo', 'http://www.ulisses-regelwiki.de/index.php/V_Fertigkeit.html', 1182),
('Vorteil', 1335, 'Firnlauf', 'http://www.ulisses-regelwiki.de/index.php/V_Fertigkeit.html', 1182),
('Vorteil', 1336, 'Fischflosse', 'http://www.ulisses-regelwiki.de/index.php/V_Fertigkeit.html', 1182),
('Vorteil', 1337, 'Flim Flam', 'http://www.ulisses-regelwiki.de/index.php/V_Fertigkeit.html', 1182),
('Vorteil', 1338, 'Foramen', 'http://www.ulisses-regelwiki.de/index.php/V_Fertigkeit.html', 1182),
('Vorteil', 1339, 'Fortifex', 'http://www.ulisses-regelwiki.de/index.php/V_Fertigkeit.html', 1182),
('Vorteil', 1340, 'Fulminictus', 'http://www.ulisses-regelwiki.de/index.php/V_Fertigkeit.html', 1182),
('Vorteil', 1341, 'Gardianum', 'http://www.ulisses-regelwiki.de/index.php/V_Fertigkeit.html', 1182),
('Vorteil', 1342, 'Gedankenbilder', 'http://www.ulisses-regelwiki.de/index.php/V_Fertigkeit.html', 1182),
('Vorteil', 1343, 'Gefunden', 'http://www.ulisses-regelwiki.de/index.php/V_Fertigkeit.html', 1182),
('Vorteil', 1344, 'Gletscherform', 'http://www.ulisses-regelwiki.de/index.php/V_Fertigkeit.html', 1182),
('Vorteil', 1345, 'Große Gier', 'http://www.ulisses-regelwiki.de/index.php/V_Fertigkeit.html', 1182),
('Vorteil', 1346, 'Große Verwirrung', 'http://www.ulisses-regelwiki.de/index.php/V_Fertigkeit.html', 1182),
('Vorteil', 1347, 'Harmlose Gestalt', 'http://www.ulisses-regelwiki.de/index.php/V_Fertigkeit.html', 1182),
('Vorteil', 1348, 'Haselbusch', 'http://www.ulisses-regelwiki.de/index.php/V_Fertigkeit.html', 1182),
('Vorteil', 1349, 'Heilungsbann', 'http://www.ulisses-regelwiki.de/index.php/V_Fertigkeit.html', 1182),
('Vorteil', 1350, 'Hellsichtbann', 'http://www.ulisses-regelwiki.de/index.php/V_Fertigkeit.html', 1182),
('Vorteil', 1351, 'Herr über das Tierreich', 'http://www.ulisses-regelwiki.de/index.php/V_Fertigkeit.html', 1182),
('Vorteil', 1352, 'Heptagramma', 'http://www.ulisses-regelwiki.de/index.php/V_Fertigkeit.html', 1182),
('Vorteil', 1353, 'Herzschlag ruhe', 'http://www.ulisses-regelwiki.de/index.php/V_Fertigkeit.html', 1182),
('Vorteil', 1354, 'Hexagramma', 'http://www.ulisses-regelwiki.de/index.php/V_Fertigkeit.html', 1182),
('Vorteil', 1355, 'Hexenholz', 'http://www.ulisses-regelwiki.de/index.php/V_Fertigkeit.html', 1182),
('Vorteil', 1356, 'Hexengalle', 'http://www.ulisses-regelwiki.de/index.php/V_Fertigkeit.html', 1182),
('Vorteil', 1357, 'Hexenknoten', 'http://www.ulisses-regelwiki.de/index.php/V_Fertigkeit.html', 1182),
('Vorteil', 1358, 'Hexenkrallen', 'http://www.ulisses-regelwiki.de/index.php/V_Fertigkeit.html', 1182),
('Vorteil', 1359, 'Höllenpein', 'http://www.ulisses-regelwiki.de/index.php/V_Fertigkeit.html', 1182),
('Vorteil', 1360, 'Horriphobus', 'http://www.ulisses-regelwiki.de/index.php/V_Fertigkeit.html', 1182),
('Vorteil', 1361, 'Ignifaxius', 'http://www.ulisses-regelwiki.de/index.php/V_Fertigkeit.html', 1182),
('Vorteil', 1362, 'Ignisphaero', 'http://www.ulisses-regelwiki.de/index.php/V_Fertigkeit.html', 1182),
('Vorteil', 1363, 'Ignorantia', 'http://www.ulisses-regelwiki.de/index.php/V_Fertigkeit.html', 1182),
('Vorteil', 1364, 'Illusionsbann', 'http://www.ulisses-regelwiki.de/index.php/V_Fertigkeit.html', 1182),
('Vorteil', 1365, 'Imperavi', 'http://www.ulisses-regelwiki.de/index.php/V_Fertigkeit.html', 1182),
('Vorteil', 1366, 'Impersona', 'http://www.ulisses-regelwiki.de/index.php/V_Fertigkeit.html', 1182),
('Vorteil', 1367, 'Incendio', 'http://www.ulisses-regelwiki.de/index.php/V_Fertigkeit.html', 1182),
('Vorteil', 1368, 'Invercano', 'http://www.ulisses-regelwiki.de/index.php/V_Fertigkeit.html', 1182),
('Vorteil', 1369, 'Invocatio Minima', 'http://www.ulisses-regelwiki.de/index.php/V_Fertigkeit.html', 1182),
('Vorteil', 1370, 'Karnifilo', 'http://www.ulisses-regelwiki.de/index.php/V_Fertigkeit.html', 1182),
('Vorteil', 1371, 'Katzenaugen', 'http://www.ulisses-regelwiki.de/index.php/V_Fertigkeit.html', 1182),
('Vorteil', 1372, 'Klarum Purum', 'http://www.ulisses-regelwiki.de/index.php/V_Fertigkeit.html', 1182),
('Vorteil', 1373, 'Krötensprung', 'http://www.ulisses-regelwiki.de/index.php/V_Fertigkeit.html', 1182),
('Vorteil', 1374, 'Kusch', 'http://www.ulisses-regelwiki.de/index.php/V_Fertigkeit.html', 1182),
('Vorteil', 1375, 'Last des Alters', 'http://www.ulisses-regelwiki.de/index.php/V_Fertigkeit.html', 1182),
('Vorteil', 1376, 'Lunge des Leviatan', 'http://www.ulisses-regelwiki.de/index.php/V_Fertigkeit.html', 1182),
('Vorteil', 1377, 'Manifesto', 'http://www.ulisses-regelwiki.de/index.php/V_Fertigkeit.html', 1182),
('Vorteil', 1378, 'Manus Illusionis', 'http://www.ulisses-regelwiki.de/index.php/V_Fertigkeit.html', 1182),
('Vorteil', 1379, 'Manus Miracula', 'http://www.ulisses-regelwiki.de/index.php/V_Fertigkeit.html', 1182),
('Vorteil', 1380, 'Memorans', 'http://www.ulisses-regelwiki.de/index.php/V_Fertigkeit.html', 1182),
('Vorteil', 1381, 'Menetekel', 'http://www.ulisses-regelwiki.de/index.php/V_Fertigkeit.html', 1182),
('Vorteil', 1382, 'Motoricus', 'http://www.ulisses-regelwiki.de/index.php/V_Fertigkeit.html', 1182),
('Vorteil', 1383, 'Nebelwand', 'http://www.ulisses-regelwiki.de/index.php/V_Fertigkeit.html', 1182),
('Vorteil', 1384, 'Nuntiovolo', 'http://www.ulisses-regelwiki.de/index.php/V_Fertigkeit.html', 1182),
('Vorteil', 1385, 'Objectobscuro', 'http://www.ulisses-regelwiki.de/index.php/V_Fertigkeit.html', 1182),
('Vorteil', 1386, 'Objectofixo', 'http://www.ulisses-regelwiki.de/index.php/V_Fertigkeit.html', 1182),
('Vorteil', 1387, 'Objektbann', 'http://www.ulisses-regelwiki.de/index.php/V_Fertigkeit.html', 1182),
('Vorteil', 1388, 'Oculus Astralis', 'http://www.ulisses-regelwiki.de/index.php/V_Fertigkeit.html', 1182),
('Vorteil', 1389, 'Oculus Illusionis', 'http://www.ulisses-regelwiki.de/index.php/V_Fertigkeit.html', 1182),
('Vorteil', 1390, 'Odem Arcanum', 'http://www.ulisses-regelwiki.de/index.php/V_Fertigkeit.html', 1182),
('Vorteil', 1391, 'Orcanofaxius', 'http://www.ulisses-regelwiki.de/index.php/V_Fertigkeit.html', 1182),
('Vorteil', 1392, 'Orcanosphaero', 'http://www.ulisses-regelwiki.de/index.php/V_Fertigkeit.html', 1182),
('Vorteil', 1393, 'Paralysis', 'http://www.ulisses-regelwiki.de/index.php/V_Fertigkeit.html', 1182),
('Vorteil', 1394, 'Penetrizzel', 'http://www.ulisses-regelwiki.de/index.php/V_Fertigkeit.html', 1182),
('Vorteil', 1395, 'Pentagramma', 'http://www.ulisses-regelwiki.de/index.php/V_Fertigkeit.html', 1182),
('Vorteil', 1396, 'Pestilenz erspüren', 'http://www.ulisses-regelwiki.de/index.php/V_Fertigkeit.html', 1182),
('Vorteil', 1397, 'Physiostabilis', 'http://www.ulisses-regelwiki.de/index.php/V_Fertigkeit.html', 1182),
('Vorteil', 1398, 'Plumbumbarum', 'http://www.ulisses-regelwiki.de/index.php/V_Fertigkeit.html', 1182),
('Vorteil', 1399, 'Projectimago', 'http://www.ulisses-regelwiki.de/index.php/V_Fertigkeit.html', 1182),
('Vorteil', 1400, 'Psychostabilis', 'http://www.ulisses-regelwiki.de/index.php/V_Fertigkeit.html', 1182),
('Vorteil', 1401, 'Radau', 'http://www.ulisses-regelwiki.de/index.php/V_Fertigkeit.html', 1182),
('Vorteil', 1402, 'Reflectimago', 'http://www.ulisses-regelwiki.de/index.php/V_Fertigkeit.html', 1182),
('Vorteil', 1403, 'Regeneratio', 'http://www.ulisses-regelwiki.de/index.php/V_Fertigkeit.html', 1182),
('Vorteil', 1404, 'Respondami', 'http://www.ulisses-regelwiki.de/index.php/V_Fertigkeit.html', 1182),
('Vorteil', 1405, 'Salander', 'http://www.ulisses-regelwiki.de/index.php/V_Fertigkeit.html', 1182),
('Vorteil', 1406, 'Sanftmut', 'http://www.ulisses-regelwiki.de/index.php/V_Fertigkeit.html', 1182),
('Vorteil', 1407, 'Sapefacta', 'http://www.ulisses-regelwiki.de/index.php/V_Fertigkeit.html', 1182),
('Vorteil', 1408, 'Satuarias Herrlichkeit', 'http://www.ulisses-regelwiki.de/index.php/V_Fertigkeit.html', 1182),
('Vorteil', 1409, 'Schlangenruf', 'http://www.ulisses-regelwiki.de/index.php/V_Fertigkeit.html', 1182),
('Vorteil', 1410, 'Schmerzen lindern', 'http://www.ulisses-regelwiki.de/index.php/V_Fertigkeit.html', 1182),
('Vorteil', 1411, 'Schwarzer Schrecken', 'http://www.ulisses-regelwiki.de/index.php/V_Fertigkeit.html', 1182),
('Vorteil', 1412, 'Schwarz und Rot', 'http://www.ulisses-regelwiki.de/index.php/V_Fertigkeit.html', 1182),
('Vorteil', 1413, 'Sensibar', 'http://www.ulisses-regelwiki.de/index.php/V_Fertigkeit.html', 1182),
('Vorteil', 1414, 'Silentium', 'http://www.ulisses-regelwiki.de/index.php/V_Fertigkeit.html', 1182),
('Vorteil', 1415, 'Skelettarius', 'http://www.ulisses-regelwiki.de/index.php/V_Fertigkeit.html', 1182),
('Vorteil', 1416, 'Zaubererweiterungen', 'http://www.ulisses-regelwiki.de/index.php/V_Fertigkeit.html', 1182),
('Vorteil', 1417, 'Somnigravis', 'http://www.ulisses-regelwiki.de/index.php/V_Fertigkeit.html', 1182),
('Vorteil', 1418, 'Spinnenlauf', 'http://www.ulisses-regelwiki.de/index.php/V_Fertigkeit.html', 1182),
('Vorteil', 1419, 'Spurlos', 'http://www.ulisses-regelwiki.de/index.php/V_Fertigkeit.html', 1182),
('Vorteil', 1420, 'Stillstand', 'http://www.ulisses-regelwiki.de/index.php/V_Fertigkeit.html', 1182),
('Vorteil', 1421, 'Sumus Elixiere', 'http://www.ulisses-regelwiki.de/index.php/V_Fertigkeit.html', 1182),
('Vorteil', 1422, 'Taubheit', 'http://www.ulisses-regelwiki.de/index.php/V_Fertigkeit.html', 1182),
('Vorteil', 1423, 'Telekinesebann', 'http://www.ulisses-regelwiki.de/index.php/V_Fertigkeit.html', 1182),
('Vorteil', 1424, 'Tiergedanken', 'http://www.ulisses-regelwiki.de/index.php/V_Fertigkeit.html', 1182),
('Vorteil', 1425, 'Transversalis', 'http://www.ulisses-regelwiki.de/index.php/V_Fertigkeit.html', 1182),
('Vorteil', 1426, 'Verwandlungsbann', 'http://www.ulisses-regelwiki.de/index.php/V_Fertigkeit.html', 1182);
INSERT INTO `property` (`type`, `id`, `name`, `wiki_url`, `subcategory_of_id`) VALUES
('Vorteil', 1427, 'Vipernblick', 'http://www.ulisses-regelwiki.de/index.php/V_Fertigkeit.html', 1182),
('Vorteil', 1428, 'Visibili', 'http://www.ulisses-regelwiki.de/index.php/V_Fertigkeit.html', 1182),
('Vorteil', 1429, 'Vogelzwitschern', 'http://www.ulisses-regelwiki.de/index.php/V_Fertigkeit.html', 1182),
('Vorteil', 1430, 'Wasseratem', 'http://www.ulisses-regelwiki.de/index.php/V_Fertigkeit.html', 1182),
('Vorteil', 1431, 'Wolfstatze', 'http://www.ulisses-regelwiki.de/index.php/V_Fertigkeit.html', 1182),
('Vorteil', 1432, 'Zunge betäuben', 'http://www.ulisses-regelwiki.de/index.php/V_Fertigkeit.html', 1182),
('Vorteil', 1433, 'Zwingtanz', 'http://www.ulisses-regelwiki.de/index.php/V_Fertigkeit.html', 1182),
('Vorteil', 1434, 'Accuratum', 'http://www.ulisses-regelwiki.de/index.php/V_Fertigkeit.html', 1182),
('Vorteil', 1435, 'Arcanovi', 'http://www.ulisses-regelwiki.de/index.php/V_Fertigkeit.html', 1182),
('Vorteil', 1436, 'Aufmerksamer Wächter', 'http://www.ulisses-regelwiki.de/index.php/V_Fertigkeit.html', 1182),
('Vorteil', 1437, 'Caldofrigo', 'http://www.ulisses-regelwiki.de/index.php/V_Fertigkeit.html', 1182),
('Vorteil', 1438, 'Dschinnenruf', 'http://www.ulisses-regelwiki.de/index.php/V_Fertigkeit.html', 1182),
('Vorteil', 1439, 'Elementarer Diener', 'http://www.ulisses-regelwiki.de/index.php/V_Fertigkeit.html', 1182),
('Vorteil', 1440, 'Hagelschlag und Sturmgebrüll', 'http://www.ulisses-regelwiki.de/index.php/V_Fertigkeit.html', 1182),
('Vorteil', 1441, 'Hartes schmelze', 'http://www.ulisses-regelwiki.de/index.php/V_Fertigkeit.html', 1182),
('Vorteil', 1442, 'Invovatio maior', 'http://www.ulisses-regelwiki.de/index.php/V_Fertigkeit.html', 1182),
('Vorteil', 1443, 'Invocatio Minor', 'http://www.ulisses-regelwiki.de/index.php/V_Fertigkeit.html', 1182),
('Vorteil', 1444, 'Leidensbund', 'http://www.ulisses-regelwiki.de/index.php/V_Fertigkeit.html', 1182),
('Vorteil', 1445, 'Magischer Raub', 'http://www.ulisses-regelwiki.de/index.php/V_Fertigkeit.html', 1182),
('Vorteil', 1446, 'Memorabia Falsifir', 'http://www.ulisses-regelwiki.de/index.php/V_Fertigkeit.html', 1182),
('Vorteil', 1447, 'Movimento', 'http://www.ulisses-regelwiki.de/index.php/V_Fertigkeit.html', 1182),
('Vorteil', 1448, 'Nihilogravo', 'http://www.ulisses-regelwiki.de/index.php/V_Fertigkeit.html', 1182),
('Vorteil', 1449, 'Orvai Kurims Kriegstrommel', 'http://www.ulisses-regelwiki.de/index.php/V_Fertigkeit.html', 1182),
('Vorteil', 1450, 'Ruf des Bienenstocks', 'http://www.ulisses-regelwiki.de/index.php/V_Fertigkeit.html', 1182),
('Vorteil', 1451, 'Ruhe Körper', 'http://www.ulisses-regelwiki.de/index.php/V_Fertigkeit.html', 1182),
('Vorteil', 1452, 'Traumgestalt', 'http://www.ulisses-regelwiki.de/index.php/V_Fertigkeit.html', 1182),
('Vorteil', 1453, 'Unberührt von Satinav', 'http://www.ulisses-regelwiki.de/index.php/V_Fertigkeit.html', 1182),
('Vorteil', 1454, 'Widerwille', 'http://www.ulisses-regelwiki.de/index.php/V_Fertigkeit.html', 1182),
('Vorteil', 1455, 'Wirbelform', 'http://www.ulisses-regelwiki.de/index.php/V_Fertigkeit.html', 1182),
('Vorteil', 1456, 'Xenographus', 'http://www.ulisses-regelwiki.de/index.php/V_Fertigkeit.html', 1182),
('Vorteil', 1457, 'Zauberklinge Geisterspeer', 'http://www.ulisses-regelwiki.de/index.php/V_Fertigkeit.html', 1182),
('Vorteil', 1458, 'Ackersegen', 'http://www.ulisses-regelwiki.de/index.php/V_Fertigkeit.html', 1182),
('Vorteil', 1459, 'Empfängnis des Korsmals', 'http://www.ulisses-regelwiki.de/index.php/V_Fertigkeit.html', 1182),
('Vorteil', 1460, 'Exorzismus', 'http://www.ulisses-regelwiki.de/index.php/V_Fertigkeit.html', 1182),
('Vorteil', 1461, 'Geweihter Panzer', 'http://www.ulisses-regelwiki.de/index.php/V_Fertigkeit.html', 1182),
('Vorteil', 1462, 'Löwengestalt', 'http://www.ulisses-regelwiki.de/index.php/V_Fertigkeit.html', 1182),
('Vorteil', 1463, 'Nebelleib', 'http://www.ulisses-regelwiki.de/index.php/V_Fertigkeit.html', 1182),
('Vorteil', 1464, 'Objektweihe', 'http://www.ulisses-regelwiki.de/index.php/V_Fertigkeit.html', 1182),
('Vorteil', 1465, 'Herausragende Kampftechnik', 'http://www.ulisses-regelwiki.de/index.php/V_Kampftechnik.html', NULL),
('Vorteil', 1466, 'Armbrüste', 'http://www.ulisses-regelwiki.de/index.php/V_Kampftechnik.html', 1465),
('Vorteil', 1467, 'Blasrohre', 'http://www.ulisses-regelwiki.de/index.php/V_Kampftechnik.html', 1465),
('Vorteil', 1468, 'Bögen', 'http://www.ulisses-regelwiki.de/index.php/V_Kampftechnik.html', 1465),
('Vorteil', 1469, 'Dikusse', 'http://www.ulisses-regelwiki.de/index.php/V_Kampftechnik.html', 1465),
('Vorteil', 1470, 'Feierspeien', 'http://www.ulisses-regelwiki.de/index.php/V_Kampftechnik.html', 1465),
('Vorteil', 1471, 'Schleudern', 'http://www.ulisses-regelwiki.de/index.php/V_Kampftechnik.html', 1465),
('Vorteil', 1472, 'Wurfwaffen', 'http://www.ulisses-regelwiki.de/index.php/V_Kampftechnik.html', 1465),
('Vorteil', 1473, 'Dolche', 'http://www.ulisses-regelwiki.de/index.php/V_Kampftechnik.html', 1465),
('Vorteil', 1474, 'Fechtwaffen', 'http://www.ulisses-regelwiki.de/index.php/V_Kampftechnik.html', 1465),
('Vorteil', 1475, 'Hiebwaffen', 'http://www.ulisses-regelwiki.de/index.php/V_Kampftechnik.html', 1465),
('Vorteil', 1476, 'Kettenwaffen', 'http://www.ulisses-regelwiki.de/index.php/V_Kampftechnik.html', 1465),
('Vorteil', 1477, 'Lanzen', 'http://www.ulisses-regelwiki.de/index.php/V_Kampftechnik.html', 1465),
('Vorteil', 1478, 'Peitschen', 'http://www.ulisses-regelwiki.de/index.php/V_Kampftechnik.html', 1465),
('Vorteil', 1479, 'Raufen', 'http://www.ulisses-regelwiki.de/index.php/V_Kampftechnik.html', 1465),
('Vorteil', 1480, 'Schilde', 'http://www.ulisses-regelwiki.de/index.php/V_Kampftechnik.html', 1465),
('Vorteil', 1481, 'Schwerter', 'http://www.ulisses-regelwiki.de/index.php/V_Kampftechnik.html', 1465),
('Vorteil', 1482, 'Stangenwaffen', 'http://www.ulisses-regelwiki.de/index.php/V_Kampftechnik.html', 1465),
('Vorteil', 1483, 'Zweihandhiebwaffen', 'http://www.ulisses-regelwiki.de/index.php/V_Kampftechnik.html', 1465),
('Vorteil', 1484, 'Zweihandschwerter', 'http://www.ulisses-regelwiki.de/index.php/V_Kampftechnik.html', 1465),
('Vorteil', 1485, 'Herausragender Sinn', 'http://www.ulisses-regelwiki.de/index.php/V_Sinn.html', NULL),
('Vorteil', 1486, 'Hitzeresistenz', 'http://www.ulisses-regelwiki.de/index.php/V_Hitzeresistenz.html', NULL),
('Vorteil', 1487, 'Hohe Astralkraft', 'http://www.ulisses-regelwiki.de/index.php/V_HoheAstralkraft.html', NULL),
('Vorteil', 1488, 'I', 'http://www.ulisses-regelwiki.de/index.php/V_HoheAstralkraft.html', 1487),
('Vorteil', 1489, 'II', 'http://www.ulisses-regelwiki.de/index.php/V_HoheAstralkraft.html', 1487),
('Vorteil', 1490, 'III', 'http://www.ulisses-regelwiki.de/index.php/V_HoheAstralkraft.html', 1487),
('Vorteil', 1491, 'IV', 'http://www.ulisses-regelwiki.de/index.php/V_HoheAstralkraft.html', 1487),
('Vorteil', 1492, 'V', 'http://www.ulisses-regelwiki.de/index.php/V_HoheAstralkraft.html', 1487),
('Vorteil', 1493, 'VI', 'http://www.ulisses-regelwiki.de/index.php/V_HoheAstralkraft.html', 1487),
('Vorteil', 1494, 'VII', 'http://www.ulisses-regelwiki.de/index.php/V_HoheAstralkraft.html', 1487),
('Vorteil', 1495, 'Hohe Karmalkraft', 'http://www.ulisses-regelwiki.de/index.php/V_HoheKarmalkraft.html', NULL),
('Vorteil', 1496, 'I', 'http://www.ulisses-regelwiki.de/index.php/V_HoheKarmalkraft.html', 1495),
('Vorteil', 1497, 'II', 'http://www.ulisses-regelwiki.de/index.php/V_HoheKarmalkraft.html', 1495),
('Vorteil', 1498, 'III', 'http://www.ulisses-regelwiki.de/index.php/V_HoheKarmalkraft.html', 1495),
('Vorteil', 1499, 'IV', 'http://www.ulisses-regelwiki.de/index.php/V_HoheKarmalkraft.html', 1495),
('Vorteil', 1500, 'V', 'http://www.ulisses-regelwiki.de/index.php/V_HoheKarmalkraft.html', 1495),
('Vorteil', 1501, 'VI', 'http://www.ulisses-regelwiki.de/index.php/V_HoheKarmalkraft.html', 1495),
('Vorteil', 1502, 'VII', 'http://www.ulisses-regelwiki.de/index.php/V_HoheKarmalkraft.html', 1495),
('Vorteil', 1503, 'Hohe Lebenskraft', 'http://www.ulisses-regelwiki.de/index.php/V_HoheLebenskraft.html', NULL),
('Vorteil', 1504, 'I', 'http://www.ulisses-regelwiki.de/index.php/V_HoheLebenskraft.html', 1503),
('Vorteil', 1505, 'II', 'http://www.ulisses-regelwiki.de/index.php/V_HoheLebenskraft.html', 1503),
('Vorteil', 1506, 'III', 'http://www.ulisses-regelwiki.de/index.php/V_HoheLebenskraft.html', 1503),
('Vorteil', 1507, 'IV', 'http://www.ulisses-regelwiki.de/index.php/V_HoheLebenskraft.html', 1503),
('Vorteil', 1508, 'V', 'http://www.ulisses-regelwiki.de/index.php/V_HoheLebenskraft.html', 1503),
('Vorteil', 1509, 'VI', 'http://www.ulisses-regelwiki.de/index.php/V_HoheLebenskraft.html', 1503),
('Vorteil', 1510, 'VII', 'http://www.ulisses-regelwiki.de/index.php/V_HoheLebenskraft.html', 1503),
('Vorteil', 1511, 'Hohe Seelenkraft', 'http://www.ulisses-regelwiki.de/index.php/V_HoheSeelenkraft.html', NULL),
('Vorteil', 1512, 'Hohe Zähigkeit', 'http://www.ulisses-regelwiki.de/index.php/V_HoheZähugkeit.html', NULL),
('Vorteil', 1513, 'Immunität gegen (Gift)', 'http://www.ulisses-regelwiki.de/index.php/V_ImmunitätGift.html', NULL),
('Vorteil', 1514, 'Immunität gegen (Krankheit)', 'http://www.ulisses-regelwiki.de/index.php/V_ImmunitätKrankheit.html', NULL),
('Vorteil', 1515, 'Kälteresistenz', 'http://www.ulisses-regelwiki.de/index.php/V_Kälteresistenz.html', NULL),
('Vorteil', 1516, 'Kein Bann des Eisens', 'http://www.ulisses-regelwiki.de/index.php/V_KeinBanndesEisens.html', NULL),
('Vorteil', 1517, 'Krankheitsresistenz', 'http://www.ulisses-regelwiki.de/index.php/V_Krankheitsresistenz.html', NULL),
('Vorteil', 1518, 'I', 'http://www.ulisses-regelwiki.de/index.php/V_Krankheitsresistenz.html', 1517),
('Vorteil', 1519, 'II', 'http://www.ulisses-regelwiki.de/index.php/V_Krankheitsresistenz.html', 1517),
('Vorteil', 1520, 'Machtvolle Zaubermelodien', 'http://www.ulisses-regelwiki.de/index.php/V_MachtvolleZaubermelodien.html', NULL),
('Vorteil', 1521, 'Magische Einstimmung', 'http://www.ulisses-regelwiki.de/index.php/V_MagischeEinstimmung.html', NULL),
('Vorteil', 1522, 'Mystiker', 'http://www.ulisses-regelwiki.de/index.php/V_Mystiker.html', NULL),
('Vorteil', 1523, 'Nichtschläfer (*)', 'http://www.ulisses-regelwiki.de/index.php/V_Nichtschläfer.html', NULL),
('Vorteil', 1524, 'Pragmatiker', 'http://www.ulisses-regelwiki.de/index.php/V_Pragmatiker.html', NULL),
('Vorteil', 1525, 'Reich', 'http://www.ulisses-regelwiki.de/index.php/V_Reich.html', NULL),
('Vorteil', 1526, 'I', 'http://www.ulisses-regelwiki.de/index.php/V_Reich.html', 1525),
('Vorteil', 1527, 'II', 'http://www.ulisses-regelwiki.de/index.php/V_Reich.html', 1525),
('Vorteil', 1528, 'III', 'http://www.ulisses-regelwiki.de/index.php/V_Reich.html', 1525),
('Vorteil', 1529, 'IV', 'http://www.ulisses-regelwiki.de/index.php/V_Reich.html', 1525),
('Vorteil', 1530, 'V', 'http://www.ulisses-regelwiki.de/index.php/V_Reich.html', 1525),
('Vorteil', 1531, 'VI', 'http://www.ulisses-regelwiki.de/index.php/V_Reich.html', 1525),
('Vorteil', 1532, 'VII', 'http://www.ulisses-regelwiki.de/index.php/V_Reich.html', 1525),
('Vorteil', 1533, 'VIII', 'http://www.ulisses-regelwiki.de/index.php/V_Reich.html', 1525),
('Vorteil', 1534, 'IX', 'http://www.ulisses-regelwiki.de/index.php/V_Reich.html', 1525),
('Vorteil', 1535, 'X', 'http://www.ulisses-regelwiki.de/index.php/V_Reich.html', 1525),
('Vorteil', 1536, 'Richtungssinn', 'http://www.ulisses-regelwiki.de/index.php/V_Richtungssinn.html', NULL),
('Vorteil', 1537, 'Saumagen', 'http://www.ulisses-regelwiki.de/index.php/V_Saumagen.html', NULL),
('Vorteil', 1538, 'I', 'http://www.ulisses-regelwiki.de/index.php/V_Saumagen.html', 1537),
('Vorteil', 1539, 'II', 'http://www.ulisses-regelwiki.de/index.php/V_Saumagen.html', 1537),
('Vorteil', 1540, 'Schlangenmensch', 'http://www.ulisses-regelwiki.de/index.php/V_Schlangenmensch.html', NULL),
('Vorteil', 1541, '', 'http://www.ulisses-regelwiki.de/index.php/SF_SchnellwiederaufdenBeinen.html', NULL),
('Vorteil', 1542, 'Schutzgeist', 'http://www.ulisses-regelwiki.de/index.php/V_Schutzgeist.html', NULL),
('Vorteil', 1543, 'Schwer zu verzaubern (*)', 'http://www.ulisses-regelwiki.de/index.php/V_Schwerzuverzaubern.html', NULL),
('Vorteil', 1544, 'Soziale Anpassungsfähigkeit', 'http://www.ulisses-regelwiki.de/index.php/V_SozialeAnpassungsfähigkeit.html', NULL),
('Vorteil', 1545, 'Tierfreund', 'http://www.ulisses-regelwiki.de/index.php/V_Tierfreund.html', NULL),
('Vorteil', 1546, 'Unscheinbar', 'http://www.ulisses-regelwiki.de/index.php/V_Unscheinbar.html', NULL),
('Vorteil', 1547, 'Verbesserte Regeneration (Astralenergie)', 'http://www.ulisses-regelwiki.de/index.php/V_verbRegAsP.html', NULL),
('Vorteil', 1548, 'I', 'http://www.ulisses-regelwiki.de/index.php/V_verbRegAsP.html', 1547),
('Vorteil', 1549, 'II', 'http://www.ulisses-regelwiki.de/index.php/V_verbRegAsP.html', 1547),
('Vorteil', 1550, 'III', 'http://www.ulisses-regelwiki.de/index.php/V_verbRegAsP.html', 1547),
('Vorteil', 1551, 'Verbesserte Regeneration (Karmaenergie)', 'http://www.ulisses-regelwiki.de/index.php/V_VerbRegKaP.html', NULL),
('Vorteil', 1552, 'I', 'http://www.ulisses-regelwiki.de/index.php/V_VerbRegKaP.html', 1551),
('Vorteil', 1553, 'II', 'http://www.ulisses-regelwiki.de/index.php/V_VerbRegKaP.html', 1551),
('Vorteil', 1554, 'III', 'http://www.ulisses-regelwiki.de/index.php/V_VerbRegKaP.html', 1551),
('Vorteil', 1555, 'Verbesserte Regeneration (Lebensenergie)', 'http://www.ulisses-regelwiki.de/index.php/V_VerbRegLeP.html', NULL),
('Vorteil', 1556, 'I', 'http://www.ulisses-regelwiki.de/index.php/V_VerbRegLeP.html', 1555),
('Vorteil', 1557, 'II', 'http://www.ulisses-regelwiki.de/index.php/V_VerbRegLeP.html', 1555),
('Vorteil', 1558, 'III', 'http://www.ulisses-regelwiki.de/index.php/V_VerbRegLeP.html', 1555),
('Vorteil', 1559, 'Verhüllte Aura', 'http://www.ulisses-regelwiki.de/index.php/V_VerhüllteAura.html', NULL),
('Vorteil', 1560, 'Vertrauenerweckend', 'http://www.ulisses-regelwiki.de/index.php/V_Vertrauenerweckend.html', NULL),
('Vorteil', 1561, 'Waffenbegabung', 'http://www.ulisses-regelwiki.de/index.php/V_Waffenbegabung.html', NULL),
('Vorteil', 1562, 'Armbrüste', 'http://www.ulisses-regelwiki.de/index.php/V_Waffenbegabung.html', 1561),
('Vorteil', 1563, 'Blasrohre', 'http://www.ulisses-regelwiki.de/index.php/V_Waffenbegabung.html', 1561),
('Vorteil', 1564, 'Bögen', 'http://www.ulisses-regelwiki.de/index.php/V_Waffenbegabung.html', 1561),
('Vorteil', 1565, 'Dikusse', 'http://www.ulisses-regelwiki.de/index.php/V_Waffenbegabung.html', 1561),
('Vorteil', 1566, 'Feierspeien', 'http://www.ulisses-regelwiki.de/index.php/V_Waffenbegabung.html', 1561),
('Vorteil', 1567, 'Schleudern', 'http://www.ulisses-regelwiki.de/index.php/V_Waffenbegabung.html', 1561),
('Vorteil', 1568, 'Wurfwaffen', 'http://www.ulisses-regelwiki.de/index.php/V_Waffenbegabung.html', 1561),
('Vorteil', 1569, 'Dolche', 'http://www.ulisses-regelwiki.de/index.php/V_Waffenbegabung.html', 1561),
('Vorteil', 1570, 'Fechtwaffen', 'http://www.ulisses-regelwiki.de/index.php/V_Waffenbegabung.html', 1561),
('Vorteil', 1571, 'Hiebwaffen', 'http://www.ulisses-regelwiki.de/index.php/V_Waffenbegabung.html', 1561),
('Vorteil', 1572, 'Kettenwaffen', 'http://www.ulisses-regelwiki.de/index.php/V_Waffenbegabung.html', 1561),
('Vorteil', 1573, 'Lanzen', 'http://www.ulisses-regelwiki.de/index.php/V_Waffenbegabung.html', 1561),
('Vorteil', 1574, 'Peitschen', 'http://www.ulisses-regelwiki.de/index.php/V_Waffenbegabung.html', 1561),
('Vorteil', 1575, 'Raufen', 'http://www.ulisses-regelwiki.de/index.php/V_Waffenbegabung.html', 1561),
('Vorteil', 1576, 'Schilde', 'http://www.ulisses-regelwiki.de/index.php/V_Waffenbegabung.html', 1561),
('Vorteil', 1577, 'Schwerter', 'http://www.ulisses-regelwiki.de/index.php/V_Waffenbegabung.html', 1561),
('Vorteil', 1578, 'Stangenwaffen', 'http://www.ulisses-regelwiki.de/index.php/V_Waffenbegabung.html', 1561),
('Vorteil', 1579, 'Zweihandhiebwaffen', 'http://www.ulisses-regelwiki.de/index.php/V_Waffenbegabung.html', 1561),
('Vorteil', 1580, 'Zweihandschwerter', 'http://www.ulisses-regelwiki.de/index.php/V_Waffenbegabung.html', 1561),
('Vorteil', 1581, 'Wasserlebewesen (*)', 'http://www.ulisses-regelwiki.de/index.php/V_Wasserlebewesen.html', NULL),
('Vorteil', 1582, 'Weitreichende Zaubermelodien', 'http://www.ulisses-regelwiki.de/index.php/V_WeitreichendeZaubermelodienI-III.html', NULL),
('Vorteil', 1583, 'I', 'http://www.ulisses-regelwiki.de/index.php/V_WeitreichendeZaubermelodienI-III.html', 1582),
('Vorteil', 1584, 'II', 'http://www.ulisses-regelwiki.de/index.php/V_WeitreichendeZaubermelodienI-III.html', 1582),
('Vorteil', 1585, 'III', 'http://www.ulisses-regelwiki.de/index.php/V_WeitreichendeZaubermelodienI-III.html', 1582),
('Vorteil', 1586, 'Wohlklang', 'http://www.ulisses-regelwiki.de/index.php/V_Wohlklang.html', NULL),
('Vorteil', 1587, 'Zäher Hund', 'http://www.ulisses-regelwiki.de/index.php/V_ZäherHund.html', NULL),
('Vorteil', 1588, 'Zauberer', 'http://www.ulisses-regelwiki.de/index.php/V_Zauberer.html', NULL),
('Vorteil', 1589, 'Zeitgefühl', 'http://www.ulisses-regelwiki.de/index.php/V_Zeitgefühl.html', NULL),
('Vorteil', 1590, 'Zweistimmiger Gesang (*)', 'http://www.ulisses-regelwiki.de/index.php/V_ZweistimmigerGesang.html', NULL),
('Vorteil', 1591, 'Zwergennase', 'http://www.ulisses-regelwiki.de/index.php/V_Zwergennase.html', NULL),
('Vorteil', 1592, 'Angst vor …', 'http://www.ulisses-regelwiki.de/index.php/N_Angst.html', NULL),
('Vorteil', 1593, 'I', 'http://www.ulisses-regelwiki.de/index.php/N_Angst.html', 1592),
('Vorteil', 1594, 'II', 'http://www.ulisses-regelwiki.de/index.php/N_Angst.html', 1592),
('Vorteil', 1595, 'III', 'http://www.ulisses-regelwiki.de/index.php/N_Angst.html', 1592),
('Vorteil', 1596, 'Arm', 'http://www.ulisses-regelwiki.de/index.php/N_Arm.html', NULL),
('Vorteil', 1597, 'I', 'http://www.ulisses-regelwiki.de/index.php/N_Arm.html', 1596),
('Vorteil', 1598, 'II', 'http://www.ulisses-regelwiki.de/index.php/N_Arm.html', 1596),
('Vorteil', 1599, 'III', 'http://www.ulisses-regelwiki.de/index.php/N_Arm.html', 1596),
('Vorteil', 1600, 'Artefaktgebunden', 'http://www.ulisses-regelwiki.de/index.php/N_Artefaktgebunden.html', NULL),
('Vorteil', 1601, 'Behäbig', 'http://www.ulisses-regelwiki.de/index.php/N_Behäbig.html', NULL),
('Vorteil', 1602, 'Blind', 'http://www.ulisses-regelwiki.de/index.php/N_Blind.html', NULL),
('Vorteil', 1603, 'Blutrausch', 'http://www.ulisses-regelwiki.de/index.php/N_Blutrausch.html', NULL),
('Vorteil', 1604, 'Böser Namensvetter', 'http://www.ulisses-regelwiki.de/index.php/namensvetter.html', NULL),
('Vorteil', 1605, 'Eingeschränkter Sinn', 'http://www.ulisses-regelwiki.de/index.php/N_EingeschränkterSinn.html', NULL),
('Vorteil', 1606, 'Empfindlichkeit (unedle Metalle)', 'http://www.ulisses-regelwiki.de/index.php/N_EmpfindlichkeitunedleMetalle.html', NULL),
('Vorteil', 1607, 'Farbenblind', 'http://www.ulisses-regelwiki.de/index.php/N_Farbenblind.html', NULL),
('Vorteil', 1608, 'Fettleibig', 'http://www.ulisses-regelwiki.de/index.php/N_Fettleibig.html', NULL),
('Vorteil', 1609, 'Giftanfällig', 'http://www.ulisses-regelwiki.de/index.php/N_Giftanfällig.html', NULL),
('Vorteil', 1610, 'I', 'http://www.ulisses-regelwiki.de/index.php/N_Giftanfällig.html', 1609),
('Vorteil', 1611, 'II', 'http://www.ulisses-regelwiki.de/index.php/N_Giftanfällig.html', 1609),
('Vorteil', 1612, 'Gläsern', 'http://www.ulisses-regelwiki.de/index.php/Glaesern.html', NULL),
('Vorteil', 1613, 'Hässlich', 'http://www.ulisses-regelwiki.de/index.php/N_Hässlich.html', NULL),
('Vorteil', 1614, 'I', 'http://www.ulisses-regelwiki.de/index.php/N_Hässlich.html', 1613),
('Vorteil', 1615, 'II', 'http://www.ulisses-regelwiki.de/index.php/N_Hässlich.html', 1613),
('Vorteil', 1616, 'Hitzeempfindlich', 'http://www.ulisses-regelwiki.de/index.php/N_Hitzeempfindlich.html', NULL),
('Vorteil', 1617, 'Hitzeempfindlich II*', 'http://www.ulisses-regelwiki.de/index.php/N_HitzeempfindlichII.html', NULL),
('Vorteil', 1618, 'Instabiler Zauberer', 'http://www.ulisses-regelwiki.de/index.php/N_InstabilerZauberer.html', NULL),
('Vorteil', 1619, 'Jagdwildgeruch', 'http://www.ulisses-regelwiki.de/index.php/N_Jagdwildgeruch.html', NULL),
('Vorteil', 1620, 'Kälteempfindlich', 'http://www.ulisses-regelwiki.de/index.php/N_Kälteempfindlich.html', NULL),
('Vorteil', 1621, 'Keine Flugsalbe (*)', 'http://www.ulisses-regelwiki.de/index.php/N_KeineFlugsalbe.html', NULL),
('Vorteil', 1622, 'Kein Vertrauter (*)', 'http://www.ulisses-regelwiki.de/index.php/N_KeinVertrauter.html', NULL),
('Vorteil', 1623, 'Kleine Zauberauswahl', 'http://www.ulisses-regelwiki.de/index.php/N_KleineZauberauswahlI-II.html', NULL),
('Vorteil', 1624, 'I', 'http://www.ulisses-regelwiki.de/index.php/N_KleineZauberauswahlI-II.html', 1623),
('Vorteil', 1625, 'II', 'http://www.ulisses-regelwiki.de/index.php/N_KleineZauberauswahlI-II.html', 1623),
('Vorteil', 1626, 'Körpergebundene Kraft', 'http://www.ulisses-regelwiki.de/index.php/N_KörpergebundeneKraft.html', NULL),
('Vorteil', 1627, 'Körperliche Auffälligkeit', 'http://www.ulisses-regelwiki.de/index.php/N_KörperlicheAuffälligkeit.html', NULL),
('Vorteil', 1628, 'Krankheitsanfällig', 'http://www.ulisses-regelwiki.de/index.php/N_Krankheitsanfällig.html', NULL),
('Vorteil', 1629, 'I', 'http://www.ulisses-regelwiki.de/index.php/N_Krankheitsanfällig.html', 1628),
('Vorteil', 1630, 'II', 'http://www.ulisses-regelwiki.de/index.php/N_Krankheitsanfällig.html', 1628),
('Vorteil', 1631, 'Lächerlicher Name', 'http://www.ulisses-regelwiki.de/index.php/laechname.html', NULL),
('Vorteil', 1632, 'Lästige Mindergeister', 'http://www.ulisses-regelwiki.de/index.php/N_LästigeMindergeister.html', NULL),
('Vorteil', 1633, 'Lichtempfindlich', 'http://www.ulisses-regelwiki.de/index.php/N_Lichtempfindlich.html', NULL),
('Vorteil', 1634, 'Lichtempfindlich II', 'http://www.ulisses-regelwiki.de/index.php/N_LichtempfindlichII.html', NULL),
('Vorteil', 1635, 'Magische Einschränkung', 'http://www.ulisses-regelwiki.de/index.php/N_MagischeEimschränkung.html', NULL),
('Vorteil', 1636, 'Nachtblind', 'http://www.ulisses-regelwiki.de/index.php/N_Nachtblind.html', NULL),
('Vorteil', 1637, 'Niedrige Astralkraft', 'http://www.ulisses-regelwiki.de/index.php/N_NiedrigeAstralkraft.html', NULL),
('Vorteil', 1638, 'I', 'http://www.ulisses-regelwiki.de/index.php/N_NiedrigeAstralkraft.html', 1637),
('Vorteil', 1639, 'II', 'http://www.ulisses-regelwiki.de/index.php/N_NiedrigeAstralkraft.html', 1637),
('Vorteil', 1640, 'III', 'http://www.ulisses-regelwiki.de/index.php/N_NiedrigeAstralkraft.html', 1637),
('Vorteil', 1641, 'IV', 'http://www.ulisses-regelwiki.de/index.php/N_NiedrigeAstralkraft.html', 1637),
('Vorteil', 1642, 'V', 'http://www.ulisses-regelwiki.de/index.php/N_NiedrigeAstralkraft.html', 1637),
('Vorteil', 1643, 'VI', 'http://www.ulisses-regelwiki.de/index.php/N_NiedrigeAstralkraft.html', 1637),
('Vorteil', 1644, 'VII', 'http://www.ulisses-regelwiki.de/index.php/N_NiedrigeAstralkraft.html', 1637),
('Vorteil', 1645, 'Niedrige Karmalkraft', 'http://www.ulisses-regelwiki.de/index.php/N_NiedrigeKarmalkraft.html', NULL),
('Vorteil', 1646, 'I', 'http://www.ulisses-regelwiki.de/index.php/N_NiedrigeKarmalkraft.html', 1645),
('Vorteil', 1647, 'II', 'http://www.ulisses-regelwiki.de/index.php/N_NiedrigeKarmalkraft.html', 1645),
('Vorteil', 1648, 'III', 'http://www.ulisses-regelwiki.de/index.php/N_NiedrigeKarmalkraft.html', 1645),
('Vorteil', 1649, 'IV', 'http://www.ulisses-regelwiki.de/index.php/N_NiedrigeKarmalkraft.html', 1645),
('Vorteil', 1650, 'V', 'http://www.ulisses-regelwiki.de/index.php/N_NiedrigeKarmalkraft.html', 1645),
('Vorteil', 1651, 'VI', 'http://www.ulisses-regelwiki.de/index.php/N_NiedrigeKarmalkraft.html', 1645),
('Vorteil', 1652, 'VII', 'http://www.ulisses-regelwiki.de/index.php/N_NiedrigeKarmalkraft.html', 1645),
('Vorteil', 1653, 'Niedrige Lebenskraft', 'http://www.ulisses-regelwiki.de/index.php/N_NiedrigeLebenskraft.html', NULL),
('Vorteil', 1654, 'I', 'http://www.ulisses-regelwiki.de/index.php/N_NiedrigeLebenskraft.html', 1653),
('Vorteil', 1655, 'II', 'http://www.ulisses-regelwiki.de/index.php/N_NiedrigeLebenskraft.html', 1653),
('Vorteil', 1656, 'III', 'http://www.ulisses-regelwiki.de/index.php/N_NiedrigeLebenskraft.html', 1653),
('Vorteil', 1657, 'IV', 'http://www.ulisses-regelwiki.de/index.php/N_NiedrigeLebenskraft.html', 1653),
('Vorteil', 1658, 'V', 'http://www.ulisses-regelwiki.de/index.php/N_NiedrigeLebenskraft.html', 1653),
('Vorteil', 1659, 'VI', 'http://www.ulisses-regelwiki.de/index.php/N_NiedrigeLebenskraft.html', 1653),
('Vorteil', 1660, 'VII', 'http://www.ulisses-regelwiki.de/index.php/N_NiedrigeLebenskraft.html', 1653),
('Vorteil', 1661, 'Niedrige Seelenkraft', 'http://www.ulisses-regelwiki.de/index.php/N_NiedrigeSeelenkraft.html', NULL),
('Vorteil', 1662, 'Niedrige Zähigkeit', 'http://www.ulisses-regelwiki.de/index.php/N_NiedrigeZähigkeit.html', NULL),
('Vorteil', 1663, 'Pech', 'http://www.ulisses-regelwiki.de/index.php/N_Pech.html', NULL),
('Vorteil', 1664, 'I', 'http://www.ulisses-regelwiki.de/index.php/N_Pech.html', 1663),
('Vorteil', 1665, 'II', 'http://www.ulisses-regelwiki.de/index.php/N_Pech.html', 1663),
('Vorteil', 1666, 'III', 'http://www.ulisses-regelwiki.de/index.php/N_Pech.html', 1663),
('Vorteil', 1667, 'Pechmagnet', 'http://www.ulisses-regelwiki.de/index.php/N_Pechmagnet.html', NULL),
('Vorteil', 1668, 'Persönlichkeitsschwäche', 'http://www.ulisses-regelwiki.de/index.php/N_Persönlichkeitsschwäche.html', NULL),
('Vorteil', 1669, 'Prinzipientreue', 'http://www.ulisses-regelwiki.de/index.php/N_Prinzipientreue.html', NULL),
('Vorteil', 1670, 'I', 'http://www.ulisses-regelwiki.de/index.php/N_Prinzipientreue.html', 1669),
('Vorteil', 1671, 'II', 'http://www.ulisses-regelwiki.de/index.php/N_Prinzipientreue.html', 1669),
('Vorteil', 1672, 'III', 'http://www.ulisses-regelwiki.de/index.php/N_Prinzipientreue.html', 1669),
('Vorteil', 1673, 'Raubtiergeruch', 'http://www.ulisses-regelwiki.de/index.php/N_Raubtiergeruch.html', NULL),
('Vorteil', 1674, 'Schlafwandler', 'http://www.ulisses-regelwiki.de/index.php/N_Schlafwandler.html', NULL),
('Vorteil', 1675, 'Schlechte Angewohnheit', 'http://www.ulisses-regelwiki.de/index.php/N_Schlechteangewohnheit.html', NULL),
('Vorteil', 1676, 'Schlechte Eigenschaft', 'http://www.ulisses-regelwiki.de/index.php/N_SchlechteEigenschaft.html', NULL),
('Vorteil', 1677, 'Schlechte Regeneration (Astralenergie)', 'http://www.ulisses-regelwiki.de/index.php/N_SchRegAsP.html', NULL),
('Vorteil', 1678, 'I', 'http://www.ulisses-regelwiki.de/index.php/N_SchRegAsP.html', 1677),
('Vorteil', 1679, 'II', 'http://www.ulisses-regelwiki.de/index.php/N_SchRegAsP.html', 1677),
('Vorteil', 1680, 'III', 'http://www.ulisses-regelwiki.de/index.php/N_SchRegAsP.html', 1677),
('Vorteil', 1681, 'Schlechte Regeneration (Karmaenergie)', 'http://www.ulisses-regelwiki.de/index.php/SchRegKaP.html', NULL),
('Vorteil', 1682, 'I', 'http://www.ulisses-regelwiki.de/index.php/SchRegKaP.html', 1681),
('Vorteil', 1683, 'II', 'http://www.ulisses-regelwiki.de/index.php/SchRegKaP.html', 1681),
('Vorteil', 1684, 'III', 'http://www.ulisses-regelwiki.de/index.php/SchRegKaP.html', 1681),
('Vorteil', 1685, 'Schlechte Regeneration (Lebensenergie)', 'http://www.ulisses-regelwiki.de/index.php/SchRegLeP.html', NULL),
('Vorteil', 1686, 'I', 'http://www.ulisses-regelwiki.de/index.php/SchRegLeP.html', 1685),
('Vorteil', 1687, 'II', 'http://www.ulisses-regelwiki.de/index.php/SchRegLeP.html', 1685),
('Vorteil', 1688, 'III', 'http://www.ulisses-regelwiki.de/index.php/SchRegLeP.html', 1685),
('Vorteil', 1689, 'Schlechtes Namensgedächtnis', 'http://www.ulisses-regelwiki.de/index.php/schlechtnamens.html', NULL),
('Vorteil', 1690, 'Schurkenname', 'http://www.ulisses-regelwiki.de/index.php/schurkenname.html', NULL),
('Vorteil', 1691, 'Schwacher Astralkörper', 'http://www.ulisses-regelwiki.de/index.php/N_SchwacherAstralkörper.html', NULL),
('Vorteil', 1692, 'Schwacher Karmalkörper', 'http://www.ulisses-regelwiki.de/index.php/N_SchwacherKarmalkörper.html', NULL),
('Vorteil', 1693, 'Schwache Zaubermelodien', 'http://www.ulisses-regelwiki.de/index.php/N_SchwacheZaubermelodien.html', NULL),
('Vorteil', 1694, 'Schwache Zaubertänze', 'http://www.ulisses-regelwiki.de/index.php/N_SchwacheZaubertaenze.html', NULL),
('Vorteil', 1695, 'Sensibler Geruchssinn (*)', 'http://www.ulisses-regelwiki.de/index.php/N_SensiblerGeruchssinn.html', NULL),
('Vorteil', 1696, 'Sprachfehler', 'http://www.ulisses-regelwiki.de/index.php/N_Sprachfehler.html', NULL),
('Vorteil', 1697, 'Stigma', 'http://www.ulisses-regelwiki.de/index.php/N_Stigma.html', NULL),
('Vorteil', 1698, 'Stumm', 'http://www.ulisses-regelwiki.de/index.php/N_Stumm.html', NULL),
('Vorteil', 1699, 'Taub', 'http://www.ulisses-regelwiki.de/index.php/N_Taub.html', NULL),
('Vorteil', 1700, 'Unfähig', 'http://www.ulisses-regelwiki.de/index.php/N_Unfähig.html', NULL),
('Vorteil', 1701, 'Fliegen', 'http://www.ulisses-regelwiki.de/index.php/N_Unfähig.html', 1700),
('Vorteil', 1702, 'Gaukeleien', 'http://www.ulisses-regelwiki.de/index.php/N_Unfähig.html', 1700),
('Vorteil', 1703, 'Klettern', 'http://www.ulisses-regelwiki.de/index.php/N_Unfähig.html', 1700),
('Vorteil', 1704, 'Körperbeherrschung', 'http://www.ulisses-regelwiki.de/index.php/N_Unfähig.html', 1700),
('Vorteil', 1705, 'Kraftakt', 'http://www.ulisses-regelwiki.de/index.php/N_Unfähig.html', 1700),
('Vorteil', 1706, 'Reiten', 'http://www.ulisses-regelwiki.de/index.php/N_Unfähig.html', 1700),
('Vorteil', 1707, 'Schwimmen', 'http://www.ulisses-regelwiki.de/index.php/N_Unfähig.html', 1700),
('Vorteil', 1708, 'Selbstbeherrschung', 'http://www.ulisses-regelwiki.de/index.php/N_Unfähig.html', 1700),
('Vorteil', 1709, 'Singen', 'http://www.ulisses-regelwiki.de/index.php/N_Unfähig.html', 1700),
('Vorteil', 1710, 'Sinnesschärfe', 'http://www.ulisses-regelwiki.de/index.php/N_Unfähig.html', 1700),
('Vorteil', 1711, 'Tanzen', 'http://www.ulisses-regelwiki.de/index.php/N_Unfähig.html', 1700),
('Vorteil', 1712, 'Taschendiebstahl', 'http://www.ulisses-regelwiki.de/index.php/N_Unfähig.html', 1700),
('Vorteil', 1713, 'Verbergen', 'http://www.ulisses-regelwiki.de/index.php/N_Unfähig.html', 1700),
('Vorteil', 1714, 'Zechen', 'http://www.ulisses-regelwiki.de/index.php/N_Unfähig.html', 1700),
('Vorteil', 1715, 'Bekehren & Überzeugen', 'http://www.ulisses-regelwiki.de/index.php/N_Unfähig.html', 1700),
('Vorteil', 1716, 'Betören', 'http://www.ulisses-regelwiki.de/index.php/N_Unfähig.html', 1700),
('Vorteil', 1717, 'Einschüchtern', 'http://www.ulisses-regelwiki.de/index.php/N_Unfähig.html', 1700),
('Vorteil', 1718, 'Etikette', 'http://www.ulisses-regelwiki.de/index.php/N_Unfähig.html', 1700),
('Vorteil', 1719, 'Gassenwissen', 'http://www.ulisses-regelwiki.de/index.php/N_Unfähig.html', 1700),
('Vorteil', 1720, 'Menschenkenntnis', 'http://www.ulisses-regelwiki.de/index.php/N_Unfähig.html', 1700),
('Vorteil', 1721, 'Überreden', 'http://www.ulisses-regelwiki.de/index.php/N_Unfähig.html', 1700),
('Vorteil', 1722, 'Verkleiden', 'http://www.ulisses-regelwiki.de/index.php/N_Unfähig.html', 1700),
('Vorteil', 1723, 'Willenskraft', 'http://www.ulisses-regelwiki.de/index.php/N_Unfähig.html', 1700),
('Vorteil', 1724, 'Fährtensuchen', 'http://www.ulisses-regelwiki.de/index.php/N_Unfähig.html', 1700),
('Vorteil', 1725, 'Fesseln', 'http://www.ulisses-regelwiki.de/index.php/N_Unfähig.html', 1700),
('Vorteil', 1726, 'Fischen & Angeln', 'http://www.ulisses-regelwiki.de/index.php/N_Unfähig.html', 1700),
('Vorteil', 1727, 'Orientierung', 'http://www.ulisses-regelwiki.de/index.php/N_Unfähig.html', 1700),
('Vorteil', 1728, 'Pflanzenkunde', 'http://www.ulisses-regelwiki.de/index.php/N_Unfähig.html', 1700),
('Vorteil', 1729, 'Tierkunde', 'http://www.ulisses-regelwiki.de/index.php/N_Unfähig.html', 1700),
('Vorteil', 1730, 'Wildnisleben', 'http://www.ulisses-regelwiki.de/index.php/N_Unfähig.html', 1700),
('Vorteil', 1731, 'Brett- & Glücksspiel', 'http://www.ulisses-regelwiki.de/index.php/N_Unfähig.html', 1700),
('Vorteil', 1732, 'Geographie', 'http://www.ulisses-regelwiki.de/index.php/N_Unfähig.html', 1700),
('Vorteil', 1733, 'Geschichtswissen', 'http://www.ulisses-regelwiki.de/index.php/N_Unfähig.html', 1700),
('Vorteil', 1734, 'Götter & Kulte', 'http://www.ulisses-regelwiki.de/index.php/N_Unfähig.html', 1700),
('Vorteil', 1735, 'Kriegskunst', 'http://www.ulisses-regelwiki.de/index.php/N_Unfähig.html', 1700),
('Vorteil', 1736, 'Magiekunde', 'http://www.ulisses-regelwiki.de/index.php/N_Unfähig.html', 1700),
('Vorteil', 1737, 'Mechanik', 'http://www.ulisses-regelwiki.de/index.php/N_Unfähig.html', 1700),
('Vorteil', 1738, 'Rechnen', 'http://www.ulisses-regelwiki.de/index.php/N_Unfähig.html', 1700),
('Vorteil', 1739, 'Rechtskunde', 'http://www.ulisses-regelwiki.de/index.php/N_Unfähig.html', 1700),
('Vorteil', 1740, 'Sagen & Legenden', 'http://www.ulisses-regelwiki.de/index.php/N_Unfähig.html', 1700),
('Vorteil', 1741, 'Sphärenkunde', 'http://www.ulisses-regelwiki.de/index.php/N_Unfähig.html', 1700),
('Vorteil', 1742, 'Sternkunde', 'http://www.ulisses-regelwiki.de/index.php/N_Unfähig.html', 1700),
('Vorteil', 1743, 'Alchimie', 'http://www.ulisses-regelwiki.de/index.php/N_Unfähig.html', 1700),
('Vorteil', 1744, 'Boote & Schiffe', 'http://www.ulisses-regelwiki.de/index.php/N_Unfähig.html', 1700),
('Vorteil', 1745, 'Fahrzeuge', 'http://www.ulisses-regelwiki.de/index.php/N_Unfähig.html', 1700),
('Vorteil', 1746, 'Handel', 'http://www.ulisses-regelwiki.de/index.php/N_Unfähig.html', 1700),
('Vorteil', 1747, 'Heilkunde Gift', 'http://www.ulisses-regelwiki.de/index.php/N_Unfähig.html', 1700),
('Vorteil', 1748, 'Heilkunde Krankheiten', 'http://www.ulisses-regelwiki.de/index.php/N_Unfähig.html', 1700),
('Vorteil', 1749, 'Heilkunde Seele', 'http://www.ulisses-regelwiki.de/index.php/N_Unfähig.html', 1700),
('Vorteil', 1750, 'Heilkunde Wunden', 'http://www.ulisses-regelwiki.de/index.php/N_Unfähig.html', 1700),
('Vorteil', 1751, 'Holzbearbeitung', 'http://www.ulisses-regelwiki.de/index.php/N_Unfähig.html', 1700),
('Vorteil', 1752, 'Lebensmittelbearbeitung', 'http://www.ulisses-regelwiki.de/index.php/N_Unfähig.html', 1700),
('Vorteil', 1753, 'Lederbearbeitung', 'http://www.ulisses-regelwiki.de/index.php/N_Unfähig.html', 1700),
('Vorteil', 1754, 'Malen & Zeichnen', 'http://www.ulisses-regelwiki.de/index.php/N_Unfähig.html', 1700),
('Vorteil', 1755, 'Metallbearbeitung', 'http://www.ulisses-regelwiki.de/index.php/N_Unfähig.html', 1700),
('Vorteil', 1756, 'Musizieren', 'http://www.ulisses-regelwiki.de/index.php/N_Unfähig.html', 1700),
('Vorteil', 1757, 'Schlösserknacken', 'http://www.ulisses-regelwiki.de/index.php/N_Unfähig.html', 1700),
('Vorteil', 1758, 'Steinbearbeitung', 'http://www.ulisses-regelwiki.de/index.php/N_Unfähig.html', 1700),
('Vorteil', 1759, 'Stoffbearbeitung', 'http://www.ulisses-regelwiki.de/index.php/N_Unfähig.html', 1700),
('Vorteil', 1760, 'Bann der Dunkelheit', 'http://www.ulisses-regelwiki.de/index.php/N_Unfähig.html', 1700),
('Vorteil', 1761, 'Bann der Furcht', 'http://www.ulisses-regelwiki.de/index.php/N_Unfähig.html', 1700),
('Vorteil', 1762, 'Bann des Lichts', 'http://www.ulisses-regelwiki.de/index.php/N_Unfähig.html', 1700),
('Vorteil', 1763, 'Blendstrahl', 'http://www.ulisses-regelwiki.de/index.php/N_Unfähig.html', 1700),
('Vorteil', 1764, 'Des Einen bezaubernder Sphärenklang', 'http://www.ulisses-regelwiki.de/index.php/N_Unfähig.html', 1700),
('Vorteil', 1765, 'Ehrenhaftigkeit', 'http://www.ulisses-regelwiki.de/index.php/N_Unfähig.html', 1700),
('Vorteil', 1766, 'Entzifferung', 'http://www.ulisses-regelwiki.de/index.php/N_Unfähig.html', 1700),
('Vorteil', 1767, 'Ermutigung', 'http://www.ulisses-regelwiki.de/index.php/N_Unfähig.html', 1700),
('Vorteil', 1768, 'Fall ins Nichts', 'http://www.ulisses-regelwiki.de/index.php/N_Unfähig.html', 1700),
('Vorteil', 1769, 'Friedvolle Aura', 'http://www.ulisses-regelwiki.de/index.php/N_Unfähig.html', 1700),
('Vorteil', 1770, 'Giftbann', 'http://www.ulisses-regelwiki.de/index.php/N_Unfähig.html', 1700),
('Vorteil', 1771, 'Göttlicher Fingerzeig', 'http://www.ulisses-regelwiki.de/index.php/N_Unfähig.html', 1700),
('Vorteil', 1772, 'Göttliches Zeichen', 'http://www.ulisses-regelwiki.de/index.php/N_Unfähig.html', 1700),
('Vorteil', 1773, 'Heilsegen', 'http://www.ulisses-regelwiki.de/index.php/N_Unfähig.html', 1700),
('Vorteil', 1774, 'Herbeirufung der Heerscharen des Rattenkindes', 'http://www.ulisses-regelwiki.de/index.php/N_Unfähig.html', 1700),
('Vorteil', 1775, 'Kleiner Bann wider Untote', 'http://www.ulisses-regelwiki.de/index.php/N_Unfähig.html', 1700),
('Vorteil', 1776, 'Kleiner Bannstrahl', 'http://www.ulisses-regelwiki.de/index.php/N_Unfähig.html', 1700),
('Vorteil', 1777, 'Krankheitsbann', 'http://www.ulisses-regelwiki.de/index.php/N_Unfähig.html', 1700),
('Vorteil', 1778, 'Lautlos', 'http://www.ulisses-regelwiki.de/index.php/N_Unfähig.html', 1700),
('Vorteil', 1779, 'Magieschutz', 'http://www.ulisses-regelwiki.de/index.php/N_Unfähig.html', 1700),
('Vorteil', 1780, 'Magiesicht', 'http://www.ulisses-regelwiki.de/index.php/N_Unfähig.html', 1700),
('Vorteil', 1781, 'Mondsicht', 'http://www.ulisses-regelwiki.de/index.php/N_Unfähig.html', 1700),
('Vorteil', 1782, 'Mondsilberzunge', 'http://www.ulisses-regelwiki.de/index.php/N_Unfähig.html', 1700),
('Vorteil', 1783, 'Namenlose Kälte', 'http://www.ulisses-regelwiki.de/index.php/N_Unfähig.html', 1700),
('Vorteil', 1784, 'Namenlose Raserei', 'http://www.ulisses-regelwiki.de/index.php/N_Unfähig.html', 1700),
('Vorteil', 1785, 'Namenlose Zweifel', 'http://www.ulisses-regelwiki.de/index.php/N_Unfähig.html', 1700),
('Vorteil', 1786, 'Namenloses Vergessen', 'http://www.ulisses-regelwiki.de/index.php/N_Unfähig.html', 1700),
('Vorteil', 1787, 'Objektsegen', 'http://www.ulisses-regelwiki.de/index.php/N_Unfähig.html', 1700),
('Vorteil', 1788, 'Ort der Ruhe', 'http://www.ulisses-regelwiki.de/index.php/N_Unfähig.html', 1700),
('Vorteil', 1789, 'Pech-und-Schwefel-Strahl', 'http://www.ulisses-regelwiki.de/index.php/N_Unfähig.html', 1700),
('Vorteil', 1790, 'Pflanzenwuchs', 'http://www.ulisses-regelwiki.de/index.php/N_Unfähig.html', 1700),
('Vorteil', 1791, 'Rabenruf', 'http://www.ulisses-regelwiki.de/index.php/N_Unfähig.html', 1700),
('Vorteil', 1792, 'Schlaf', 'http://www.ulisses-regelwiki.de/index.php/N_Unfähig.html', 1700),
('Vorteil', 1793, 'Schlangenstab', 'http://www.ulisses-regelwiki.de/index.php/N_Unfähig.html', 1700),
('Vorteil', 1794, 'Schlangenzunge', 'http://www.ulisses-regelwiki.de/index.php/N_Unfähig.html', 1700),
('Vorteil', 1795, 'Schmerzresistenz', 'http://www.ulisses-regelwiki.de/index.php/N_Unfähig.html', 1700),
('Vorteil', 1796, 'Schutz der Wehrlosen', 'http://www.ulisses-regelwiki.de/index.php/N_Unfähig.html', 1700),
('Vorteil', 1797, 'Sternenglanz', 'http://www.ulisses-regelwiki.de/index.php/N_Unfähig.html', 1700),
('Vorteil', 1798, 'Wahrheit', 'http://www.ulisses-regelwiki.de/index.php/N_Unfähig.html', 1700),
('Vorteil', 1799, 'Wieselflink', 'http://www.ulisses-regelwiki.de/index.php/N_Unfähig.html', 1700),
('Vorteil', 1800, 'Wundersame Verständigung', 'http://www.ulisses-regelwiki.de/index.php/N_Unfähig.html', 1700),
('Vorteil', 1801, 'Ablativum', 'http://www.ulisses-regelwiki.de/index.php/N_Unfähig.html', 1700),
('Vorteil', 1802, 'Abvenenum', 'http://www.ulisses-regelwiki.de/index.php/N_Unfähig.html', 1700),
('Vorteil', 1803, 'Adlerauge', 'http://www.ulisses-regelwiki.de/index.php/N_Unfähig.html', 1700),
('Vorteil', 1804, 'Adlerschwinge', 'http://www.ulisses-regelwiki.de/index.php/N_Unfähig.html', 1700),
('Vorteil', 1805, 'Aeolito', 'http://www.ulisses-regelwiki.de/index.php/N_Unfähig.html', 1700),
('Vorteil', 1806, 'Alpgestalt', 'http://www.ulisses-regelwiki.de/index.php/N_Unfähig.html', 1700),
('Vorteil', 1807, 'Altisonus', 'http://www.ulisses-regelwiki.de/index.php/N_Unfähig.html', 1700),
('Vorteil', 1808, 'Analys Arkanstruktur', 'http://www.ulisses-regelwiki.de/index.php/N_Unfähig.html', 1700),
('Vorteil', 1809, 'Angst auslösen', 'http://www.ulisses-regelwiki.de/index.php/N_Unfähig.html', 1700),
('Vorteil', 1810, 'Ängste lindern', 'http://www.ulisses-regelwiki.de/index.php/N_Unfähig.html', 1700),
('Vorteil', 1811, 'Archofaxius', 'http://www.ulisses-regelwiki.de/index.php/N_Unfähig.html', 1700),
('Vorteil', 1812, 'Archosphaero', 'http://www.ulisses-regelwiki.de/index.php/N_Unfähig.html', 1700),
('Vorteil', 1813, 'Aromatis Illusionis', 'http://www.ulisses-regelwiki.de/index.php/N_Unfähig.html', 1700),
('Vorteil', 1814, 'Armatrutz', 'http://www.ulisses-regelwiki.de/index.php/N_Unfähig.html', 1700),
('Vorteil', 1815, 'Atemnot', 'http://www.ulisses-regelwiki.de/index.php/N_Unfähig.html', 1700),
('Vorteil', 1816, 'Attributo (Charisma)', 'http://www.ulisses-regelwiki.de/index.php/N_Unfähig.html', 1700),
('Vorteil', 1817, 'Attributo (Fingerfertigkeit)', 'http://www.ulisses-regelwiki.de/index.php/N_Unfähig.html', 1700),
('Vorteil', 1818, 'Attributo (Klugheit)', 'http://www.ulisses-regelwiki.de/index.php/N_Unfähig.html', 1700),
('Vorteil', 1819, 'Attributo (Körperkraft)', 'http://www.ulisses-regelwiki.de/index.php/N_Unfähig.html', 1700),
('Vorteil', 1820, 'Aufwecken', 'http://www.ulisses-regelwiki.de/index.php/N_Unfähig.html', 1700),
('Vorteil', 1821, 'Auge des Limbus', 'http://www.ulisses-regelwiki.de/index.php/N_Unfähig.html', 1700),
('Vorteil', 1822, 'Aureolus', 'http://www.ulisses-regelwiki.de/index.php/N_Unfähig.html', 1700),
('Vorteil', 1823, 'Auris Illusionis', 'http://www.ulisses-regelwiki.de/index.php/N_Unfähig.html', 1700),
('Vorteil', 1824, 'Axxeleratus', 'http://www.ulisses-regelwiki.de/index.php/N_Unfähig.html', 1700),
('Vorteil', 1825, 'Balsam Salabunde', 'http://www.ulisses-regelwiki.de/index.php/N_Unfähig.html', 1700),
('Vorteil', 1826, 'Bannbaladin', 'http://www.ulisses-regelwiki.de/index.php/N_Unfähig.html', 1700),
('Vorteil', 1827, 'Band und Fessel', 'http://www.ulisses-regelwiki.de/index.php/N_Unfähig.html', 1700),
('Vorteil', 1828, 'Blick aufs Wesen', 'http://www.ulisses-regelwiki.de/index.php/N_Unfähig.html', 1700),
('Vorteil', 1829, 'Blick in die Gedanken', 'http://www.ulisses-regelwiki.de/index.php/N_Unfähig.html', 1700),
('Vorteil', 1830, 'Blindheit', 'http://www.ulisses-regelwiki.de/index.php/N_Unfähig.html', 1700),
('Vorteil', 1831, 'Blitz dich find', 'http://www.ulisses-regelwiki.de/index.php/N_Unfähig.html', 1700),
('Vorteil', 1832, 'Chamaelioni', 'http://www.ulisses-regelwiki.de/index.php/N_Unfähig.html', 1700),
('Vorteil', 1833, 'Claudibus', 'http://www.ulisses-regelwiki.de/index.php/N_Unfähig.html', 1700),
('Vorteil', 1834, 'Corpofesso', 'http://www.ulisses-regelwiki.de/index.php/N_Unfähig.html', 1700),
('Vorteil', 1835, 'Corpofrigo', 'http://www.ulisses-regelwiki.de/index.php/N_Unfähig.html', 1700),
('Vorteil', 1836, 'Dämonenbann', 'http://www.ulisses-regelwiki.de/index.php/N_Unfähig.html', 1700),
('Vorteil', 1837, 'Dämonenschild', 'http://www.ulisses-regelwiki.de/index.php/N_Unfähig.html', 1700),
('Vorteil', 1838, 'Debilitatio', 'http://www.ulisses-regelwiki.de/index.php/N_Unfähig.html', 1700),
('Vorteil', 1839, 'Desintegratus', 'http://www.ulisses-regelwiki.de/index.php/N_Unfähig.html', 1700),
('Vorteil', 1840, 'Disruptivo', 'http://www.ulisses-regelwiki.de/index.php/N_Unfähig.html', 1700),
('Vorteil', 1841, 'Dunkelheit', 'http://www.ulisses-regelwiki.de/index.php/N_Unfähig.html', 1700),
('Vorteil', 1842, 'Duplicatus', 'http://www.ulisses-regelwiki.de/index.php/N_Unfähig.html', 1700),
('Vorteil', 1843, 'Ecliptifactus', 'http://www.ulisses-regelwiki.de/index.php/N_Unfähig.html', 1700),
('Vorteil', 1844, 'Einflussbann', 'http://www.ulisses-regelwiki.de/index.php/N_Unfähig.html', 1700),
('Vorteil', 1845, 'Eigne Ängste', 'http://www.ulisses-regelwiki.de/index.php/N_Unfähig.html', 1700),
('Vorteil', 1846, 'Eisenrost', 'http://www.ulisses-regelwiki.de/index.php/N_Unfähig.html', 1700),
('Vorteil', 1847, 'Elementarbann', 'http://www.ulisses-regelwiki.de/index.php/N_Unfähig.html', 1700),
('Vorteil', 1848, 'Elfenstimme', 'http://www.ulisses-regelwiki.de/index.php/N_Unfähig.html', 1700),
('Vorteil', 1849, 'Erinnerung verlasse dich', 'http://www.ulisses-regelwiki.de/index.php/N_Unfähig.html', 1700),
('Vorteil', 1850, 'Exposami', 'http://www.ulisses-regelwiki.de/index.php/N_Unfähig.html', 1700),
('Vorteil', 1851, 'Falkenauge', 'http://www.ulisses-regelwiki.de/index.php/N_Unfähig.html', 1700),
('Vorteil', 1852, 'Favilludo', 'http://www.ulisses-regelwiki.de/index.php/N_Unfähig.html', 1700),
('Vorteil', 1853, 'Firnlauf', 'http://www.ulisses-regelwiki.de/index.php/N_Unfähig.html', 1700),
('Vorteil', 1854, 'Fischflosse', 'http://www.ulisses-regelwiki.de/index.php/N_Unfähig.html', 1700),
('Vorteil', 1855, 'Flim Flam', 'http://www.ulisses-regelwiki.de/index.php/N_Unfähig.html', 1700),
('Vorteil', 1856, 'Foramen', 'http://www.ulisses-regelwiki.de/index.php/N_Unfähig.html', 1700),
('Vorteil', 1857, 'Fortifex', 'http://www.ulisses-regelwiki.de/index.php/N_Unfähig.html', 1700),
('Vorteil', 1858, 'Fulminictus', 'http://www.ulisses-regelwiki.de/index.php/N_Unfähig.html', 1700),
('Vorteil', 1859, 'Gardianum', 'http://www.ulisses-regelwiki.de/index.php/N_Unfähig.html', 1700),
('Vorteil', 1860, 'Gedankenbilder', 'http://www.ulisses-regelwiki.de/index.php/N_Unfähig.html', 1700),
('Vorteil', 1861, 'Gefunden', 'http://www.ulisses-regelwiki.de/index.php/N_Unfähig.html', 1700),
('Vorteil', 1862, 'Gletscherform', 'http://www.ulisses-regelwiki.de/index.php/N_Unfähig.html', 1700),
('Vorteil', 1863, 'Große Gier', 'http://www.ulisses-regelwiki.de/index.php/N_Unfähig.html', 1700),
('Vorteil', 1864, 'Große Verwirrung', 'http://www.ulisses-regelwiki.de/index.php/N_Unfähig.html', 1700),
('Vorteil', 1865, 'Harmlose Gestalt', 'http://www.ulisses-regelwiki.de/index.php/N_Unfähig.html', 1700),
('Vorteil', 1866, 'Haselbusch', 'http://www.ulisses-regelwiki.de/index.php/N_Unfähig.html', 1700),
('Vorteil', 1867, 'Heilungsbann', 'http://www.ulisses-regelwiki.de/index.php/N_Unfähig.html', 1700),
('Vorteil', 1868, 'Hellsichtbann', 'http://www.ulisses-regelwiki.de/index.php/N_Unfähig.html', 1700),
('Vorteil', 1869, 'Herr über das Tierreich', 'http://www.ulisses-regelwiki.de/index.php/N_Unfähig.html', 1700),
('Vorteil', 1870, 'Heptagramma', 'http://www.ulisses-regelwiki.de/index.php/N_Unfähig.html', 1700),
('Vorteil', 1871, 'Herzschlag ruhe', 'http://www.ulisses-regelwiki.de/index.php/N_Unfähig.html', 1700),
('Vorteil', 1872, 'Hexagramma', 'http://www.ulisses-regelwiki.de/index.php/N_Unfähig.html', 1700),
('Vorteil', 1873, 'Hexenholz', 'http://www.ulisses-regelwiki.de/index.php/N_Unfähig.html', 1700),
('Vorteil', 1874, 'Hexengalle', 'http://www.ulisses-regelwiki.de/index.php/N_Unfähig.html', 1700),
('Vorteil', 1875, 'Hexenknoten', 'http://www.ulisses-regelwiki.de/index.php/N_Unfähig.html', 1700),
('Vorteil', 1876, 'Hexenkrallen', 'http://www.ulisses-regelwiki.de/index.php/N_Unfähig.html', 1700),
('Vorteil', 1877, 'Höllenpein', 'http://www.ulisses-regelwiki.de/index.php/N_Unfähig.html', 1700),
('Vorteil', 1878, 'Horriphobus', 'http://www.ulisses-regelwiki.de/index.php/N_Unfähig.html', 1700),
('Vorteil', 1879, 'Ignifaxius', 'http://www.ulisses-regelwiki.de/index.php/N_Unfähig.html', 1700),
('Vorteil', 1880, 'Ignisphaero', 'http://www.ulisses-regelwiki.de/index.php/N_Unfähig.html', 1700),
('Vorteil', 1881, 'Ignorantia', 'http://www.ulisses-regelwiki.de/index.php/N_Unfähig.html', 1700),
('Vorteil', 1882, 'Illusionsbann', 'http://www.ulisses-regelwiki.de/index.php/N_Unfähig.html', 1700),
('Vorteil', 1883, 'Imperavi', 'http://www.ulisses-regelwiki.de/index.php/N_Unfähig.html', 1700),
('Vorteil', 1884, 'Impersona', 'http://www.ulisses-regelwiki.de/index.php/N_Unfähig.html', 1700),
('Vorteil', 1885, 'Incendio', 'http://www.ulisses-regelwiki.de/index.php/N_Unfähig.html', 1700),
('Vorteil', 1886, 'Invercano', 'http://www.ulisses-regelwiki.de/index.php/N_Unfähig.html', 1700),
('Vorteil', 1887, 'Invocatio Minima', 'http://www.ulisses-regelwiki.de/index.php/N_Unfähig.html', 1700),
('Vorteil', 1888, 'Karnifilo', 'http://www.ulisses-regelwiki.de/index.php/N_Unfähig.html', 1700),
('Vorteil', 1889, 'Katzenaugen', 'http://www.ulisses-regelwiki.de/index.php/N_Unfähig.html', 1700),
('Vorteil', 1890, 'Klarum Purum', 'http://www.ulisses-regelwiki.de/index.php/N_Unfähig.html', 1700),
('Vorteil', 1891, 'Krötensprung', 'http://www.ulisses-regelwiki.de/index.php/N_Unfähig.html', 1700),
('Vorteil', 1892, 'Kusch', 'http://www.ulisses-regelwiki.de/index.php/N_Unfähig.html', 1700),
('Vorteil', 1893, 'Last des Alters', 'http://www.ulisses-regelwiki.de/index.php/N_Unfähig.html', 1700),
('Vorteil', 1894, 'Lunge des Leviatan', 'http://www.ulisses-regelwiki.de/index.php/N_Unfähig.html', 1700),
('Vorteil', 1895, 'Manifesto', 'http://www.ulisses-regelwiki.de/index.php/N_Unfähig.html', 1700),
('Vorteil', 1896, 'Manus Illusionis', 'http://www.ulisses-regelwiki.de/index.php/N_Unfähig.html', 1700),
('Vorteil', 1897, 'Manus Miracula', 'http://www.ulisses-regelwiki.de/index.php/N_Unfähig.html', 1700),
('Vorteil', 1898, 'Memorans', 'http://www.ulisses-regelwiki.de/index.php/N_Unfähig.html', 1700),
('Vorteil', 1899, 'Menetekel', 'http://www.ulisses-regelwiki.de/index.php/N_Unfähig.html', 1700),
('Vorteil', 1900, 'Motoricus', 'http://www.ulisses-regelwiki.de/index.php/N_Unfähig.html', 1700),
('Vorteil', 1901, 'Nebelwand', 'http://www.ulisses-regelwiki.de/index.php/N_Unfähig.html', 1700),
('Vorteil', 1902, 'Nuntiovolo', 'http://www.ulisses-regelwiki.de/index.php/N_Unfähig.html', 1700),
('Vorteil', 1903, 'Objectobscuro', 'http://www.ulisses-regelwiki.de/index.php/N_Unfähig.html', 1700),
('Vorteil', 1904, 'Objectofixo', 'http://www.ulisses-regelwiki.de/index.php/N_Unfähig.html', 1700),
('Vorteil', 1905, 'Objektbann', 'http://www.ulisses-regelwiki.de/index.php/N_Unfähig.html', 1700),
('Vorteil', 1906, 'Oculus Astralis', 'http://www.ulisses-regelwiki.de/index.php/N_Unfähig.html', 1700),
('Vorteil', 1907, 'Oculus Illusionis', 'http://www.ulisses-regelwiki.de/index.php/N_Unfähig.html', 1700),
('Vorteil', 1908, 'Odem Arcanum', 'http://www.ulisses-regelwiki.de/index.php/N_Unfähig.html', 1700),
('Vorteil', 1909, 'Orcanofaxius', 'http://www.ulisses-regelwiki.de/index.php/N_Unfähig.html', 1700),
('Vorteil', 1910, 'Orcanosphaero', 'http://www.ulisses-regelwiki.de/index.php/N_Unfähig.html', 1700),
('Vorteil', 1911, 'Paralysis', 'http://www.ulisses-regelwiki.de/index.php/N_Unfähig.html', 1700),
('Vorteil', 1912, 'Penetrizzel', 'http://www.ulisses-regelwiki.de/index.php/N_Unfähig.html', 1700),
('Vorteil', 1913, 'Pentagramma', 'http://www.ulisses-regelwiki.de/index.php/N_Unfähig.html', 1700),
('Vorteil', 1914, 'Pestilenz erspüren', 'http://www.ulisses-regelwiki.de/index.php/N_Unfähig.html', 1700),
('Vorteil', 1915, 'Physiostabilis', 'http://www.ulisses-regelwiki.de/index.php/N_Unfähig.html', 1700),
('Vorteil', 1916, 'Plumbumbarum', 'http://www.ulisses-regelwiki.de/index.php/N_Unfähig.html', 1700);
INSERT INTO `property` (`type`, `id`, `name`, `wiki_url`, `subcategory_of_id`) VALUES
('Vorteil', 1917, 'Projectimago', 'http://www.ulisses-regelwiki.de/index.php/N_Unfähig.html', 1700),
('Vorteil', 1918, 'Psychostabilis', 'http://www.ulisses-regelwiki.de/index.php/N_Unfähig.html', 1700),
('Vorteil', 1919, 'Radau', 'http://www.ulisses-regelwiki.de/index.php/N_Unfähig.html', 1700),
('Vorteil', 1920, 'Reflectimago', 'http://www.ulisses-regelwiki.de/index.php/N_Unfähig.html', 1700),
('Vorteil', 1921, 'Regeneratio', 'http://www.ulisses-regelwiki.de/index.php/N_Unfähig.html', 1700),
('Vorteil', 1922, 'Respondami', 'http://www.ulisses-regelwiki.de/index.php/N_Unfähig.html', 1700),
('Vorteil', 1923, 'Salander', 'http://www.ulisses-regelwiki.de/index.php/N_Unfähig.html', 1700),
('Vorteil', 1924, 'Sanftmut', 'http://www.ulisses-regelwiki.de/index.php/N_Unfähig.html', 1700),
('Vorteil', 1925, 'Sapefacta', 'http://www.ulisses-regelwiki.de/index.php/N_Unfähig.html', 1700),
('Vorteil', 1926, 'Satuarias Herrlichkeit', 'http://www.ulisses-regelwiki.de/index.php/N_Unfähig.html', 1700),
('Vorteil', 1927, 'Schlangenruf', 'http://www.ulisses-regelwiki.de/index.php/N_Unfähig.html', 1700),
('Vorteil', 1928, 'Schmerzen lindern', 'http://www.ulisses-regelwiki.de/index.php/N_Unfähig.html', 1700),
('Vorteil', 1929, 'Schwarzer Schrecken', 'http://www.ulisses-regelwiki.de/index.php/N_Unfähig.html', 1700),
('Vorteil', 1930, 'Schwarz und Rot', 'http://www.ulisses-regelwiki.de/index.php/N_Unfähig.html', 1700),
('Vorteil', 1931, 'Sensibar', 'http://www.ulisses-regelwiki.de/index.php/N_Unfähig.html', 1700),
('Vorteil', 1932, 'Silentium', 'http://www.ulisses-regelwiki.de/index.php/N_Unfähig.html', 1700),
('Vorteil', 1933, 'Skelettarius', 'http://www.ulisses-regelwiki.de/index.php/N_Unfähig.html', 1700),
('Vorteil', 1934, 'Zaubererweiterungen', 'http://www.ulisses-regelwiki.de/index.php/N_Unfähig.html', 1700),
('Vorteil', 1935, 'Somnigravis', 'http://www.ulisses-regelwiki.de/index.php/N_Unfähig.html', 1700),
('Vorteil', 1936, 'Spinnenlauf', 'http://www.ulisses-regelwiki.de/index.php/N_Unfähig.html', 1700),
('Vorteil', 1937, 'Spurlos', 'http://www.ulisses-regelwiki.de/index.php/N_Unfähig.html', 1700),
('Vorteil', 1938, 'Stillstand', 'http://www.ulisses-regelwiki.de/index.php/N_Unfähig.html', 1700),
('Vorteil', 1939, 'Sumus Elixiere', 'http://www.ulisses-regelwiki.de/index.php/N_Unfähig.html', 1700),
('Vorteil', 1940, 'Taubheit', 'http://www.ulisses-regelwiki.de/index.php/N_Unfähig.html', 1700),
('Vorteil', 1941, 'Telekinesebann', 'http://www.ulisses-regelwiki.de/index.php/N_Unfähig.html', 1700),
('Vorteil', 1942, 'Tiergedanken', 'http://www.ulisses-regelwiki.de/index.php/N_Unfähig.html', 1700),
('Vorteil', 1943, 'Transversalis', 'http://www.ulisses-regelwiki.de/index.php/N_Unfähig.html', 1700),
('Vorteil', 1944, 'Verwandlungsbann', 'http://www.ulisses-regelwiki.de/index.php/N_Unfähig.html', 1700),
('Vorteil', 1945, 'Vipernblick', 'http://www.ulisses-regelwiki.de/index.php/N_Unfähig.html', 1700),
('Vorteil', 1946, 'Visibili', 'http://www.ulisses-regelwiki.de/index.php/N_Unfähig.html', 1700),
('Vorteil', 1947, 'Vogelzwitschern', 'http://www.ulisses-regelwiki.de/index.php/N_Unfähig.html', 1700),
('Vorteil', 1948, 'Wasseratem', 'http://www.ulisses-regelwiki.de/index.php/N_Unfähig.html', 1700),
('Vorteil', 1949, 'Wolfstatze', 'http://www.ulisses-regelwiki.de/index.php/N_Unfähig.html', 1700),
('Vorteil', 1950, 'Zunge betäuben', 'http://www.ulisses-regelwiki.de/index.php/N_Unfähig.html', 1700),
('Vorteil', 1951, 'Zwingtanz', 'http://www.ulisses-regelwiki.de/index.php/N_Unfähig.html', 1700),
('Vorteil', 1952, 'Accuratum', 'http://www.ulisses-regelwiki.de/index.php/N_Unfähig.html', 1700),
('Vorteil', 1953, 'Arcanovi', 'http://www.ulisses-regelwiki.de/index.php/N_Unfähig.html', 1700),
('Vorteil', 1954, 'Aufmerksamer Wächter', 'http://www.ulisses-regelwiki.de/index.php/N_Unfähig.html', 1700),
('Vorteil', 1955, 'Caldofrigo', 'http://www.ulisses-regelwiki.de/index.php/N_Unfähig.html', 1700),
('Vorteil', 1956, 'Dschinnenruf', 'http://www.ulisses-regelwiki.de/index.php/N_Unfähig.html', 1700),
('Vorteil', 1957, 'Elementarer Diener', 'http://www.ulisses-regelwiki.de/index.php/N_Unfähig.html', 1700),
('Vorteil', 1958, 'Hagelschlag und Sturmgebrüll', 'http://www.ulisses-regelwiki.de/index.php/N_Unfähig.html', 1700),
('Vorteil', 1959, 'Hartes schmelze', 'http://www.ulisses-regelwiki.de/index.php/N_Unfähig.html', 1700),
('Vorteil', 1960, 'Invovatio maior', 'http://www.ulisses-regelwiki.de/index.php/N_Unfähig.html', 1700),
('Vorteil', 1961, 'Invocatio Minor', 'http://www.ulisses-regelwiki.de/index.php/N_Unfähig.html', 1700),
('Vorteil', 1962, 'Leidensbund', 'http://www.ulisses-regelwiki.de/index.php/N_Unfähig.html', 1700),
('Vorteil', 1963, 'Magischer Raub', 'http://www.ulisses-regelwiki.de/index.php/N_Unfähig.html', 1700),
('Vorteil', 1964, 'Memorabia Falsifir', 'http://www.ulisses-regelwiki.de/index.php/N_Unfähig.html', 1700),
('Vorteil', 1965, 'Movimento', 'http://www.ulisses-regelwiki.de/index.php/N_Unfähig.html', 1700),
('Vorteil', 1966, 'Nihilogravo', 'http://www.ulisses-regelwiki.de/index.php/N_Unfähig.html', 1700),
('Vorteil', 1967, 'Orvai Kurims Kriegstrommel', 'http://www.ulisses-regelwiki.de/index.php/N_Unfähig.html', 1700),
('Vorteil', 1968, 'Ruf des Bienenstocks', 'http://www.ulisses-regelwiki.de/index.php/N_Unfähig.html', 1700),
('Vorteil', 1969, 'Ruhe Körper', 'http://www.ulisses-regelwiki.de/index.php/N_Unfähig.html', 1700),
('Vorteil', 1970, 'Traumgestalt', 'http://www.ulisses-regelwiki.de/index.php/N_Unfähig.html', 1700),
('Vorteil', 1971, 'Unberührt von Satinav', 'http://www.ulisses-regelwiki.de/index.php/N_Unfähig.html', 1700),
('Vorteil', 1972, 'Widerwille', 'http://www.ulisses-regelwiki.de/index.php/N_Unfähig.html', 1700),
('Vorteil', 1973, 'Wirbelform', 'http://www.ulisses-regelwiki.de/index.php/N_Unfähig.html', 1700),
('Vorteil', 1974, 'Xenographus', 'http://www.ulisses-regelwiki.de/index.php/N_Unfähig.html', 1700),
('Vorteil', 1975, 'Zauberklinge Geisterspeer', 'http://www.ulisses-regelwiki.de/index.php/N_Unfähig.html', 1700),
('Vorteil', 1976, 'Ackersegen', 'http://www.ulisses-regelwiki.de/index.php/N_Unfähig.html', 1700),
('Vorteil', 1977, 'Empfängnis des Korsmals', 'http://www.ulisses-regelwiki.de/index.php/N_Unfähig.html', 1700),
('Vorteil', 1978, 'Exorzismus', 'http://www.ulisses-regelwiki.de/index.php/N_Unfähig.html', 1700),
('Vorteil', 1979, 'Geweihter Panzer', 'http://www.ulisses-regelwiki.de/index.php/N_Unfähig.html', 1700),
('Vorteil', 1980, 'Löwengestalt', 'http://www.ulisses-regelwiki.de/index.php/N_Unfähig.html', 1700),
('Vorteil', 1981, 'Nebelleib', 'http://www.ulisses-regelwiki.de/index.php/N_Unfähig.html', 1700),
('Vorteil', 1982, 'Objektweihe', 'http://www.ulisses-regelwiki.de/index.php/N_Unfähig.html', 1700),
('Vorteil', 1983, 'Unfrei', 'http://www.ulisses-regelwiki.de/index.php/N_Unfrei.html', NULL),
('Vorteil', 1984, 'Unpassender Name', 'http://www.ulisses-regelwiki.de/index.php/unpass.html', NULL),
('Vorteil', 1985, 'Verminderte Zaubermelodien', 'http://www.ulisses-regelwiki.de/index.php/N_VerminderteZaubermelodienI-III.html', NULL),
('Vorteil', 1986, 'I', 'http://www.ulisses-regelwiki.de/index.php/N_VerminderteZaubermelodienI-III.html', 1985),
('Vorteil', 1987, 'II', 'http://www.ulisses-regelwiki.de/index.php/N_VerminderteZaubermelodienI-III.html', 1985),
('Vorteil', 1988, 'III', 'http://www.ulisses-regelwiki.de/index.php/N_VerminderteZaubermelodienI-III.html', 1985),
('Vorteil', 1989, 'Verminderte Zaubertänze', 'http://www.ulisses-regelwiki.de/index.php/N_VerminderteZaubertaenzeI-III.html', NULL),
('Vorteil', 1990, 'I', 'http://www.ulisses-regelwiki.de/index.php/N_VerminderteZaubertaenzeI-III.html', 1989),
('Vorteil', 1991, 'II', 'http://www.ulisses-regelwiki.de/index.php/N_VerminderteZaubertaenzeI-III.html', 1989),
('Vorteil', 1992, 'III', 'http://www.ulisses-regelwiki.de/index.php/N_VerminderteZaubertaenzeI-III.html', 1989),
('Vorteil', 1993, 'Verpflichtungen', 'http://www.ulisses-regelwiki.de/index.php/N_Verpflichtungen.html', NULL),
('Vorteil', 1994, 'I', 'http://www.ulisses-regelwiki.de/index.php/N_Verpflichtungen.html', 1993),
('Vorteil', 1995, 'II', 'http://www.ulisses-regelwiki.de/index.php/N_Verpflichtungen.html', 1993),
('Vorteil', 1996, 'III', 'http://www.ulisses-regelwiki.de/index.php/N_Verpflichtungen.html', 1993),
('Vorteil', 1997, 'Verstümmelt', 'http://www.ulisses-regelwiki.de/index.php/N_Verstümmelt.html', NULL),
('Vorteil', 1998, 'Verweichlicht', 'http://www.ulisses-regelwiki.de/index.php/Verweich.html', NULL),
('Vorteil', 1999, 'Wahrer Name', 'http://www.ulisses-regelwiki.de/index.php/N_WahrerName.html', NULL),
('Vorteil', 2000, 'Wilde Magie', 'http://www.ulisses-regelwiki.de/index.php/N_WildeMagie.html', NULL),
('Vorteil', 2001, 'Zauberanfällig', 'http://www.ulisses-regelwiki.de/index.php/N_Zauberanfällig.html', NULL),
('Vorteil', 2002, 'I', 'http://www.ulisses-regelwiki.de/index.php/N_Zauberanfällig.html', 2001),
('Vorteil', 2003, 'II', 'http://www.ulisses-regelwiki.de/index.php/N_Zauberanfällig.html', 2001),
('Vorteil', 2004, 'Zerbrechlich', 'http://www.ulisses-regelwiki.de/index.php/N_Zerbrechlich.html', NULL),
('Spezies', 2005, 'Mensch', 'http://www.ulisses-regelwiki.de/index.php/Spez_Menschen.html', NULL),
('Spezies', 2006, 'Halbelf', 'http://www.ulisses-regelwiki.de/index.php/Spez_Halbelfen.html', NULL),
('Spezies', 2007, 'Zwerg', 'http://www.ulisses-regelwiki.de/index.php/Spez_Zwerge.html', NULL),
('Spezies', 2008, 'Elf', 'http://www.ulisses-regelwiki.de/index.php/Spez_Elfen.html', NULL);

--
-- Daten für Tabelle `property_publication`
--

INSERT INTO `property_publication` (`property_id`, `publication_id`) VALUES
(68, 1),
(69, 2),
(70, 1),
(71, 3),
(72, 4),
(73, 5),
(73, 3),
(74, 1),
(75, 6),
(76, 6),
(77, 6),
(78, 6),
(79, 6),
(80, 5),
(80, 3),
(81, 6),
(82, 7),
(83, 7),
(84, 7),
(85, 7),
(86, 7),
(87, 8),
(88, 8),
(89, 8),
(90, 8),
(91, 9),
(92, 10),
(93, 10),
(94, 10),
(95, 10),
(96, 10),
(97, 10),
(98, 11),
(99, 11),
(100, 11),
(101, 9),
(102, 12),
(103, 12),
(104, 12),
(105, 12),
(106, 13),
(107, 13),
(108, 13),
(109, 13),
(110, 14),
(111, 15),
(112, 16),
(112, 14),
(113, 9),
(113, 14),
(114, 13),
(115, 17),
(116, 18),
(116, 14),
(117, 17),
(118, 17),
(119, 17),
(120, 17),
(121, 19),
(122, 19),
(123, 19),
(124, 19),
(125, 20),
(126, 20),
(127, 19),
(129, 21),
(130, 22),
(131, 23),
(132, 21),
(133, 21),
(136, 21),
(137, 21),
(142, 23),
(143, 24),
(144, 25),
(146, 26),
(151, 27),
(152, 28),
(153, 28),
(154, 28),
(155, 28),
(156, 28),
(157, 28),
(158, 28),
(159, 28),
(160, 28),
(161, 29),
(162, 29),
(163, 29),
(164, 29),
(165, 30),
(166, 31),
(167, 32),
(168, 33),
(169, 33),
(170, 34),
(171, 34),
(172, 35),
(175, 35),
(177, 36),
(178, 37),
(188, 37),
(193, 37),
(195, 37),
(201, 37),
(202, 38),
(209, 39),
(211, 38),
(212, 39),
(214, 37),
(215, 40),
(216, 41),
(217, 42),
(218, 43),
(219, 44),
(220, 45),
(221, 39),
(222, 46),
(224, 38),
(231, 39),
(232, 47),
(233, 47),
(234, 47),
(235, 48),
(236, 49),
(237, 50),
(238, 50),
(239, 50),
(240, 51),
(241, 52),
(242, 53),
(243, 49),
(244, 52),
(245, 54),
(246, 52),
(247, 52),
(248, 35),
(248, 55),
(249, 52),
(250, 56),
(251, 4),
(252, 56),
(255, 4),
(256, 56),
(257, 56),
(258, 56),
(259, 4),
(260, 56),
(261, 4),
(262, 57),
(263, 4),
(264, 57),
(265, 4),
(266, 57),
(267, 57),
(268, 57),
(269, 4),
(270, 58),
(271, 57),
(272, 57),
(273, 59),
(274, 58),
(275, 60),
(276, 60),
(277, 58),
(278, 61),
(283, 58),
(284, 60),
(285, 58),
(286, 58),
(287, 58),
(288, 62),
(289, 62),
(290, 62),
(291, 63),
(292, 62),
(293, 60),
(294, 60),
(295, 62),
(296, 59),
(297, 64),
(298, 64),
(299, 64),
(300, 64),
(301, 60),
(302, 64),
(303, 65),
(304, 65),
(305, 65),
(306, 60),
(307, 65),
(308, 66),
(309, 65),
(310, 66),
(311, 67),
(312, 66),
(313, 67),
(314, 66),
(315, 66),
(316, 67),
(317, 67),
(318, 67),
(319, 66),
(323, 67),
(324, 67),
(325, 68),
(326, 68),
(327, 69),
(328, 69),
(329, 69),
(330, 69),
(331, 68),
(332, 68),
(333, 70),
(334, 70),
(335, 70),
(336, 70),
(337, 71),
(338, 71),
(339, 72),
(340, 72),
(341, 72),
(342, 72),
(343, 38),
(344, 73),
(345, 73),
(346, 73),
(347, 73),
(348, 74),
(349, 75),
(350, 75),
(351, 75),
(352, 75),
(353, 76),
(354, 76),
(355, 76),
(356, 76),
(357, 76),
(358, 76),
(359, 76),
(360, 77),
(361, 77),
(362, 77),
(363, 77),
(364, 78),
(365, 78),
(366, 78),
(367, 78),
(368, 78),
(369, 78),
(370, 79),
(371, 79),
(372, 79),
(373, 71),
(374, 71),
(375, 71),
(376, 40),
(377, 40),
(378, 36),
(379, 36),
(380, 36),
(381, 36),
(417, 80),
(418, 80),
(419, 80),
(420, 80),
(421, 80),
(422, 81),
(423, 81),
(424, 81),
(425, 81),
(426, 81),
(427, 81),
(428, 81),
(429, 81),
(430, 81),
(431, 81),
(432, 82),
(433, 82),
(436, 83),
(437, 82),
(438, 83),
(441, 83),
(444, 82),
(445, 84),
(446, 84),
(447, 82),
(448, 85),
(449, 85),
(452, 86),
(453, 84),
(454, 85),
(457, 84),
(458, 84),
(459, 85),
(460, 84),
(464, 85),
(465, 87),
(466, 88),
(467, 88),
(468, 87),
(469, 87),
(470, 88),
(474, 87),
(475, 88),
(476, 89),
(477, 88),
(478, 88),
(479, 89),
(480, 89),
(481, 89),
(482, 89),
(483, 88),
(487, 88),
(491, 90),
(492, 90),
(495, 91),
(498, 90),
(499, 90),
(499, 91),
(500, 90),
(501, 91),
(502, 90),
(503, 92),
(504, 91),
(507, 92),
(511, 93),
(512, 92),
(513, 93),
(514, 92),
(515, 92),
(519, 92),
(520, 92),
(521, 93),
(522, 93),
(523, 94),
(524, 93),
(525, 93),
(526, 95),
(527, 95),
(528, 95),
(529, 95),
(530, 96),
(531, 96),
(532, 96),
(533, 96),
(534, 97),
(535, 97),
(536, 97),
(537, 97),
(538, 97),
(539, 74),
(540, 74),
(541, 74),
(542, 74),
(543, 98),
(544, 98),
(545, 98),
(546, 99),
(547, 99),
(548, 99),
(549, 99),
(550, 99),
(551, 99),
(552, 100),
(553, 100),
(554, 100),
(555, 101),
(556, 100),
(557, 101),
(558, 101),
(559, 101),
(560, 102),
(561, 100),
(562, 103),
(563, 104),
(564, 104),
(567, 105),
(568, 105),
(571, 106),
(572, 106),
(577, 106),
(583, 106),
(585, 106),
(590, 43),
(603, 107),
(604, 107),
(605, 107),
(606, 107),
(607, 107),
(608, 108),
(609, 108),
(610, 108),
(611, 108),
(612, 46),
(613, 46),
(614, 46),
(615, 46),
(616, 109),
(617, 109),
(618, 109),
(619, 109),
(620, 109),
(621, 109),
(622, 109),
(623, 109),
(624, 44),
(625, 110),
(626, 44),
(627, 110),
(628, 110),
(646, 111),
(647, 111),
(648, 111),
(649, 112),
(650, 112),
(651, 112),
(652, 112),
(653, 112),
(654, 112),
(655, 112),
(656, 112),
(657, 112),
(660, 113),
(665, 113),
(667, 114),
(671, 115),
(672, 114),
(676, 116),
(676, 117),
(681, 115),
(682, 115),
(683, 115),
(686, 118),
(688, 118),
(689, 117),
(690, 116),
(691, 118),
(692, 116),
(692, 117),
(697, 118),
(698, 116),
(699, 119),
(700, 116),
(702, 120),
(707, 121),
(707, 120),
(708, 122),
(710, 120),
(712, 122),
(713, 121),
(714, 123),
(715, 122),
(716, 122),
(719, 124),
(720, 122),
(721, 123),
(722, 125),
(726, 123),
(730, 126),
(731, 125),
(732, 126),
(733, 125),
(734, 126),
(734, 124),
(735, 127),
(736, 127),
(737, 126),
(744, 127),
(745, 124),
(746, 128),
(747, 129),
(748, 128),
(752, 128),
(754, 128),
(755, 129),
(757, 128),
(758, 130),
(764, 130),
(765, 130),
(768, 131),
(769, 131),
(771, 129),
(775, 131),
(776, 131),
(779, 132),
(780, 132),
(781, 132),
(783, 132),
(784, 129),
(786, 15),
(788, 133),
(789, 134),
(792, 134),
(793, 134),
(794, 135),
(795, 15),
(796, 133),
(800, 135),
(802, 133),
(803, 135),
(805, 21),
(807, 23),
(808, 23),
(809, 136),
(811, 73),
(812, 136),
(813, 73),
(816, 136),
(819, 136),
(820, 136),
(824, 136),
(826, 137),
(829, 137),
(830, 137),
(832, 113),
(835, 114),
(836, 113),
(840, 113),
(842, 113),
(843, 113),
(845, 113),
(847, 114),
(850, 114),
(852, 20),
(853, 138),
(854, 20),
(855, 20),
(856, 139),
(857, 139),
(858, 140),
(859, 141),
(863, 142),
(864, 142),
(865, 143),
(866, 141),
(867, 141),
(868, 144),
(869, 141),
(1152, 145),
(1153, 144),
(1154, 145),
(1157, 145),
(1158, 146),
(1159, 145),
(1160, 144),
(1161, 147),
(1162, 147),
(1163, 147),
(1164, 147),
(1165, 147),
(1168, 147),
(1172, 142),
(1175, 147),
(1178, 143),
(1179, 146),
(1180, 144),
(1181, 143),
(1182, 148),
(1465, 148),
(1485, 148),
(1486, 148),
(1487, 148),
(1495, 148),
(1503, 148),
(1511, 148),
(1512, 149),
(1513, 149),
(1514, 149),
(1515, 149),
(1516, 142),
(1517, 149),
(1520, 142),
(1521, 149),
(1522, 149),
(1523, 150),
(1524, 150),
(1525, 150),
(1536, 150),
(1537, 151),
(1540, 150),
(1541, 61),
(1542, 152),
(1543, 150),
(1544, 150),
(1545, 151),
(1546, 153),
(1547, 153),
(1551, 153),
(1555, 153),
(1559, 153),
(1560, 153),
(1561, 153),
(1581, 151),
(1582, 152),
(1586, 153),
(1587, 153),
(1588, 153),
(1589, 154),
(1590, 154),
(1591, 154),
(1592, 154),
(1596, 154),
(1600, 154),
(1601, 155),
(1602, 155),
(1603, 155),
(1605, 155),
(1606, 110),
(1607, 155),
(1608, 155),
(1609, 155),
(1612, 156),
(1613, 157),
(1616, 157),
(1617, 110),
(1618, 152),
(1620, 157),
(1621, 157),
(1622, 157),
(1623, 152),
(1626, 157),
(1627, 157),
(1628, 157),
(1631, 158),
(1632, 159),
(1633, 159),
(1634, 110),
(1635, 159),
(1636, 159),
(1637, 160),
(1645, 160),
(1653, 160),
(1661, 160),
(1662, 160),
(1663, 160),
(1667, 160),
(1668, 160),
(1669, 161),
(1674, 161),
(1675, 161),
(1676, 162),
(1677, 162),
(1681, 162),
(1685, 163),
(1689, 158),
(1690, 164),
(1691, 163),
(1692, 163),
(1693, 152),
(1694, 152),
(1695, 163),
(1696, 163),
(1697, 165),
(1698, 165),
(1699, 165),
(1700, 165),
(1983, 165),
(1984, 158),
(1985, 152),
(1989, 152),
(1993, 165),
(1997, 166),
(1998, 156),
(1999, 166),
(2000, 166),
(2001, 166),
(2004, 166);

--
-- Daten für Tabelle `publication`
--

INSERT INTO `publication` (`id`, `page`, `book_id`) VALUES
(1, 245, 1),
(2, 121, 2),
(3, 122, 2),
(4, 105, 3),
(5, 227, 3),
(6, 235, 1),
(7, 236, 1),
(8, 324, 1),
(9, 61, 4),
(10, 325, 1),
(11, 326, 1),
(12, 327, 1),
(13, 328, 1),
(14, 111, 5),
(15, 110, 5),
(16, 62, 6),
(17, 329, 1),
(18, 14, 7),
(19, 330, 1),
(20, 331, 1),
(21, 300, 1),
(22, 61, 8),
(23, 168, 9),
(24, 9, 8),
(25, 5, 8),
(26, 33, 10),
(27, 301, 1),
(28, 172, 9),
(29, 321, 1),
(30, 318, 1),
(31, 319, 1),
(32, 62, 4),
(33, 320, 1),
(34, 317, 1),
(35, 156, 9),
(36, 284, 1),
(37, 157, 9),
(38, 158, 9),
(39, 285, 1),
(40, 283, 1),
(41, 274, 1),
(42, 35, 8),
(43, 278, 1),
(44, 105, 5),
(45, 40, 8),
(46, 279, 1),
(47, 102, 3),
(48, 214, 1),
(49, 215, 1),
(50, 103, 3),
(51, 46, 8),
(52, 104, 3),
(53, 40, 5),
(54, 41, 8),
(55, 7, 11),
(56, 216, 1),
(57, 217, 1),
(58, 106, 3),
(59, 92, 12),
(60, 218, 1),
(61, 13, 13),
(62, 107, 3),
(63, 88, 14),
(64, 108, 3),
(65, 109, 3),
(66, 219, 1),
(67, 110, 3),
(68, 220, 1),
(69, 111, 3),
(70, 266, 1),
(71, 166, 3),
(72, 167, 3),
(73, 159, 9),
(74, 160, 3),
(75, 161, 3),
(76, 162, 3),
(77, 163, 3),
(78, 164, 3),
(79, 165, 3),
(80, 170, 9),
(81, 282, 1),
(82, 151, 3),
(83, 246, 1),
(84, 247, 1),
(85, 152, 3),
(86, 20, 10),
(87, 153, 3),
(88, 248, 1),
(89, 154, 3),
(90, 249, 1),
(91, 155, 3),
(92, 250, 1),
(93, 156, 3),
(94, 123, 2),
(95, 157, 3),
(96, 158, 3),
(97, 159, 3),
(98, 28, 13),
(99, 29, 13),
(100, 222, 1),
(101, 112, 3),
(102, 113, 3),
(103, 20, 15),
(104, 21, 15),
(105, 276, 1),
(106, 277, 1),
(107, 7, 16),
(108, 8, 16),
(109, 280, 1),
(110, 106, 5),
(111, 322, 1),
(112, 323, 1),
(113, 287, 1),
(114, 161, 9),
(115, 288, 1),
(116, 162, 9),
(117, 107, 5),
(118, 289, 1),
(119, 290, 1),
(120, 108, 5),
(121, 163, 9),
(122, 291, 1),
(123, 164, 9),
(124, 109, 5),
(125, 292, 1),
(126, 165, 9),
(127, 293, 1),
(128, 294, 1),
(129, 166, 9),
(130, 295, 1),
(131, 296, 1),
(132, 297, 1),
(133, 167, 9),
(134, 298, 1),
(135, 299, 1),
(136, 286, 1),
(137, 160, 9),
(138, 54, 17),
(139, 332, 1),
(140, 333, 1),
(141, 163, 1),
(142, 225, 15),
(143, 89, 12),
(144, 120, 16),
(145, 164, 1),
(146, 132, 3),
(147, 165, 1),
(148, 166, 1),
(149, 167, 1),
(150, 168, 1),
(151, 121, 16),
(152, 226, 15),
(153, 169, 1),
(154, 170, 1),
(155, 171, 1),
(156, 133, 3),
(157, 172, 1),
(158, 90, 12),
(159, 173, 1),
(160, 174, 1),
(161, 175, 1),
(162, 176, 1),
(163, 177, 1),
(164, 90, 18),
(165, 178, 1),
(166, 179, 1);

--
-- Daten für Tabelle `ranges`
--

INSERT INTO `ranges` (`id`, `name`) VALUES
(1, 'selbst'),
(2, 'Berührung'),
(3, '8 Schritt'),
(4, '4 Schritt'),
(5, '32 Schritt'),
(6, '16 Schritt'),
(7, 'QS x 3 in Meilen (nicht modifizierbar)'),
(8, 'Sichtweite des Tieres'),
(9, 'FW x 50 Meilen'),
(10, '32 Schritt*'),
(11, '1 Schritt'),
(12, 'QS x 20 Schritt'),
(13, 'Berührung (Reichweite ist nicht modifizierbar) '),
(14, '2 Schritt'),
(15, '64 Schritt'),
(16, 'Sicht'),
(17, '1 Schritt Radius'),
(18, '200 Schritt, darüber hinaus sind Distanzschätzungen ungenauer'),
(19, '10 Schritt');

--
-- Daten für Tabelle `ritual`
--

INSERT INTO `ritual` (`improvement_chart`, `id`, `cast_time_id`, `check1_id`, `check2_id`, `check3_id`, `cost_id`, `duration_id`, `range_id`) VALUES
('A', 128, 7, NULL, NULL, NULL, 15, 14, 2),
('D', 129, 8, 2, 3, 5, 16, 2, 3),
('B', 130, 9, 3, 4, 5, 17, 14, 8),
('B', 131, 7, 3, 4, 7, 15, 15, 4),
('C', 132, 8, 1, 4, 7, 18, 2, 3),
('B', 133, 9, 1, 4, 7, 16, 2, 3),
('D', 134, 7, 1, 4, 7, 18, 16, 1),
('B', 135, 9, 1, 3, 7, 19, 15, 4),
('C', 136, 8, 1, 4, 7, 18, 2, 3),
('B', 137, 9, 1, 4, 7, 16, 2, 3),
('A', 138, 7, 1, 3, 7, 15, 2, 2),
('C', 139, 9, 1, 2, 7, 20, 17, 2),
('C', 140, 10, 2, 3, 4, 17, 12, 2),
('A', 141, 7, 1, 3, 7, 15, 18, 1),
('B', 142, 7, 2, 3, 7, 16, 19, 3),
('C', 143, 9, 3, 5, 7, 16, 20, 2),
('C', 144, 9, 2, 3, 5, 16, 2, 9),
('B', 145, 7, 2, 4, 7, 21, 2, 2),
('C', 146, 7, 1, 3, 4, 16, 21, 10),
('B', 147, 9, 2, 3, 5, 16, 22, 2),
('B', 148, 9, 3, 4, 6, 17, 16, 6),
('B', 149, 7, 2, 5, 8, 16, 21, 1),
('A', 150, 7, 1, 2, 3, 17, 19, 1),
('C', 151, 8, 2, 3, 5, 22, 23, 3);

--
-- Daten für Tabelle `ritual_targets`
--

INSERT INTO `ritual_targets` (`ritual_id`, `targets_id`) VALUES
(128, 13),
(129, 14),
(129, 15),
(130, 16),
(131, 17),
(132, 18),
(133, 18),
(134, 3),
(135, 17),
(136, 7),
(137, 7),
(138, 2),
(139, 2),
(140, 2),
(141, 2),
(142, 3),
(143, 19),
(144, 15),
(145, 1),
(146, 2),
(147, 13),
(148, 13),
(149, 3),
(150, 1),
(151, 8);

--
-- Daten für Tabelle `skill`
--

INSERT INTO `skill` (`gruppe`, `improvement_chart`, `id`, `check1_id`, `check2_id`, `check3_id`) VALUES
('KOERPER', 'B', 9, 1, 3, 6),
('KOERPER', 'A', 10, 1, 4, 5),
('KOERPER', 'B', 11, 1, 6, 8),
('KOERPER', 'D', 12, 6, 6, 7),
('KOERPER', 'B', 13, 7, 8, 8),
('KOERPER', 'B', 14, 4, 6, 8),
('KOERPER', 'B', 15, 6, 7, 8),
('KOERPER', 'D', 16, 1, 1, 7),
('KOERPER', 'A', 17, 2, 4, 7),
('KOERPER', 'D', 18, 2, 3, 3),
('KOERPER', 'A', 19, 2, 4, 6),
('KOERPER', 'B', 20, 1, 5, 6),
('KOERPER', 'C', 21, 1, 3, 6),
('KOERPER', 'A', 22, 2, 7, 8),
('GESELLSCHAFT', 'B', 23, 1, 2, 4),
('GESELLSCHAFT', 'B', 24, 1, 4, 4),
('GESELLSCHAFT', 'B', 25, 1, 3, 4),
('GESELLSCHAFT', 'B', 26, 2, 3, 4),
('GESELLSCHAFT', 'C', 27, 2, 3, 4),
('GESELLSCHAFT', 'C', 28, 2, 3, 4),
('GESELLSCHAFT', 'C', 29, 1, 3, 4),
('GESELLSCHAFT', 'B', 30, 3, 4, 6),
('GESELLSCHAFT', 'D', 31, 1, 3, 4),
('NATUR', 'C', 32, 1, 3, 6),
('NATUR', 'A', 33, 2, 5, 8),
('NATUR', 'A', 34, 5, 6, 7),
('NATUR', 'B', 35, 2, 3, 3),
('NATUR', 'C', 36, 2, 5, 7),
('NATUR', 'C', 37, 1, 1, 7),
('NATUR', 'C', 38, 1, 6, 7),
('WISSEN', 'A', 39, 2, 2, 3),
('WISSEN', 'B', 40, 2, 2, 3),
('WISSEN', 'B', 41, 2, 2, 3),
('WISSEN', 'B', 42, 2, 2, 3),
('WISSEN', 'B', 43, 1, 2, 3),
('WISSEN', 'C', 44, 2, 2, 3),
('WISSEN', 'B', 45, 2, 2, 5),
('WISSEN', 'A', 46, 2, 2, 5),
('WISSEN', 'A', 47, 2, 2, 3),
('WISSEN', 'B', 48, 2, 2, 3),
('WISSEN', 'B', 49, 2, 2, 3),
('WISSEN', 'A', 50, 2, 2, 3),
('HANDWERK', 'C', 51, 1, 2, 5),
('HANDWERK', 'B', 52, 5, 6, 8),
('HANDWERK', 'A', 53, 4, 5, 7),
('HANDWERK', 'B', 54, 2, 3, 4),
('HANDWERK', 'B', 55, 1, 2, 3),
('HANDWERK', 'B', 56, 1, 3, 7),
('HANDWERK', 'B', 57, 3, 4, 7),
('HANDWERK', 'D', 58, 2, 5, 5),
('HANDWERK', 'B', 59, 5, 6, 8),
('HANDWERK', 'A', 60, 3, 5, 5),
('HANDWERK', 'B', 61, 5, 6, 7),
('HANDWERK', 'A', 62, 3, 5, 5),
('HANDWERK', 'C', 63, 5, 7, 8),
('HANDWERK', 'A', 64, 4, 5, 7),
('HANDWERK', 'C', 65, 3, 5, 5),
('HANDWERK', 'A', 66, 5, 5, 8),
('HANDWERK', 'A', 67, 2, 5, 5);

--
-- Daten für Tabelle `special_ability`
--

INSERT INTO `special_ability` (`ap`, `special_ability_group`, `improvement_chart`, `id`, `cast_time_id`, `check1_id`, `check2_id`, `check3_id`, `cost_id`, `duration_id`, `range_id`) VALUES
(4, 'MAGISCH', NULL, 152, NULL, NULL, NULL, NULL, 15, NULL, NULL),
(4, 'MAGISCH', NULL, 153, NULL, NULL, NULL, NULL, 15, NULL, NULL),
(3, 'MAGISCH', NULL, 154, NULL, NULL, NULL, NULL, 15, NULL, NULL),
(2, 'MAGISCH', NULL, 155, NULL, NULL, NULL, NULL, 23, NULL, NULL),
(3, 'MAGISCH', NULL, 156, NULL, NULL, NULL, NULL, 15, NULL, NULL),
(8, 'MAGISCH', NULL, 157, NULL, NULL, NULL, NULL, 15, NULL, NULL),
(8, 'MAGISCH', NULL, 158, NULL, NULL, NULL, NULL, 17, NULL, NULL),
(8, 'MAGISCH', NULL, 159, NULL, NULL, NULL, NULL, 17, NULL, NULL),
(8, 'MAGISCH', NULL, 160, NULL, NULL, NULL, NULL, 16, NULL, NULL),
(15, 'KARMAL', NULL, 161, NULL, NULL, NULL, NULL, NULL, NULL, NULL),
(8, 'KARMAL', NULL, 162, NULL, NULL, NULL, NULL, NULL, NULL, NULL),
(10, 'KARMAL', NULL, 163, NULL, NULL, NULL, NULL, NULL, NULL, NULL),
(2, 'KARMAL', NULL, 164, NULL, NULL, NULL, NULL, NULL, NULL, NULL),
(130, 'KARMAL', NULL, 165, NULL, NULL, NULL, NULL, NULL, NULL, NULL),
(130, 'KARMAL', NULL, 166, NULL, NULL, NULL, NULL, NULL, NULL, NULL),
(170, 'KARMAL', NULL, 167, NULL, NULL, NULL, NULL, NULL, NULL, NULL),
(110, 'KARMAL', NULL, 168, NULL, NULL, NULL, NULL, NULL, NULL, NULL),
(150, 'KARMAL', NULL, 169, NULL, NULL, NULL, NULL, NULL, NULL, NULL),
(130, 'KARMAL', NULL, 170, NULL, NULL, NULL, NULL, NULL, NULL, NULL),
(150, 'KARMAL', NULL, 171, NULL, NULL, NULL, NULL, NULL, NULL, NULL),
(5, 'MAGISCH', NULL, 172, NULL, NULL, NULL, NULL, NULL, NULL, NULL),
(0, 'MAGISCH', NULL, 173, NULL, NULL, NULL, NULL, NULL, NULL, NULL),
(10, 'MAGISCH', NULL, 174, NULL, NULL, NULL, NULL, NULL, NULL, NULL),
(15, 'MAGISCH', NULL, 175, NULL, NULL, NULL, NULL, NULL, NULL, NULL),
(12, 'MAGISCH', NULL, 176, NULL, NULL, NULL, NULL, NULL, NULL, NULL),
(20, 'MAGISCH', NULL, 177, NULL, NULL, NULL, NULL, NULL, NULL, NULL),
(10, 'MAGISCH', NULL, 178, NULL, NULL, NULL, NULL, NULL, NULL, NULL),
(10, 'MAGISCH', NULL, 179, NULL, NULL, NULL, NULL, NULL, NULL, NULL),
(5, 'MAGISCH', NULL, 180, NULL, NULL, NULL, NULL, NULL, NULL, NULL),
(5, 'MAGISCH', NULL, 181, NULL, NULL, NULL, NULL, NULL, NULL, NULL),
(5, 'MAGISCH', NULL, 182, NULL, NULL, NULL, NULL, NULL, NULL, NULL),
(10, 'MAGISCH', NULL, 183, NULL, NULL, NULL, NULL, NULL, NULL, NULL),
(10, 'MAGISCH', NULL, 184, NULL, NULL, NULL, NULL, NULL, NULL, NULL),
(20, 'MAGISCH', NULL, 185, NULL, NULL, NULL, NULL, NULL, NULL, NULL),
(30, 'MAGISCH', NULL, 186, NULL, NULL, NULL, NULL, NULL, NULL, NULL),
(3, 'MAGISCH', NULL, 187, NULL, NULL, NULL, NULL, NULL, NULL, NULL),
(15, 'MAGISCH', NULL, 188, NULL, NULL, NULL, NULL, NULL, NULL, NULL),
(15, 'MAGISCH', NULL, 189, NULL, NULL, NULL, NULL, NULL, NULL, NULL),
(10, 'MAGISCH', NULL, 190, NULL, NULL, NULL, NULL, NULL, NULL, NULL),
(15, 'MAGISCH', NULL, 191, NULL, NULL, NULL, NULL, NULL, NULL, NULL),
(10, 'MAGISCH', NULL, 192, NULL, NULL, NULL, NULL, NULL, NULL, NULL),
(5, 'MAGISCH', NULL, 193, NULL, NULL, NULL, NULL, NULL, NULL, NULL),
(10, 'MAGISCH', NULL, 194, NULL, NULL, NULL, NULL, NULL, NULL, NULL),
(8, 'MAGISCH', NULL, 195, NULL, NULL, NULL, NULL, NULL, NULL, NULL),
(20, 'MAGISCH', NULL, 196, NULL, NULL, NULL, NULL, NULL, NULL, NULL),
(0, 'MAGISCH', NULL, 197, NULL, NULL, NULL, NULL, NULL, NULL, NULL),
(10, 'MAGISCH', NULL, 198, NULL, NULL, NULL, NULL, NULL, NULL, NULL),
(10, 'MAGISCH', NULL, 199, NULL, NULL, NULL, NULL, NULL, NULL, NULL),
(0, 'MAGISCH', NULL, 200, NULL, NULL, NULL, NULL, NULL, NULL, NULL),
(12, 'MAGISCH', NULL, 201, NULL, NULL, NULL, NULL, NULL, NULL, NULL),
(10, 'MAGISCH', NULL, 202, NULL, NULL, NULL, NULL, NULL, NULL, NULL),
(20, 'MAGISCH', NULL, 203, NULL, NULL, NULL, NULL, NULL, NULL, NULL),
(10, 'MAGISCH', NULL, 204, NULL, NULL, NULL, NULL, NULL, NULL, NULL),
(1, 'MAGISCH', NULL, 205, NULL, NULL, NULL, NULL, NULL, NULL, NULL),
(1, 'MAGISCH', NULL, 206, NULL, NULL, NULL, NULL, NULL, NULL, NULL),
(2, 'MAGISCH', NULL, 207, NULL, NULL, NULL, NULL, NULL, NULL, NULL),
(3, 'MAGISCH', NULL, 208, NULL, NULL, NULL, NULL, NULL, NULL, NULL),
(10, 'MAGISCH', NULL, 209, NULL, NULL, NULL, NULL, NULL, NULL, NULL),
(15, 'MAGISCH', NULL, 210, NULL, NULL, NULL, NULL, NULL, NULL, NULL),
(10, 'MAGISCH', NULL, 211, NULL, NULL, NULL, NULL, NULL, NULL, NULL),
(2, 'MAGISCH', NULL, 212, NULL, NULL, NULL, NULL, NULL, NULL, NULL),
(5, 'MAGISCH', NULL, 213, NULL, NULL, NULL, NULL, NULL, NULL, NULL),
(125, 'MAGISCH', NULL, 214, NULL, NULL, NULL, NULL, NULL, NULL, NULL),
(125, 'MAGISCH', NULL, 215, NULL, NULL, NULL, NULL, NULL, NULL, NULL),
(155, 'MAGISCH', NULL, 216, NULL, NULL, NULL, NULL, NULL, NULL, NULL),
(100, 'MAGISCH', NULL, 217, NULL, NULL, NULL, NULL, NULL, NULL, NULL),
(135, 'MAGISCH', NULL, 218, NULL, NULL, NULL, NULL, NULL, NULL, NULL),
(135, 'MAGISCH', NULL, 219, NULL, NULL, NULL, NULL, NULL, NULL, NULL),
(80, 'MAGISCH', NULL, 220, NULL, NULL, NULL, NULL, NULL, NULL, NULL),
(10, 'MAGISCH', NULL, 221, NULL, NULL, NULL, NULL, NULL, NULL, NULL),
(20, 'MAGISCH', NULL, 222, NULL, NULL, NULL, NULL, NULL, NULL, NULL),
(12, 'MAGISCH', NULL, 223, NULL, NULL, NULL, NULL, NULL, NULL, NULL),
(12, 'MAGISCH', NULL, 224, NULL, NULL, NULL, NULL, NULL, NULL, NULL),
(20, 'MAGISCH', NULL, 225, NULL, NULL, NULL, NULL, NULL, NULL, NULL),
(0, 'MAGISCH', NULL, 226, NULL, NULL, NULL, NULL, NULL, NULL, NULL),
(0, 'MAGISCH', NULL, 227, NULL, NULL, NULL, NULL, NULL, NULL, NULL),
(0, 'MAGISCH', NULL, 228, NULL, NULL, NULL, NULL, NULL, NULL, NULL),
(50, 'MAGISCH', NULL, 229, NULL, NULL, NULL, NULL, NULL, NULL, NULL),
(20, 'MAGISCH', NULL, 230, NULL, NULL, NULL, NULL, NULL, NULL, NULL),
(20, 'MAGISCH', NULL, 231, NULL, NULL, NULL, NULL, NULL, NULL, NULL),
(5, 'PROFAN', NULL, 232, NULL, NULL, NULL, NULL, NULL, NULL, NULL),
(8, 'PROFAN', NULL, 233, NULL, NULL, NULL, NULL, NULL, NULL, NULL),
(2, 'PROFAN', NULL, 234, NULL, NULL, NULL, NULL, NULL, NULL, NULL),
(5, 'PROFAN', NULL, 235, NULL, NULL, NULL, NULL, NULL, NULL, NULL),
(10, 'PROFAN', NULL, 236, NULL, NULL, NULL, NULL, NULL, NULL, NULL),
(10, 'PROFAN', NULL, 237, NULL, NULL, NULL, NULL, NULL, NULL, NULL),
(3, 'PROFAN', NULL, 238, NULL, NULL, NULL, NULL, NULL, NULL, NULL),
(20, 'PROFAN', NULL, 239, NULL, NULL, NULL, NULL, NULL, NULL, NULL),
(5, 'PROFAN', NULL, 240, NULL, NULL, NULL, NULL, NULL, NULL, NULL),
(5, 'PROFAN', NULL, 241, NULL, NULL, NULL, NULL, NULL, NULL, NULL),
(3, 'PROFAN', NULL, 242, NULL, NULL, NULL, NULL, NULL, NULL, NULL),
(0, 'PROFAN', NULL, 243, NULL, NULL, NULL, NULL, NULL, NULL, NULL),
(2, 'PROFAN', NULL, 244, NULL, NULL, NULL, NULL, NULL, NULL, NULL),
(5, 'PROFAN', NULL, 245, NULL, NULL, NULL, NULL, NULL, NULL, NULL),
(5, 'PROFAN', NULL, 246, NULL, NULL, NULL, NULL, NULL, NULL, NULL),
(3, 'PROFAN', NULL, 247, NULL, NULL, NULL, NULL, NULL, NULL, NULL),
(2, 'PROFAN', NULL, 248, NULL, NULL, NULL, NULL, NULL, NULL, NULL),
(2, 'PROFAN', NULL, 249, NULL, NULL, NULL, NULL, NULL, NULL, NULL),
(5, 'PROFAN', NULL, 250, NULL, NULL, NULL, NULL, NULL, NULL, NULL),
(10, 'PROFAN', NULL, 251, NULL, NULL, NULL, NULL, NULL, NULL, NULL),
(15, 'PROFAN', NULL, 252, NULL, NULL, NULL, NULL, NULL, NULL, NULL),
(15, 'PROFAN', NULL, 253, NULL, NULL, NULL, NULL, NULL, NULL, NULL),
(30, 'PROFAN', NULL, 254, NULL, NULL, NULL, NULL, NULL, NULL, NULL),
(10, 'PROFAN', NULL, 255, NULL, NULL, NULL, NULL, NULL, NULL, NULL),
(3, 'PROFAN', NULL, 256, NULL, NULL, NULL, NULL, NULL, NULL, NULL),
(5, 'PROFAN', NULL, 257, NULL, NULL, NULL, NULL, NULL, NULL, NULL),
(5, 'PROFAN', NULL, 258, NULL, NULL, NULL, NULL, NULL, NULL, NULL),
(10, 'PROFAN', NULL, 259, NULL, NULL, NULL, NULL, NULL, NULL, NULL),
(0, 'PROFAN', NULL, 260, NULL, NULL, NULL, NULL, NULL, NULL, NULL),
(5, 'PROFAN', NULL, 261, NULL, NULL, NULL, NULL, NULL, NULL, NULL),
(3, 'PROFAN', NULL, 262, NULL, NULL, NULL, NULL, NULL, NULL, NULL),
(6, 'PROFAN', NULL, 263, NULL, NULL, NULL, NULL, NULL, NULL, NULL),
(3, 'PROFAN', NULL, 264, NULL, NULL, NULL, NULL, NULL, NULL, NULL),
(5, 'PROFAN', NULL, 265, NULL, NULL, NULL, NULL, NULL, NULL, NULL),
(15, 'PROFAN', NULL, 266, NULL, NULL, NULL, NULL, NULL, NULL, NULL),
(2, 'PROFAN', NULL, 267, NULL, NULL, NULL, NULL, NULL, NULL, NULL),
(2, 'PROFAN', NULL, 268, NULL, NULL, NULL, NULL, NULL, NULL, NULL),
(3, 'PROFAN', NULL, 269, NULL, NULL, NULL, NULL, NULL, NULL, NULL),
(8, 'PROFAN', NULL, 270, NULL, NULL, NULL, NULL, NULL, NULL, NULL),
(5, 'PROFAN', NULL, 271, NULL, NULL, NULL, NULL, NULL, NULL, NULL),
(2, 'PROFAN', NULL, 272, NULL, NULL, NULL, NULL, NULL, NULL, NULL),
(2, 'PROFAN', NULL, 273, NULL, NULL, NULL, NULL, NULL, NULL, NULL),
(5, 'PROFAN', NULL, 274, NULL, NULL, NULL, NULL, NULL, NULL, NULL),
(2, 'PROFAN', NULL, 275, NULL, NULL, NULL, NULL, NULL, NULL, NULL),
(5, 'PROFAN', NULL, 276, NULL, NULL, NULL, NULL, NULL, NULL, NULL),
(2, 'PROFAN', NULL, 277, NULL, NULL, NULL, NULL, NULL, NULL, NULL),
(2, 'PROFAN', NULL, 278, NULL, NULL, NULL, NULL, NULL, NULL, NULL),
(2, 'PROFAN', NULL, 279, NULL, NULL, NULL, NULL, NULL, NULL, NULL),
(4, 'PROFAN', NULL, 280, NULL, NULL, NULL, NULL, NULL, NULL, NULL),
(6, 'PROFAN', NULL, 281, NULL, NULL, NULL, NULL, NULL, NULL, NULL),
(8, 'PROFAN', NULL, 282, NULL, NULL, NULL, NULL, NULL, NULL, NULL),
(2, 'PROFAN', NULL, 283, NULL, NULL, NULL, NULL, NULL, NULL, NULL),
(5, 'PROFAN', NULL, 284, NULL, NULL, NULL, NULL, NULL, NULL, NULL),
(2, 'PROFAN', NULL, 285, NULL, NULL, NULL, NULL, NULL, NULL, NULL),
(2, 'PROFAN', NULL, 286, NULL, NULL, NULL, NULL, NULL, NULL, NULL),
(2, 'PROFAN', NULL, 287, NULL, NULL, NULL, NULL, NULL, NULL, NULL),
(2, 'PROFAN', NULL, 288, NULL, NULL, NULL, NULL, NULL, NULL, NULL),
(5, 'PROFAN', NULL, 289, NULL, NULL, NULL, NULL, NULL, NULL, NULL),
(3, 'PROFAN', NULL, 290, NULL, NULL, NULL, NULL, NULL, NULL, NULL),
(2, 'PROFAN', NULL, 291, NULL, NULL, NULL, NULL, NULL, NULL, NULL),
(4, 'PROFAN', NULL, 292, NULL, NULL, NULL, NULL, NULL, NULL, NULL),
(10, 'PROFAN', NULL, 293, NULL, NULL, NULL, NULL, NULL, NULL, NULL),
(10, 'PROFAN', NULL, 294, NULL, NULL, NULL, NULL, NULL, NULL, NULL),
(2, 'PROFAN', NULL, 295, NULL, NULL, NULL, NULL, NULL, NULL, NULL),
(8, 'PROFAN', NULL, 296, NULL, NULL, NULL, NULL, NULL, NULL, NULL),
(10, 'PROFAN', NULL, 297, NULL, NULL, NULL, NULL, NULL, NULL, NULL),
(2, 'PROFAN', NULL, 298, NULL, NULL, NULL, NULL, NULL, NULL, NULL),
(2, 'PROFAN', NULL, 299, NULL, NULL, NULL, NULL, NULL, NULL, NULL),
(3, 'PROFAN', NULL, 300, NULL, NULL, NULL, NULL, NULL, NULL, NULL),
(2, 'PROFAN', NULL, 301, NULL, NULL, NULL, NULL, NULL, NULL, NULL),
(12, 'PROFAN', NULL, 302, NULL, NULL, NULL, NULL, NULL, NULL, NULL),
(2, 'PROFAN', NULL, 303, NULL, NULL, NULL, NULL, NULL, NULL, NULL),
(5, 'PROFAN', NULL, 304, NULL, NULL, NULL, NULL, NULL, NULL, NULL),
(3, 'PROFAN', NULL, 305, NULL, NULL, NULL, NULL, NULL, NULL, NULL),
(4, 'PROFAN', NULL, 306, NULL, NULL, NULL, NULL, NULL, NULL, NULL),
(15, 'PROFAN', NULL, 307, NULL, NULL, NULL, NULL, NULL, NULL, NULL),
(2, 'PROFAN', NULL, 308, NULL, NULL, NULL, NULL, NULL, NULL, NULL),
(10, 'PROFAN', NULL, 309, NULL, NULL, NULL, NULL, NULL, NULL, NULL),
(20, 'PROFAN', NULL, 310, NULL, NULL, NULL, NULL, NULL, NULL, NULL),
(2, 'PROFAN', NULL, 311, NULL, NULL, NULL, NULL, NULL, NULL, NULL),
(2, 'PROFAN', NULL, 312, NULL, NULL, NULL, NULL, NULL, NULL, NULL),
(2, 'PROFAN', NULL, 313, NULL, NULL, NULL, NULL, NULL, NULL, NULL),
(0, 'PROFAN', NULL, 314, NULL, NULL, NULL, NULL, NULL, NULL, NULL),
(2, 'PROFAN', NULL, 315, NULL, NULL, NULL, NULL, NULL, NULL, NULL),
(2, 'PROFAN', NULL, 316, NULL, NULL, NULL, NULL, NULL, NULL, NULL),
(4, 'PROFAN', NULL, 317, NULL, NULL, NULL, NULL, NULL, NULL, NULL),
(3, 'PROFAN', NULL, 318, NULL, NULL, NULL, NULL, NULL, NULL, NULL),
(2, 'PROFAN', NULL, 319, NULL, NULL, NULL, NULL, NULL, NULL, NULL),
(2, 'PROFAN', NULL, 320, NULL, NULL, NULL, NULL, NULL, NULL, NULL),
(4, 'PROFAN', NULL, 321, NULL, NULL, NULL, NULL, NULL, NULL, NULL),
(6, 'PROFAN', NULL, 322, NULL, NULL, NULL, NULL, NULL, NULL, NULL),
(4, 'PROFAN', NULL, 323, NULL, NULL, NULL, NULL, NULL, NULL, NULL),
(2, 'PROFAN', NULL, 324, NULL, NULL, NULL, NULL, NULL, NULL, NULL),
(5, 'PROFAN', NULL, 325, NULL, NULL, NULL, NULL, NULL, NULL, NULL),
(2, 'PROFAN', NULL, 326, NULL, NULL, NULL, NULL, NULL, NULL, NULL),
(5, 'PROFAN', NULL, 327, NULL, NULL, NULL, NULL, NULL, NULL, NULL),
(2, 'PROFAN', NULL, 328, NULL, NULL, NULL, NULL, NULL, NULL, NULL),
(12, 'PROFAN', NULL, 329, NULL, NULL, NULL, NULL, NULL, NULL, NULL),
(2, 'PROFAN', NULL, 330, NULL, NULL, NULL, NULL, NULL, NULL, NULL),
(2, 'PROFAN', NULL, 331, NULL, NULL, NULL, NULL, NULL, NULL, NULL),
(2, 'PROFAN', NULL, 332, NULL, NULL, NULL, NULL, NULL, NULL, NULL),
(15, 'MAGISCH', NULL, 333, NULL, NULL, NULL, NULL, 17, NULL, NULL),
(5, 'MAGISCH', NULL, 334, NULL, NULL, NULL, NULL, 15, NULL, NULL),
(15, 'MAGISCH', NULL, 335, NULL, NULL, NULL, NULL, 17, NULL, NULL),
(10, 'MAGISCH', NULL, 336, NULL, NULL, NULL, NULL, 15, NULL, NULL),
(12, 'KAMPF', NULL, 337, NULL, NULL, NULL, NULL, NULL, NULL, NULL),
(12, 'KAMPF', NULL, 338, NULL, NULL, NULL, NULL, NULL, NULL, NULL),
(10, 'KAMPF', NULL, 339, NULL, NULL, NULL, NULL, NULL, NULL, NULL),
(10, 'KAMPF', NULL, 340, NULL, NULL, NULL, NULL, NULL, NULL, NULL),
(15, 'KAMPF', NULL, 341, NULL, NULL, NULL, NULL, NULL, NULL, NULL),
(12, 'KAMPF', NULL, 342, NULL, NULL, NULL, NULL, NULL, NULL, NULL),
(10, 'MAGISCH', NULL, 343, NULL, NULL, NULL, NULL, NULL, NULL, NULL),
(15, 'MAGISCH', NULL, 344, NULL, NULL, NULL, NULL, 24, NULL, NULL),
(10, 'MAGISCH', NULL, 345, NULL, NULL, NULL, NULL, 15, NULL, NULL),
(10, 'MAGISCH', NULL, 346, NULL, NULL, NULL, NULL, 25, NULL, NULL),
(5, 'MAGISCH', NULL, 347, NULL, NULL, NULL, NULL, 24, NULL, NULL),
(20, 'KAMPF', NULL, 348, NULL, NULL, NULL, NULL, NULL, NULL, NULL),
(25, 'KAMPF', NULL, 349, NULL, NULL, NULL, NULL, NULL, NULL, NULL),
(15, 'KAMPF', NULL, 350, NULL, NULL, NULL, NULL, NULL, NULL, NULL),
(5, 'KAMPF', NULL, 351, NULL, NULL, NULL, NULL, NULL, NULL, NULL),
(25, 'KAMPF', NULL, 352, NULL, NULL, NULL, NULL, NULL, NULL, NULL),
(15, 'KAMPF', NULL, 353, NULL, NULL, NULL, NULL, NULL, NULL, NULL),
(5, 'KAMPF', NULL, 354, NULL, NULL, NULL, NULL, NULL, NULL, NULL),
(10, 'KAMPF', NULL, 355, NULL, NULL, NULL, NULL, NULL, NULL, NULL),
(15, 'KAMPF', NULL, 356, NULL, NULL, NULL, NULL, NULL, NULL, NULL),
(5, 'KAMPF', NULL, 357, NULL, NULL, NULL, NULL, NULL, NULL, NULL),
(5, 'KAMPF', NULL, 358, NULL, NULL, NULL, NULL, NULL, NULL, NULL),
(10, 'KAMPF', NULL, 359, NULL, NULL, NULL, NULL, NULL, NULL, NULL),
(10, 'KAMPF', NULL, 360, NULL, NULL, NULL, NULL, NULL, NULL, NULL),
(5, 'KAMPF', NULL, 361, NULL, NULL, NULL, NULL, NULL, NULL, NULL),
(8, 'KAMPF', NULL, 362, NULL, NULL, NULL, NULL, NULL, NULL, NULL),
(8, 'KAMPF', NULL, 363, NULL, NULL, NULL, NULL, NULL, NULL, NULL),
(20, 'KAMPF', NULL, 364, NULL, NULL, NULL, NULL, NULL, NULL, NULL),
(20, 'KAMPF', NULL, 365, NULL, NULL, NULL, NULL, NULL, NULL, NULL),
(10, 'KAMPF', NULL, 366, NULL, NULL, NULL, NULL, NULL, NULL, NULL),
(10, 'KAMPF', NULL, 367, NULL, NULL, NULL, NULL, NULL, NULL, NULL),
(10, 'KAMPF', NULL, 368, NULL, NULL, NULL, NULL, NULL, NULL, NULL),
(15, 'KAMPF', NULL, 369, NULL, NULL, NULL, NULL, NULL, NULL, NULL),
(5, 'KAMPF', NULL, 370, NULL, NULL, NULL, NULL, NULL, NULL, NULL),
(15, 'KAMPF', NULL, 371, NULL, NULL, NULL, NULL, NULL, NULL, NULL),
(25, 'KAMPF', NULL, 372, NULL, NULL, NULL, NULL, NULL, NULL, NULL),
(15, 'KAMPF', NULL, 373, NULL, NULL, NULL, NULL, NULL, NULL, NULL),
(5, 'KAMPF', NULL, 374, NULL, NULL, NULL, NULL, NULL, NULL, NULL),
(5, 'KAMPF', NULL, 375, NULL, NULL, NULL, NULL, NULL, NULL, NULL),
(0, 'PROFAN', 'A', 376, NULL, 2, 3, 3, 26, NULL, NULL),
(0, 'PROFAN', 'A', 377, NULL, 1, 3, 4, 27, NULL, NULL),
(0, 'PROFAN', 'A', 378, NULL, 3, 4, 4, 28, NULL, NULL),
(0, 'PROFAN', 'B', 379, NULL, 3, 3, 4, 29, NULL, NULL),
(0, 'PROFAN', 'A', 380, NULL, 1, 3, 3, 27, NULL, NULL),
(0, 'PROFAN', 'B', 381, NULL, 1, 3, 4, 17, NULL, NULL),
(15, 'MAGISCH', NULL, 382, NULL, NULL, NULL, NULL, NULL, NULL, NULL),
(10, 'MAGISCH', NULL, 383, NULL, NULL, NULL, NULL, NULL, NULL, NULL),
(5, 'MAGISCH', NULL, 384, NULL, NULL, NULL, NULL, NULL, NULL, NULL),
(25, 'MAGISCH', NULL, 385, NULL, NULL, NULL, NULL, NULL, NULL, NULL),
(15, 'MAGISCH', NULL, 386, NULL, NULL, NULL, NULL, NULL, NULL, NULL),
(8, 'MAGISCH', NULL, 387, NULL, NULL, NULL, NULL, NULL, NULL, NULL),
(15, 'MAGISCH', NULL, 388, NULL, NULL, NULL, NULL, NULL, NULL, NULL),
(25, 'MAGISCH', NULL, 389, NULL, NULL, NULL, NULL, NULL, NULL, NULL),
(12, 'MAGISCH', NULL, 390, NULL, NULL, NULL, NULL, NULL, NULL, NULL),
(10, 'MAGISCH', NULL, 391, NULL, NULL, NULL, NULL, NULL, NULL, NULL),
(20, 'MAGISCH', NULL, 392, NULL, NULL, NULL, NULL, NULL, NULL, NULL),
(20, 'MAGISCH', NULL, 393, NULL, NULL, NULL, NULL, NULL, NULL, NULL),
(20, 'MAGISCH', NULL, 394, NULL, NULL, NULL, NULL, NULL, NULL, NULL),
(25, 'MAGISCH', NULL, 395, NULL, NULL, NULL, NULL, NULL, NULL, NULL),
(0, 'MAGISCH', NULL, 396, NULL, NULL, NULL, NULL, NULL, NULL, NULL),
(0, 'MAGISCH', NULL, 397, NULL, NULL, NULL, NULL, NULL, NULL, NULL),
(0, 'MAGISCH', NULL, 398, NULL, NULL, NULL, NULL, NULL, NULL, NULL),
(0, 'MAGISCH', NULL, 399, NULL, NULL, NULL, NULL, NULL, NULL, NULL),
(0, 'MAGISCH', NULL, 400, NULL, NULL, NULL, NULL, NULL, NULL, NULL),
(0, 'MAGISCH', NULL, 401, NULL, NULL, NULL, NULL, NULL, NULL, NULL),
(0, 'MAGISCH', NULL, 402, NULL, NULL, NULL, NULL, NULL, NULL, NULL),
(0, 'MAGISCH', NULL, 403, NULL, NULL, NULL, NULL, NULL, NULL, NULL),
(0, 'MAGISCH', NULL, 404, NULL, NULL, NULL, NULL, NULL, NULL, NULL),
(0, 'MAGISCH', NULL, 405, NULL, NULL, NULL, NULL, NULL, NULL, NULL),
(0, 'MAGISCH', NULL, 406, NULL, NULL, NULL, NULL, NULL, NULL, NULL),
(0, 'MAGISCH', NULL, 407, NULL, NULL, NULL, NULL, NULL, NULL, NULL),
(0, 'MAGISCH', NULL, 408, NULL, NULL, NULL, NULL, NULL, NULL, NULL),
(0, 'MAGISCH', NULL, 409, NULL, NULL, NULL, NULL, NULL, NULL, NULL),
(0, 'MAGISCH', NULL, 410, NULL, NULL, NULL, NULL, NULL, NULL, NULL),
(0, 'MAGISCH', NULL, 411, NULL, NULL, NULL, NULL, NULL, NULL, NULL),
(0, 'MAGISCH', NULL, 412, NULL, NULL, NULL, NULL, NULL, NULL, NULL),
(0, 'MAGISCH', NULL, 413, NULL, NULL, NULL, NULL, NULL, NULL, NULL),
(0, 'MAGISCH', NULL, 414, NULL, NULL, NULL, NULL, NULL, NULL, NULL),
(0, 'MAGISCH', NULL, 415, NULL, NULL, NULL, NULL, NULL, NULL, NULL),
(0, 'MAGISCH', NULL, 416, NULL, NULL, NULL, NULL, NULL, NULL, NULL),
(0, 'MAGISCH', NULL, 417, NULL, 1, 3, 4, 17, 24, NULL),
(0, 'MAGISCH', NULL, 418, NULL, 1, 3, 4, 17, 25, NULL),
(0, 'MAGISCH', NULL, 419, NULL, 1, 2, 4, 17, 26, NULL),
(0, 'MAGISCH', NULL, 420, NULL, 2, 3, 4, 17, 27, NULL),
(0, 'MAGISCH', NULL, 421, NULL, 1, 2, 3, 18, 16, NULL),
(0, 'MAGISCH', NULL, 422, NULL, 2, 3, 5, 30, 20, NULL),
(0, 'MAGISCH', NULL, 423, NULL, 2, 3, 4, 30, 20, NULL),
(0, 'MAGISCH', NULL, 424, NULL, 1, 3, 4, 31, 13, NULL),
(0, 'MAGISCH', NULL, 425, NULL, 3, 5, 7, 30, 11, NULL),
(0, 'MAGISCH', NULL, 426, NULL, 2, 3, 4, 32, 20, NULL),
(0, 'MAGISCH', NULL, 427, NULL, 1, 4, 6, 33, 28, NULL),
(0, 'MAGISCH', NULL, 428, NULL, 2, 3, 4, 30, 20, NULL),
(0, 'MAGISCH', NULL, 429, NULL, 3, 5, 7, 30, 29, NULL),
(0, 'MAGISCH', NULL, 430, NULL, 3, 5, 7, 32, 20, NULL),
(0, 'MAGISCH', NULL, 431, NULL, 2, 3, 4, 30, 11, NULL),
(5, 'KAMPF', NULL, 432, NULL, NULL, NULL, NULL, NULL, NULL, NULL),
(0, 'KAMPF', NULL, 433, NULL, NULL, NULL, NULL, NULL, NULL, NULL),
(0, 'KAMPF', NULL, 434, NULL, NULL, NULL, NULL, NULL, NULL, NULL),
(0, 'KAMPF', NULL, 435, NULL, NULL, NULL, NULL, NULL, NULL, NULL),
(10, 'KAMPF', NULL, 436, NULL, NULL, NULL, NULL, NULL, NULL, NULL),
(10, 'KAMPF', NULL, 437, NULL, NULL, NULL, NULL, NULL, NULL, NULL),
(0, 'KAMPF', NULL, 438, NULL, NULL, NULL, NULL, NULL, NULL, NULL),
(0, 'KAMPF', NULL, 439, NULL, NULL, NULL, NULL, NULL, NULL, NULL),
(0, 'KAMPF', NULL, 440, NULL, NULL, NULL, NULL, NULL, NULL, NULL),
(0, 'KAMPF', NULL, 441, NULL, NULL, NULL, NULL, NULL, NULL, NULL),
(0, 'KAMPF', NULL, 442, NULL, NULL, NULL, NULL, NULL, NULL, NULL),
(0, 'KAMPF', NULL, 443, NULL, NULL, NULL, NULL, NULL, NULL, NULL),
(10, 'KAMPF', NULL, 444, NULL, NULL, NULL, NULL, NULL, NULL, NULL),
(20, 'KAMPF', NULL, 445, NULL, NULL, NULL, NULL, NULL, NULL, NULL),
(10, 'KAMPF', NULL, 446, NULL, NULL, NULL, NULL, NULL, NULL, NULL),
(20, 'KAMPF', NULL, 447, NULL, NULL, NULL, NULL, NULL, NULL, NULL),
(15, 'KAMPF', NULL, 448, NULL, NULL, NULL, NULL, NULL, NULL, NULL),
(0, 'KAMPF', NULL, 449, NULL, NULL, NULL, NULL, NULL, NULL, NULL),
(0, 'KAMPF', NULL, 450, NULL, NULL, NULL, NULL, NULL, NULL, NULL),
(0, 'KAMPF', NULL, 451, NULL, NULL, NULL, NULL, NULL, NULL, NULL),
(10, 'KAMPF', NULL, 452, NULL, NULL, NULL, NULL, NULL, NULL, NULL),
(10, 'KAMPF', NULL, 453, NULL, NULL, NULL, NULL, NULL, NULL, NULL),
(0, 'KAMPF', NULL, 454, NULL, NULL, NULL, NULL, NULL, NULL, NULL),
(0, 'KAMPF', NULL, 455, NULL, NULL, NULL, NULL, NULL, NULL, NULL),
(0, 'KAMPF', NULL, 456, NULL, NULL, NULL, NULL, NULL, NULL, NULL),
(40, 'KAMPF', NULL, 457, NULL, NULL, NULL, NULL, NULL, NULL, NULL),
(10, 'KAMPF', NULL, 458, NULL, NULL, NULL, NULL, NULL, NULL, NULL),
(20, 'KAMPF', NULL, 459, NULL, NULL, NULL, NULL, NULL, NULL, NULL),
(0, 'KAMPF', NULL, 460, NULL, NULL, NULL, NULL, NULL, NULL, NULL),
(0, 'KAMPF', NULL, 461, NULL, NULL, NULL, NULL, NULL, NULL, NULL),
(0, 'KAMPF', NULL, 462, NULL, NULL, NULL, NULL, NULL, NULL, NULL),
(0, 'KAMPF', NULL, 463, NULL, NULL, NULL, NULL, NULL, NULL, NULL),
(10, 'KAMPF', NULL, 464, NULL, NULL, NULL, NULL, NULL, NULL, NULL),
(10, 'KAMPF', NULL, 465, NULL, NULL, NULL, NULL, NULL, NULL, NULL),
(5, 'KAMPF', NULL, 466, NULL, NULL, NULL, NULL, NULL, NULL, NULL),
(25, 'KAMPF', NULL, 467, NULL, NULL, NULL, NULL, NULL, NULL, NULL),
(12, 'KAMPF', NULL, 468, NULL, NULL, NULL, NULL, NULL, NULL, NULL),
(8, 'KAMPF', NULL, 469, NULL, NULL, NULL, NULL, NULL, NULL, NULL),
(0, 'KAMPF', NULL, 470, NULL, NULL, NULL, NULL, NULL, NULL, NULL),
(0, 'KAMPF', NULL, 471, NULL, NULL, NULL, NULL, NULL, NULL, NULL),
(0, 'KAMPF', NULL, 472, NULL, NULL, NULL, NULL, NULL, NULL, NULL),
(0, 'KAMPF', NULL, 473, NULL, NULL, NULL, NULL, NULL, NULL, NULL),
(50, 'KAMPF', NULL, 474, NULL, NULL, NULL, NULL, NULL, NULL, NULL),
(10, 'KAMPF', NULL, 475, NULL, NULL, NULL, NULL, NULL, NULL, NULL),
(25, 'KAMPF', NULL, 476, NULL, NULL, NULL, NULL, NULL, NULL, NULL),
(10, 'KAMPF', NULL, 477, NULL, NULL, NULL, NULL, NULL, NULL, NULL),
(10, 'KAMPF', NULL, 478, NULL, NULL, NULL, NULL, NULL, NULL, NULL),
(10, 'KAMPF', NULL, 479, NULL, NULL, NULL, NULL, NULL, NULL, NULL),
(15, 'KAMPF', NULL, 480, NULL, NULL, NULL, NULL, NULL, NULL, NULL),
(25, 'KAMPF', NULL, 481, NULL, NULL, NULL, NULL, NULL, NULL, NULL),
(10, 'KAMPF', NULL, 482, NULL, NULL, NULL, NULL, NULL, NULL, NULL),
(0, 'KAMPF', NULL, 483, NULL, NULL, NULL, NULL, NULL, NULL, NULL),
(0, 'KAMPF', NULL, 484, NULL, NULL, NULL, NULL, NULL, NULL, NULL),
(0, 'KAMPF', NULL, 485, NULL, NULL, NULL, NULL, NULL, NULL, NULL),
(0, 'KAMPF', NULL, 486, NULL, NULL, NULL, NULL, NULL, NULL, NULL),
(0, 'KAMPF', NULL, 487, NULL, NULL, NULL, NULL, NULL, NULL, NULL),
(0, 'KAMPF', NULL, 488, NULL, NULL, NULL, NULL, NULL, NULL, NULL),
(0, 'KAMPF', NULL, 489, NULL, NULL, NULL, NULL, NULL, NULL, NULL),
(0, 'KAMPF', NULL, 490, NULL, NULL, NULL, NULL, NULL, NULL, NULL),
(40, 'KAMPF', NULL, 491, NULL, NULL, NULL, NULL, NULL, NULL, NULL),
(0, 'KAMPF', NULL, 492, NULL, NULL, NULL, NULL, NULL, NULL, NULL),
(0, 'KAMPF', NULL, 493, NULL, NULL, NULL, NULL, NULL, NULL, NULL),
(0, 'KAMPF', NULL, 494, NULL, NULL, NULL, NULL, NULL, NULL, NULL),
(0, 'KAMPF', NULL, 495, NULL, NULL, NULL, NULL, NULL, NULL, NULL),
(0, 'KAMPF', NULL, 496, NULL, NULL, NULL, NULL, NULL, NULL, NULL),
(0, 'KAMPF', NULL, 497, NULL, NULL, NULL, NULL, NULL, NULL, NULL),
(15, 'KAMPF', NULL, 498, NULL, NULL, NULL, NULL, NULL, NULL, NULL),
(0, 'KAMPF', NULL, 499, NULL, NULL, NULL, NULL, NULL, NULL, NULL),
(10, 'KAMPF', NULL, 500, NULL, NULL, NULL, NULL, NULL, NULL, NULL),
(10, 'KAMPF', NULL, 501, NULL, NULL, NULL, NULL, NULL, NULL, NULL),
(25, 'KAMPF', NULL, 502, NULL, NULL, NULL, NULL, NULL, NULL, NULL),
(30, 'KAMPF', NULL, 503, NULL, NULL, NULL, NULL, NULL, NULL, NULL),
(0, 'KAMPF', NULL, 504, NULL, NULL, NULL, NULL, NULL, NULL, NULL),
(0, 'KAMPF', NULL, 505, NULL, NULL, NULL, NULL, NULL, NULL, NULL),
(0, 'KAMPF', NULL, 506, NULL, NULL, NULL, NULL, NULL, NULL, NULL),
(15, 'KAMPF', NULL, 507, NULL, NULL, NULL, NULL, NULL, NULL, NULL),
(15, 'KAMPF', NULL, 508, NULL, NULL, NULL, NULL, NULL, NULL, NULL),
(30, 'KAMPF', NULL, 509, NULL, NULL, NULL, NULL, NULL, NULL, NULL),
(45, 'KAMPF', NULL, 510, NULL, NULL, NULL, NULL, NULL, NULL, NULL),
(10, 'KAMPF', NULL, 511, NULL, NULL, NULL, NULL, NULL, NULL, NULL),
(10, 'KAMPF', NULL, 512, NULL, NULL, NULL, NULL, NULL, NULL, NULL),
(10, 'KAMPF', NULL, 513, NULL, NULL, NULL, NULL, NULL, NULL, NULL),
(10, 'KAMPF', NULL, 514, NULL, NULL, NULL, NULL, NULL, NULL, NULL),
(0, 'KAMPF', NULL, 515, NULL, NULL, NULL, NULL, NULL, NULL, NULL),
(0, 'KAMPF', NULL, 516, NULL, NULL, NULL, NULL, NULL, NULL, NULL),
(0, 'KAMPF', NULL, 517, NULL, NULL, NULL, NULL, NULL, NULL, NULL),
(0, 'KAMPF', NULL, 518, NULL, NULL, NULL, NULL, NULL, NULL, NULL),
(10, 'KAMPF', NULL, 519, NULL, NULL, NULL, NULL, NULL, NULL, NULL),
(20, 'KAMPF', NULL, 520, NULL, NULL, NULL, NULL, NULL, NULL, NULL),
(5, 'KAMPF', NULL, 521, NULL, NULL, NULL, NULL, NULL, NULL, NULL),
(15, 'KAMPF', NULL, 522, NULL, NULL, NULL, NULL, NULL, NULL, NULL),
(15, 'KAMPF', NULL, 523, NULL, NULL, NULL, NULL, NULL, NULL, NULL),
(10, 'KAMPF', NULL, 524, NULL, NULL, NULL, NULL, NULL, NULL, NULL),
(12, 'KAMPF', NULL, 525, NULL, NULL, NULL, NULL, NULL, NULL, NULL),
(5, 'KAMPF', NULL, 526, NULL, NULL, NULL, NULL, NULL, NULL, NULL),
(15, 'KAMPF', NULL, 527, NULL, NULL, NULL, NULL, NULL, NULL, NULL),
(15, 'KAMPF', NULL, 528, NULL, NULL, NULL, NULL, NULL, NULL, NULL),
(15, 'KAMPF', NULL, 529, NULL, NULL, NULL, NULL, NULL, NULL, NULL),
(20, 'KAMPF', NULL, 530, NULL, NULL, NULL, NULL, NULL, NULL, NULL),
(5, 'KAMPF', NULL, 531, NULL, NULL, NULL, NULL, NULL, NULL, NULL),
(10, 'KAMPF', NULL, 532, NULL, NULL, NULL, NULL, NULL, NULL, NULL),
(12, 'KAMPF', NULL, 533, NULL, NULL, NULL, NULL, NULL, NULL, NULL),
(15, 'KAMPF', NULL, 534, NULL, NULL, NULL, NULL, NULL, NULL, NULL),
(10, 'KAMPF', NULL, 535, NULL, NULL, NULL, NULL, NULL, NULL, NULL),
(15, 'KAMPF', NULL, 536, NULL, NULL, NULL, NULL, NULL, NULL, NULL),
(8, 'KAMPF', NULL, 537, NULL, NULL, NULL, NULL, NULL, NULL, NULL),
(10, 'KAMPF', NULL, 538, NULL, NULL, NULL, NULL, NULL, NULL, NULL),
(12, 'KAMPF', NULL, 539, NULL, NULL, NULL, NULL, NULL, NULL, NULL),
(10, 'KAMPF', NULL, 540, NULL, NULL, NULL, NULL, NULL, NULL, NULL),
(10, 'KAMPF', NULL, 541, NULL, NULL, NULL, NULL, NULL, NULL, NULL),
(10, 'KAMPF', NULL, 542, NULL, NULL, NULL, NULL, NULL, NULL, NULL),
(2, 'PROFAN', NULL, 543, NULL, NULL, NULL, NULL, NULL, NULL, NULL),
(1, 'PROFAN', NULL, 544, NULL, NULL, NULL, NULL, NULL, NULL, NULL),
(1, 'PROFAN', NULL, 545, NULL, NULL, NULL, NULL, NULL, NULL, NULL),
(3, 'PROFAN', NULL, 546, NULL, NULL, NULL, NULL, NULL, NULL, NULL),
(2, 'PROFAN', NULL, 547, NULL, NULL, NULL, NULL, NULL, NULL, NULL),
(1, 'PROFAN', NULL, 548, NULL, NULL, NULL, NULL, NULL, NULL, NULL),
(3, 'PROFAN', NULL, 549, NULL, NULL, NULL, NULL, NULL, NULL, NULL),
(1, 'PROFAN', NULL, 550, NULL, NULL, NULL, NULL, NULL, NULL, NULL),
(3, 'PROFAN', NULL, 551, NULL, NULL, NULL, NULL, NULL, NULL, NULL),
(5, 'PROFAN', NULL, 552, NULL, NULL, NULL, NULL, NULL, NULL, NULL),
(5, 'PROFAN', NULL, 553, NULL, NULL, NULL, NULL, NULL, NULL, NULL),
(5, 'PROFAN', NULL, 554, NULL, NULL, NULL, NULL, NULL, NULL, NULL),
(10, 'PROFAN', NULL, 555, NULL, NULL, NULL, NULL, NULL, NULL, NULL),
(5, 'PROFAN', NULL, 556, NULL, NULL, NULL, NULL, NULL, NULL, NULL),
(15, 'PROFAN', NULL, 557, NULL, NULL, NULL, NULL, NULL, NULL, NULL),
(25, 'PROFAN', NULL, 558, NULL, NULL, NULL, NULL, NULL, NULL, NULL),
(10, 'PROFAN', NULL, 559, NULL, NULL, NULL, NULL, NULL, NULL, NULL),
(5, 'PROFAN', NULL, 560, NULL, NULL, NULL, NULL, NULL, NULL, NULL),
(10, 'PROFAN', NULL, 561, NULL, NULL, NULL, NULL, NULL, NULL, NULL),
(10, 'MAGISCH', NULL, 562, NULL, NULL, NULL, NULL, 34, NULL, NULL),
(15, 'MAGISCH', NULL, 563, NULL, NULL, NULL, NULL, 35, NULL, NULL),
(20, 'MAGISCH', NULL, 564, NULL, NULL, NULL, NULL, 36, NULL, NULL),
(0, 'MAGISCH', NULL, 565, NULL, NULL, NULL, NULL, NULL, NULL, NULL),
(0, 'MAGISCH', NULL, 566, NULL, NULL, NULL, NULL, NULL, NULL, NULL),
(10, 'MAGISCH', NULL, 567, NULL, NULL, NULL, NULL, NULL, NULL, NULL),
(5, 'MAGISCH', NULL, 568, NULL, NULL, NULL, NULL, 24, NULL, NULL),
(0, 'MAGISCH', NULL, 569, NULL, NULL, NULL, NULL, NULL, NULL, NULL),
(0, 'MAGISCH', NULL, 570, NULL, NULL, NULL, NULL, NULL, NULL, NULL),
(10, 'MAGISCH', NULL, 571, NULL, NULL, NULL, NULL, 24, NULL, NULL),
(35, 'MAGISCH', NULL, 572, NULL, NULL, NULL, NULL, 37, NULL, NULL),
(0, 'MAGISCH', NULL, 573, NULL, NULL, NULL, NULL, NULL, NULL, NULL),
(0, 'MAGISCH', NULL, 574, NULL, NULL, NULL, NULL, NULL, NULL, NULL),
(0, 'MAGISCH', NULL, 575, NULL, NULL, NULL, NULL, NULL, NULL, NULL),
(0, 'MAGISCH', NULL, 576, NULL, NULL, NULL, NULL, NULL, NULL, NULL),
(30, 'MAGISCH', NULL, 577, NULL, NULL, NULL, NULL, 38, NULL, NULL),
(0, 'MAGISCH', NULL, 578, NULL, NULL, NULL, NULL, 39, NULL, NULL),
(0, 'MAGISCH', NULL, 579, NULL, NULL, NULL, NULL, 39, NULL, NULL),
(0, 'MAGISCH', NULL, 580, NULL, NULL, NULL, NULL, 39, NULL, NULL),
(0, 'MAGISCH', NULL, 581, NULL, NULL, NULL, NULL, 39, NULL, NULL),
(0, 'MAGISCH', NULL, 582, NULL, NULL, NULL, NULL, 39, NULL, NULL),
(35, 'MAGISCH', NULL, 583, NULL, NULL, NULL, NULL, 38, NULL, NULL),
(0, 'MAGISCH', NULL, 584, NULL, NULL, NULL, NULL, NULL, NULL, NULL),
(10, 'MAGISCH', NULL, 585, NULL, NULL, NULL, NULL, 24, NULL, NULL),
(0, 'MAGISCH', NULL, 586, NULL, NULL, NULL, NULL, NULL, NULL, NULL),
(0, 'MAGISCH', NULL, 587, NULL, NULL, NULL, NULL, NULL, NULL, NULL),
(0, 'MAGISCH', NULL, 588, NULL, NULL, NULL, NULL, NULL, NULL, NULL),
(0, 'MAGISCH', NULL, 589, NULL, NULL, NULL, NULL, NULL, NULL, NULL),
(15, 'MAGISCH', NULL, 590, NULL, NULL, NULL, NULL, 24, NULL, NULL),
(0, 'MAGISCH', NULL, 591, NULL, NULL, NULL, NULL, NULL, NULL, NULL),
(0, 'MAGISCH', NULL, 592, NULL, NULL, NULL, NULL, NULL, NULL, NULL),
(0, 'MAGISCH', NULL, 593, NULL, NULL, NULL, NULL, NULL, NULL, NULL),
(0, 'MAGISCH', NULL, 594, NULL, NULL, NULL, NULL, NULL, NULL, NULL),
(0, 'MAGISCH', NULL, 595, NULL, NULL, NULL, NULL, NULL, NULL, NULL),
(0, 'MAGISCH', NULL, 596, NULL, NULL, NULL, NULL, NULL, NULL, NULL),
(0, 'MAGISCH', NULL, 597, NULL, NULL, NULL, NULL, NULL, NULL, NULL),
(0, 'MAGISCH', NULL, 598, NULL, NULL, NULL, NULL, NULL, NULL, NULL),
(0, 'MAGISCH', NULL, 599, NULL, NULL, NULL, NULL, NULL, NULL, NULL),
(0, 'MAGISCH', NULL, 600, NULL, NULL, NULL, NULL, NULL, NULL, NULL),
(0, 'MAGISCH', NULL, 601, NULL, NULL, NULL, NULL, NULL, NULL, NULL),
(0, 'MAGISCH', NULL, 602, NULL, NULL, NULL, NULL, NULL, NULL, NULL),
(0, 'PROFAN', NULL, 603, NULL, NULL, NULL, NULL, NULL, NULL, NULL),
(0, 'PROFAN', NULL, 604, NULL, NULL, NULL, NULL, NULL, NULL, NULL),
(0, 'PROFAN', NULL, 605, NULL, NULL, NULL, NULL, NULL, NULL, NULL),
(0, 'PROFAN', NULL, 606, NULL, NULL, NULL, NULL, NULL, NULL, NULL),
(0, 'PROFAN', NULL, 607, NULL, NULL, NULL, NULL, NULL, NULL, NULL),
(0, 'PROFAN', NULL, 608, NULL, NULL, NULL, NULL, NULL, NULL, NULL),
(0, 'PROFAN', NULL, 609, NULL, NULL, NULL, NULL, NULL, NULL, NULL),
(0, 'PROFAN', NULL, 610, NULL, NULL, NULL, NULL, NULL, NULL, NULL),
(0, 'PROFAN', NULL, 611, NULL, NULL, NULL, NULL, NULL, NULL, NULL),
(10, 'PROFAN', NULL, 612, NULL, NULL, NULL, NULL, 24, 30, NULL),
(5, 'PROFAN', NULL, 613, NULL, NULL, NULL, NULL, 36, 30, NULL),
(15, 'PROFAN', NULL, 614, NULL, NULL, NULL, NULL, 24, 2, NULL),
(0, 'PROFAN', NULL, 615, NULL, NULL, NULL, NULL, 24, 30, NULL),
(15, 'PROFAN', NULL, 616, NULL, NULL, NULL, NULL, 36, 1, NULL),
(10, 'PROFAN', NULL, 617, NULL, NULL, NULL, NULL, 36, 31, NULL),
(25, 'PROFAN', NULL, 618, NULL, NULL, NULL, NULL, 40, 2, NULL),
(20, 'PROFAN', NULL, 619, NULL, NULL, NULL, NULL, 26, 1, NULL),
(10, 'PROFAN', NULL, 620, NULL, NULL, NULL, NULL, 26, 1, NULL),
(10, 'PROFAN', NULL, 621, NULL, NULL, NULL, NULL, 26, 1, NULL),
(35, 'PROFAN', NULL, 622, NULL, NULL, NULL, NULL, 41, 1, NULL),
(0, 'PROFAN', NULL, 623, NULL, NULL, NULL, NULL, 41, 1, NULL),
(0, 'MAGISCH', 'C', 624, NULL, 1, 2, 4, 42, NULL, NULL),
(0, 'MAGISCH', 'D', 625, NULL, 1, 2, 3, 42, NULL, NULL),
(0, 'MAGISCH', 'B', 626, NULL, 1, 3, 4, 43, NULL, NULL),
(0, 'MAGISCH', 'D', 627, NULL, 1, 3, 4, 44, NULL, NULL),
(0, 'MAGISCH', 'B', 628, NULL, 1, 3, 7, 45, NULL, NULL),
(25, 'MAGISCH', NULL, 629, NULL, NULL, NULL, NULL, NULL, NULL, NULL),
(20, 'MAGISCH', NULL, 630, NULL, NULL, NULL, NULL, NULL, NULL, NULL),
(12, 'MAGISCH', NULL, 631, NULL, NULL, NULL, NULL, NULL, NULL, NULL),
(15, 'MAGISCH', NULL, 632, NULL, NULL, NULL, NULL, NULL, NULL, NULL),
(15, 'MAGISCH', NULL, 633, NULL, NULL, NULL, NULL, NULL, NULL, NULL),
(10, 'MAGISCH', NULL, 634, NULL, NULL, NULL, NULL, NULL, NULL, NULL),
(10, 'MAGISCH', NULL, 635, NULL, NULL, NULL, NULL, NULL, NULL, NULL),
(12, 'MAGISCH', NULL, 636, NULL, NULL, NULL, NULL, NULL, NULL, NULL),
(15, 'MAGISCH', NULL, 637, NULL, NULL, NULL, NULL, NULL, NULL, NULL),
(15, 'MAGISCH', NULL, 638, NULL, NULL, NULL, NULL, NULL, NULL, NULL),
(12, 'MAGISCH', NULL, 639, NULL, NULL, NULL, NULL, NULL, NULL, NULL),
(10, 'MAGISCH', NULL, 640, NULL, NULL, NULL, NULL, NULL, NULL, NULL),
(10, 'MAGISCH', NULL, 641, NULL, NULL, NULL, NULL, NULL, NULL, NULL),
(10, 'MAGISCH', NULL, 642, NULL, NULL, NULL, NULL, NULL, NULL, NULL),
(10, 'MAGISCH', NULL, 643, NULL, NULL, NULL, NULL, NULL, NULL, NULL),
(10, 'MAGISCH', NULL, 644, NULL, NULL, NULL, NULL, NULL, NULL, NULL),
(10, 'MAGISCH', NULL, 645, NULL, NULL, NULL, NULL, NULL, NULL, NULL);

--
-- Daten für Tabelle `species`
--

INSERT INTO `species` (`ap_cost`, `base_live_points`, `base_movement`, `base_spirit`, `base_toughness`, `id`) VALUES
(0, 5, 8, -5, -5, 2005),
(0, 5, 8, -4, -6, 2006),
(61, 8, 6, -4, -4, 2007),
(18, 2, 8, -4, -6, 2008);

--
-- Daten für Tabelle `spell`
--

INSERT INTO `spell` (`improvement_chart`, `id`, `cast_time_id`, `check1_id`, `check2_id`, `check3_id`, `cost_id`, `duration_id`, `range_id`) VALUES
('D', 658, 1, 1, 2, 4, 14, 32, 1),
('A', 659, 4, 2, 3, 5, 15, 2, 11),
('B', 660, 2, 2, 3, 5, 46, 1, 1),
('C', 661, 4, 1, 3, 6, 47, 1, 1),
('B', 662, 1, 2, 4, 7, 14, 2, 6),
('A', 663, 1, 1, 4, 6, 15, 38, 3),
('A', 664, 3, 1, 4, 7, 15, 19, 1),
('C', 665, 11, 2, 2, 3, 16, 2, 2),
('C', 666, 3, 1, 4, 6, 48, 39, 1),
('B', 667, 3, 1, 3, 4, 17, 2, 2),
('C', 668, 2, 1, 2, 4, 14, 2, 6),
('D', 669, 3, 1, 2, 7, 49, 2, 5),
('A', 670, 3, 2, 3, 4, 46, 1, 3),
('C', 671, 1, 2, 3, 5, 50, 4, 1),
('B', 672, 1, 2, 4, 7, 15, 3, 3),
('B', 673, 4, 2, 3, 4, 51, 1, 2),
('B', 674, 4, 2, 3, 5, 51, 1, 2),
('B', 675, 4, 2, 2, 3, 51, 1, 2),
('B', 676, 4, 2, 3, 8, 52, 1, 2),
('A', 677, 2, 1, 3, 4, 15, 2, 6),
('D', 678, 5, 1, 3, 8, 49, 38, 5),
('A', 679, 3, 3, 4, 5, 53, 16, 2),
('B', 680, 3, 2, 3, 4, 46, 1, 3),
('B', 681, 1, 2, 3, 5, 17, 40, 2),
('B', 682, 5, 2, 3, 5, 54, 2, 2),
('B', 683, 3, 1, 3, 4, 17, 4, 4),
('B', 684, 5, 2, 4, 8, 17, 41, 3),
('A', 685, 3, 2, 3, 4, 15, 2, 3),
('C', 686, 3, 1, 2, 3, 55, 1, 4),
('C', 687, 5, 2, 3, 4, 16, 19, 3),
('A', 688, 1, 1, 3, 4, 15, 3, 3),
('B', 689, 2, 3, 4, 6, 17, 42, 1),
('B', 690, 2, 2, 3, 5, 15, 10, 2),
('C', 691, 2, 2, 3, 7, 16, 43, 3),
('B', 692, 2, 2, 4, 7, 14, 2, 6),
('B', 693, 3, 1, 4, 7, 56, 2, 3),
('B', 694, 1, 1, 2, 4, 57, 32, 1),
('B', 695, 2, 1, 2, 4, 16, 44, 1),
('B', 696, 4, 2, 4, 8, 16, 2, 3),
('B', 697, 4, 1, 2, 4, 58, 1, 1),
('B', 698, 4, 1, 2, 4, 59, 1, 1),
('C', 699, 2, 2, 3, 4, 60, 44, 2),
('C', 700, 2, 1, 3, 4, 61, 1, 1),
('B', 701, 3, 2, 3, 4, 56, 2, 3),
('C', 702, 3, 1, 3, 4, 16, 32, 4),
('C', 703, 12, 2, 4, 6, 17, 2, 4),
('B', 704, 3, 3, 4, 7, 56, 2, 3),
('A', 705, 2, 3, 4, 7, 15, 44, 4),
('B', 706, 3, 1, 3, 4, 17, 19, 2),
('A', 707, 2, 2, 3, 4, 15, 45, 12),
('B', 708, 2, 1, 2, 3, 15, 46, 2),
('A', 709, 1, 3, 5, 4, 15, 38, 1),
('B', 710, 4, 1, 2, 6, 17, 4, 1),
('C', 711, 4, 1, 3, 6, 47, 1, 1),
('A', 712, 1, 1, 2, 4, 62, 1, 3),
('C', 713, 2, 2, 3, 5, 17, 32, 2),
('B', 714, 3, 1, 3, 7, 16, 47, 3),
('C', 715, 1, 2, 3, 7, 14, 2, 3),
('B', 716, 1, 1, 2, 4, 57, 32, 1),
('A', 717, 2, 3, 4, 7, 15, 44, 4),
('A', 718, 4, 2, 3, 6, 23, 2, 1),
('C', 719, 7, 2, 5, 8, 16, 21, 1),
('B', 720, 2, 1, 3, 4, 17, 13, 13),
('C', 721, 2, 1, 2, 4, 16, 48, 3),
('B', 722, 3, 2, 3, 4, 63, 1, 1),
('B', 723, 5, 3, 4, 5, 15, 49, 14),
('B', 724, 3, 2, 4, 5, 56, 2, 3),
('B', 725, 3, 2, 3, 4, 56, 2, 3),
('C', 726, 3, 1, 3, 4, 64, 24, 3),
('B', 727, 13, 1, 2, 4, 17, 2, 3),
('C', 728, 3, 1, 4, 8, 16, 44, 2),
('C', 729, 13, 1, 2, 4, 16, 2, 3),
('B', 730, 1, 2, 5, 8, 65, 1, 6),
('B', 731, 1, 2, 3, 7, 21, 2, 1),
('C', 732, 3, 1, 3, 4, 16, 50, 6),
('A', 733, 1, 2, 3, 7, 15, 5, 1),
('B', 734, 3, 1, 3, 4, 17, 32, 2),
('B', 735, 2, 1, 3, 4, 17, 4, 3),
('C', 736, 2, 1, 2, 4, 14, 2, 6),
('D', 737, 3, 1, 2, 7, 49, 2, 5),
('B', 738, 3, 3, 4, 6, 17, 42, 6),
('B', 739, 3, 2, 3, 4, 56, 2, 3),
('C', 740, 5, 1, 2, 4, 16, 4, 2),
('B', 741, 3, 3, 4, 5, 66, 1, 1),
('B', 742, 1, 2, 4, 7, 14, 2, 6),
('C', 743, 2, 1, 3, 5, 17, 51, 1),
('A', 744, 3, 1, 4, 7, 15, NULL, 11),
('B', 745, 3, 1, 3, 4, 16, 52, 3),
('A', 746, 3, 2, 3, 7, 67, 1, 1),
('B', 747, 3, 2, 3, 4, 68, 2, 4),
('A', 748, 2, 2, 3, 7, 23, 2, 2),
('A', 749, 1, 1, 3, 4, 15, 4, 3),
('C', 750, 3, 3, 4, 7, 69, 4, 2),
('A', 751, 2, 1, 3, 7, 15, 38, 1),
('A', 752, 3, 1, 2, 4, 15, 2, 11),
('A', 753, 3, 2, 3, 4, 46, 1, 3),
('A', 754, 2, 2, 5, 8, 46, 1, 1),
('A', 755, 3, 2, 2, 3, 15, 12, 3),
('A', 756, 3, 2, 4, 5, 23, 17, 3),
('B', 757, 2, 2, 5, 8, 70, 1, 3),
('C', 758, 2, 1, 2, 4, 57, 53, 6),
('B', 759, 4, 1, 2, 4, 17, 2, 4),
('B', 760, 3, 2, 5, 7, 58, 1, 2),
('A', 761, 2, 1, 2, 8, 15, 42, 2),
('B', 762, 3, 2, 3, 5, 56, 2, 3),
('B', 763, 2, 2, 3, 4, 17, 4, 1),
('B', 764, 3, 2, 3, 4, 46, 1, 3),
('A', 765, 2, 2, 3, 3, 15, 9, 3),
('C', 766, 2, 1, 2, 4, 14, 2, 6),
('D', 767, 3, 1, 2, 7, 49, 2, 5),
('B', 768, 2, 2, 3, 7, 17, 54, 3),
('B', 769, 2, 1, 2, 3, 71, 1, 1),
('C', 770, 13, 1, 2, 4, 16, 2, 3),
('A', 771, 3, 1, 2, 3, 17, 2, 11),
('B', 772, 4, 2, 3, 5, 66, 1, 2),
('B', 773, 14, 1, 4, 6, 14, 31, 3),
('B', 774, 4, 1, 3, 4, 72, 4, 1),
('B', 775, 4, 2, 3, 5, 66, 1, 2),
('B', 776, 2, 2, 5, 8, 61, 1, 6),
('A', 777, 3, 2, 4, 5, 23, 4, 4),
('D', 778, 15, 3, 4, 7, 73, 1, 1),
('B', 779, 2, 1, 3, 4, 17, 55, 2),
('C', 780, 4, 2, 3, 7, 16, 11, 2),
('A', 781, 2, 1, 3, 4, 15, 4, 3),
('A', 782, 3, 2, 4, 5, 15, 2, 1),
('B', 783, 3, 2, 3, 7, 17, 11, 1),
('C', 784, 3, 1, 4, 4, 16, 56, 3),
('B', 785, 3, 1, 3, 4, 17, 2, 2),
('B', 786, 3, 1, 3, 4, 17, 16, 3),
('C', 787, 2, 1, 4, 7, 16, 57, 2),
('B', 788, 3, 1, 3, 4, 74, 1, 4),
('B', 789, 4, 2, 5, 8, 46, 1, 1),
('B', 790, 2, 1, 2, 4, 17, 51, 3),
('C', 791, 3, 1, 3, 7, 17, 4, 1),
('B', 792, 4, 1, 3, 4, 17, 5, 3),
('A', 793, 3, 2, 3, 7, 46, 1, 1),
('B', 794, 3, 2, 5, 8, 46, 1, 1),
('C', 795, 2, 1, 3, 7, 16, 44, 6),
('A', 796, 3, 2, 3, 3, 17, 58, 2),
('B', 797, 3, 2, 3, 4, 15, 19, 3),
('B', 798, 3, 2, 3, 5, 56, 2, 3),
('A', 799, 3, 1, 3, 4, 75, 1, 4),
('C', 800, 4, 1, 4, 7, 76, 2, 1),
('B', 801, 3, 2, 4, 5, 56, 2, 3),
('C', 802, 3, 1, 1, 4, 77, 59, 3),
('B', 803, 3, 2, 3, 7, 58, 1, 2),
('A', 804, 2, 1, 3, 6, 15, 4, 1),
('B', 805, 4, 2, 3, 7, 46, 1, 2),
('C', 806, 4, 1, 3, 6, 47, 1, 1),
('C', 807, 2, 2, 3, 4, 17, 19, 3),
('C', 808, 3, 1, 2, 4, 16, 60, 3);

--
-- Daten für Tabelle `spell_targets`
--

INSERT INTO `spell_targets` (`spell_id`, `targets_id`) VALUES
(658, 3),
(659, 13),
(660, 20),
(661, 2),
(662, 1),
(663, 1),
(664, 20),
(665, 20),
(665, 13),
(666, 2),
(667, 2),
(668, 9),
(669, 3),
(670, 21),
(671, 20),
(672, 1),
(673, 2),
(674, 2),
(675, 2),
(676, 2),
(677, 1),
(678, 3),
(679, 13),
(680, 22),
(681, 1),
(682, 2),
(683, 2),
(683, 4),
(684, 1),
(685, 20),
(686, 2),
(686, 4),
(687, 2),
(688, 1),
(689, 1),
(690, 23),
(691, 1),
(692, 1),
(693, 9),
(694, 3),
(695, 3),
(696, 15),
(697, 3),
(698, 3),
(699, 1),
(700, 1),
(701, 9),
(702, 1),
(703, 15),
(704, 9),
(705, 1),
(706, 2),
(707, 24),
(707, 25),
(707, 20),
(707, 26),
(708, 1),
(709, 2),
(710, 2),
(711, 2),
(712, 3),
(713, 23),
(714, 3),
(715, 1),
(716, 3),
(717, 1),
(718, 13),
(719, 3),
(720, 1),
(721, 1),
(722, 20),
(723, 27),
(724, 9),
(725, 9),
(726, 28),
(726, 29),
(726, 30),
(727, 31),
(727, 32),
(728, 1),
(729, 18),
(730, 33),
(731, 20),
(732, 3),
(733, 20),
(734, 1),
(735, 1),
(736, 9),
(737, 3),
(738, 2),
(739, 9),
(740, 2),
(741, 2),
(742, 1),
(743, 34),
(744, 8),
(745, 2),
(746, 20),
(747, 1),
(748, 1),
(749, 11),
(750, 2),
(751, 1),
(752, 8),
(753, 35),
(754, 20),
(755, 36),
(756, 3),
(757, 8),
(758, 3),
(759, 7),
(760, 13),
(761, 13),
(762, 9),
(763, 20),
(764, 3),
(765, 20),
(765, 8),
(766, 9),
(767, 3),
(768, 1),
(769, 9),
(770, 7),
(771, 2),
(772, 1),
(773, 2),
(774, 2),
(775, 1),
(776, 8),
(777, 13),
(778, 1),
(779, 1),
(780, 1),
(781, 11),
(782, 2),
(783, 20),
(784, 3),
(785, 2),
(786, 2),
(787, 2),
(788, 2),
(789, 3),
(790, 37),
(791, 3),
(792, 1),
(793, 1),
(794, 20),
(795, 3),
(796, 38),
(797, 2),
(798, 9),
(799, 11),
(800, 8),
(800, 20),
(801, 9),
(802, 2),
(803, 1),
(804, 3),
(805, 1),
(806, 2),
(807, 2),
(808, 2);

--
-- Daten für Tabelle `target`
--

INSERT INTO `target` (`id`, `name`) VALUES
(1, 'Lebewesen'),
(2, 'Kulturschaffende'),
(3, 'Zone'),
(4, 'übernatürliche Wesen'),
(5, 'Tiere (Ratten)'),
(6, 'Untote'),
(7, 'Dämonen'),
(8, 'Objekt'),
(9, 'alle'),
(10, 'Pflanzen'),
(11, 'Tiere'),
(12, 'Tiere (nur Schlangen)'),
(13, 'Objekte'),
(14, 'geweihte Objekte'),
(15, 'profane Objekte'),
(16, 'profane Objekte (Tierbild)'),
(17, 'Objekt (profane Objekte bis zur Größe einer Truhe)'),
(18, 'Elementare'),
(19, 'profane Objekte (Trommeln)'),
(20, 'Wesen'),
(21, 'Zone (Radius 3 x 3 Schritt)'),
(22, 'Zone (Radius von 5 x 5 Schritt)'),
(23, 'Objekte (Schlösser)'),
(24, 'Lebewesen (außer Pflanzen'),
(25, 'Pilze'),
(26, 'die kleiner als eine Ratte sind)'),
(27, 'Pflanze'),
(28, 'Tiere (domestizierte Tiere'),
(29, 'Wildtiere der Größenkategorie groß'),
(30, 'kleiner)'),
(31, 'Beseelte'),
(32, 'Geister'),
(33, 'Objekt (Holz)'),
(34, 'selbst'),
(35, 'Zone (max. 3 x 3 Schritt)'),
(36, 'Kulturschaffende (selbst)'),
(37, 'Kulturschaffende (Verstorbene)'),
(38, 'Objekte (Zutaten für Alchimica)'),
(39, 'Objekte (Besen)'),
(40, 'Objekte (kleine Flammen)'),
(41, 'Objekte (Kleidung)'),
(42, 'Objekte (Sand)'),
(43, 'Objekte (Bücher)'),
(44, 'Objekte (Waffen)'),
(45, 'Objekte (Essen)'),
(46, 'Objekte (Federkiele)'),
(47, 'Lebewesen (nur der Geweihte selbst)');

-- activate foreign key checks. Keep this in the last line!
SET foreign_key_checks = 1;
