--
-- Daten für Tabelle `aspekt`
--

INSERT INTO `aspekt` (`id`, `name`) VALUES
(1, 'allgemein'),
(2, 'Antimagie (Praios)'),
(3, 'Handel (Phex)'),
(4, 'Heilung (Peraine)'),
(5, 'Landwirtschaft (Peraine)'),
(6, 'Magie (Hesinde)'),
(7, 'Ordnung (Praios)'),
(8, 'Schatten (Phex)'),
(9, 'Schild (Rondra)'),
(10, 'Sturm (Rondra)'),
(11, 'Tod (Boron)'),
(12, 'Traum (Boron)'),
(13, 'Wissen (Hesinde)');

--
-- Daten für Tabelle `dauer`
--

INSERT INTO `dauer` (`id`, `name`) VALUES
(1, '1 Aktion'),
(2, '2 Aktionen'),
(3, '4 Aktionen'),
(4, '8 Aktionen'),
(5, '16 Aktionen'),
(6, '32 Aktionen'),
(7, '30 Minuten'),
(8, '2 Stunden'),
(9, '8 Stunden');

--
-- Daten für Tabelle `wirkungsdauer`
--

INSERT INTO `wirkungsdauer` (`id`, `name`) VALUES
(1, 'sofort'),
(2, '1 Aktion'),
(3, '1 Minute'),
(4, '5 Minuten'),
(5, '30 Minuten'),
(6, 'QS x 2 in Minuten'),
(7, 'QS x 3 in Minuten'),
(8, 'QS x 15 in Minuten'),
(9, 'QS x 3 in Stunden'),
(10, 'QS x 3 in Tagen'),
(11, 'QS x 3 in Wochen'),
(12, '5 Kampfrunden'),
(13, 'QS in Kampfrunden'),
(14, 'QS x 3 in Kampfrunden'),
(15, 'QS x 5 in Kampfrunden'),
(16, 'Bis zum nächsten Schuss, maximal QS x 2 Kampfrunden');

--
-- Daten für Tabelle `zielkategorie`
--

INSERT INTO `zielkategorie` (`id`, `name`) VALUES
(1, 'Wesen'),
(2, 'Lebewesen'),
(3, 'Kulturschaffende'),
(4, 'Tiere'),
(5, 'Pflanzen'),
(6, 'Pilze'),
(7, 'übernatürliche Lebewesen'),
(8, 'Feen'),
(9, 'Chimären'),
(10, 'Drachen'),
(11, 'Daimonide'),
(12, 'Nicht Lebende'),
(13, 'Untote'),
(14, 'Geister'),
(15, 'Hirnlose'),
(16, 'Vampire'),
(17, 'Beseelte'),
(18, 'Dämonen'),
(19, 'Elementare'),
(20, 'Golems'),
(21, 'Objekte'),
(22, 'Profane Objekte'),
(23, 'Magische Objekte'),
(24, 'Geweihte Objekte');

--
-- Daten für Tabelle `attribut`
--

INSERT INTO `attribut` (`typ`, `id`, `name`) VALUES
('Eigenschaft', 1, 'Mut'),
('Eigenschaft', 2, 'Klugheit'),
('Eigenschaft', 3, 'Intuition'),
('Eigenschaft', 4, 'Charisma'),
('Eigenschaft', 5, 'Fingerfertigkeit'),
('Eigenschaft', 6, 'Geschicklichkeit'),
('Eigenschaft', 7, 'Konstitution'),
('Eigenschaft', 8, 'Körperkraft'),

('Fertigkeit', 9, 'Fliegen'),
('Fertigkeit', 10, 'Gaukeleien'),
('Fertigkeit', 11, 'Klettern'),
('Fertigkeit', 12, 'Körperbeherrschung'),
('Fertigkeit', 13, 'Kraftakt'),
('Fertigkeit', 14, 'Reiten'),
('Fertigkeit', 15, 'Schwimmen'),
('Fertigkeit', 16, 'Selbstbeherrschung'),
('Fertigkeit', 17, 'Singen'),
('Fertigkeit', 18, 'Sinnesschärfe'),
('Fertigkeit', 19, 'Tanzen'),
('Fertigkeit', 20, 'Taschendiebstahl'),
('Fertigkeit', 21, 'Verbergen'),
('Fertigkeit', 22, 'Zechen'),

('Fertigkeit', 23, 'Bekehren & Überzeugen'),
('Fertigkeit', 24, 'Betören'),
('Fertigkeit', 25, 'Einschüchtern'),
('Fertigkeit', 26, 'Etikette'),
('Fertigkeit', 27, 'Gassenwissen'),
('Fertigkeit', 28, 'Menschenkenntnis'),
('Fertigkeit', 29, 'Überreden'),
('Fertigkeit', 30, 'Verkleiden'),
('Fertigkeit', 31, 'Willenskraft'),

('Fertigkeit', 32, 'Fährtensuchen'),
('Fertigkeit', 33, 'Fesseln'),
('Fertigkeit', 34, 'Fischen & Angeln'),
('Fertigkeit', 35, 'Orientierung'),
('Fertigkeit', 36, 'Pflanzenkunde'),
('Fertigkeit', 37, 'Tierkunde'),
('Fertigkeit', 38, 'Wildnisleben'),

('Fertigkeit', 39, 'Brett- & Glücksspiel'),
('Fertigkeit', 40, 'Geographie'),
('Fertigkeit', 41, 'Geschichtswissen'),
('Fertigkeit', 42, 'Götter & Kulte'),
('Fertigkeit', 43, 'Kriegskunst'),
('Fertigkeit', 44, 'Magiekunde'),
('Fertigkeit', 45, 'Mechanik'),
('Fertigkeit', 46, 'Rechnen'),
('Fertigkeit', 47, 'Rechtskunde'),
('Fertigkeit', 48, 'Sagen & Legenden'),
('Fertigkeit', 49, 'Sphärenkunde'),
('Fertigkeit', 50, 'Sternkunde'),

('Fertigkeit', 51, 'Alchimie'),
('Fertigkeit', 52, 'Boote & Schiffe'),
('Fertigkeit', 53, 'Fahrzeuge'),
('Fertigkeit', 54, 'Handel'),
('Fertigkeit', 55, 'Heilkunde Gift'),
('Fertigkeit', 56, 'Heilkunde Krankheiten'),
('Fertigkeit', 57, 'Heilkunde Seele'),
('Fertigkeit', 58, 'Heilkunde Wunden'),
('Fertigkeit', 59, 'Holzbearbeitung'),
('Fertigkeit', 60, 'Lebensmittelbearbeitung'),
('Fertigkeit', 61, 'Lederbearbeitung'),
('Fertigkeit', 62, 'Malen & Zeichnen'),
('Fertigkeit', 63, 'Metallbearbeitung'),
('Fertigkeit', 64, 'Musizieren'),
('Fertigkeit', 65, 'Schlösserknacken'),
('Fertigkeit', 66, 'Steinbearbeitung'),
('Fertigkeit', 67, 'Stoffbearbeitung');

--
-- Daten für Tabelle `eigenschaft`
--

INSERT INTO `eigenschaft` (`kostentabelle`, `id`) VALUES
('E', 1),
('E', 2),
('E', 3),
('E', 4),
('E', 5),
('E', 6),
('E', 7),
('E', 8);

--
-- Daten für Tabelle `probe`
--

INSERT INTO `probe` (`id`) VALUES
(1),
(2),
(3),
(4),
(5),
(6),
(7),
(8),
(9),
(10),
(11),
(12),
(13),
(14),
(15),
(16),
(17),
(18),
(19),
(20),
(21),
(22),
(23),
(24),
(25),
(26),
(27),
(28),
(29),
(30),
(31),
(32),
(33),
(34),
(35),
(36),
(37),
(38),
(39),
(40),
(41),
(42),
(43),
(44),
(45),
(46),
(47),
(48),
(49),
(50),
(51),
(52),
(53),
(54),
(55),
(56),
(57),
(58),
(59),
(60),
(61),
(62),
(63),
(64),
(65),
(66),
(67),
(68),
(69),
(70),
(71),
(72),
(73),
(74),
(75),
(76),
(77),
(78),
(79),
(80),
(81),
(82),
(83),
(84),
(85),
(86),
(87),
(88),
(89),
(90),
(91),
(92),
(93),
(94),
(95),
(96),
(97),
(98),
(99),
(100),
(101),
(102),
(103),
(104),
(105),
(106),
(107),
(108),
(109),
(110),
(111),
(112),
(113),
(114),
(115),
(116),
(117),
(118),
(119),
(120),
(121),
(122),
(123),
(124),
(125),
(126),
(127),
(128),
(129),
(130),
(131),
(132),
(133),
(134),
(135),
(136),
(137),
(138),
(139),
(140),
(141),
(142),
(143),
(144),
(145),
(146),
(147),
(148),
(149),
(150),
(151),
(152),
(153),
(154),
(155),
(156),
(157),
(158),
(159),
(160),
(161),
(162),
(163),
(164),
(165),
(166),
(167),
(168),
(169),
(170),
(171),
(172),
(173),
(174),
(175),
(176),
(177),
(178),
(179),
(180),
(181),
(182),
(183),
(184),
(185),
(186),
(187),
(188),
(189),
(190),
(191),
(192),
(193),
(194),
(195),
(196),
(197),
(198),
(199),
(200),
(201),
(202),
(203),
(204),
(205),
(206),
(207),
(208),
(209),
(210),
(211),
(212),
(213),
(214),
(215),
(216),
(217),
(218),
(219),
(220),
(221),
(222),
(223),
(224),
(225),
(226),
(227),
(228),
(229),
(230),
(231),
(232),
(233),
(234),
(235),
(236),
(237),
(238),
(239),
(240),
(241),
(242),
(243),
(244),
(245),
(246),
(247),
(248),
(249),
(250),
(251),
(252),
(253),
(254),
(255),
(256),
(257),
(258),
(259),
(260),
(261),
(262),
(263),
(264),
(265),
(266),
(267),
(268),
(269),
(270),
(271),
(272),
(273),
(274),
(275),
(276),
(277),
(278),
(279),
(280),
(281),
(282),
(283),
(284),
(285),
(286),
(287),
(288),
(289),
(290),
(291),
(292),
(293),
(294),
(295),
(296),
(297),
(298),
(299),
(300),
(301),
(302),
(303),
(304),
(305),
(306),
(307),
(308),
(309),
(310),
(311),
(312),
(313),
(314),
(315),
(316),
(317),
(318),
(319),
(320),
(321),
(322),
(323),
(324),
(325),
(326),
(327),
(328),
(329),
(330),
(331),
(332),
(333),
(334),
(335),
(336),
(337),
(338),
(339),
(340),
(341),
(342),
(343),
(344),
(345),
(346),
(347),
(348),
(349),
(350),
(351),
(352),
(353),
(354),
(355),
(356),
(357),
(358),
(359),
(360),
(361),
(362),
(363),
(364),
(365),
(366),
(367),
(368),
(369),
(370),
(371),
(372),
(373),
(374),
(375),
(376),
(377),
(378),
(379),
(380),
(381),
(382),
(383),
(384),
(385),
(386),
(387),
(388),
(389),
(390),
(391),
(392),
(393),
(394),
(395),
(396),
(397),
(398),
(399),
(400),
(401),
(402),
(403),
(404),
(405),
(406),
(407),
(408),
(409),
(410),
(411),
(412),
(413),
(414),
(415),
(416),
(417),
(418),
(419),
(420),
(421),
(422),
(423),
(424),
(425),
(426),
(427),
(428),
(429),
(430),
(431),
(432),
(433),
(434),
(435),
(436),
(437),
(438),
(439),
(440),
(441),
(442),
(443),
(444),
(445),
(446),
(447),
(448),
(449),
(450),
(451),
(452),
(453),
(454),
(455),
(456),
(457),
(458),
(459),
(460),
(461),
(462),
(463),
(464),
(465),
(466),
(467),
(468),
(469),
(470),
(471),
(472),
(473),
(474),
(475),
(476),
(477),
(478),
(479),
(480),
(481),
(482),
(483),
(484),
(485),
(486),
(487),
(488),
(489),
(490),
(491),
(492),
(493),
(494),
(495),
(496),
(497),
(498),
(499),
(500),
(501),
(502),
(503),
(504),
(505),
(506),
(507),
(508),
(509),
(510),
(511),
(512);

--
-- Daten für Tabelle `probe_eigenschaft`
--

INSERT INTO `probe_eigenschaft` (`probe_id`, `eigenschaften_id`) VALUES
(1, 1),
(1, 1),
(1, 1),
(2, 1),
(2, 1),
(2, 2),
(3, 1),
(3, 1),
(3, 3),
(4, 1),
(4, 1),
(4, 4),
(5, 1),
(5, 1),
(5, 5),
(6, 1),
(6, 1),
(6, 6),
(7, 1),
(7, 1),
(7, 7),
(8, 1),
(8, 1),
(8, 8),
(9, 1),
(9, 2),
(9, 1),
(10, 1),
(10, 2),
(10, 2),
(11, 1),
(11, 2),
(11, 3),
(12, 1),
(12, 2),
(12, 4),
(13, 1),
(13, 2),
(13, 5),
(14, 1),
(14, 2),
(14, 6),
(15, 1),
(15, 2),
(15, 7),
(16, 1),
(16, 2),
(16, 8),
(17, 1),
(17, 3),
(17, 1),
(18, 1),
(18, 3),
(18, 2),
(19, 1),
(19, 3),
(19, 3),
(20, 1),
(20, 3),
(20, 4),
(21, 1),
(21, 3),
(21, 5),
(22, 1),
(22, 3),
(22, 6),
(23, 1),
(23, 3),
(23, 7),
(24, 1),
(24, 3),
(24, 8),
(25, 1),
(25, 4),
(25, 1),
(26, 1),
(26, 4),
(26, 2),
(27, 1),
(27, 4),
(27, 3),
(28, 1),
(28, 4),
(28, 4),
(29, 1),
(29, 4),
(29, 5),
(30, 1),
(30, 4),
(30, 6),
(31, 1),
(31, 4),
(31, 7),
(32, 1),
(32, 4),
(32, 8),
(33, 1),
(33, 5),
(33, 1),
(34, 1),
(34, 5),
(34, 2),
(35, 1),
(35, 5),
(35, 3),
(36, 1),
(36, 5),
(36, 4),
(37, 1),
(37, 5),
(37, 5),
(38, 1),
(38, 5),
(38, 6),
(39, 1),
(39, 5),
(39, 7),
(40, 1),
(40, 5),
(40, 8),
(41, 1),
(41, 6),
(41, 1),
(42, 1),
(42, 6),
(42, 2),
(43, 1),
(43, 6),
(43, 3),
(44, 1),
(44, 6),
(44, 4),
(45, 1),
(45, 6),
(45, 5),
(46, 1),
(46, 6),
(46, 6),
(47, 1),
(47, 6),
(47, 7),
(48, 1),
(48, 6),
(48, 8),
(49, 1),
(49, 7),
(49, 1),
(50, 1),
(50, 7),
(50, 2),
(51, 1),
(51, 7),
(51, 3),
(52, 1),
(52, 7),
(52, 4),
(53, 1),
(53, 7),
(53, 5),
(54, 1),
(54, 7),
(54, 6),
(55, 1),
(55, 7),
(55, 7),
(56, 1),
(56, 7),
(56, 8),
(57, 1),
(57, 8),
(57, 1),
(58, 1),
(58, 8),
(58, 2),
(59, 1),
(59, 8),
(59, 3),
(60, 1),
(60, 8),
(60, 4),
(61, 1),
(61, 8),
(61, 5),
(62, 1),
(62, 8),
(62, 6),
(63, 1),
(63, 8),
(63, 7),
(64, 1),
(64, 8),
(64, 8),
(65, 2),
(65, 1),
(65, 1),
(66, 2),
(66, 1),
(66, 2),
(67, 2),
(67, 1),
(67, 3),
(68, 2),
(68, 1),
(68, 4),
(69, 2),
(69, 1),
(69, 5),
(70, 2),
(70, 1),
(70, 6),
(71, 2),
(71, 1),
(71, 7),
(72, 2),
(72, 1),
(72, 8),
(73, 2),
(73, 2),
(73, 1),
(74, 2),
(74, 2),
(74, 2),
(75, 2),
(75, 2),
(75, 3),
(76, 2),
(76, 2),
(76, 4),
(77, 2),
(77, 2),
(77, 5),
(78, 2),
(78, 2),
(78, 6),
(79, 2),
(79, 2),
(79, 7),
(80, 2),
(80, 2),
(80, 8),
(81, 2),
(81, 3),
(81, 1),
(82, 2),
(82, 3),
(82, 2),
(83, 2),
(83, 3),
(83, 3),
(84, 2),
(84, 3),
(84, 4),
(85, 2),
(85, 3),
(85, 5),
(86, 2),
(86, 3),
(86, 6),
(87, 2),
(87, 3),
(87, 7),
(88, 2),
(88, 3),
(88, 8),
(89, 2),
(89, 4),
(89, 1),
(90, 2),
(90, 4),
(90, 2),
(91, 2),
(91, 4),
(91, 3),
(92, 2),
(92, 4),
(92, 4),
(93, 2),
(93, 4),
(93, 5),
(94, 2),
(94, 4),
(94, 6),
(95, 2),
(95, 4),
(95, 7),
(96, 2),
(96, 4),
(96, 8),
(97, 2),
(97, 5),
(97, 1),
(98, 2),
(98, 5),
(98, 2),
(99, 2),
(99, 5),
(99, 3),
(100, 2),
(100, 5),
(100, 4),
(101, 2),
(101, 5),
(101, 5),
(102, 2),
(102, 5),
(102, 6),
(103, 2),
(103, 5),
(103, 7),
(104, 2),
(104, 5),
(104, 8),
(105, 2),
(105, 6),
(105, 1),
(106, 2),
(106, 6),
(106, 2),
(107, 2),
(107, 6),
(107, 3),
(108, 2),
(108, 6),
(108, 4),
(109, 2),
(109, 6),
(109, 5),
(110, 2),
(110, 6),
(110, 6),
(111, 2),
(111, 6),
(111, 7),
(112, 2),
(112, 6),
(112, 8),
(113, 2),
(113, 7),
(113, 1),
(114, 2),
(114, 7),
(114, 2),
(115, 2),
(115, 7),
(115, 3),
(116, 2),
(116, 7),
(116, 4),
(117, 2),
(117, 7),
(117, 5),
(118, 2),
(118, 7),
(118, 6),
(119, 2),
(119, 7),
(119, 7),
(120, 2),
(120, 7),
(120, 8),
(121, 2),
(121, 8),
(121, 1),
(122, 2),
(122, 8),
(122, 2),
(123, 2),
(123, 8),
(123, 3),
(124, 2),
(124, 8),
(124, 4),
(125, 2),
(125, 8),
(125, 5),
(126, 2),
(126, 8),
(126, 6),
(127, 2),
(127, 8),
(127, 7),
(128, 2),
(128, 8),
(128, 8),
(129, 3),
(129, 1),
(129, 1),
(130, 3),
(130, 1),
(130, 2),
(131, 3),
(131, 1),
(131, 3),
(132, 3),
(132, 1),
(132, 4),
(133, 3),
(133, 1),
(133, 5),
(134, 3),
(134, 1),
(134, 6),
(135, 3),
(135, 1),
(135, 7),
(136, 3),
(136, 1),
(136, 8),
(137, 3),
(137, 2),
(137, 1),
(138, 3),
(138, 2),
(138, 2),
(139, 3),
(139, 2),
(139, 3),
(140, 3),
(140, 2),
(140, 4),
(141, 3),
(141, 2),
(141, 5),
(142, 3),
(142, 2),
(142, 6),
(143, 3),
(143, 2),
(143, 7),
(144, 3),
(144, 2),
(144, 8),
(145, 3),
(145, 3),
(145, 1),
(146, 3),
(146, 3),
(146, 2),
(147, 3),
(147, 3),
(147, 3),
(148, 3),
(148, 3),
(148, 4),
(149, 3),
(149, 3),
(149, 5),
(150, 3),
(150, 3),
(150, 6),
(151, 3),
(151, 3),
(151, 7),
(152, 3),
(152, 3),
(152, 8),
(153, 3),
(153, 4),
(153, 1),
(154, 3),
(154, 4),
(154, 2),
(155, 3),
(155, 4),
(155, 3),
(156, 3),
(156, 4),
(156, 4),
(157, 3),
(157, 4),
(157, 5),
(158, 3),
(158, 4),
(158, 6),
(159, 3),
(159, 4),
(159, 7),
(160, 3),
(160, 4),
(160, 8),
(161, 3),
(161, 5),
(161, 1),
(162, 3),
(162, 5),
(162, 2),
(163, 3),
(163, 5),
(163, 3),
(164, 3),
(164, 5),
(164, 4),
(165, 3),
(165, 5),
(165, 5),
(166, 3),
(166, 5),
(166, 6),
(167, 3),
(167, 5),
(167, 7),
(168, 3),
(168, 5),
(168, 8),
(169, 3),
(169, 6),
(169, 1),
(170, 3),
(170, 6),
(170, 2),
(171, 3),
(171, 6),
(171, 3),
(172, 3),
(172, 6),
(172, 4),
(173, 3),
(173, 6),
(173, 5),
(174, 3),
(174, 6),
(174, 6),
(175, 3),
(175, 6),
(175, 7),
(176, 3),
(176, 6),
(176, 8),
(177, 3),
(177, 7),
(177, 1),
(178, 3),
(178, 7),
(178, 2),
(179, 3),
(179, 7),
(179, 3),
(180, 3),
(180, 7),
(180, 4),
(181, 3),
(181, 7),
(181, 5),
(182, 3),
(182, 7),
(182, 6),
(183, 3),
(183, 7),
(183, 7),
(184, 3),
(184, 7),
(184, 8),
(185, 3),
(185, 8),
(185, 1),
(186, 3),
(186, 8),
(186, 2),
(187, 3),
(187, 8),
(187, 3),
(188, 3),
(188, 8),
(188, 4),
(189, 3),
(189, 8),
(189, 5),
(190, 3),
(190, 8),
(190, 6),
(191, 3),
(191, 8),
(191, 7),
(192, 3),
(192, 8),
(192, 8),
(193, 4),
(193, 1),
(193, 1),
(194, 4),
(194, 1),
(194, 2),
(195, 4),
(195, 1),
(195, 3),
(196, 4),
(196, 1),
(196, 4),
(197, 4),
(197, 1),
(197, 5),
(198, 4),
(198, 1),
(198, 6),
(199, 4),
(199, 1),
(199, 7),
(200, 4),
(200, 1),
(200, 8),
(201, 4),
(201, 2),
(201, 1),
(202, 4),
(202, 2),
(202, 2),
(203, 4),
(203, 2),
(203, 3),
(204, 4),
(204, 2),
(204, 4),
(205, 4),
(205, 2),
(205, 5),
(206, 4),
(206, 2),
(206, 6),
(207, 4),
(207, 2),
(207, 7),
(208, 4),
(208, 2),
(208, 8),
(209, 4),
(209, 3),
(209, 1),
(210, 4),
(210, 3),
(210, 2),
(211, 4),
(211, 3),
(211, 3),
(212, 4),
(212, 3),
(212, 4),
(213, 4),
(213, 3),
(213, 5),
(214, 4),
(214, 3),
(214, 6),
(215, 4),
(215, 3),
(215, 7),
(216, 4),
(216, 3),
(216, 8),
(217, 4),
(217, 4),
(217, 1),
(218, 4),
(218, 4),
(218, 2),
(219, 4),
(219, 4),
(219, 3),
(220, 4),
(220, 4),
(220, 4),
(221, 4),
(221, 4),
(221, 5),
(222, 4),
(222, 4),
(222, 6),
(223, 4),
(223, 4),
(223, 7),
(224, 4),
(224, 4),
(224, 8),
(225, 4),
(225, 5),
(225, 1),
(226, 4),
(226, 5),
(226, 2),
(227, 4),
(227, 5),
(227, 3),
(228, 4),
(228, 5),
(228, 4),
(229, 4),
(229, 5),
(229, 5),
(230, 4),
(230, 5),
(230, 6),
(231, 4),
(231, 5),
(231, 7),
(232, 4),
(232, 5),
(232, 8),
(233, 4),
(233, 6),
(233, 1),
(234, 4),
(234, 6),
(234, 2),
(235, 4),
(235, 6),
(235, 3),
(236, 4),
(236, 6),
(236, 4),
(237, 4),
(237, 6),
(237, 5),
(238, 4),
(238, 6),
(238, 6),
(239, 4),
(239, 6),
(239, 7),
(240, 4),
(240, 6),
(240, 8),
(241, 4),
(241, 7),
(241, 1),
(242, 4),
(242, 7),
(242, 2),
(243, 4),
(243, 7),
(243, 3),
(244, 4),
(244, 7),
(244, 4),
(245, 4),
(245, 7),
(245, 5),
(246, 4),
(246, 7),
(246, 6),
(247, 4),
(247, 7),
(247, 7),
(248, 4),
(248, 7),
(248, 8),
(249, 4),
(249, 8),
(249, 1),
(250, 4),
(250, 8),
(250, 2),
(251, 4),
(251, 8),
(251, 3),
(252, 4),
(252, 8),
(252, 4),
(253, 4),
(253, 8),
(253, 5),
(254, 4),
(254, 8),
(254, 6),
(255, 4),
(255, 8),
(255, 7),
(256, 4),
(256, 8),
(256, 8),
(257, 5),
(257, 1),
(257, 1),
(258, 5),
(258, 1),
(258, 2),
(259, 5),
(259, 1),
(259, 3),
(260, 5),
(260, 1),
(260, 4),
(261, 5),
(261, 1),
(261, 5),
(262, 5),
(262, 1),
(262, 6),
(263, 5),
(263, 1),
(263, 7),
(264, 5),
(264, 1),
(264, 8),
(265, 5),
(265, 2),
(265, 1),
(266, 5),
(266, 2),
(266, 2),
(267, 5),
(267, 2),
(267, 3),
(268, 5),
(268, 2),
(268, 4),
(269, 5),
(269, 2),
(269, 5),
(270, 5),
(270, 2),
(270, 6),
(271, 5),
(271, 2),
(271, 7),
(272, 5),
(272, 2),
(272, 8),
(273, 5),
(273, 3),
(273, 1),
(274, 5),
(274, 3),
(274, 2),
(275, 5),
(275, 3),
(275, 3),
(276, 5),
(276, 3),
(276, 4),
(277, 5),
(277, 3),
(277, 5),
(278, 5),
(278, 3),
(278, 6),
(279, 5),
(279, 3),
(279, 7),
(280, 5),
(280, 3),
(280, 8),
(281, 5),
(281, 4),
(281, 1),
(282, 5),
(282, 4),
(282, 2),
(283, 5),
(283, 4),
(283, 3),
(284, 5),
(284, 4),
(284, 4),
(285, 5),
(285, 4),
(285, 5),
(286, 5),
(286, 4),
(286, 6),
(287, 5),
(287, 4),
(287, 7),
(288, 5),
(288, 4),
(288, 8),
(289, 5),
(289, 5),
(289, 1),
(290, 5),
(290, 5),
(290, 2),
(291, 5),
(291, 5),
(291, 3),
(292, 5),
(292, 5),
(292, 4),
(293, 5),
(293, 5),
(293, 5),
(294, 5),
(294, 5),
(294, 6),
(295, 5),
(295, 5),
(295, 7),
(296, 5),
(296, 5),
(296, 8),
(297, 5),
(297, 6),
(297, 1),
(298, 5),
(298, 6),
(298, 2),
(299, 5),
(299, 6),
(299, 3),
(300, 5),
(300, 6),
(300, 4),
(301, 5),
(301, 6),
(301, 5),
(302, 5),
(302, 6),
(302, 6),
(303, 5),
(303, 6),
(303, 7),
(304, 5),
(304, 6),
(304, 8),
(305, 5),
(305, 7),
(305, 1),
(306, 5),
(306, 7),
(306, 2),
(307, 5),
(307, 7),
(307, 3),
(308, 5),
(308, 7),
(308, 4),
(309, 5),
(309, 7),
(309, 5),
(310, 5),
(310, 7),
(310, 6),
(311, 5),
(311, 7),
(311, 7),
(312, 5),
(312, 7),
(312, 8),
(313, 5),
(313, 8),
(313, 1),
(314, 5),
(314, 8),
(314, 2),
(315, 5),
(315, 8),
(315, 3),
(316, 5),
(316, 8),
(316, 4),
(317, 5),
(317, 8),
(317, 5),
(318, 5),
(318, 8),
(318, 6),
(319, 5),
(319, 8),
(319, 7),
(320, 5),
(320, 8),
(320, 8),
(321, 6),
(321, 1),
(321, 1),
(322, 6),
(322, 1),
(322, 2),
(323, 6),
(323, 1),
(323, 3),
(324, 6),
(324, 1),
(324, 4),
(325, 6),
(325, 1),
(325, 5),
(326, 6),
(326, 1),
(326, 6),
(327, 6),
(327, 1),
(327, 7),
(328, 6),
(328, 1),
(328, 8),
(329, 6),
(329, 2),
(329, 1),
(330, 6),
(330, 2),
(330, 2),
(331, 6),
(331, 2),
(331, 3),
(332, 6),
(332, 2),
(332, 4),
(333, 6),
(333, 2),
(333, 5),
(334, 6),
(334, 2),
(334, 6),
(335, 6),
(335, 2),
(335, 7),
(336, 6),
(336, 2),
(336, 8),
(337, 6),
(337, 3),
(337, 1),
(338, 6),
(338, 3),
(338, 2),
(339, 6),
(339, 3),
(339, 3),
(340, 6),
(340, 3),
(340, 4),
(341, 6),
(341, 3),
(341, 5),
(342, 6),
(342, 3),
(342, 6),
(343, 6),
(343, 3),
(343, 7),
(344, 6),
(344, 3),
(344, 8),
(345, 6),
(345, 4),
(345, 1),
(346, 6),
(346, 4),
(346, 2),
(347, 6),
(347, 4),
(347, 3),
(348, 6),
(348, 4),
(348, 4),
(349, 6),
(349, 4),
(349, 5),
(350, 6),
(350, 4),
(350, 6),
(351, 6),
(351, 4),
(351, 7),
(352, 6),
(352, 4),
(352, 8),
(353, 6),
(353, 5),
(353, 1),
(354, 6),
(354, 5),
(354, 2),
(355, 6),
(355, 5),
(355, 3),
(356, 6),
(356, 5),
(356, 4),
(357, 6),
(357, 5),
(357, 5),
(358, 6),
(358, 5),
(358, 6),
(359, 6),
(359, 5),
(359, 7),
(360, 6),
(360, 5),
(360, 8),
(361, 6),
(361, 6),
(361, 1),
(362, 6),
(362, 6),
(362, 2),
(363, 6),
(363, 6),
(363, 3),
(364, 6),
(364, 6),
(364, 4),
(365, 6),
(365, 6),
(365, 5),
(366, 6),
(366, 6),
(366, 6),
(367, 6),
(367, 6),
(367, 7),
(368, 6),
(368, 6),
(368, 8),
(369, 6),
(369, 7),
(369, 1),
(370, 6),
(370, 7),
(370, 2),
(371, 6),
(371, 7),
(371, 3),
(372, 6),
(372, 7),
(372, 4),
(373, 6),
(373, 7),
(373, 5),
(374, 6),
(374, 7),
(374, 6),
(375, 6),
(375, 7),
(375, 7),
(376, 6),
(376, 7),
(376, 8),
(377, 6),
(377, 8),
(377, 1),
(378, 6),
(378, 8),
(378, 2),
(379, 6),
(379, 8),
(379, 3),
(380, 6),
(380, 8),
(380, 4),
(381, 6),
(381, 8),
(381, 5),
(382, 6),
(382, 8),
(382, 6),
(383, 6),
(383, 8),
(383, 7),
(384, 6),
(384, 8),
(384, 8),
(385, 7),
(385, 1),
(385, 1),
(386, 7),
(386, 1),
(386, 2),
(387, 7),
(387, 1),
(387, 3),
(388, 7),
(388, 1),
(388, 4),
(389, 7),
(389, 1),
(389, 5),
(390, 7),
(390, 1),
(390, 6),
(391, 7),
(391, 1),
(391, 7),
(392, 7),
(392, 1),
(392, 8),
(393, 7),
(393, 2),
(393, 1),
(394, 7),
(394, 2),
(394, 2),
(395, 7),
(395, 2),
(395, 3),
(396, 7),
(396, 2),
(396, 4),
(397, 7),
(397, 2),
(397, 5),
(398, 7),
(398, 2),
(398, 6),
(399, 7),
(399, 2),
(399, 7),
(400, 7),
(400, 2),
(400, 8),
(401, 7),
(401, 3),
(401, 1),
(402, 7),
(402, 3),
(402, 2),
(403, 7),
(403, 3),
(403, 3),
(404, 7),
(404, 3),
(404, 4),
(405, 7),
(405, 3),
(405, 5),
(406, 7),
(406, 3),
(406, 6),
(407, 7),
(407, 3),
(407, 7),
(408, 7),
(408, 3),
(408, 8),
(409, 7),
(409, 4),
(409, 1),
(410, 7),
(410, 4),
(410, 2),
(411, 7),
(411, 4),
(411, 3),
(412, 7),
(412, 4),
(412, 4),
(413, 7),
(413, 4),
(413, 5),
(414, 7),
(414, 4),
(414, 6),
(415, 7),
(415, 4),
(415, 7),
(416, 7),
(416, 4),
(416, 8),
(417, 7),
(417, 5),
(417, 1),
(418, 7),
(418, 5),
(418, 2),
(419, 7),
(419, 5),
(419, 3),
(420, 7),
(420, 5),
(420, 4),
(421, 7),
(421, 5),
(421, 5),
(422, 7),
(422, 5),
(422, 6),
(423, 7),
(423, 5),
(423, 7),
(424, 7),
(424, 5),
(424, 8),
(425, 7),
(425, 6),
(425, 1),
(426, 7),
(426, 6),
(426, 2),
(427, 7),
(427, 6),
(427, 3),
(428, 7),
(428, 6),
(428, 4),
(429, 7),
(429, 6),
(429, 5),
(430, 7),
(430, 6),
(430, 6),
(431, 7),
(431, 6),
(431, 7),
(432, 7),
(432, 6),
(432, 8),
(433, 7),
(433, 7),
(433, 1),
(434, 7),
(434, 7),
(434, 2),
(435, 7),
(435, 7),
(435, 3),
(436, 7),
(436, 7),
(436, 4),
(437, 7),
(437, 7),
(437, 5),
(438, 7),
(438, 7),
(438, 6),
(439, 7),
(439, 7),
(439, 7),
(440, 7),
(440, 7),
(440, 8),
(441, 7),
(441, 8),
(441, 1),
(442, 7),
(442, 8),
(442, 2),
(443, 7),
(443, 8),
(443, 3),
(444, 7),
(444, 8),
(444, 4),
(445, 7),
(445, 8),
(445, 5),
(446, 7),
(446, 8),
(446, 6),
(447, 7),
(447, 8),
(447, 7),
(448, 7),
(448, 8),
(448, 8),
(449, 8),
(449, 1),
(449, 1),
(450, 8),
(450, 1),
(450, 2),
(451, 8),
(451, 1),
(451, 3),
(452, 8),
(452, 1),
(452, 4),
(453, 8),
(453, 1),
(453, 5),
(454, 8),
(454, 1),
(454, 6),
(455, 8),
(455, 1),
(455, 7),
(456, 8),
(456, 1),
(456, 8),
(457, 8),
(457, 2),
(457, 1),
(458, 8),
(458, 2),
(458, 2),
(459, 8),
(459, 2),
(459, 3),
(460, 8),
(460, 2),
(460, 4),
(461, 8),
(461, 2),
(461, 5),
(462, 8),
(462, 2),
(462, 6),
(463, 8),
(463, 2),
(463, 7),
(464, 8),
(464, 2),
(464, 8),
(465, 8),
(465, 3),
(465, 1),
(466, 8),
(466, 3),
(466, 2),
(467, 8),
(467, 3),
(467, 3),
(468, 8),
(468, 3),
(468, 4),
(469, 8),
(469, 3),
(469, 5),
(470, 8),
(470, 3),
(470, 6),
(471, 8),
(471, 3),
(471, 7),
(472, 8),
(472, 3),
(472, 8),
(473, 8),
(473, 4),
(473, 1),
(474, 8),
(474, 4),
(474, 2),
(475, 8),
(475, 4),
(475, 3),
(476, 8),
(476, 4),
(476, 4),
(477, 8),
(477, 4),
(477, 5),
(478, 8),
(478, 4),
(478, 6),
(479, 8),
(479, 4),
(479, 7),
(480, 8),
(480, 4),
(480, 8),
(481, 8),
(481, 5),
(481, 1),
(482, 8),
(482, 5),
(482, 2),
(483, 8),
(483, 5),
(483, 3),
(484, 8),
(484, 5),
(484, 4),
(485, 8),
(485, 5),
(485, 5),
(486, 8),
(486, 5),
(486, 6),
(487, 8),
(487, 5),
(487, 7),
(488, 8),
(488, 5),
(488, 8),
(489, 8),
(489, 6),
(489, 1),
(490, 8),
(490, 6),
(490, 2),
(491, 8),
(491, 6),
(491, 3),
(492, 8),
(492, 6),
(492, 4),
(493, 8),
(493, 6),
(493, 5),
(494, 8),
(494, 6),
(494, 6),
(495, 8),
(495, 6),
(495, 7),
(496, 8),
(496, 6),
(496, 8),
(497, 8),
(497, 7),
(497, 1),
(498, 8),
(498, 7),
(498, 2),
(499, 8),
(499, 7),
(499, 3),
(500, 8),
(500, 7),
(500, 4),
(501, 8),
(501, 7),
(501, 5),
(502, 8),
(502, 7),
(502, 6),
(503, 8),
(503, 7),
(503, 7),
(504, 8),
(504, 7),
(504, 8),
(505, 8),
(505, 8),
(505, 1),
(506, 8),
(506, 8),
(506, 2),
(507, 8),
(507, 8),
(507, 3),
(508, 8),
(508, 8),
(508, 4),
(509, 8),
(509, 8),
(509, 5),
(510, 8),
(510, 8),
(510, 6),
(511, 8),
(511, 8),
(511, 7),
(512, 8),
(512, 8),
(512, 8);

--
-- Daten für Tabelle `fertigkeit`
--

INSERT INTO `fertigkeit` (`id`, `gruppe`, `kostentabelle`, `probe_id`) VALUES
(9, 'KOERPER', 'B', 1),
(10, 'KOERPER', 'A', 1),
(11, 'KOERPER', 'B', 1),
(12, 'KOERPER', 'D', 1),
(13, 'KOERPER', 'B', 1),
(14, 'KOERPER', 'B', 1),
(15, 'KOERPER', 'B', 1),
(16, 'KOERPER', 'D', 1),
(17, 'KOERPER', 'A', 1),
(18, 'KOERPER', 'D', 1),
(19, 'KOERPER', 'A', 1),
(20, 'KOERPER', 'B', 1),
(21, 'KOERPER', 'C', 1),
(22, 'KOERPER', 'A', 1),

(23, 'GESELLSCHAFT', 'B', 1),
(24, 'GESELLSCHAFT', 'B', 1),
(25, 'GESELLSCHAFT', 'B', 1),
(26, 'GESELLSCHAFT', 'B', 1),
(27, 'GESELLSCHAFT', 'C', 1),
(28, 'GESELLSCHAFT', 'C', 1),
(29, 'GESELLSCHAFT', 'C', 1),
(30, 'GESELLSCHAFT', 'B', 1),
(31, 'GESELLSCHAFT', 'D', 1),

(32, 'NATUR', 'C', 1),
(33, 'NATUR', 'A', 1),
(34, 'NATUR', 'A', 1),
(35, 'NATUR', 'B', 1),
(36, 'NATUR', 'C', 1),
(37, 'NATUR', 'C', 1),
(38, 'NATUR', 'C', 1),

(39, 'WISSEN', 'A', 1),
(40, 'WISSEN', 'B', 1),
(41, 'WISSEN', 'B', 1),
(42, 'WISSEN', 'B', 1),
(43, 'WISSEN', 'B', 1),
(44, 'WISSEN', 'C', 1),
(45, 'WISSEN', 'B', 1),
(46, 'WISSEN', 'A', 1),
(47, 'WISSEN', 'A', 1),
(48, 'WISSEN', 'B', 1),
(49, 'WISSEN', 'B', 1),
(50, 'WISSEN', 'A', 1),

(51, 'HANDWERK', 'C', 1),
(52, 'HANDWERK', 'B', 1),
(53, 'HANDWERK', 'A', 1),
(54, 'HANDWERK', 'B', 1),
(55, 'HANDWERK', 'B', 1),
(56, 'HANDWERK', 'B', 1),
(57, 'HANDWERK', 'B', 1),
(58, 'HANDWERK', 'D', 1),
(59, 'HANDWERK', 'B', 1),
(60, 'HANDWERK', 'A', 1),
(61, 'HANDWERK', 'B', 1),
(62, 'HANDWERK', 'A', 1),
(63, 'HANDWERK', 'C', 1),
(64, 'HANDWERK', 'A', 1),
(65, 'HANDWERK', 'C', 1),
(66, 'HANDWERK', 'A', 1),
(67, 'HANDWERK', 'A', 1);
