--
-- Delete all old data
--

SET foreign_key_checks = 0;

-- Delete from tables
DELETE FROM `abhangigkeit`;
DELETE FROM `aspekt`;
DELETE FROM `attribut`;
DELETE FROM `bedingung`;
DELETE FROM `bedingung_and`;
DELETE FROM `bedingung_and_bedingungen`;
DELETE FROM `bedingung_min`;
DELETE FROM `bedingung_not`;
DELETE FROM `bedingung_or`;
DELETE FROM `bedingung_or_bedingungen`;
DELETE FROM `bedingung_vorhanden`;
DELETE FROM `dauer`;
DELETE FROM `effekt`;
DELETE FROM `eigenschaft`;
DELETE FROM `fertigkeit`;
DELETE FROM `kampftechnik`;
DELETE FROM `liturgie`;
DELETE FROM `liturgie_zielkategorien`;
DELETE FROM `nutzkosten`;
DELETE FROM `reichweite`;
DELETE FROM `ritual`;
DELETE FROM `ritual_zielkategorien`;
DELETE FROM `segen`;
DELETE FROM `segen_aspekte`;
DELETE FROM `segen_zielkategorien`;
DELETE FROM `sonderfertigkeit`;
DELETE FROM `vorteil`;
DELETE FROM `wirkungsdauer`;
DELETE FROM `zauber`;
DELETE FROM `zaubertrick`;
DELETE FROM `zaubertrick_zielkategorien`;
DELETE FROM `zauber_zielkategorien`;
DELETE FROM `zeremonie`;
DELETE FROM `zeremonie_zielkategorien`;
DELETE FROM `zielkategorie`;

--
-- Daten für Tabelle `abhangigkeit`
--

INSERT INTO `abhangigkeit` (`id`, `bedingung_id`, `effekt_id`, `regelwerk_id`) VALUES
(1, 1, 2, NULL),
(3, 6, 4, NULL),
(5, 11, 6, NULL),
(7, 16, 8, NULL),
(9, 21, 10, NULL),
(11, 23, 12, NULL),
(13, 25, 14, NULL),
(15, 27, 16, NULL),
(17, 33, 18, NULL),
(19, 35, 20, NULL),
(21, 40, 22, NULL),
(23, 42, 24, NULL),
(25, 43, 26, NULL),
(27, 45, 28, NULL),
(29, 47, 30, NULL),
(31, 49, 32, NULL),
(33, 51, 34, NULL),
(35, 53, 36, NULL),
(37, 55, 38, NULL),
(39, 57, 40, NULL),
(41, 59, 42, NULL),
(43, 61, 44, NULL),
(45, 63, 46, NULL),
(47, 65, 48, NULL),
(49, 67, 50, NULL),
(51, 69, 52, NULL),
(53, 71, 54, NULL),
(55, 73, 56, NULL),
(57, 75, 58, NULL),
(59, 77, 60, NULL),
(61, 79, 62, NULL),
(63, 81, 64, NULL),
(65, 85, 66, NULL),
(67, 89, 68, NULL),
(69, 93, 70, NULL),
(71, 97, 72, NULL),
(73, 99, 74, NULL),
(75, 101, 76, NULL),
(77, 103, 78, NULL),
(79, 105, 80, NULL),
(81, 107, 82, NULL),
(83, 109, 84, NULL),
(85, 111, 86, NULL),
(87, 113, 88, NULL),
(89, 115, 90, NULL),
(91, 117, 92, NULL),
(93, 121, 94, NULL),
(95, 125, 96, NULL),
(97, 127, 98, NULL),
(99, 129, 100, NULL),
(101, 131, 102, NULL),
(103, 143, 104, NULL),
(105, 147, 106, NULL),
(107, 151, 108, NULL),
(109, 155, 110, NULL),
(111, 159, 112, NULL),
(113, 161, 114, NULL),
(115, 163, 116, NULL),
(117, 164, 118, NULL),
(119, 175, 120, NULL),
(121, 177, 122, NULL),
(123, 179, 124, NULL),
(125, 181, 126, NULL),
(127, 182, 128, NULL),
(129, 189, 130, NULL),
(131, 196, 132, NULL),
(133, 198, 134, NULL),
(135, 200, 136, NULL),
(137, 201, 138, NULL),
(139, 202, 140, NULL),
(141, 203, 142, NULL),
(143, 204, 144, NULL),
(145, 205, 146, NULL),
(147, 209, 148, NULL),
(149, 210, 150, NULL),
(151, 211, 152, NULL),
(153, 213, 154, NULL),
(155, 215, 156, NULL),
(157, 220, 158, NULL),
(159, 222, 160, NULL),
(161, 223, 162, NULL),
(162, 224, 163, NULL),
(163, 225, 164, NULL),
(164, 232, 165, NULL),
(165, 234, 166, NULL),
(166, 235, 167, NULL),
(167, 239, 168, NULL),
(168, 242, 169, NULL),
(169, 243, 170, NULL),
(170, 245, 171, NULL),
(171, 246, 172, NULL),
(172, 247, 173, NULL),
(173, 248, 174, NULL),
(174, 252, 175, NULL),
(175, 256, 176, NULL),
(176, 257, 177, NULL),
(177, 259, 178, NULL),
(178, 260, 179, NULL),
(179, 261, 180, NULL),
(180, 262, 181, NULL),
(181, 263, 182, NULL),
(182, 264, 183, NULL),
(183, 265, 184, NULL),
(184, 267, 185, NULL),
(185, 268, 186, NULL),
(186, 269, 187, NULL),
(187, 270, 188, NULL),
(188, 271, 189, NULL),
(189, 273, 190, NULL),
(190, 275, 191, NULL),
(191, 278, 192, NULL),
(192, 281, 193, NULL),
(193, 284, 194, NULL),
(194, 287, 195, NULL),
(195, 290, 196, NULL),
(196, 292, 197, NULL),
(197, 295, 198, NULL),
(198, 296, 199, NULL),
(199, 299, 200, NULL),
(200, 300, 201, NULL),
(201, 303, 202, NULL),
(202, 304, 203, NULL),
(203, 305, 204, NULL),
(204, 306, 205, NULL),
(205, 307, 206, NULL),
(206, 309, 207, NULL),
(207, 310, 208, NULL),
(208, 311, 209, NULL),
(209, 313, 210, NULL),
(210, 316, 211, NULL),
(211, 320, 212, NULL),
(212, 323, 213, NULL),
(213, 324, 214, NULL),
(214, 325, 215, NULL),
(215, 327, 216, NULL),
(216, 328, 217, NULL),
(217, 333, 218, NULL),
(218, 335, 219, NULL),
(219, 338, 220, NULL),
(220, 339, 221, NULL),
(221, 340, 222, NULL),
(222, 342, 223, NULL),
(223, 344, 224, NULL),
(224, 348, 225, NULL),
(225, 349, 226, NULL),
(226, 350, 227, NULL),
(227, 352, 228, NULL),
(228, 353, 229, NULL),
(229, 354, 230, NULL),
(230, 357, 231, NULL),
(231, 360, 232, NULL),
(232, 361, 233, NULL),
(233, 362, 234, NULL),
(234, 363, 235, NULL),
(235, 366, 236, NULL),
(236, 368, 237, NULL),
(237, 369, 238, NULL),
(238, 372, 239, NULL),
(239, 375, 240, NULL),
(240, 376, 241, NULL),
(241, 377, 242, NULL),
(242, 381, 243, NULL),
(243, 384, 244, NULL),
(244, 388, 245, NULL),
(245, 389, 246, NULL),
(246, 391, 247, NULL),
(247, 395, 248, NULL),
(248, 396, 249, NULL),
(249, 399, 250, NULL),
(250, 402, 251, NULL),
(251, 403, 252, NULL),
(252, 404, 253, NULL),
(253, 405, 254, NULL),
(254, 407, 255, NULL),
(255, 410, 256, NULL),
(256, 413, 257, NULL),
(257, 416, 258, NULL),
(258, 418, 259, NULL),
(259, 421, 260, NULL),
(260, 422, 261, NULL),
(261, 425, 262, NULL),
(262, 426, 263, NULL),
(263, 427, 264, NULL),
(264, 428, 265, NULL),
(265, 431, 266, NULL),
(266, 432, 267, NULL),
(267, 435, 268, NULL),
(268, 438, 269, NULL),
(269, 441, 270, NULL),
(270, 446, 271, NULL),
(271, 449, 272, NULL),
(272, 451, 273, NULL),
(273, 452, 274, NULL),
(274, 457, 275, NULL),
(275, 460, 276, NULL),
(276, 462, 277, NULL),
(277, 466, 278, NULL),
(278, 467, 279, NULL),
(279, 468, 280, NULL),
(280, 469, 281, NULL),
(281, 470, 282, NULL),
(282, 473, 283, NULL),
(283, 474, 284, NULL),
(284, 475, 285, NULL),
(285, 476, 286, NULL),
(286, 479, 287, NULL),
(287, 480, 288, NULL),
(288, 484, 289, NULL),
(289, 486, 290, NULL),
(290, 487, 291, NULL),
(291, 489, 292, NULL),
(292, 492, 293, NULL),
(293, 495, 294, NULL),
(294, 498, 295, NULL),
(295, 499, 296, NULL),
(296, 502, 297, NULL),
(297, 505, 298, NULL),
(298, 506, 299, NULL),
(299, 507, 300, NULL),
(300, 508, 301, NULL),
(301, 509, 302, NULL),
(302, 512, 303, NULL),
(303, 514, 304, NULL),
(304, 516, 305, NULL),
(305, 518, 306, NULL),
(306, 521, 307, NULL),
(307, 523, 308, NULL),
(308, 525, 309, NULL),
(309, 527, 310, NULL),
(310, 529, 311, NULL),
(311, 531, 312, NULL),
(312, 533, 313, NULL),
(313, 535, 314, NULL),
(314, 537, 315, NULL),
(315, 540, 316, NULL),
(316, 542, 317, NULL),
(317, 544, 318, NULL),
(318, 546, 319, NULL),
(319, 547, 320, NULL),
(320, 550, 321, NULL),
(321, 551, 322, NULL),
(322, 555, 323, NULL),
(323, 559, 324, NULL),
(324, 562, 325, NULL),
(325, 565, 326, NULL),
(326, 566, 327, NULL),
(327, 567, 328, NULL),
(328, 568, 329, NULL),
(329, 569, 330, NULL),
(330, 575, 331, NULL),
(331, 578, 332, NULL),
(332, 579, 333, NULL),
(333, 583, 334, NULL),
(334, 584, 335, NULL),
(335, 585, 336, NULL),
(336, 586, 337, NULL),
(337, 592, 338, NULL),
(338, 593, 339, NULL),
(339, 594, 340, NULL),
(340, 598, 341, NULL),
(341, 599, 342, NULL),
(342, 600, 343, NULL),
(343, 606, 344, NULL),
(344, 607, 345, NULL),
(345, 608, 346, NULL),
(346, 609, 347, NULL),
(347, 610, 348, NULL),
(348, 613, 349, NULL),
(349, 614, 350, NULL),
(350, 616, 351, NULL),
(351, 617, 352, NULL),
(352, 618, 353, NULL),
(353, 622, 354, NULL),
(354, 626, 355, NULL),
(355, 627, 356, NULL),
(356, 631, 357, NULL),
(357, 637, 358, NULL),
(358, 640, 359, NULL),
(359, 641, 360, NULL),
(360, 642, 361, NULL),
(361, 645, 362, NULL),
(362, 649, 363, NULL),
(363, 652, 364, NULL),
(364, 656, 365, NULL),
(365, 660, 366, NULL),
(366, 661, 367, NULL),
(367, 662, 368, NULL),
(368, 663, 369, NULL),
(369, 664, 370, NULL),
(370, 670, 371, NULL),
(371, 671, 372, NULL),
(372, 672, 373, NULL),
(373, 673, 374, NULL),
(374, 674, 375, NULL),
(375, 675, 376, NULL),
(376, 678, 377, NULL),
(377, 679, 378, NULL),
(378, 681, 379, NULL),
(379, 684, 380, NULL),
(380, 687, 381, NULL),
(381, 688, 382, NULL),
(382, 689, 383, NULL),
(383, 690, 384, NULL),
(384, 691, 385, NULL),
(385, 692, 386, NULL),
(386, 693, 387, NULL),
(387, 694, 388, NULL),
(388, 695, 389, NULL),
(389, 699, 390, NULL),
(390, 702, 391, NULL),
(391, 703, 392, NULL),
(392, 704, 393, NULL),
(393, 705, 394, NULL),
(394, 707, 395, NULL),
(395, 709, 396, NULL),
(396, 710, 397, NULL),
(397, 713, 398, NULL),
(398, 714, 399, NULL),
(399, 715, 400, NULL),
(400, 716, 401, NULL),
(401, 719, 402, NULL),
(402, 720, 403, NULL),
(403, 721, 404, NULL);

--
-- Daten für Tabelle `aspekt`
--

INSERT INTO `aspekt` (`id`, `name`) VALUES
(1, 'allgemein'),
(2, 'Antimagie (Praios)'),
(3, 'Handel (Phex)'),
(4, 'Heilung (Peraine)'),
(5, 'Landwirtschaft (Peraine)'),
(6, 'Magie (Hesinde)'),
(7, 'Ordnung (Praios)'),
(8, 'Schatten (Phex)'),
(9, 'Schild (Rondra)'),
(10, 'Sturm (Rondra)'),
(11, 'Tod (Boron)'),
(12, 'Traum (Boron)'),
(13, 'Wissen (Hesinde)');

--
-- Daten für Tabelle `attribut`
--

INSERT INTO `attribut` (`typ`, `id`, `name`, `wiki_url`, `subcategory_of_id`) VALUES
('Eigenschaft', 1, 'Mut', NULL, NULL),
('Eigenschaft', 2, 'Klugheit', NULL, NULL),
('Eigenschaft', 3, 'Intuition', NULL, NULL),
('Eigenschaft', 4, 'Charisma', NULL, NULL),
('Eigenschaft', 5, 'Fingerfertigkeit', NULL, NULL),
('Eigenschaft', 6, 'Geschicklichkeit', NULL, NULL),
('Eigenschaft', 7, 'Konstitution', NULL, NULL),
('Eigenschaft', 8, 'Körperkraft', NULL, NULL),
('Fertigkeit', 9, 'Fliegen', NULL, NULL),
('Fertigkeit', 10, 'Gaukeleien', NULL, NULL),
('Fertigkeit', 11, 'Klettern', NULL, NULL),
('Fertigkeit', 12, 'Körperbeherrschung', NULL, NULL),
('Fertigkeit', 13, 'Kraftakt', NULL, NULL),
('Fertigkeit', 14, 'Reiten', NULL, NULL),
('Fertigkeit', 15, 'Schwimmen', NULL, NULL),
('Fertigkeit', 16, 'Selbstbeherrschung', NULL, NULL),
('Fertigkeit', 17, 'Singen', NULL, NULL),
('Fertigkeit', 18, 'Sinnesschärfe', NULL, NULL),
('Fertigkeit', 19, 'Tanzen', NULL, NULL),
('Fertigkeit', 20, 'Taschendiebstahl', NULL, NULL),
('Fertigkeit', 21, 'Verbergen', NULL, NULL),
('Fertigkeit', 22, 'Zechen', NULL, NULL),
('Fertigkeit', 23, 'Bekehren & Überzeugen', NULL, NULL),
('Fertigkeit', 24, 'Betören', NULL, NULL),
('Fertigkeit', 25, 'Einschüchtern', NULL, NULL),
('Fertigkeit', 26, 'Etikette', NULL, NULL),
('Fertigkeit', 27, 'Gassenwissen', NULL, NULL),
('Fertigkeit', 28, 'Menschenkenntnis', NULL, NULL),
('Fertigkeit', 29, 'Überreden', NULL, NULL),
('Fertigkeit', 30, 'Verkleiden', NULL, NULL),
('Fertigkeit', 31, 'Willenskraft', NULL, NULL),
('Fertigkeit', 32, 'Fährtensuchen', NULL, NULL),
('Fertigkeit', 33, 'Fesseln', NULL, NULL),
('Fertigkeit', 34, 'Fischen & Angeln', NULL, NULL),
('Fertigkeit', 35, 'Orientierung', NULL, NULL),
('Fertigkeit', 36, 'Pflanzenkunde', NULL, NULL),
('Fertigkeit', 37, 'Tierkunde', NULL, NULL),
('Fertigkeit', 38, 'Wildnisleben', NULL, NULL),
('Fertigkeit', 39, 'Brett- & Glücksspiel', NULL, NULL),
('Fertigkeit', 40, 'Geographie', NULL, NULL),
('Fertigkeit', 41, 'Geschichtswissen', NULL, NULL),
('Fertigkeit', 42, 'Götter & Kulte', NULL, NULL),
('Fertigkeit', 43, 'Kriegskunst', NULL, NULL),
('Fertigkeit', 44, 'Magiekunde', NULL, NULL),
('Fertigkeit', 45, 'Mechanik', NULL, NULL),
('Fertigkeit', 46, 'Rechnen', NULL, NULL),
('Fertigkeit', 47, 'Rechtskunde', NULL, NULL),
('Fertigkeit', 48, 'Sagen & Legenden', NULL, NULL),
('Fertigkeit', 49, 'Sphärenkunde', NULL, NULL),
('Fertigkeit', 50, 'Sternkunde', NULL, NULL),
('Fertigkeit', 51, 'Alchimie', NULL, NULL),
('Fertigkeit', 52, 'Boote & Schiffe', NULL, NULL),
('Fertigkeit', 53, 'Fahrzeuge', NULL, NULL),
('Fertigkeit', 54, 'Handel', NULL, NULL),
('Fertigkeit', 55, 'Heilkunde Gift', NULL, NULL),
('Fertigkeit', 56, 'Heilkunde Krankheiten', NULL, NULL),
('Fertigkeit', 57, 'Heilkunde Seele', NULL, NULL),
('Fertigkeit', 58, 'Heilkunde Wunden', NULL, NULL),
('Fertigkeit', 59, 'Holzbearbeitung', NULL, NULL),
('Fertigkeit', 60, 'Lebensmittelbearbeitung', NULL, NULL),
('Fertigkeit', 61, 'Lederbearbeitung', NULL, NULL),
('Fertigkeit', 62, 'Malen & Zeichnen', NULL, NULL),
('Fertigkeit', 63, 'Metallbearbeitung', NULL, NULL),
('Fertigkeit', 64, 'Musizieren', NULL, NULL),
('Fertigkeit', 65, 'Schlösserknacken', NULL, NULL),
('Fertigkeit', 66, 'Steinbearbeitung', NULL, NULL),
('Fertigkeit', 67, 'Stoffbearbeitung', NULL, NULL),
('Liturgie', 68, 'Bann der Dunkelheit', 'http://www.ulisses-regelwiki.de/index.php/Lit_BannderDunkelheit.html', NULL),
('Liturgie', 69, 'Bann der Furcht', 'http://www.ulisses-regelwiki.de/index.php/Lit_BannderFurcht.html', NULL),
('Liturgie', 70, 'Bann des Lichts', 'http://www.ulisses-regelwiki.de/index.php/Lit_BanndesLichts.html', NULL),
('Liturgie', 71, 'Blendstrahl', 'http://www.ulisses-regelwiki.de/index.php/Lit_Blendstrahl.html', NULL),
('Liturgie', 72, 'Des Einen bezaubernder Sphärenklang', 'http://www.ulisses-regelwiki.de/index.php/Lit_DesEinenbezaubernderSphaerenklang.html', NULL),
('Liturgie', 73, 'Ehrenhaftigkeit', 'http://www.ulisses-regelwiki.de/index.php/Lit_Ehrenhaftigkeit.html', NULL),
('Liturgie', 74, 'Entzifferung', 'http://www.ulisses-regelwiki.de/index.php/Lit_Entzifferung.html', NULL),
('Liturgie', 75, 'Ermutigung', 'http://www.ulisses-regelwiki.de/index.php/Lit_Ermutigiung.html', NULL),
('Liturgie', 76, 'Fall ins Nichts', 'http://www.ulisses-regelwiki.de/index.php/Lit_FallinsNichts.html', NULL),
('Liturgie', 77, 'Friedvolle Aura', 'http://www.ulisses-regelwiki.de/index.php/Lit_FriedvolleAura.html', NULL),
('Liturgie', 78, 'Giftbann', 'http://www.ulisses-regelwiki.de/index.php/Lit_Giftbann.html', NULL),
('Liturgie', 79, 'Göttlicher Fingerzeig', 'http://www.ulisses-regelwiki.de/index.php/Lit_GöttlicherFingerzeig.html', NULL),
('Liturgie', 80, 'Göttliches Zeichen', 'http://www.ulisses-regelwiki.de/index.php/Lit_GöttlichesZeichen.html', NULL),
('Liturgie', 81, 'Heilsegen', 'http://www.ulisses-regelwiki.de/index.php/Lit_Heilsegen.html', NULL),
('Liturgie', 82, 'Herbeirufung der Heerscharen des Rattenkindes', 'http://www.ulisses-regelwiki.de/index.php/Lit_HerbeirufungHeerscharenRattenkindes.html', NULL),
('Liturgie', 83, 'Kleiner Bann wider Untote', 'http://www.ulisses-regelwiki.de/index.php/Lit_KleinerBannwiderUntote.html', NULL),
('Liturgie', 84, 'Kleiner Bannstrahl', 'http://www.ulisses-regelwiki.de/index.php/Lit_KleinerBannstrahl.html', NULL),
('Liturgie', 85, 'Krankheitsbann', 'http://www.ulisses-regelwiki.de/index.php/Lit_Krankheitsbann.html', NULL),
('Liturgie', 86, 'Lautlos', 'http://www.ulisses-regelwiki.de/index.php/Lit_Lautlos.html', NULL),
('Liturgie', 87, 'Magieschutz', 'http://www.ulisses-regelwiki.de/index.php/Lit_Magieschutz.html', NULL),
('Liturgie', 88, 'Magiesicht', 'http://www.ulisses-regelwiki.de/index.php/Lit_Magiesicht.html', NULL),
('Liturgie', 89, 'Mondsicht', 'http://www.ulisses-regelwiki.de/index.php/Lit_Mondsicht.html', NULL),
('Liturgie', 90, 'Mondsilberzunge', 'http://www.ulisses-regelwiki.de/index.php/Lit_Mondsilberzunge.html', NULL),
('Liturgie', 91, 'Namenlose Kälte', 'http://www.ulisses-regelwiki.de/index.php/Lit_NamenloseKaelte.html', NULL),
('Liturgie', 92, 'Namenlose Raserei', 'http://www.ulisses-regelwiki.de/index.php/Lit_NamenloseRaserei.html', NULL),
('Liturgie', 93, 'Namenlose Zweifel', 'http://www.ulisses-regelwiki.de/index.php/Lit_NamenloseZweifel.html', NULL),
('Liturgie', 94, 'Namenloses Vergessen', 'http://www.ulisses-regelwiki.de/index.php/Lit_NamenlosesVergessen.html', NULL),
('Liturgie', 95, 'Objektsegen', 'http://www.ulisses-regelwiki.de/index.php/Lit_Objektsegen.html', NULL),
('Liturgie', 96, 'Ort der Ruhe', 'http://www.ulisses-regelwiki.de/index.php/Lit_OrtderRuhe.html', NULL),
('Liturgie', 97, 'Pech-und-Schwefel-Strahl', 'http://www.ulisses-regelwiki.de/index.php/Lit_PechundSchwefelStrahl.html', NULL),
('Liturgie', 98, 'Pflanzenwuchs', 'http://www.ulisses-regelwiki.de/index.php/Lit_Pflanzenwuchs.html', NULL),
('Liturgie', 99, 'Rabenruf', 'http://www.ulisses-regelwiki.de/index.php/Lit_Rabenruf.html', NULL),
('Liturgie', 100, 'Schlaf', 'http://www.ulisses-regelwiki.de/index.php/Lit_Schlaf.html', NULL),
('Liturgie', 101, 'Schlangenstab', 'http://www.ulisses-regelwiki.de/index.php/Lit_Schlangenstab.html', NULL),
('Liturgie', 102, 'Schlangenzunge', 'http://www.ulisses-regelwiki.de/index.php/Lit_Schlangenzunge.html', NULL),
('Liturgie', 103, 'Schmerzresistenz', 'http://www.ulisses-regelwiki.de/index.php/Lit_Schmerzresistenz.html', NULL),
('Liturgie', 104, 'Schutz der Wehrlosen', 'http://www.ulisses-regelwiki.de/index.php/Lit_SchutzderWehrlosen.html', NULL),
('Liturgie', 105, 'Sternenglanz', 'http://www.ulisses-regelwiki.de/index.php/Lit_Sternenglanz.html', NULL),
('Liturgie', 106, 'Wahrheit', 'http://www.ulisses-regelwiki.de/index.php/Lit_Wahrheit.html', NULL),
('Liturgie', 107, 'Wieselflink', 'http://www.ulisses-regelwiki.de/index.php/Lit_Wieselflink.html', NULL),
('Liturgie', 108, 'Wundersame Verständigung', 'http://www.ulisses-regelwiki.de/index.php/Lit_WundersameVerständigung.html', NULL),
('Ritual', 109, 'Arcanovi', 'http://www.ulisses-regelwiki.de/index.php/Rit_Arcanovi.html', NULL),
('Ritual', 110, 'Aufmerksamer Wächter', 'http://www.ulisses-regelwiki.de/index.php/Rit_AufmerksamerWaechter.html', NULL),
('Ritual', 111, 'Caldofrigo', 'http://www.ulisses-regelwiki.de/index.php/Rit_Caldofrigo.html', NULL),
('Ritual', 112, 'Dschinnenruf', 'http://www.ulisses-regelwiki.de/index.php/Rit_Dschinnenruf.html', NULL),
('Ritual', 113, 'Elementarer Diener', 'http://www.ulisses-regelwiki.de/index.php/Rit_Diener.html', NULL),
('Ritual', 114, 'Invovatio maior', 'http://www.ulisses-regelwiki.de/index.php/Rit_Invomaior.html', NULL),
('Ritual', 115, 'Invocatio Minor', 'http://www.ulisses-regelwiki.de/index.php/Rit_Invominor.html', NULL),
('Ritual', 116, 'Nihilogravo', 'http://www.ulisses-regelwiki.de/index.php/Rit_Nihilogravo.html', NULL),
('Ritual', 117, 'Orvai Kurims Kriegstrommel', 'http://www.ulisses-regelwiki.de/index.php/Rit_OrvaiKurimsKriegstrommel.html', NULL),
('Ritual', 118, 'Ruf des Bienenstocks', 'http://www.ulisses-regelwiki.de/index.php/Rit_RufdesBienenstocks.html', NULL),
('Ritual', 119, 'Traumgestalt', 'http://www.ulisses-regelwiki.de/index.php/Rit_Traumgestalt.html', NULL),
('Ritual', 120, 'Zauberklinge Geisterspeer', 'http://www.ulisses-regelwiki.de/index.php/Rit_Zauberklinge.html', NULL),
('Segen', 121, 'Eidsegen', 'http://www.ulisses-regelwiki.de/index.php/Seg_Eidsegen.html', NULL),
('Segen', 122, 'Feuersegen', 'http://www.ulisses-regelwiki.de/index.php/Seg_Feuersegen.html', NULL),
('Segen', 123, 'Geburtssegen', 'http://www.ulisses-regelwiki.de/index.php/Seg_Geburtssegen.html', NULL),
('Segen', 124, 'Glückssegen', 'http://www.ulisses-regelwiki.de/index.php/Seg_Glückssegen.html', NULL),
('Segen', 125, 'Grabsegen', 'http://www.ulisses-regelwiki.de/index.php/Seg_Grabsegen.html', NULL),
('Segen', 126, 'Harmoniesegen', 'http://www.ulisses-regelwiki.de/index.php/Seg_Harmoniesegen.html', NULL),
('Segen', 127, 'Kleiner Heilsegen', 'http://www.ulisses-regelwiki.de/index.php/Seg_.html', NULL),
('Segen', 128, 'Kleiner Schutzsegen', 'http://www.ulisses-regelwiki.de/index.php/Seg_KleinerSchutzsegen.html', NULL),
('Segen', 129, 'Speisesegen', 'http://www.ulisses-regelwiki.de/index.php/Seg_Speisesegen.html', NULL),
('Segen', 130, 'Stärkungssegen', 'http://www.ulisses-regelwiki.de/index.php/Seg_Stärkungssegen.html', NULL),
('Segen', 131, 'Tranksegen', 'http://www.ulisses-regelwiki.de/index.php/Seg_Tranksegen.html', NULL),
('Segen', 132, 'Weisheitssegen', 'http://www.ulisses-regelwiki.de/index.php/SeG_Weisheitssegen.html', NULL),
('Vorteil', 133, 'Adel', 'http://www.ulisses-regelwiki.de/index.php/V_Adel.html', NULL),
('Vorteil', 134, 'I', NULL, 133),
('Vorteil', 135, 'II', NULL, 133),
('Vorteil', 136, 'III', NULL, 133),
('Vorteil', 137, 'Allerweltsname', 'http://www.ulisses-regelwiki.de/index.php/aller.html', NULL),
('Vorteil', 138, 'Altersresistenz', 'http://www.ulisses-regelwiki.de/index.php/V_Altersresistenz.html', NULL),
('Vorteil', 139, 'Angenehmer Geruch', 'http://www.ulisses-regelwiki.de/index.php/V_AngenehmerGeruch.html', NULL),
('Vorteil', 140, 'Basiliskentöter', 'http://www.ulisses-regelwiki.de/index.php/V_Basiliskentöter.html', NULL),
('Vorteil', 141, 'Begabung', 'http://www.ulisses-regelwiki.de/index.php/V_Begabung.html', NULL),
('Vorteil', 142, 'Beidhändig', 'http://www.ulisses-regelwiki.de/index.php/V_Beidhändig.html', NULL),
('Vorteil', 143, 'Drachentöter', 'http://www.ulisses-regelwiki.de/index.php/V_Drachentöter.html', NULL),
('Vorteil', 144, 'Dunkelsicht', 'http://www.ulisses-regelwiki.de/index.php/V_Dunkelsicht.html', NULL),
('Vorteil', 145, 'I', NULL, 144),
('Vorteil', 146, 'II', NULL, 144),
('Vorteil', 147, 'Eisenaffine Aura', 'http://www.ulisses-regelwiki.de/index.php/V_EisenaffineAura.html', NULL),
('Vorteil', 148, 'Eisern', 'http://www.ulisses-regelwiki.de/index.php/Eisern.html', NULL),
('Vorteil', 149, 'Entfernungssinn', 'http://www.ulisses-regelwiki.de/index.php/V_Entfernungssinn.html', NULL),
('Vorteil', 150, 'Feenfreund', 'http://www.ulisses-regelwiki.de/index.php/V_Feenfreund.html', NULL),
('Vorteil', 151, 'Flink', 'http://www.ulisses-regelwiki.de/index.php/V_Flink.html', NULL),
('Vorteil', 152, 'Fuchssinn', 'http://www.ulisses-regelwiki.de/index.php/V_Fuchssinn.html', NULL),
('Vorteil', 153, 'Geborener Redner', 'http://www.ulisses-regelwiki.de/index.php/V_GeborenerRedner.html', NULL),
('Vorteil', 154, 'Geweihter', 'http://www.ulisses-regelwiki.de/index.php/V_Geweihter.html', NULL),
('Vorteil', 155, 'Giftresistenz', 'http://www.ulisses-regelwiki.de/index.php/V_Giftresistenz.html', NULL),
('Vorteil', 156, 'I', NULL, 155),
('Vorteil', 157, 'II', NULL, 155),
('Vorteil', 158, 'Glück', 'http://www.ulisses-regelwiki.de/index.php/V_Glück.html', NULL),
('Vorteil', 159, 'I', NULL, 158),
('Vorteil', 160, 'II', NULL, 158),
('Vorteil', 161, 'III', NULL, 158),
('Vorteil', 162, 'Gutaussehend', 'http://www.ulisses-regelwiki.de/index.php/V_Gutaussehend.html', NULL),
('Vorteil', 163, 'I', NULL, 162),
('Vorteil', 164, 'II', NULL, 162),
('Vorteil', 165, 'Gutes Namensgedächtnis', 'http://www.ulisses-regelwiki.de/index.php/gutesbame.html', NULL),
('Vorteil', 166, 'Hart im Nehmen', 'http://www.ulisses-regelwiki.de/index.php/Hartim.html', NULL),
('Vorteil', 167, 'Hass auf', 'http://www.ulisses-regelwiki.de/index.php/V_Hass_auf.html', NULL),
('Vorteil', 168, 'Heldenhafter Name', 'http://www.ulisses-regelwiki.de/index.php/heldenname.html', NULL),
('Vorteil', 169, 'Herausragende Fertigkeit', 'http://www.ulisses-regelwiki.de/index.php/V_Fertigkeit.html', NULL),
('Vorteil', 170, 'Herausragende Kampftechnik', 'http://www.ulisses-regelwiki.de/index.php/V_Kampftechnik.html', NULL),
('Vorteil', 171, 'Herausragender Sinn', 'http://www.ulisses-regelwiki.de/index.php/V_Sinn.html', NULL),
('Vorteil', 172, 'Hitzeresistenz', 'http://www.ulisses-regelwiki.de/index.php/V_Hitzeresistenz.html', NULL),
('Vorteil', 173, 'Hohe Astralkraft', 'http://www.ulisses-regelwiki.de/index.php/V_HoheAstralkraft.html', NULL),
('Vorteil', 174, 'I', NULL, 173),
('Vorteil', 175, 'II', NULL, 173),
('Vorteil', 176, 'III', NULL, 173),
('Vorteil', 177, 'IV', NULL, 173),
('Vorteil', 178, 'V', NULL, 173),
('Vorteil', 179, 'VI', NULL, 173),
('Vorteil', 180, 'VII', NULL, 173),
('Vorteil', 181, 'Hohe Karmalkraft', 'http://www.ulisses-regelwiki.de/index.php/V_HoheKarmalkraft.html', NULL),
('Vorteil', 182, 'I', NULL, 181),
('Vorteil', 183, 'II', NULL, 181),
('Vorteil', 184, 'III', NULL, 181),
('Vorteil', 185, 'IV', NULL, 181),
('Vorteil', 186, 'V', NULL, 181),
('Vorteil', 187, 'VI', NULL, 181),
('Vorteil', 188, 'VII', NULL, 181),
('Vorteil', 189, 'Hohe Lebenskraft', 'http://www.ulisses-regelwiki.de/index.php/V_HoheLebenskraft.html', NULL),
('Vorteil', 190, 'I', NULL, 189),
('Vorteil', 191, 'II', NULL, 189),
('Vorteil', 192, 'III', NULL, 189),
('Vorteil', 193, 'IV', NULL, 189),
('Vorteil', 194, 'V', NULL, 189),
('Vorteil', 195, 'VI', NULL, 189),
('Vorteil', 196, 'VII', NULL, 189),
('Vorteil', 197, 'Hohe Seelenkraft', 'http://www.ulisses-regelwiki.de/index.php/V_HoheSeelenkraft.html', NULL),
('Vorteil', 198, 'Hohe Zähigkeit', 'http://www.ulisses-regelwiki.de/index.php/V_HoheZähugkeit.html', NULL),
('Vorteil', 199, 'Immunität gegen (Gift)', 'http://www.ulisses-regelwiki.de/index.php/V_ImmunitätGift.html', NULL),
('Vorteil', 200, 'Immunität gegen (Krankheit)', 'http://www.ulisses-regelwiki.de/index.php/V_ImmunitätKrankheit.html', NULL),
('Vorteil', 201, 'Kälteresistenz', 'http://www.ulisses-regelwiki.de/index.php/V_Kälteresistenz.html', NULL),
('Vorteil', 202, 'Krankheitsresistenz', 'http://www.ulisses-regelwiki.de/index.php/V_Krankheitsresistenz.html', NULL),
('Vorteil', 203, 'I', NULL, 202),
('Vorteil', 204, 'II', NULL, 202),
('Vorteil', 205, 'Magische Einstimmung', 'http://www.ulisses-regelwiki.de/index.php/V_MagischeEinstimmung.html', NULL),
('Vorteil', 206, 'Mystiker', 'http://www.ulisses-regelwiki.de/index.php/V_Mystiker.html', NULL),
('Vorteil', 207, 'Nichtschläfer', 'http://www.ulisses-regelwiki.de/index.php/V_Nichtschläfer.html', NULL),
('Vorteil', 208, 'Pragmatiker', 'http://www.ulisses-regelwiki.de/index.php/V_Pragmatiker.html', NULL),
('Vorteil', 209, 'Reich', 'http://www.ulisses-regelwiki.de/index.php/V_Reich.html', NULL),
('Vorteil', 210, 'I', NULL, 209),
('Vorteil', 211, 'II', NULL, 209),
('Vorteil', 212, 'III', NULL, 209),
('Vorteil', 213, 'IV', NULL, 209),
('Vorteil', 214, 'V', NULL, 209),
('Vorteil', 215, 'VI', NULL, 209),
('Vorteil', 216, 'VII', NULL, 209),
('Vorteil', 217, 'VIII', NULL, 209),
('Vorteil', 218, 'IX', NULL, 209),
('Vorteil', 219, 'X', NULL, 209),
('Vorteil', 220, 'Richtungssinn', 'http://www.ulisses-regelwiki.de/index.php/V_Richtungssinn.html', NULL),
('Vorteil', 221, 'Saumagen', 'http://www.ulisses-regelwiki.de/index.php/V_Saumagen.html', NULL),
('Vorteil', 222, 'I', NULL, 221),
('Vorteil', 223, 'II', NULL, 221),
('Vorteil', 224, 'Schlangenmensch', 'http://www.ulisses-regelwiki.de/index.php/V_Schlangenmensch.html', NULL),
('Vorteil', 225, 'Schwer zu verzaubern', 'http://www.ulisses-regelwiki.de/index.php/V_Schwerzuverzaubern.html', NULL),
('Vorteil', 226, 'Soziale Anpassungsfähigkeit', 'http://www.ulisses-regelwiki.de/index.php/V_SozialeAnpassungsfähigkeit.html', NULL),
('Vorteil', 227, 'Tierfreund', 'http://www.ulisses-regelwiki.de/index.php/V_Tierfreund.html', NULL),
('Vorteil', 228, 'Unscheinbar', 'http://www.ulisses-regelwiki.de/index.php/V_Unscheinbar.html', NULL),
('Vorteil', 229, 'Verbesserte Regeneration (Astralenergie)', 'http://www.ulisses-regelwiki.de/index.php/V_verbRegAsP.html', NULL),
('Vorteil', 230, 'I', NULL, 229),
('Vorteil', 231, 'II', NULL, 229),
('Vorteil', 232, 'III', NULL, 229),
('Vorteil', 233, 'Verbesserte Regeneration (Karmaenergie)', 'http://www.ulisses-regelwiki.de/index.php/V_VerbRegKaP.html', NULL),
('Vorteil', 234, 'I', NULL, 233),
('Vorteil', 235, 'II', NULL, 233),
('Vorteil', 236, 'III', NULL, 233),
('Vorteil', 237, 'Verbesserte Regeneration (Lebensenergie)', 'http://www.ulisses-regelwiki.de/index.php/V_VerbRegLeP.html', NULL),
('Vorteil', 238, 'I', NULL, 237),
('Vorteil', 239, 'II', NULL, 237),
('Vorteil', 240, 'III', NULL, 237),
('Vorteil', 241, 'Verhüllte Aura', 'http://www.ulisses-regelwiki.de/index.php/V_VerhüllteAura.html', NULL),
('Vorteil', 242, 'Vertrauenerweckend', 'http://www.ulisses-regelwiki.de/index.php/V_Vertrauenerweckend.html', NULL),
('Vorteil', 243, 'Waffenbegabung', 'http://www.ulisses-regelwiki.de/index.php/V_Waffenbegabung.html', NULL),
('Vorteil', 244, 'Wasserlebewesen', 'http://www.ulisses-regelwiki.de/index.php/V_Wasserlebewesen.html', NULL),
('Vorteil', 245, 'Wohlklang', 'http://www.ulisses-regelwiki.de/index.php/V_Wohlklang.html', NULL),
('Vorteil', 246, 'Zäher Hund', 'http://www.ulisses-regelwiki.de/index.php/V_ZäherHund.html', NULL),
('Vorteil', 247, 'Zauberer', 'http://www.ulisses-regelwiki.de/index.php/V_Zauberer.html', NULL),
('Vorteil', 248, 'Zeitgefühl', 'http://www.ulisses-regelwiki.de/index.php/V_Zeitgefühl.html', NULL),
('Vorteil', 249, 'Zweistimmiger Gesang', 'http://www.ulisses-regelwiki.de/index.php/V_ZweistimmigerGesang.html', NULL),
('Vorteil', 250, 'Zwergennase', 'http://www.ulisses-regelwiki.de/index.php/V_Zwergennase.html', NULL),
('Vorteil', 251, 'Angst vor', 'http://www.ulisses-regelwiki.de/index.php/N_Angst.html', NULL),
('Vorteil', 255, 'Arm', 'http://www.ulisses-regelwiki.de/index.php/N_Arm.html', NULL),
('Vorteil', 256, 'I', NULL, 255),
('Vorteil', 257, 'II', NULL, 255),
('Vorteil', 258, 'III', NULL, 255),
('Vorteil', 259, 'Artefaktgebunden', 'http://www.ulisses-regelwiki.de/index.php/N_Artefaktgebunden.html', NULL),
('Vorteil', 260, 'Behäbig', 'http://www.ulisses-regelwiki.de/index.php/N_Behäbig.html', NULL),
('Vorteil', 261, 'Blind', 'http://www.ulisses-regelwiki.de/index.php/N_Blind.html', NULL),
('Vorteil', 262, 'Blutrausch', 'http://www.ulisses-regelwiki.de/index.php/N_Blutrausch.html', NULL),
('Vorteil', 263, 'Böser Namensvetter', 'http://www.ulisses-regelwiki.de/index.php/namensvetter.html', NULL),
('Vorteil', 264, 'Eingeschränkter Sinn', 'http://www.ulisses-regelwiki.de/index.php/N_EingeschränkterSinn.html', NULL),
('Vorteil', 265, 'Empfindlichkeit (unedle Metalle)', 'http://www.ulisses-regelwiki.de/index.php/N_EmpfindlichkeitunedleMetalle.html', NULL),
('Vorteil', 266, 'Farbenblind', 'http://www.ulisses-regelwiki.de/index.php/N_Farbenblind.html', NULL),
('Vorteil', 267, 'Fettleibig', 'http://www.ulisses-regelwiki.de/index.php/N_Fettleibig.html', NULL),
('Vorteil', 268, 'Giftanfällig', 'http://www.ulisses-regelwiki.de/index.php/N_Giftanfällig.html', NULL),
('Vorteil', 269, 'I', NULL, 268),
('Vorteil', 270, 'II', NULL, 268),
('Vorteil', 271, 'Gläsern', 'http://www.ulisses-regelwiki.de/index.php/Glaesern.html', NULL),
('Vorteil', 272, 'Hässlich', 'http://www.ulisses-regelwiki.de/index.php/N_Hässlich.html', NULL),
('Vorteil', 273, 'I', NULL, 272),
('Vorteil', 274, 'II', NULL, 272),
('Vorteil', 275, 'Hitzeempfindlich', 'http://www.ulisses-regelwiki.de/index.php/N_Hitzeempfindlich.html', NULL),
('Vorteil', 276, 'Hitzeempfindlich II*', 'http://www.ulisses-regelwiki.de/index.php/N_HitzeempfindlichII.html', NULL),
('Vorteil', 277, 'Jagdwildgeruch', 'http://www.ulisses-regelwiki.de/index.php/N_Jagdwildgeruch.html', NULL),
('Vorteil', 278, 'Kälteempfindlich', 'http://www.ulisses-regelwiki.de/index.php/N_Kälteempfindlich.html', NULL),
('Vorteil', 279, 'Keine Flugsalbe', 'http://www.ulisses-regelwiki.de/index.php/N_KeineFlugsalbe.html', NULL),
('Vorteil', 280, 'Kein Vertrauter', 'http://www.ulisses-regelwiki.de/index.php/N_KeinVertrauter.html', NULL),
('Vorteil', 281, 'Körpergebundene Kraft', 'http://www.ulisses-regelwiki.de/index.php/N_KörpergebundeneKraft.html', NULL),
('Vorteil', 282, 'Körperliche Auffälligkeit', 'http://www.ulisses-regelwiki.de/index.php/N_KörperlicheAuffälligkeit.html', NULL),
('Vorteil', 283, 'Krankheitsanfällig', 'http://www.ulisses-regelwiki.de/index.php/N_Krankheitsanfällig.html', NULL),
('Vorteil', 284, 'I', NULL, 283),
('Vorteil', 285, 'II', NULL, 283),
('Vorteil', 286, 'Lächerlicher Name', 'http://www.ulisses-regelwiki.de/index.php/laechname.html', NULL),
('Vorteil', 287, 'Lästige Mindergeister', 'http://www.ulisses-regelwiki.de/index.php/N_LästigeMindergeister.html', NULL),
('Vorteil', 288, 'Lichtempfindlich', 'http://www.ulisses-regelwiki.de/index.php/N_Lichtempfindlich.html', NULL),
('Vorteil', 289, 'Lichtempfindlich II', 'http://www.ulisses-regelwiki.de/index.php/N_LichtempfindlichII.html', NULL),
('Vorteil', 290, 'Magische Einschränkung', 'http://www.ulisses-regelwiki.de/index.php/N_MagischeEimschränkung.html', NULL),
('Vorteil', 291, 'Nachtblind', 'http://www.ulisses-regelwiki.de/index.php/N_Nachtblind.html', NULL),
('Vorteil', 292, 'Niedrige Astralkraft', 'http://www.ulisses-regelwiki.de/index.php/N_NiedrigeAstralkraft.html', NULL),
('Vorteil', 293, 'I', NULL, 292),
('Vorteil', 294, 'II', NULL, 292),
('Vorteil', 295, 'III', NULL, 292),
('Vorteil', 296, 'IV', NULL, 292),
('Vorteil', 297, 'V', NULL, 292),
('Vorteil', 298, 'VI', NULL, 292),
('Vorteil', 299, 'VII', NULL, 292),
('Vorteil', 300, 'Niedrige Karmalkraft', 'http://www.ulisses-regelwiki.de/index.php/N_NiedrigeKarmalkraft.html', NULL),
('Vorteil', 301, 'I', NULL, 300),
('Vorteil', 302, 'II', NULL, 300),
('Vorteil', 303, 'III', NULL, 300),
('Vorteil', 304, 'IV', NULL, 300),
('Vorteil', 305, 'V', NULL, 300),
('Vorteil', 306, 'VI', NULL, 300),
('Vorteil', 307, 'VII', NULL, 300),
('Vorteil', 308, 'Niedrige Lebenskraft', 'http://www.ulisses-regelwiki.de/index.php/N_NiedrigeLebenskraft.html', NULL),
('Vorteil', 309, 'I', NULL, 308),
('Vorteil', 310, 'II', NULL, 308),
('Vorteil', 311, 'III', NULL, 308),
('Vorteil', 312, 'IV', NULL, 308),
('Vorteil', 313, 'V', NULL, 308),
('Vorteil', 314, 'VI', NULL, 308),
('Vorteil', 315, 'VII', NULL, 308),
('Vorteil', 316, 'Niedrige Seelenkraft', 'http://www.ulisses-regelwiki.de/index.php/N_NiedrigeSeelenkraft.html', NULL),
('Vorteil', 317, 'Niedrige Zähigkeit', 'http://www.ulisses-regelwiki.de/index.php/N_NiedrigeZähigkeit.html', NULL),
('Vorteil', 318, 'Pech', 'http://www.ulisses-regelwiki.de/index.php/N_Pech.html', NULL),
('Vorteil', 319, 'I', NULL, 318),
('Vorteil', 320, 'II', NULL, 318),
('Vorteil', 321, 'III', NULL, 318),
('Vorteil', 322, 'Pechmagnet', 'http://www.ulisses-regelwiki.de/index.php/N_Pechmagnet.html', NULL),
('Vorteil', 323, 'Persönlichkeitsschwäche', 'http://www.ulisses-regelwiki.de/index.php/N_Persönlichkeitsschwäche.html', NULL),
('Vorteil', 324, 'Prinzipientreue', 'http://www.ulisses-regelwiki.de/index.php/N_Prinzipientreue.html', NULL),
('Vorteil', 328, 'Raubtiergeruch', 'http://www.ulisses-regelwiki.de/index.php/N_Raubtiergeruch.html', NULL),
('Vorteil', 329, 'Schlafwandler', 'http://www.ulisses-regelwiki.de/index.php/N_Schlafwandler.html', NULL),
('Vorteil', 330, 'Schlechte Angewohnheit', 'http://www.ulisses-regelwiki.de/index.php/N_Schlechteangewohnheit.html', NULL),
('Vorteil', 331, 'Schlechte Eigenschaft', 'http://www.ulisses-regelwiki.de/index.php/N_SchlechteEigenschaft.html', NULL),
('Vorteil', 332, 'Schlechte Regeneration (Astralenergie)', 'http://www.ulisses-regelwiki.de/index.php/N_SchRegAsP.html', NULL),
('Vorteil', 333, 'I', NULL, 332),
('Vorteil', 334, 'II', NULL, 332),
('Vorteil', 335, 'III', NULL, 332),
('Vorteil', 336, 'Schlechte Regeneration (Karmaenergie)', 'http://www.ulisses-regelwiki.de/index.php/SchRegKaP.html', NULL),
('Vorteil', 337, 'I', NULL, 336),
('Vorteil', 338, 'II', NULL, 336),
('Vorteil', 339, 'III', NULL, 336),
('Vorteil', 340, 'Schlechte Regeneration (Lebensenergie)', 'http://www.ulisses-regelwiki.de/index.php/SchRegLeP.html', NULL),
('Vorteil', 341, 'I', NULL, 340),
('Vorteil', 342, 'II', NULL, 340),
('Vorteil', 343, 'III', NULL, 340),
('Vorteil', 344, 'Schlechtes Namensgedächtnis', 'http://www.ulisses-regelwiki.de/index.php/schlechtnamens.html', NULL),
('Vorteil', 345, 'Schurkenname', 'http://www.ulisses-regelwiki.de/index.php/schurkenname.html', NULL),
('Vorteil', 346, 'Schwacher Astralkörper', 'http://www.ulisses-regelwiki.de/index.php/N_SchwacherAstralkörper.html', NULL),
('Vorteil', 347, 'Schwacher Karmalkörper', 'http://www.ulisses-regelwiki.de/index.php/N_SchwacherKarmalkörper.html', NULL),
('Vorteil', 348, 'Sensibler Geruchssinn', 'http://www.ulisses-regelwiki.de/index.php/N_SensiblerGeruchssinn.html', NULL),
('Vorteil', 349, 'Sprachfehler', 'http://www.ulisses-regelwiki.de/index.php/N_Sprachfehler.html', NULL),
('Vorteil', 350, 'Stigma', 'http://www.ulisses-regelwiki.de/index.php/N_Stigma.html', NULL),
('Vorteil', 351, 'Stumm', 'http://www.ulisses-regelwiki.de/index.php/N_Stumm.html', NULL),
('Vorteil', 352, 'Taub', 'http://www.ulisses-regelwiki.de/index.php/N_Taub.html', NULL),
('Vorteil', 353, 'Unfähig', 'http://www.ulisses-regelwiki.de/index.php/N_Unfähig.html', NULL),
('Vorteil', 354, 'Unfrei', 'http://www.ulisses-regelwiki.de/index.php/N_Unfrei.html', NULL),
('Vorteil', 355, 'Unpassender Name', 'http://www.ulisses-regelwiki.de/index.php/unpass.html', NULL),
('Vorteil', 356, 'Verpflichtungen', 'http://www.ulisses-regelwiki.de/index.php/N_Verpflichtungen.html', NULL),
('Vorteil', 360, 'Verstümmelt', 'http://www.ulisses-regelwiki.de/index.php/N_Verstümmelt.html', NULL),
('Vorteil', 361, 'Verweichlicht', 'http://www.ulisses-regelwiki.de/index.php/Verweich.html', NULL),
('Vorteil', 362, 'Wahrer Name', 'http://www.ulisses-regelwiki.de/index.php/N_WahrerName.html', NULL),
('Vorteil', 363, 'Wilde Magie', 'http://www.ulisses-regelwiki.de/index.php/N_WildeMagie.html', NULL),
('Vorteil', 364, 'Zauberanfällig', 'http://www.ulisses-regelwiki.de/index.php/N_Zauberanfällig.html', NULL),
('Vorteil', 365, 'I', NULL, 364),
('Vorteil', 366, 'II', NULL, 364),
('Vorteil', 367, 'Zerbrechlich', 'http://www.ulisses-regelwiki.de/index.php/N_Zerbrechlich.html', NULL),
('Zauber', 368, 'Adlerauge', 'http://www.ulisses-regelwiki.de/index.php/ZS_Adlerauge.html', NULL),
('Zauber', 369, 'Analys Arkanstruktur', 'http://www.ulisses-regelwiki.de/index.php/ZS_Analys.html', NULL),
('Zauber', 370, 'Ängste lindern', 'http://www.ulisses-regelwiki.de/index.php/ZS_Ängste_lindern.html', NULL),
('Zauber', 371, 'Armatrutz', 'http://www.ulisses-regelwiki.de/index.php/ZS_Armatrutz.html', NULL),
('Zauber', 372, 'Atemnot', 'http://www.ulisses-regelwiki.de/index.php/ZS_Atemnot.html', NULL),
('Zauber', 373, 'Attributo (Körperkraft)', 'http://www.ulisses-regelwiki.de/index.php/ZS_Attributo_Körperkraft.html', NULL),
('Zauber', 374, 'Axxeleratus', 'http://www.ulisses-regelwiki.de/index.php/ZS_Axxeleratus.html', NULL),
('Zauber', 375, 'Balsam Salabunde', 'http://www.ulisses-regelwiki.de/index.php/ZS_Balsam.html', NULL),
('Zauber', 376, 'Band und Fessel', 'http://www.ulisses-regelwiki.de/index.php/ZS_BandundFessel.html', NULL),
('Zauber', 377, 'Bannbaladin', 'http://www.ulisses-regelwiki.de/index.php/ZS_Bannbaladin.html', NULL),
('Zauber', 378, 'Blick in die Gedanken', 'http://www.ulisses-regelwiki.de/index.php/ZS_Blick_in_die_Gedanken.html', NULL),
('Zauber', 379, 'Blitz dich find', 'http://www.ulisses-regelwiki.de/index.php/ZS_Blitz.html', NULL),
('Zauber', 380, 'Chamaelioni', 'http://www.ulisses-regelwiki.de/index.php/ZS_Chamaelioni.html', NULL),
('Zauber', 381, 'Claudibus', 'http://www.ulisses-regelwiki.de/index.php/ZS_Claudibus.html', NULL),
('Zauber', 382, 'Corpofesso', 'http://www.ulisses-regelwiki.de/index.php/ZS_Corpofesso.html', NULL),
('Zauber', 383, 'Corpofrigo', 'http://www.ulisses-regelwiki.de/index.php/ZS_Corpofrigo.html', NULL),
('Zauber', 384, 'Disruptivo', 'http://www.ulisses-regelwiki.de/index.php/ZS_Disruptivo.html', NULL),
('Zauber', 385, 'Dunkelheit', 'http://www.ulisses-regelwiki.de/index.php/ZS_Dunkelheit.html', NULL),
('Zauber', 386, 'Duplicatus', 'http://www.ulisses-regelwiki.de/index.php/ZS_Duplicatus.html', NULL),
('Zauber', 387, 'Ecliptifactus', 'http://www.ulisses-regelwiki.de/index.php/ZS_Ecliptifactus.html', NULL),
('Zauber', 388, 'Eigne Ängste', 'http://www.ulisses-regelwiki.de/index.php/ZS_EigeneAengste.html', NULL),
('Zauber', 389, 'Exposami', 'http://www.ulisses-regelwiki.de/index.php/ZS_Exposami.html', NULL),
('Zauber', 390, 'Falkenauge', 'http://www.ulisses-regelwiki.de/index.php/SZ_Falkenauge.html', NULL),
('Zauber', 391, 'Firnlauf', 'http://www.ulisses-regelwiki.de/index.php/ZS_Firnlauf.html', NULL),
('Zauber', 392, 'Flim Flam', 'http://www.ulisses-regelwiki.de/index.php/ZS_Flim_Flam.html', NULL),
('Zauber', 393, 'Foramen', 'http://www.ulisses-regelwiki.de/index.php/ZS_Foramen.html', NULL),
('Zauber', 394, 'Fortifex', 'http://www.ulisses-regelwiki.de/index.php/ZS_Fortifex.html', NULL),
('Zauber', 395, 'Fulminictus', 'http://www.ulisses-regelwiki.de/index.php/ZS_Fulminictus.html', NULL),
('Zauber', 396, 'Gardianum', 'http://www.ulisses-regelwiki.de/index.php/ZS_Gardianium.html', NULL),
('Zauber', 397, 'Gletscherform', 'http://www.ulisses-regelwiki.de/index.php/ZS_Gletscherform.html', NULL),
('Zauber', 398, 'Große Gier', 'http://www.ulisses-regelwiki.de/index.php/ZS_GrosseGier.html', NULL),
('Zauber', 399, 'Große Verwirrung', 'http://www.ulisses-regelwiki.de/index.php/ZS_GrosseVerwirrung.html', NULL),
('Zauber', 400, 'Harmlose Gestalt', 'http://www.ulisses-regelwiki.de/index.php/ZS_Harmlose_Gestalt.html', NULL),
('Zauber', 401, 'Herr über das Tierreich', 'http://www.ulisses-regelwiki.de/index.php/ZS_Herr_über_das_Tierreich.html', NULL),
('Zauber', 402, 'Hexenholz', 'http://www.ulisses-regelwiki.de/index.php/ZS_Hexenholz.html', NULL),
('Zauber', 403, 'Hexengalle', 'http://www.ulisses-regelwiki.de/index.php/ZS_Hexengalle.html', NULL),
('Zauber', 404, 'Hexenknoten', 'http://www.ulisses-regelwiki.de/index.php/ZS_Hexenknoten.html', NULL),
('Zauber', 405, 'Hexenkrallen', 'http://www.ulisses-regelwiki.de/index.php/ZS_Hexenkrallen.html', NULL),
('Zauber', 406, 'Höllenpein', 'http://www.ulisses-regelwiki.de/index.php/ZS_Höllenpein.html', NULL),
('Zauber', 407, 'Horriphobus', 'http://www.ulisses-regelwiki.de/index.php/ZS_Horriphobus.html', NULL),
('Zauber', 408, 'Ignifaxius', 'http://www.ulisses-regelwiki.de/index.php/ZS_Ignifaxius.html', NULL),
('Zauber', 409, 'Ignisphaero', 'http://www.ulisses-regelwiki.de/index.php/ZS_Ignisphaero.html', NULL),
('Zauber', 410, 'Invocatio Minima', 'http://www.ulisses-regelwiki.de/index.php/ZS_Invominima.html', NULL),
('Zauber', 411, 'Karnifilo', 'http://www.ulisses-regelwiki.de/index.php/ZS_Karnifilo.html', NULL),
('Zauber', 412, 'Katzenaugen', 'http://www.ulisses-regelwiki.de/index.php/ZS_Katzenaugen.html', NULL),
('Zauber', 413, 'Klarum Purum', 'http://www.ulisses-regelwiki.de/index.php/ZS_Klarum_Purum.html', NULL),
('Zauber', 414, 'Krötensprung', 'http://www.ulisses-regelwiki.de/index.php/ZS_Krötensprung.html', NULL),
('Zauber', 415, 'Manifesto', 'http://www.ulisses-regelwiki.de/index.php/ZS_Manifesto.html', NULL),
('Zauber', 416, 'Manus Miracula', 'http://www.ulisses-regelwiki.de/index.php/ZS_Manus_Miracula.html', NULL),
('Zauber', 417, 'Memorans', 'http://www.ulisses-regelwiki.de/index.php/ZS_Memorans.html', NULL),
('Zauber', 418, 'Motoricus', 'http://www.ulisses-regelwiki.de/index.php/ZS_Motoricus.html', NULL),
('Zauber', 419, 'Nebelwand', 'http://www.ulisses-regelwiki.de/index.php/ZS_Nebelwand.html', NULL),
('Zauber', 420, 'Oculus Illusionis', 'http://www.ulisses-regelwiki.de/index.php/ZS_Oculus_llusionis.html', NULL),
('Zauber', 421, 'Odem Arcanum', 'http://www.ulisses-regelwiki.de/index.php/ZS_Odem_Arcanum.html', NULL),
('Zauber', 422, 'Paralysis', 'http://www.ulisses-regelwiki.de/index.php/paral.html', NULL),
('Zauber', 423, 'Penetrizzel', 'http://www.ulisses-regelwiki.de/index.php/ZS_Penetrizzel.html', NULL),
('Zauber', 424, 'Pestilenz erspüren', 'http://www.ulisses-regelwiki.de/index.php/ZS_Pestilenz_erspüren.html', NULL),
('Zauber', 425, 'Psychostabilis', 'http://www.ulisses-regelwiki.de/index.php/ZS_Psychostabilis.html', NULL),
('Zauber', 426, 'Radau', 'http://www.ulisses-regelwiki.de/index.php/ZS_Radau.html', NULL),
('Zauber', 427, 'Respondami', 'http://www.ulisses-regelwiki.de/index.php/ZS_Respondami.html', NULL),
('Zauber', 428, 'Salander', 'http://www.ulisses-regelwiki.de/index.php/ZS_Salander.html', NULL),
('Zauber', 429, 'Sanftmut', 'http://www.ulisses-regelwiki.de/index.php/ZS_Sanftmut.html', NULL),
('Zauber', 430, 'Satuarias Herrlichkeit', 'http://www.ulisses-regelwiki.de/index.php/ZS_Satuarias_Herrlichkeit.html', NULL),
('Zauber', 431, 'Schlangenruf', 'http://www.ulisses-regelwiki.de/index.php/ZS_Schlangenruf.html', NULL),
('Zauber', 432, 'Schwarzer Schrecken', 'http://www.ulisses-regelwiki.de/index.php/ZS_SchwarzerSchrecken.html', NULL),
('Zauber', 433, 'Sensibar', 'http://www.ulisses-regelwiki.de/index.php/ZS_Sensibar.html', NULL),
('Zauber', 434, 'Silentium', 'http://www.ulisses-regelwiki.de/index.php/ZS_Silentium.html', NULL),
('Zauber', 435, 'Somnigravis', 'http://www.ulisses-regelwiki.de/index.php/ZS_Somnigravis.html', NULL),
('Zauber', 436, 'Spinnenlauf', 'http://www.ulisses-regelwiki.de/index.php/ZS_Spinnenlauf.html', NULL),
('Zauber', 437, 'Spurlos', 'http://www.ulisses-regelwiki.de/index.php/ZS_Spurlos.html', NULL),
('Zauber', 438, 'Stillstand', 'http://www.ulisses-regelwiki.de/index.php/ZS_Stillstand.html', NULL),
('Zauber', 439, 'Sumus Elixiere', 'http://www.ulisses-regelwiki.de/index.php/ZS_Sumus_Elixiere.html', NULL),
('Zauber', 440, 'Transversalis', 'http://www.ulisses-regelwiki.de/index.php/ZS_Transversalis.html', NULL),
('Zauber', 441, 'Vipernblick', 'http://www.ulisses-regelwiki.de/index.php/ZS_Vipernblick.html', NULL),
('Zauber', 442, 'Visibili', 'http://www.ulisses-regelwiki.de/index.php/ZS_Visibili.html', NULL),
('Zauber', 443, 'Wasseratem', 'http://www.ulisses-regelwiki.de/index.php/ZS_Wasseratem.html', NULL),
('Zauber', 444, 'Zunge betäuben', 'http://www.ulisses-regelwiki.de/index.php/ZS_Zunge_betäuben.html', NULL),
('Zauber', 445, 'Zwingtanz', 'http://www.ulisses-regelwiki.de/index.php/ZS_Zwingtanz.html', NULL),
('Zaubertrick', 446, 'Abkühlung', 'http://www.ulisses-regelwiki.de/index.php/ZT_Abkühlung.html', NULL),
('Zaubertrick', 447, 'Bartwuchs', 'http://www.ulisses-regelwiki.de/index.php/ZT_Bartwuchs.html', NULL),
('Zaubertrick', 448, 'Bauchreden', 'http://www.ulisses-regelwiki.de/index.php/ZT_Bauchreden.html', NULL),
('Zaubertrick', 449, 'Beeren & Nüsse', 'http://www.ulisses-regelwiki.de/index.php/ZT_BeerenundNüsse.html', NULL),
('Zaubertrick', 450, 'Duft', 'http://www.ulisses-regelwiki.de/index.php/ZT_Duft.html', NULL),
('Zaubertrick', 451, 'Feuerfinger', 'http://www.ulisses-regelwiki.de/index.php/ZT_Feuerfinger.html', NULL),
('Zaubertrick', 452, 'Glücksgriff', 'http://www.ulisses-regelwiki.de/index.php/ZT_Glücksgriff.html', NULL),
('Zaubertrick', 453, 'Handwärmer', 'http://www.ulisses-regelwiki.de/index.php/ZT_Handwärmer.html', NULL),
('Zaubertrick', 454, 'Hexenblick', 'http://www.ulisses-regelwiki.de/index.php/ZT_Hexenblick.html', NULL),
('Zaubertrick', 455, 'Kehrbesen', 'http://www.ulisses-regelwiki.de/index.php/ZT_Kehrbesen.html', NULL),
('Zaubertrick', 456, 'Leselampe', 'http://www.ulisses-regelwiki.de/index.php/ZT_Leselampe.html', NULL),
('Zaubertrick', 457, 'Lockruf', 'http://www.ulisses-regelwiki.de/index.php/ZT_Lockruf.html', NULL),
('Zaubertrick', 458, 'Pflanzenempathie', 'http://www.ulisses-regelwiki.de/index.php/ZT_Pflanzenempathie.html', NULL),
('Zaubertrick', 459, 'Regenbogenaugen', 'http://www.ulisses-regelwiki.de/index.php/ZT_Regenbogenaugen.html', NULL),
('Zaubertrick', 460, 'Schlangenhände', 'http://www.ulisses-regelwiki.de/index.php/ZT_Schlangenhände.html', NULL),
('Zaubertrick', 461, 'Schnipsen', 'http://www.ulisses-regelwiki.de/index.php/ZT_Schnipsen.html', NULL),
('Zaubertrick', 462, 'Signatur', 'http://www.ulisses-regelwiki.de/index.php/ZT_Signatur.html', NULL),
('Zaubertrick', 463, 'Trocken', 'http://www.ulisses-regelwiki.de/index.php/ZT_Trocken.html', NULL),
('Zaubertrick', 464, 'Waffensäuberung', 'http://www.ulisses-regelwiki.de/index.php/ZT_Waffensäuberung.html', NULL),
('Zaubertrick', 465, 'Würze', 'http://www.ulisses-regelwiki.de/index.php/ZT_Würze.html', NULL),
('Zeremonie', 466, 'Ackersegen', 'http://www.ulisses-regelwiki.de/index.php/Lit_Ackersegen.html', NULL),
('Zeremonie', 467, 'Empfängnis des Korsmals', 'http://www.ulisses-regelwiki.de/index.php/Zer_EmpfaengnisdesKorsmals.html', NULL),
('Zeremonie', 468, 'Exorzismus', 'http://www.ulisses-regelwiki.de/index.php/Zer_Exorzismus.html', NULL),
('Zeremonie', 469, 'Geweihter Panzer', 'http://www.ulisses-regelwiki.de/index.php/Lit_GeweihterPanzer.html', NULL),
('Zeremonie', 470, 'Löwengestalt', 'http://www.ulisses-regelwiki.de/index.php/Zer_Löwengestalt.html', NULL),
('Zeremonie', 471, 'Nebelleib', 'http://www.ulisses-regelwiki.de/index.php/Zer_Nebelleib.html', NULL),
('Zeremonie', 472, 'Objektweihe', 'http://www.ulisses-regelwiki.de/index.php/Zer_Objektweihe.html', NULL),
('Vorteil', 473, 'Ackersegen', NULL, 141),
('Vorteil', 474, 'Adlerauge', NULL, 141),
('Vorteil', 475, 'Alchimie', NULL, 141),
('Vorteil', 476, 'Analys Arkanstruktur', NULL, 141),
('Vorteil', 477, 'Ängste lindern', NULL, 141),
('Vorteil', 478, 'Arcanovi', NULL, 141),
('Vorteil', 479, 'Armatrutz', NULL, 141),
('Vorteil', 480, 'Atemnot', NULL, 141),
('Vorteil', 481, 'Attributo (Körperkraft)', NULL, 141),
('Vorteil', 482, 'Aufmerksamer Wächter', NULL, 141),
('Vorteil', 483, 'Axxeleratus', NULL, 141),
('Vorteil', 484, 'Balsam Salabunde', NULL, 141),
('Vorteil', 485, 'Band und Fessel', NULL, 141),
('Vorteil', 486, 'Bann der Dunkelheit', NULL, 141),
('Vorteil', 487, 'Bann der Furcht', NULL, 141),
('Vorteil', 488, 'Bann des Lichts', NULL, 141),
('Vorteil', 489, 'Bannbaladin', NULL, 141),
('Vorteil', 490, 'Bekehren & Überzeugen', NULL, 141),
('Vorteil', 491, 'Betören', NULL, 141),
('Vorteil', 492, 'Blendstrahl', NULL, 141),
('Vorteil', 493, 'Blick in die Gedanken', NULL, 141),
('Vorteil', 494, 'Blitz dich find', NULL, 141),
('Vorteil', 495, 'Boote & Schiffe', NULL, 141),
('Vorteil', 496, 'Brett- & Glücksspiel', NULL, 141),
('Vorteil', 497, 'Caldofrigo', NULL, 141),
('Vorteil', 498, 'Chamaelioni', NULL, 141),
('Vorteil', 499, 'Claudibus', NULL, 141),
('Vorteil', 500, 'Corpofesso', NULL, 141),
('Vorteil', 501, 'Corpofrigo', NULL, 141),
('Vorteil', 502, 'Des Einen bezaubernder Sphärenklang', NULL, 141),
('Vorteil', 503, 'Disruptivo', NULL, 141),
('Vorteil', 504, 'Dschinnenruf', NULL, 141),
('Vorteil', 505, 'Dunkelheit', NULL, 141),
('Vorteil', 506, 'Duplicatus', NULL, 141),
('Vorteil', 507, 'Ecliptifactus', NULL, 141),
('Vorteil', 508, 'Ehrenhaftigkeit', NULL, 141),
('Vorteil', 509, 'Eigne Ängste', NULL, 141),
('Vorteil', 510, 'Einschüchtern', NULL, 141),
('Vorteil', 511, 'Elementarer Diener', NULL, 141),
('Vorteil', 512, 'Empfängnis des Korsmals', NULL, 141),
('Vorteil', 513, 'Entzifferung', NULL, 141),
('Vorteil', 514, 'Ermutigung', NULL, 141),
('Vorteil', 515, 'Etikette', NULL, 141),
('Vorteil', 516, 'Exorzismus', NULL, 141),
('Vorteil', 517, 'Exposami', NULL, 141),
('Vorteil', 518, 'Fahrzeuge', NULL, 141),
('Vorteil', 519, 'Falkenauge', NULL, 141),
('Vorteil', 520, 'Fall ins Nichts', NULL, 141),
('Vorteil', 521, 'Fesseln', NULL, 141),
('Vorteil', 522, 'Firnlauf', NULL, 141),
('Vorteil', 523, 'Fischen & Angeln', NULL, 141),
('Vorteil', 524, 'Fliegen', NULL, 141),
('Vorteil', 525, 'Flim Flam', NULL, 141),
('Vorteil', 526, 'Foramen', NULL, 141),
('Vorteil', 527, 'Fortifex', NULL, 141),
('Vorteil', 528, 'Friedvolle Aura', NULL, 141),
('Vorteil', 529, 'Fulminictus', NULL, 141),
('Vorteil', 530, 'Fährtensuchen', NULL, 141),
('Vorteil', 531, 'Gardianum', NULL, 141),
('Vorteil', 532, 'Gassenwissen', NULL, 141),
('Vorteil', 533, 'Gaukeleien', NULL, 141),
('Vorteil', 534, 'Geographie', NULL, 141),
('Vorteil', 535, 'Geschichtswissen', NULL, 141),
('Vorteil', 536, 'Geweihter Panzer', NULL, 141),
('Vorteil', 537, 'Giftbann', NULL, 141),
('Vorteil', 538, 'Gletscherform', NULL, 141),
('Vorteil', 539, 'Große Gier', NULL, 141),
('Vorteil', 540, 'Große Verwirrung', NULL, 141),
('Vorteil', 541, 'Götter & Kulte', NULL, 141),
('Vorteil', 542, 'Göttlicher Fingerzeig', NULL, 141),
('Vorteil', 543, 'Göttliches Zeichen', NULL, 141),
('Vorteil', 544, 'Handel', NULL, 141),
('Vorteil', 545, 'Harmlose Gestalt', NULL, 141),
('Vorteil', 546, 'Heilkunde Gift', NULL, 141),
('Vorteil', 547, 'Heilkunde Krankheiten', NULL, 141),
('Vorteil', 548, 'Heilkunde Seele', NULL, 141),
('Vorteil', 549, 'Heilkunde Wunden', NULL, 141),
('Vorteil', 550, 'Heilsegen', NULL, 141),
('Vorteil', 551, 'Herbeirufung der Heerscharen des Rattenkindes', NULL, 141),
('Vorteil', 552, 'Herr über das Tierreich', NULL, 141),
('Vorteil', 553, 'Hexengalle', NULL, 141),
('Vorteil', 554, 'Hexenholz', NULL, 141),
('Vorteil', 555, 'Hexenknoten', NULL, 141),
('Vorteil', 556, 'Hexenkrallen', NULL, 141),
('Vorteil', 557, 'Holzbearbeitung', NULL, 141),
('Vorteil', 558, 'Horriphobus', NULL, 141),
('Vorteil', 559, 'Höllenpein', NULL, 141),
('Vorteil', 560, 'Ignifaxius', NULL, 141),
('Vorteil', 561, 'Ignisphaero', NULL, 141),
('Vorteil', 562, 'Invocatio Minima', NULL, 141),
('Vorteil', 563, 'Invocatio Minor', NULL, 141),
('Vorteil', 564, 'Invovatio maior', NULL, 141),
('Vorteil', 565, 'Karnifilo', NULL, 141),
('Vorteil', 566, 'Katzenaugen', NULL, 141),
('Vorteil', 567, 'Klarum Purum', NULL, 141),
('Vorteil', 568, 'Kleiner Bann wider Untote', NULL, 141),
('Vorteil', 569, 'Kleiner Bannstrahl', NULL, 141),
('Vorteil', 570, 'Klettern', NULL, 141),
('Vorteil', 571, 'Kraftakt', NULL, 141),
('Vorteil', 572, 'Krankheitsbann', NULL, 141),
('Vorteil', 573, 'Kriegskunst', NULL, 141),
('Vorteil', 576, 'Krötensprung', NULL, 141),
('Vorteil', 577, 'Körperbeherrschung', NULL, 141),
('Vorteil', 578, 'Lautlos', NULL, 141),
('Vorteil', 579, 'Lebensmittelbearbeitung', NULL, 141),
('Vorteil', 580, 'Lederbearbeitung', NULL, 141),
('Vorteil', 581, 'Löwengestalt', NULL, 141),
('Vorteil', 582, 'Magiekunde', NULL, 141),
('Vorteil', 583, 'Magieschutz', NULL, 141),
('Vorteil', 584, 'Magiesicht', NULL, 141),
('Vorteil', 585, 'Malen & Zeichnen', NULL, 141),
('Vorteil', 586, 'Manifesto', NULL, 141),
('Vorteil', 587, 'Manus Miracula', NULL, 141),
('Vorteil', 588, 'Mechanik', NULL, 141),
('Vorteil', 589, 'Memorans', NULL, 141),
('Vorteil', 590, 'Menschenkenntnis', NULL, 141),
('Vorteil', 591, 'Metallbearbeitung', NULL, 141),
('Vorteil', 592, 'Mondsicht', NULL, 141),
('Vorteil', 593, 'Mondsilberzunge', NULL, 141),
('Vorteil', 594, 'Motoricus', NULL, 141),
('Vorteil', 595, 'Musizieren', NULL, 141),
('Vorteil', 596, 'Namenlose Kälte', NULL, 141),
('Vorteil', 597, 'Namenlose Raserei', NULL, 141),
('Vorteil', 598, 'Namenlose Zweifel', NULL, 141),
('Vorteil', 599, 'Namenloses Vergessen', NULL, 141),
('Vorteil', 600, 'Nebelleib', NULL, 141),
('Vorteil', 601, 'Nebelwand', NULL, 141),
('Vorteil', 602, 'Nihilogravo', NULL, 141),
('Vorteil', 603, 'Objektsegen', NULL, 141),
('Vorteil', 604, 'Objektweihe', NULL, 141),
('Vorteil', 605, 'Oculus Illusionis', NULL, 141),
('Vorteil', 606, 'Odem Arcanum', NULL, 141),
('Vorteil', 607, 'Orientierung', NULL, 141),
('Vorteil', 608, 'Ort der Ruhe', NULL, 141),
('Vorteil', 609, 'Orvai Kurims Kriegstrommel', NULL, 141),
('Vorteil', 610, 'Paralysis', NULL, 141),
('Vorteil', 611, 'Pech-und-Schwefel-Strahl', NULL, 141),
('Vorteil', 612, 'Penetrizzel', NULL, 141),
('Vorteil', 613, 'Pestilenz erspüren', NULL, 141),
('Vorteil', 614, 'Pflanzenkunde', NULL, 141),
('Vorteil', 615, 'Pflanzenwuchs', NULL, 141),
('Vorteil', 616, 'Psychostabilis', NULL, 141),
('Vorteil', 617, 'Rabenruf', NULL, 141),
('Vorteil', 618, 'Radau', NULL, 141),
('Vorteil', 619, 'Rechnen', NULL, 141),
('Vorteil', 620, 'Rechtskunde', NULL, 141),
('Vorteil', 621, 'Reiten', NULL, 141),
('Vorteil', 622, 'Respondami', NULL, 141),
('Vorteil', 623, 'Ruf des Bienenstocks', NULL, 141),
('Vorteil', 624, 'Sagen & Legenden', NULL, 141),
('Vorteil', 625, 'Salander', NULL, 141),
('Vorteil', 626, 'Sanftmut', NULL, 141),
('Vorteil', 627, 'Satuarias Herrlichkeit', NULL, 141),
('Vorteil', 628, 'Schlaf', NULL, 141),
('Vorteil', 629, 'Schlangenruf', NULL, 141),
('Vorteil', 630, 'Schlangenstab', NULL, 141),
('Vorteil', 631, 'Schlangenzunge', NULL, 141),
('Vorteil', 632, 'Schlösserknacken', NULL, 141),
('Vorteil', 633, 'Schmerzresistenz', NULL, 141),
('Vorteil', 634, 'Schutz der Wehrlosen', NULL, 141),
('Vorteil', 635, 'Schwarzer Schrecken', NULL, 141),
('Vorteil', 636, 'Schwimmen', NULL, 141),
('Vorteil', 637, 'Selbstbeherrschung', NULL, 141),
('Vorteil', 638, 'Sensibar', NULL, 141),
('Vorteil', 639, 'Silentium', NULL, 141),
('Vorteil', 640, 'Singen', NULL, 141),
('Vorteil', 641, 'Sinnesschärfe', NULL, 141),
('Vorteil', 642, 'Somnigravis', NULL, 141),
('Vorteil', 643, 'Sphärenkunde', NULL, 141),
('Vorteil', 644, 'Spinnenlauf', NULL, 141),
('Vorteil', 645, 'Spurlos', NULL, 141),
('Vorteil', 646, 'Steinbearbeitung', NULL, 141),
('Vorteil', 647, 'Sternenglanz', NULL, 141),
('Vorteil', 648, 'Sternkunde', NULL, 141),
('Vorteil', 649, 'Stillstand', NULL, 141),
('Vorteil', 650, 'Stoffbearbeitung', NULL, 141),
('Vorteil', 651, 'Sumus Elixiere', NULL, 141),
('Vorteil', 652, 'Tanzen', NULL, 141),
('Vorteil', 653, 'Taschendiebstahl', NULL, 141),
('Vorteil', 654, 'Tierkunde', NULL, 141),
('Vorteil', 655, 'Transversalis', NULL, 141),
('Vorteil', 656, 'Traumgestalt', NULL, 141),
('Vorteil', 657, 'Verbergen', NULL, 141),
('Vorteil', 658, 'Verkleiden', NULL, 141),
('Vorteil', 659, 'Vipernblick', NULL, 141),
('Vorteil', 660, 'Visibili', NULL, 141),
('Vorteil', 661, 'Wahrheit', NULL, 141),
('Vorteil', 662, 'Wasseratem', NULL, 141),
('Vorteil', 663, 'Wieselflink', NULL, 141),
('Vorteil', 664, 'Wildnisleben', NULL, 141),
('Vorteil', 665, 'Willenskraft', NULL, 141),
('Vorteil', 666, 'Wundersame Verständigung', NULL, 141),
('Vorteil', 667, 'Überreden', NULL, 141),
('Vorteil', 668, 'Zauberklinge Geisterspeer', NULL, 141),
('Vorteil', 669, 'Zechen', NULL, 141),
('Vorteil', 670, 'Zunge betäuben', NULL, 141),
('Vorteil', 671, 'Zwingtanz', NULL, 141),
('Vorteil', 672, 'Baumdrachen', NULL, 167),
('Vorteil', 673, 'Elfen', NULL, 167),
('Vorteil', 674, 'Karene', NULL, 167),
('Vorteil', 675, 'Untote', NULL, 167),
('Vorteil', 676, 'Zwerge', NULL, 167),
('Vorteil', 677, 'Goblins', NULL, 167),
('Vorteil', 678, 'Menschen', NULL, 167),
('Vorteil', 679, 'Orks', NULL, 167),
('Vorteil', 680, 'Andergaster', NULL, 167),
('Vorteil', 681, 'Basilisken', NULL, 167),
('Vorteil', 682, 'Feen', NULL, 167),
('Vorteil', 683, 'Greifen', NULL, 167),
('Vorteil', 684, 'Lehmgolems', NULL, 167),
('Vorteil', 685, 'Nostrier', NULL, 167),
('Vorteil', 686, 'Riesenlindwürmer', NULL, 167),
('Vorteil', 687, 'Ackersegen', NULL, 169),
('Vorteil', 688, 'Adlerauge', NULL, 169),
('Vorteil', 689, 'Alchimie', NULL, 169),
('Vorteil', 690, 'Analys Arkanstruktur', NULL, 169),
('Vorteil', 691, 'Ängste lindern', NULL, 169),
('Vorteil', 692, 'Arcanovi', NULL, 169),
('Vorteil', 693, 'Armatrutz', NULL, 169),
('Vorteil', 694, 'Atemnot', NULL, 169),
('Vorteil', 695, 'Attributo (Körperkraft)', NULL, 169),
('Vorteil', 696, 'Aufmerksamer Wächter', NULL, 169),
('Vorteil', 697, 'Axxeleratus', NULL, 169),
('Vorteil', 698, 'Balsam Salabunde', NULL, 169),
('Vorteil', 699, 'Band und Fessel', NULL, 169),
('Vorteil', 700, 'Bann der Dunkelheit', NULL, 169),
('Vorteil', 701, 'Bann der Furcht', NULL, 169),
('Vorteil', 702, 'Bann des Lichts', NULL, 169),
('Vorteil', 703, 'Bannbaladin', NULL, 169),
('Vorteil', 704, 'Bekehren & Überzeugen', NULL, 169),
('Vorteil', 705, 'Betören', NULL, 169),
('Vorteil', 706, 'Blendstrahl', NULL, 169),
('Vorteil', 707, 'Blick in die Gedanken', NULL, 169),
('Vorteil', 708, 'Blitz dich find', NULL, 169),
('Vorteil', 709, 'Boote & Schiffe', NULL, 169),
('Vorteil', 710, 'Brett- & Glücksspiel', NULL, 169),
('Vorteil', 711, 'Caldofrigo', NULL, 169),
('Vorteil', 712, 'Chamaelioni', NULL, 169),
('Vorteil', 713, 'Claudibus', NULL, 169),
('Vorteil', 714, 'Corpofesso', NULL, 169),
('Vorteil', 715, 'Corpofrigo', NULL, 169),
('Vorteil', 716, 'Des Einen bezaubernder Sphärenklang', NULL, 169),
('Vorteil', 717, 'Disruptivo', NULL, 169),
('Vorteil', 718, 'Dschinnenruf', NULL, 169),
('Vorteil', 719, 'Dunkelheit', NULL, 169),
('Vorteil', 720, 'Duplicatus', NULL, 169),
('Vorteil', 721, 'Ecliptifactus', NULL, 169),
('Vorteil', 722, 'Ehrenhaftigkeit', NULL, 169),
('Vorteil', 723, 'Eigne Ängste', NULL, 169),
('Vorteil', 724, 'Einschüchtern', NULL, 169),
('Vorteil', 725, 'Elementarer Diener', NULL, 169),
('Vorteil', 726, 'Empfängnis des Korsmals', NULL, 169),
('Vorteil', 727, 'Entzifferung', NULL, 169),
('Vorteil', 728, 'Ermutigung', NULL, 169),
('Vorteil', 729, 'Etikette', NULL, 169),
('Vorteil', 730, 'Exorzismus', NULL, 169),
('Vorteil', 731, 'Exposami', NULL, 169),
('Vorteil', 732, 'Fahrzeuge', NULL, 169),
('Vorteil', 733, 'Falkenauge', NULL, 169),
('Vorteil', 734, 'Fall ins Nichts', NULL, 169),
('Vorteil', 735, 'Fesseln', NULL, 169),
('Vorteil', 736, 'Firnlauf', NULL, 169),
('Vorteil', 737, 'Fischen & Angeln', NULL, 169),
('Vorteil', 738, 'Fliegen', NULL, 169),
('Vorteil', 739, 'Flim Flam', NULL, 169),
('Vorteil', 740, 'Foramen', NULL, 169),
('Vorteil', 741, 'Fortifex', NULL, 169),
('Vorteil', 742, 'Friedvolle Aura', NULL, 169),
('Vorteil', 743, 'Fulminictus', NULL, 169),
('Vorteil', 744, 'Fährtensuchen', NULL, 169),
('Vorteil', 745, 'Gardianum', NULL, 169),
('Vorteil', 746, 'Gassenwissen', NULL, 169),
('Vorteil', 747, 'Gaukeleien', NULL, 169),
('Vorteil', 748, 'Geographie', NULL, 169),
('Vorteil', 749, 'Geschichtswissen', NULL, 169),
('Vorteil', 750, 'Geweihter Panzer', NULL, 169),
('Vorteil', 751, 'Giftbann', NULL, 169),
('Vorteil', 752, 'Gletscherform', NULL, 169),
('Vorteil', 753, 'Große Gier', NULL, 169),
('Vorteil', 754, 'Große Verwirrung', NULL, 169);
INSERT INTO `attribut` (`typ`, `id`, `name`, `wiki_url`, `subcategory_of_id`) VALUES
('Vorteil', 755, 'Götter & Kulte', NULL, 169),
('Vorteil', 756, 'Göttlicher Fingerzeig', NULL, 169),
('Vorteil', 757, 'Göttliches Zeichen', NULL, 169),
('Vorteil', 758, 'Handel', NULL, 169),
('Vorteil', 759, 'Harmlose Gestalt', NULL, 169),
('Vorteil', 760, 'Heilkunde Gift', NULL, 169),
('Vorteil', 761, 'Heilkunde Krankheiten', NULL, 169),
('Vorteil', 762, 'Heilkunde Seele', NULL, 169),
('Vorteil', 763, 'Heilkunde Wunden', NULL, 169),
('Vorteil', 764, 'Heilsegen', NULL, 169),
('Vorteil', 765, 'Herbeirufung der Heerscharen des Rattenkindes', NULL, 169),
('Vorteil', 766, 'Herr über das Tierreich', NULL, 169),
('Vorteil', 767, 'Hexengalle', NULL, 169),
('Vorteil', 768, 'Hexenholz', NULL, 169),
('Vorteil', 769, 'Hexenknoten', NULL, 169),
('Vorteil', 770, 'Hexenkrallen', NULL, 169),
('Vorteil', 771, 'Holzbearbeitung', NULL, 169),
('Vorteil', 772, 'Horriphobus', NULL, 169),
('Vorteil', 773, 'Höllenpein', NULL, 169),
('Vorteil', 774, 'Ignifaxius', NULL, 169),
('Vorteil', 775, 'Ignisphaero', NULL, 169),
('Vorteil', 776, 'Invocatio Minima', NULL, 169),
('Vorteil', 777, 'Invocatio Minor', NULL, 169),
('Vorteil', 778, 'Invovatio maior', NULL, 169),
('Vorteil', 779, 'Karnifilo', NULL, 169),
('Vorteil', 780, 'Katzenaugen', NULL, 169),
('Vorteil', 781, 'Klarum Purum', NULL, 169),
('Vorteil', 782, 'Kleiner Bann wider Untote', NULL, 169),
('Vorteil', 783, 'Kleiner Bannstrahl', NULL, 169),
('Vorteil', 784, 'Klettern', NULL, 169),
('Vorteil', 785, 'Kraftakt', NULL, 169),
('Vorteil', 786, 'Krankheitsbann', NULL, 169),
('Vorteil', 787, 'Kriegskunst', NULL, 169),
('Vorteil', 790, 'Krötensprung', NULL, 169),
('Vorteil', 791, 'Körperbeherrschung', NULL, 169),
('Vorteil', 792, 'Lautlos', NULL, 169),
('Vorteil', 793, 'Lebensmittelbearbeitung', NULL, 169),
('Vorteil', 794, 'Lederbearbeitung', NULL, 169),
('Vorteil', 795, 'Löwengestalt', NULL, 169),
('Vorteil', 796, 'Magiekunde', NULL, 169),
('Vorteil', 797, 'Magieschutz', NULL, 169),
('Vorteil', 798, 'Magiesicht', NULL, 169),
('Vorteil', 799, 'Malen & Zeichnen', NULL, 169),
('Vorteil', 800, 'Manifesto', NULL, 169),
('Vorteil', 801, 'Manus Miracula', NULL, 169),
('Vorteil', 802, 'Mechanik', NULL, 169),
('Vorteil', 803, 'Memorans', NULL, 169),
('Vorteil', 804, 'Menschenkenntnis', NULL, 169),
('Vorteil', 805, 'Metallbearbeitung', NULL, 169),
('Vorteil', 806, 'Mondsicht', NULL, 169),
('Vorteil', 807, 'Mondsilberzunge', NULL, 169),
('Vorteil', 808, 'Motoricus', NULL, 169),
('Vorteil', 809, 'Musizieren', NULL, 169),
('Vorteil', 810, 'Namenlose Kälte', NULL, 169),
('Vorteil', 811, 'Namenlose Raserei', NULL, 169),
('Vorteil', 812, 'Namenlose Zweifel', NULL, 169),
('Vorteil', 813, 'Namenloses Vergessen', NULL, 169),
('Vorteil', 814, 'Nebelleib', NULL, 169),
('Vorteil', 815, 'Nebelwand', NULL, 169),
('Vorteil', 816, 'Nihilogravo', NULL, 169),
('Vorteil', 817, 'Objektsegen', NULL, 169),
('Vorteil', 818, 'Objektweihe', NULL, 169),
('Vorteil', 819, 'Oculus Illusionis', NULL, 169),
('Vorteil', 820, 'Odem Arcanum', NULL, 169),
('Vorteil', 821, 'Orientierung', NULL, 169),
('Vorteil', 822, 'Ort der Ruhe', NULL, 169),
('Vorteil', 823, 'Orvai Kurims Kriegstrommel', NULL, 169),
('Vorteil', 824, 'Paralysis', NULL, 169),
('Vorteil', 825, 'Pech-und-Schwefel-Strahl', NULL, 169),
('Vorteil', 826, 'Penetrizzel', NULL, 169),
('Vorteil', 827, 'Pestilenz erspüren', NULL, 169),
('Vorteil', 828, 'Pflanzenkunde', NULL, 169),
('Vorteil', 829, 'Pflanzenwuchs', NULL, 169),
('Vorteil', 830, 'Psychostabilis', NULL, 169),
('Vorteil', 831, 'Rabenruf', NULL, 169),
('Vorteil', 832, 'Radau', NULL, 169),
('Vorteil', 833, 'Rechnen', NULL, 169),
('Vorteil', 834, 'Rechtskunde', NULL, 169),
('Vorteil', 835, 'Reiten', NULL, 169),
('Vorteil', 836, 'Respondami', NULL, 169),
('Vorteil', 837, 'Ruf des Bienenstocks', NULL, 169),
('Vorteil', 838, 'Sagen & Legenden', NULL, 169),
('Vorteil', 839, 'Salander', NULL, 169),
('Vorteil', 840, 'Sanftmut', NULL, 169),
('Vorteil', 841, 'Satuarias Herrlichkeit', NULL, 169),
('Vorteil', 842, 'Schlaf', NULL, 169),
('Vorteil', 843, 'Schlangenruf', NULL, 169),
('Vorteil', 844, 'Schlangenstab', NULL, 169),
('Vorteil', 845, 'Schlangenzunge', NULL, 169),
('Vorteil', 846, 'Schlösserknacken', NULL, 169),
('Vorteil', 847, 'Schmerzresistenz', NULL, 169),
('Vorteil', 848, 'Schutz der Wehrlosen', NULL, 169),
('Vorteil', 849, 'Schwarzer Schrecken', NULL, 169),
('Vorteil', 850, 'Schwimmen', NULL, 169),
('Vorteil', 851, 'Selbstbeherrschung', NULL, 169),
('Vorteil', 852, 'Sensibar', NULL, 169),
('Vorteil', 853, 'Silentium', NULL, 169),
('Vorteil', 854, 'Singen', NULL, 169),
('Vorteil', 855, 'Sinnesschärfe', NULL, 169),
('Vorteil', 856, 'Somnigravis', NULL, 169),
('Vorteil', 857, 'Sphärenkunde', NULL, 169),
('Vorteil', 858, 'Spinnenlauf', NULL, 169),
('Vorteil', 859, 'Spurlos', NULL, 169),
('Vorteil', 860, 'Steinbearbeitung', NULL, 169),
('Vorteil', 861, 'Sternenglanz', NULL, 169),
('Vorteil', 862, 'Sternkunde', NULL, 169),
('Vorteil', 863, 'Stillstand', NULL, 169),
('Vorteil', 864, 'Stoffbearbeitung', NULL, 169),
('Vorteil', 865, 'Sumus Elixiere', NULL, 169),
('Vorteil', 866, 'Tanzen', NULL, 169),
('Vorteil', 867, 'Taschendiebstahl', NULL, 169),
('Vorteil', 868, 'Tierkunde', NULL, 169),
('Vorteil', 869, 'Transversalis', NULL, 169),
('Vorteil', 870, 'Traumgestalt', NULL, 169),
('Vorteil', 871, 'Verbergen', NULL, 169),
('Vorteil', 872, 'Verkleiden', NULL, 169),
('Vorteil', 873, 'Vipernblick', NULL, 169),
('Vorteil', 874, 'Visibili', NULL, 169),
('Vorteil', 875, 'Wahrheit', NULL, 169),
('Vorteil', 876, 'Wasseratem', NULL, 169),
('Vorteil', 877, 'Wieselflink', NULL, 169),
('Vorteil', 878, 'Wildnisleben', NULL, 169),
('Vorteil', 879, 'Willenskraft', NULL, 169),
('Vorteil', 880, 'Wundersame Verständigung', NULL, 169),
('Vorteil', 881, 'Überreden', NULL, 169),
('Vorteil', 882, 'Zauberklinge Geisterspeer', NULL, 169),
('Vorteil', 883, 'Zechen', NULL, 169),
('Vorteil', 884, 'Zunge betäuben', NULL, 169),
('Vorteil', 885, 'Zwingtanz', NULL, 169),
('Kampftechnik', 886, 'Armbrüste', 'http://www.ulisses-regelwiki.de/index.php/ar_KampftechnikArmbrueste.html', NULL),
('Kampftechnik', 887, 'Bögen', 'http://www.ulisses-regelwiki.de/index.php/ar_KampftechnikBoegen.html', NULL),
('Kampftechnik', 888, 'Dolche', 'http://www.ulisses-regelwiki.de/index.php/ar_KampftechnikDolche.html', NULL),
('Kampftechnik', 889, 'Fechtwaffen', 'http://www.ulisses-regelwiki.de/index.php/ar_KampftechnikFechtwaffen.html', NULL),
('Kampftechnik', 890, 'Feuerspeien', NULL, NULL),
('Kampftechnik', 891, 'Hiebwaffen', 'http://www.ulisses-regelwiki.de/index.php/ar_KampftechnikHiebwaffen.html', NULL),
('Kampftechnik', 892, 'Kettenwaffen', 'http://www.ulisses-regelwiki.de/index.php/ar_KampftechnikKettenwaffen.html', NULL),
('Kampftechnik', 893, 'Lanzen', 'http://www.ulisses-regelwiki.de/index.php/ar_KampftechnikLanzen.html', NULL),
('Kampftechnik', 894, 'Peitschen', 'http://www.ulisses-regelwiki.de/index.php/ar_KampftechnikPeitschen.html', NULL),
('Kampftechnik', 895, 'Raufen', 'http://www.ulisses-regelwiki.de/index.php/ar_KampftechnikRaufen.html', NULL),
('Kampftechnik', 896, 'Schilde', 'http://www.ulisses-regelwiki.de/index.php/ar_KampftechnikSchilde.html', NULL),
('Kampftechnik', 897, 'Schleudern', 'http://www.ulisses-regelwiki.de/index.php/ar_KampftechnikSchleudern.html', NULL),
('Kampftechnik', 898, 'Schwert', 'http://www.ulisses-regelwiki.de/index.php/ar_KampftechnikSchwerter.html', NULL),
('Kampftechnik', 899, 'Stangenwaffen', 'http://www.ulisses-regelwiki.de/index.php/ar_KampftechnikStangenwaffen.html', NULL),
('Kampftechnik', 900, 'Wurfwaffen', 'http://www.ulisses-regelwiki.de/index.php/ar_KampftechnikWurfwaffen.html', NULL),
('Kampftechnik', 901, 'Zweihandhiebwaffen', 'http://www.ulisses-regelwiki.de/index.php/ar_KampftechnikZweihandhiebwaffen.html', NULL),
('Kampftechnik', 902, 'Zweihandschwerter', 'http://www.ulisses-regelwiki.de/index.php/ar_KampftechnikZweihandschwerter.html', NULL),
('Vorteil', 904, 'Armbrüste', NULL, 170),
('Vorteil', 905, 'Bögen', NULL, 170),
('Vorteil', 906, 'Dolche', NULL, 170),
('Vorteil', 907, 'Fechtwaffen', NULL, 170),
('Vorteil', 908, 'Feuerspeien', NULL, 170),
('Vorteil', 909, 'Hiebwaffen', NULL, 170),
('Vorteil', 910, 'Kettenwaffen', NULL, 170),
('Vorteil', 911, 'Lanzen', NULL, 170),
('Vorteil', 912, 'Peitschen', NULL, 170),
('Vorteil', 913, 'Raufen', NULL, 170),
('Vorteil', 914, 'Schilde', NULL, 170),
('Vorteil', 915, 'Schleudern', NULL, 170),
('Vorteil', 916, 'Schwert', NULL, 170),
('Vorteil', 917, 'Stangenwaffen', NULL, 170),
('Vorteil', 918, 'Wurfwaffen', NULL, 170),
('Vorteil', 919, 'Zweihandhiebwaffen', NULL, 170),
('Vorteil', 920, 'Zweihandschwerter', NULL, 170),
('Vorteil', 921, 'Gehör', NULL, 171),
('Vorteil', 922, 'Geruch & Geschmack', NULL, 171),
('Vorteil', 923, 'Sicht', NULL, 171),
('Vorteil', 924, 'Tastsinn', NULL, 171),
('Vorteil', 925, 'Alkohol', NULL, 199),
('Vorteil', 926, 'Arax', NULL, 199),
('Vorteil', 927, 'Brabacudagift', NULL, 199),
('Vorteil', 928, 'Gelbschwanzskoptiongift', NULL, 199),
('Vorteil', 929, 'Ghulgift', NULL, 199),
('Vorteil', 930, 'Hollbeerenbrechmittel', NULL, 199),
('Vorteil', 931, 'Höhlenspinnengift', NULL, 199),
('Vorteil', 932, 'Kelmon', NULL, 199),
('Vorteil', 933, 'Kukris', NULL, 199),
('Vorteil', 934, 'Kvillottergift', NULL, 199),
('Vorteil', 935, 'Mandragora', NULL, 199),
('Vorteil', 936, 'Mantikorgift', NULL, 199),
('Vorteil', 937, 'Marbos Ruhe', NULL, 199),
('Vorteil', 938, 'Morfugift', NULL, 199),
('Vorteil', 939, 'Nattergift', NULL, 199),
('Vorteil', 940, 'Omrais', NULL, 199),
('Vorteil', 941, 'Pilzgift', NULL, 199),
('Vorteil', 942, 'Rattenpilzgift', NULL, 199),
('Vorteil', 943, 'Stabschlangengift', NULL, 199),
('Vorteil', 944, 'Sunsura', NULL, 199),
('Vorteil', 945, 'Tulmadron', NULL, 199),
('Vorteil', 946, 'Viperngift', NULL, 199),
('Vorteil', 947, 'Vogelspinnengift', NULL, 199),
('Vorteil', 948, 'Wurara', NULL, 199),
('Vorteil', 949, 'Aussatz', NULL, 200),
('Vorteil', 950, 'Blaue Keuche', NULL, 200),
('Vorteil', 951, 'Bleiche Sieche', NULL, 200),
('Vorteil', 952, 'Blutiger Rotz', NULL, 200),
('Vorteil', 953, 'Brabaker Schweiß/Sumpffieber', NULL, 200),
('Vorteil', 954, 'Dumpfschädel', NULL, 200),
('Vorteil', 955, 'Efferd-/Kerkersieche', NULL, 200),
('Vorteil', 956, 'Flinker Difar', NULL, 200),
('Vorteil', 957, 'Gilbe/Schlachtfeldfieber', NULL, 200),
('Vorteil', 958, 'Jahresfieber', NULL, 200),
('Vorteil', 959, 'Lutanas', NULL, 200),
('Vorteil', 960, 'Rascher Wahn', NULL, 200),
('Vorteil', 961, 'Reißwasserseuche', NULL, 200),
('Vorteil', 962, 'Schwarze Wut', NULL, 200),
('Vorteil', 963, 'Tollwut', NULL, 200),
('Vorteil', 964, 'Wundfieber', NULL, 200),
('Vorteil', 965, 'Zorganpocken', NULL, 200),
('Vorteil', 966, 'Armbrüste', NULL, 243),
('Vorteil', 967, 'Bögen', NULL, 243),
('Vorteil', 968, 'Dolche', NULL, 243),
('Vorteil', 969, 'Fechtwaffen', NULL, 243),
('Vorteil', 970, 'Feuerspeien', NULL, 243),
('Vorteil', 971, 'Hiebwaffen', NULL, 243),
('Vorteil', 972, 'Kettenwaffen', NULL, 243),
('Vorteil', 973, 'Lanzen', NULL, 243),
('Vorteil', 974, 'Peitschen', NULL, 243),
('Vorteil', 975, 'Raufen', NULL, 243),
('Vorteil', 976, 'Schilde', NULL, 243),
('Vorteil', 977, 'Schleudern', NULL, 243),
('Vorteil', 978, 'Schwert', NULL, 243),
('Vorteil', 979, 'Stangenwaffen', NULL, 243),
('Vorteil', 980, 'Wurfwaffen', NULL, 243),
('Vorteil', 981, 'Zweihandhiebwaffen', NULL, 243),
('Vorteil', 982, 'Zweihandschwerter', NULL, 243),
('Vorteil', 983, 'Blut I', NULL, 251),
('Vorteil', 984, 'Blut II', NULL, 251),
('Vorteil', 985, 'Blut III', NULL, 251),
('Vorteil', 986, 'dem Meer I', NULL, 251),
('Vorteil', 987, 'dem Meer II', NULL, 251),
('Vorteil', 988, 'dem Meer III', NULL, 251),
('Vorteil', 989, 'Dunkelheit I', NULL, 251),
('Vorteil', 990, 'Dunkelheit II', NULL, 251),
('Vorteil', 991, 'Dunkelheit III', NULL, 251),
('Vorteil', 992, 'engen Räumen I', NULL, 251),
('Vorteil', 993, 'engen Räumen II', NULL, 251),
('Vorteil', 994, 'engen Räumen III', NULL, 251),
('Vorteil', 995, 'Höhe I', NULL, 251),
('Vorteil', 996, 'Höhe II', NULL, 251),
('Vorteil', 997, 'Höhe III', NULL, 251),
('Vorteil', 998, 'Insekten I', NULL, 251),
('Vorteil', 999, 'Insekten II', NULL, 251),
('Vorteil', 1000, 'Insekten III', NULL, 251),
('Vorteil', 1001, 'Reptilien I', NULL, 251),
('Vorteil', 1002, 'Reptilien II', NULL, 251),
('Vorteil', 1003, 'Reptilien III', NULL, 251),
('Vorteil', 1004, 'Spinnen I', NULL, 251),
('Vorteil', 1005, 'Spinnen II', NULL, 251),
('Vorteil', 1006, 'Spinnen III', NULL, 251),
('Vorteil', 1007, 'Toten und Untoten I', NULL, 251),
('Vorteil', 1008, 'Toten und Untoten II', NULL, 251),
('Vorteil', 1009, 'Toten und Untoten III', NULL, 251),
('Vorteil', 1010, 'Gehör', NULL, 264),
('Vorteil', 1011, 'Geruch & Geschmack', NULL, 264),
('Vorteil', 1012, 'Sicht', NULL, 264),
('Vorteil', 1013, 'Tastsinn', NULL, 264),
('Vorteil', 1014, 'Auffälligkeit', NULL, 282),
('Vorteil', 1015, 'Hexensträhne', NULL, 282),
('Vorteil', 1016, 'Nase', NULL, 282),
('Vorteil', 1017, 'Warze', NULL, 282),
('Vorteil', 1018, 'Arroganz', NULL, 323),
('Vorteil', 1019, 'Eitelkeit', NULL, 323),
('Vorteil', 1020, 'Neid', NULL, 323),
('Vorteil', 1021, 'Streitsucht', NULL, 323),
('Vorteil', 1022, 'Unheimlich', NULL, 323),
('Vorteil', 1023, 'Verwöhnt', NULL, 323),
('Vorteil', 1024, 'Vorurteile', NULL, 323),
('Vorteil', 1025, 'Weltfremd', NULL, 323),
('Vorteil', 1026, '99 Gesetze', NULL, 324),
('Vorteil', 1027, '99 Gesetze (streng)', NULL, 324),
('Vorteil', 1028, '99 Gesetze (radikal)', NULL, 324),
('Vorteil', 1029, 'Moralkodex der Hesindekircher', NULL, 324),
('Vorteil', 1030, 'Moralkodex der Perainekirche', NULL, 324),
('Vorteil', 1031, 'Moralkodex der Phexkirche', NULL, 324),
('Vorteil', 1032, 'Moralkodex der Boronkirche', NULL, 324),
('Vorteil', 1033, 'Moralkodex der Praioskirche', NULL, 324),
('Vorteil', 1034, 'Moralkodex der Rondrakirche', NULL, 324),
('Vorteil', 1035, 'Ehrenkodex der Krieger', NULL, 324),
('Vorteil', 1036, 'Moralkodex der Ritter', NULL, 324),
('Vorteil', 1037, 'Elfische Weltsicht', NULL, 324),
('Vorteil', 1038, 'Zwergischer Ehrenkodex', NULL, 324),
('Vorteil', 1039, 'Barfüßer', NULL, 330),
('Vorteil', 1040, 'Belästigung', NULL, 330),
('Vorteil', 1041, 'Dritte Person', NULL, 330),
('Vorteil', 1042, 'Duzer', NULL, 330),
('Vorteil', 1043, 'Erster', NULL, 330),
('Vorteil', 1044, 'Heulsuse', NULL, 330),
('Vorteil', 1045, 'Hypochonder', NULL, 330),
('Vorteil', 1046, 'Junge', NULL, 330),
('Vorteil', 1047, 'Langschläfer', NULL, 330),
('Vorteil', 1048, 'Links-Rechts-Schwäche', NULL, 330),
('Vorteil', 1049, 'Mein Kind', NULL, 330),
('Vorteil', 1050, 'Nägelkauer', NULL, 330),
('Vorteil', 1051, 'Nasebohrer', NULL, 330),
('Vorteil', 1052, 'Nervös', NULL, 330),
('Vorteil', 1053, 'Ohrenbohrer', NULL, 330),
('Vorteil', 1054, 'Putzfimmel', NULL, 330),
('Vorteil', 1055, 'Raucher', NULL, 330),
('Vorteil', 1056, 'Redet wie ein Wasserfall', NULL, 330),
('Vorteil', 1057, 'Schlechte Tischmanieren', NULL, 330),
('Vorteil', 1058, 'Selbstgespräche', NULL, 330),
('Vorteil', 1059, 'Unordentlich', NULL, 330),
('Vorteil', 1060, 'Wir', NULL, 330),
('Vorteil', 1061, 'Aberglaube', NULL, 331),
('Vorteil', 1062, 'Autoritätsglaube', NULL, 331),
('Vorteil', 1063, 'Geiz', NULL, 331),
('Vorteil', 1064, 'Goldgier', NULL, 331),
('Vorteil', 1065, 'Jähzorn', NULL, 331),
('Vorteil', 1066, 'Kleptomanie', NULL, 331),
('Vorteil', 1067, 'Naiv', NULL, 331),
('Vorteil', 1068, 'Neugier', NULL, 331),
('Vorteil', 1069, 'Rachsucht', NULL, 331),
('Vorteil', 1070, 'Spielsucht', NULL, 331),
('Vorteil', 1071, 'Verschwendungssucht', NULL, 331),
('Vorteil', 1072, 'Sippenmitglied gegenüber der Sippe', NULL, 356),
('Vorteil', 1073, 'verschuldeter Held', NULL, 356),
('Vorteil', 1074, 'Adliger gegenüber seinem Lehnsherrn', NULL, 356),
('Vorteil', 1075, 'Geweihter gegenüber seinem Tempel', NULL, 356),
('Vorteil', 1076, 'Geweihter gegenüber seiner Kirche', NULL, 356),
('Vorteil', 1077, 'Magier gegenüber seinem Lehrmeister', NULL, 356),
('Vorteil', 1078, 'Magier gegenüber seiner Akademie', NULL, 356),
('Vorteil', 1079, 'Magier gegenüber seiner Gilde', NULL, 356),
('Vorteil', 1080, 'ein Mitglied einer radikalen Sekte gegenüber den Anführern', NULL, 356),
('Vorteil', 1081, 'Einäugig', NULL, 360),
('Vorteil', 1082, 'Einarmig', NULL, 360),
('Vorteil', 1083, 'Einbeinig', NULL, 360),
('Vorteil', 1084, 'Einhändig', NULL, 360),
('Vorteil', 1085, 'Einohrig', NULL, 360),
('Vorteil', 1086, 'Ackersegen', NULL, 353),
('Vorteil', 1087, 'Adlerauge', NULL, 353),
('Vorteil', 1088, 'Alchimie', NULL, 353),
('Vorteil', 1089, 'Analys Arkanstruktur', NULL, 353),
('Vorteil', 1090, 'Ängste lindern', NULL, 353),
('Vorteil', 1091, 'Arcanovi', NULL, 353),
('Vorteil', 1092, 'Armatrutz', NULL, 353),
('Vorteil', 1093, 'Atemnot', NULL, 353),
('Vorteil', 1094, 'Attributo (Körperkraft)', NULL, 353),
('Vorteil', 1095, 'Aufmerksamer Wächter', NULL, 353),
('Vorteil', 1096, 'Axxeleratus', NULL, 353),
('Vorteil', 1097, 'Balsam Salabunde', NULL, 353),
('Vorteil', 1098, 'Band und Fessel', NULL, 353),
('Vorteil', 1099, 'Bann der Dunkelheit', NULL, 353),
('Vorteil', 1100, 'Bann der Furcht', NULL, 353),
('Vorteil', 1101, 'Bann des Lichts', NULL, 353),
('Vorteil', 1102, 'Bannbaladin', NULL, 353),
('Vorteil', 1103, 'Bekehren & Überzeugen', NULL, 353),
('Vorteil', 1104, 'Betören', NULL, 353),
('Vorteil', 1105, 'Blendstrahl', NULL, 353),
('Vorteil', 1106, 'Blick in die Gedanken', NULL, 353),
('Vorteil', 1107, 'Blitz dich find', NULL, 353),
('Vorteil', 1108, 'Boote & Schiffe', NULL, 353),
('Vorteil', 1109, 'Brett- & Glücksspiel', NULL, 353),
('Vorteil', 1110, 'Caldofrigo', NULL, 353),
('Vorteil', 1111, 'Chamaelioni', NULL, 353),
('Vorteil', 1112, 'Claudibus', NULL, 353),
('Vorteil', 1113, 'Corpofesso', NULL, 353),
('Vorteil', 1114, 'Corpofrigo', NULL, 353),
('Vorteil', 1115, 'Des Einen bezaubernder Sphärenklang', NULL, 353),
('Vorteil', 1116, 'Disruptivo', NULL, 353),
('Vorteil', 1117, 'Dschinnenruf', NULL, 353),
('Vorteil', 1118, 'Dunkelheit', NULL, 353),
('Vorteil', 1119, 'Duplicatus', NULL, 353),
('Vorteil', 1120, 'Ecliptifactus', NULL, 353),
('Vorteil', 1121, 'Ehrenhaftigkeit', NULL, 353),
('Vorteil', 1122, 'Eigne Ängste', NULL, 353),
('Vorteil', 1123, 'Einschüchtern', NULL, 353),
('Vorteil', 1124, 'Elementarer Diener', NULL, 353),
('Vorteil', 1125, 'Empfängnis des Korsmals', NULL, 353),
('Vorteil', 1126, 'Entzifferung', NULL, 353),
('Vorteil', 1127, 'Ermutigung', NULL, 353),
('Vorteil', 1128, 'Etikette', NULL, 353),
('Vorteil', 1129, 'Exorzismus', NULL, 353),
('Vorteil', 1130, 'Exposami', NULL, 353),
('Vorteil', 1131, 'Fahrzeuge', NULL, 353),
('Vorteil', 1132, 'Falkenauge', NULL, 353),
('Vorteil', 1133, 'Fall ins Nichts', NULL, 353),
('Vorteil', 1134, 'Fesseln', NULL, 353),
('Vorteil', 1135, 'Firnlauf', NULL, 353),
('Vorteil', 1136, 'Fischen & Angeln', NULL, 353),
('Vorteil', 1137, 'Fliegen', NULL, 353),
('Vorteil', 1138, 'Flim Flam', NULL, 353),
('Vorteil', 1139, 'Foramen', NULL, 353),
('Vorteil', 1140, 'Fortifex', NULL, 353),
('Vorteil', 1141, 'Friedvolle Aura', NULL, 353),
('Vorteil', 1142, 'Fulminictus', NULL, 353),
('Vorteil', 1143, 'Fährtensuchen', NULL, 353),
('Vorteil', 1144, 'Gardianum', NULL, 353),
('Vorteil', 1145, 'Gassenwissen', NULL, 353),
('Vorteil', 1146, 'Gaukeleien', NULL, 353),
('Vorteil', 1147, 'Geographie', NULL, 353),
('Vorteil', 1148, 'Geschichtswissen', NULL, 353),
('Vorteil', 1149, 'Geweihter Panzer', NULL, 353),
('Vorteil', 1150, 'Giftbann', NULL, 353),
('Vorteil', 1151, 'Gletscherform', NULL, 353),
('Vorteil', 1152, 'Große Gier', NULL, 353),
('Vorteil', 1153, 'Große Verwirrung', NULL, 353),
('Vorteil', 1154, 'Götter & Kulte', NULL, 353),
('Vorteil', 1155, 'Göttlicher Fingerzeig', NULL, 353),
('Vorteil', 1156, 'Göttliches Zeichen', NULL, 353),
('Vorteil', 1157, 'Handel', NULL, 353),
('Vorteil', 1158, 'Harmlose Gestalt', NULL, 353),
('Vorteil', 1159, 'Heilkunde Gift', NULL, 353),
('Vorteil', 1160, 'Heilkunde Krankheiten', NULL, 353),
('Vorteil', 1161, 'Heilkunde Seele', NULL, 353),
('Vorteil', 1162, 'Heilkunde Wunden', NULL, 353),
('Vorteil', 1163, 'Heilsegen', NULL, 353),
('Vorteil', 1164, 'Herbeirufung der Heerscharen des Rattenkindes', NULL, 353),
('Vorteil', 1165, 'Herr über das Tierreich', NULL, 353),
('Vorteil', 1166, 'Hexengalle', NULL, 353),
('Vorteil', 1167, 'Hexenholz', NULL, 353),
('Vorteil', 1168, 'Hexenknoten', NULL, 353),
('Vorteil', 1169, 'Hexenkrallen', NULL, 353),
('Vorteil', 1170, 'Holzbearbeitung', NULL, 353),
('Vorteil', 1171, 'Horriphobus', NULL, 353),
('Vorteil', 1172, 'Höllenpein', NULL, 353),
('Vorteil', 1173, 'Ignifaxius', NULL, 353),
('Vorteil', 1174, 'Ignisphaero', NULL, 353),
('Vorteil', 1175, 'Invocatio Minima', NULL, 353),
('Vorteil', 1176, 'Invocatio Minor', NULL, 353),
('Vorteil', 1177, 'Invovatio maior', NULL, 353),
('Vorteil', 1178, 'Karnifilo', NULL, 353),
('Vorteil', 1179, 'Katzenaugen', NULL, 353),
('Vorteil', 1180, 'Klarum Purum', NULL, 353),
('Vorteil', 1181, 'Kleiner Bann wider Untote', NULL, 353),
('Vorteil', 1182, 'Kleiner Bannstrahl', NULL, 353),
('Vorteil', 1183, 'Klettern', NULL, 353),
('Vorteil', 1184, 'Kraftakt', NULL, 353),
('Vorteil', 1185, 'Krankheitsbann', NULL, 353),
('Vorteil', 1186, 'Kriegskunst', NULL, 353),
('Vorteil', 1189, 'Krötensprung', NULL, 353),
('Vorteil', 1190, 'Körperbeherrschung', NULL, 353),
('Vorteil', 1191, 'Lautlos', NULL, 353),
('Vorteil', 1192, 'Lebensmittelbearbeitung', NULL, 353),
('Vorteil', 1193, 'Lederbearbeitung', NULL, 353),
('Vorteil', 1194, 'Löwengestalt', NULL, 353),
('Vorteil', 1195, 'Magiekunde', NULL, 353),
('Vorteil', 1196, 'Magieschutz', NULL, 353),
('Vorteil', 1197, 'Magiesicht', NULL, 353),
('Vorteil', 1198, 'Malen & Zeichnen', NULL, 353),
('Vorteil', 1199, 'Manifesto', NULL, 353),
('Vorteil', 1200, 'Manus Miracula', NULL, 353),
('Vorteil', 1201, 'Mechanik', NULL, 353),
('Vorteil', 1202, 'Memorans', NULL, 353),
('Vorteil', 1203, 'Menschenkenntnis', NULL, 353),
('Vorteil', 1204, 'Metallbearbeitung', NULL, 353),
('Vorteil', 1205, 'Mondsicht', NULL, 353),
('Vorteil', 1206, 'Mondsilberzunge', NULL, 353),
('Vorteil', 1207, 'Motoricus', NULL, 353),
('Vorteil', 1208, 'Musizieren', NULL, 353),
('Vorteil', 1209, 'Namenlose Kälte', NULL, 353),
('Vorteil', 1210, 'Namenlose Raserei', NULL, 353),
('Vorteil', 1211, 'Namenlose Zweifel', NULL, 353),
('Vorteil', 1212, 'Namenloses Vergessen', NULL, 353),
('Vorteil', 1213, 'Nebelleib', NULL, 353),
('Vorteil', 1214, 'Nebelwand', NULL, 353),
('Vorteil', 1215, 'Nihilogravo', NULL, 353),
('Vorteil', 1216, 'Objektsegen', NULL, 353),
('Vorteil', 1217, 'Objektweihe', NULL, 353),
('Vorteil', 1218, 'Oculus Illusionis', NULL, 353),
('Vorteil', 1219, 'Odem Arcanum', NULL, 353),
('Vorteil', 1220, 'Orientierung', NULL, 353),
('Vorteil', 1221, 'Ort der Ruhe', NULL, 353),
('Vorteil', 1222, 'Orvai Kurims Kriegstrommel', NULL, 353),
('Vorteil', 1223, 'Paralysis', NULL, 353),
('Vorteil', 1224, 'Pech-und-Schwefel-Strahl', NULL, 353),
('Vorteil', 1225, 'Penetrizzel', NULL, 353),
('Vorteil', 1226, 'Pestilenz erspüren', NULL, 353),
('Vorteil', 1227, 'Pflanzenkunde', NULL, 353),
('Vorteil', 1228, 'Pflanzenwuchs', NULL, 353),
('Vorteil', 1229, 'Psychostabilis', NULL, 353),
('Vorteil', 1230, 'Rabenruf', NULL, 353),
('Vorteil', 1231, 'Radau', NULL, 353),
('Vorteil', 1232, 'Rechnen', NULL, 353),
('Vorteil', 1233, 'Rechtskunde', NULL, 353),
('Vorteil', 1234, 'Reiten', NULL, 353),
('Vorteil', 1235, 'Respondami', NULL, 353),
('Vorteil', 1236, 'Ruf des Bienenstocks', NULL, 353),
('Vorteil', 1237, 'Sagen & Legenden', NULL, 353),
('Vorteil', 1238, 'Salander', NULL, 353),
('Vorteil', 1239, 'Sanftmut', NULL, 353),
('Vorteil', 1240, 'Satuarias Herrlichkeit', NULL, 353),
('Vorteil', 1241, 'Schlaf', NULL, 353),
('Vorteil', 1242, 'Schlangenruf', NULL, 353),
('Vorteil', 1243, 'Schlangenstab', NULL, 353),
('Vorteil', 1244, 'Schlangenzunge', NULL, 353),
('Vorteil', 1245, 'Schlösserknacken', NULL, 353),
('Vorteil', 1246, 'Schmerzresistenz', NULL, 353),
('Vorteil', 1247, 'Schutz der Wehrlosen', NULL, 353),
('Vorteil', 1248, 'Schwarzer Schrecken', NULL, 353),
('Vorteil', 1249, 'Schwimmen', NULL, 353),
('Vorteil', 1250, 'Selbstbeherrschung', NULL, 353),
('Vorteil', 1251, 'Sensibar', NULL, 353),
('Vorteil', 1252, 'Silentium', NULL, 353),
('Vorteil', 1253, 'Singen', NULL, 353),
('Vorteil', 1254, 'Sinnesschärfe', NULL, 353),
('Vorteil', 1255, 'Somnigravis', NULL, 353),
('Vorteil', 1256, 'Sphärenkunde', NULL, 353),
('Vorteil', 1257, 'Spinnenlauf', NULL, 353),
('Vorteil', 1258, 'Spurlos', NULL, 353),
('Vorteil', 1259, 'Steinbearbeitung', NULL, 353),
('Vorteil', 1260, 'Sternenglanz', NULL, 353),
('Vorteil', 1261, 'Sternkunde', NULL, 353),
('Vorteil', 1262, 'Stillstand', NULL, 353),
('Vorteil', 1263, 'Stoffbearbeitung', NULL, 353),
('Vorteil', 1264, 'Sumus Elixiere', NULL, 353),
('Vorteil', 1265, 'Tanzen', NULL, 353),
('Vorteil', 1266, 'Taschendiebstahl', NULL, 353),
('Vorteil', 1267, 'Tierkunde', NULL, 353),
('Vorteil', 1268, 'Transversalis', NULL, 353),
('Vorteil', 1269, 'Traumgestalt', NULL, 353),
('Vorteil', 1270, 'Verbergen', NULL, 353),
('Vorteil', 1271, 'Verkleiden', NULL, 353),
('Vorteil', 1272, 'Vipernblick', NULL, 353),
('Vorteil', 1273, 'Visibili', NULL, 353),
('Vorteil', 1274, 'Wahrheit', NULL, 353),
('Vorteil', 1275, 'Wasseratem', NULL, 353),
('Vorteil', 1276, 'Wieselflink', NULL, 353),
('Vorteil', 1277, 'Wildnisleben', NULL, 353),
('Vorteil', 1278, 'Willenskraft', NULL, 353),
('Vorteil', 1279, 'Wundersame Verständigung', NULL, 353),
('Vorteil', 1280, 'Überreden', NULL, 353),
('Vorteil', 1281, 'Zauberklinge Geisterspeer', NULL, 353),
('Vorteil', 1282, 'Zechen', NULL, 353),
('Vorteil', 1283, 'Zunge betäuben', NULL, 353),
('Vorteil', 1284, 'Zwingtanz', NULL, 353),
('Sonderfertigkeit', 1285, 'Diebesschreck', 'http://www.ulisses-regelwiki.de/index.php/diebesschreck.html', NULL),
('Sonderfertigkeit', 1286, 'Feinstes Leder', 'http://www.ulisses-regelwiki.de/index.php/feinstesleder.html', NULL),
('Sonderfertigkeit', 1287, 'Fischreichtum', 'http://www.ulisses-regelwiki.de/index.php/fischreichtum.html', NULL),
('Sonderfertigkeit', 1288, 'Harter Kern', 'http://www.ulisses-regelwiki.de/index.php/harterkern.html', NULL),
('Sonderfertigkeit', 1289, 'Leicht wie eine Feder', 'http://www.ulisses-regelwiki.de/index.php/leichtwieeine.html', NULL),
('Sonderfertigkeit', 1290, 'Namensbogen', 'http://www.ulisses-regelwiki.de/index.php/namensbogen.html', NULL),
('Sonderfertigkeit', 1291, 'Schutz wider Pfeilhagel', 'http://www.ulisses-regelwiki.de/index.php/schutzpfeil.html', NULL),
('Sonderfertigkeit', 1292, 'Windfang', 'http://www.ulisses-regelwiki.de/index.php/windfang.html', NULL),
('Sonderfertigkeit', 1293, 'Zeichen der Angst', 'http://www.ulisses-regelwiki.de/index.php/zeichenderangst.html', NULL),
('Sonderfertigkeit', 1294, 'Aspektkenntnis', 'http://www.ulisses-regelwiki.de/index.php/KaP_Aspektkenntnis.html', NULL),
('Sonderfertigkeit', 1295, 'Fokussierung', 'http://www.ulisses-regelwiki.de/index.php/KaP_Fokussierung.html', NULL),
('Sonderfertigkeit', 1296, 'Stärke des Glaubens', 'http://www.ulisses-regelwiki.de/index.php/KaP_StärkedesGlaubens.html', NULL),
('Sonderfertigkeit', 1297, 'Starke Segnungen', 'http://www.ulisses-regelwiki.de/index.php/KaP_StarkeSegnungen.html', NULL),
('Sonderfertigkeit', 1298, 'Tradition (Boronkirche)', 'http://www.ulisses-regelwiki.de/index.php/Tra_Bor.html', NULL),
('Sonderfertigkeit', 1299, 'Tradition (Hesindekirche)', 'http://www.ulisses-regelwiki.de/index.php/Tra_Hes.html', NULL),
('Sonderfertigkeit', 1300, 'Tradition (Namenloser Kult)', 'http://www.ulisses-regelwiki.de/index.php/SF_TraditionNamenloserKult.html', NULL),
('Sonderfertigkeit', 1301, 'Tradition (Perainekirche)', 'http://www.ulisses-regelwiki.de/index.php/Tra_Per.html', NULL),
('Sonderfertigkeit', 1302, 'Tradition (Phexkirche)', 'http://www.ulisses-regelwiki.de/index.php/Tra_Phe.html', NULL),
('Sonderfertigkeit', 1303, 'Tradition (Praioskirche)', 'http://www.ulisses-regelwiki.de/index.php/Tra_Pra.html', NULL),
('Sonderfertigkeit', 1304, 'Tradition (Rondrakirche)', 'http://www.ulisses-regelwiki.de/index.php/Tra_Ron.html', NULL),
('Sonderfertigkeit', 1305, 'Abgeschwächter Zauber', 'http://www.ulisses-regelwiki.de/index.php/abzauber.html', NULL),
('Sonderfertigkeit', 1306, 'Astrale Meditation', 'http://www.ulisses-regelwiki.de/index.php/asmed.html', NULL),
('Sonderfertigkeit', 1307, 'Aura verbergen', 'http://www.ulisses-regelwiki.de/index.php/AsP_Auraverbergen.html', NULL),
('Sonderfertigkeit', 1308, 'Druidenrache', 'http://www.ulisses-regelwiki.de/index.php/drache.html', NULL),
('Sonderfertigkeit', 1309, 'Fernzaubern', 'http://www.ulisses-regelwiki.de/index.php/fernzaubern.html', NULL),
('Sonderfertigkeit', 1310, 'Flugsalbe', 'http://www.ulisses-regelwiki.de/index.php/dfgfdgfgdgfdg.html', NULL),
('Sonderfertigkeit', 1311, 'Improvisiertes Ritual', 'http://www.ulisses-regelwiki.de/index.php/impritual.html', NULL),
('Sonderfertigkeit', 1312, 'Konzentrationsstärke', 'http://www.ulisses-regelwiki.de/index.php/konzenst.html', NULL),
('Sonderfertigkeit', 1313, 'Magische Regeneration I', 'http://www.ulisses-regelwiki.de/index.php/MagischeRegeneration.html', NULL),
('Sonderfertigkeit', 1314, 'Magischer Gedankenschutz', 'http://www.ulisses-regelwiki.de/index.php/MagischerGedankenschutz.html', NULL),
('Sonderfertigkeit', 1315, 'Merkmalskenntnis', 'http://www.ulisses-regelwiki.de/index.php/AsP_Merkmalskenntnis.html', NULL),
('Sonderfertigkeit', 1316, 'Routinierte Zauberwiederholung', 'http://www.ulisses-regelwiki.de/index.php/RoutinierteZauberwiederholung.html', NULL),
('Sonderfertigkeit', 1317, 'Starke Zaubertricks', 'http://www.ulisses-regelwiki.de/index.php/AsP_StarkeZaubertricks.html', NULL),
('Sonderfertigkeit', 1318, 'Tradition (Druiden)', 'http://www.ulisses-regelwiki.de/index.php/druiden.html', NULL),
('Sonderfertigkeit', 1319, 'Tradition (Elfen)', 'http://www.ulisses-regelwiki.de/index.php/Tra_Elfen.html', NULL),
('Sonderfertigkeit', 1320, 'Tradition (Gildenmagier)', 'http://www.ulisses-regelwiki.de/index.php/Tra_Gilden.html', NULL),
('Sonderfertigkeit', 1321, 'Tradition (Goblinzauberinnen)', 'http://www.ulisses-regelwiki.de/index.php/SF_TraditionGoblinzauberinnen.html', NULL),
('Sonderfertigkeit', 1322, 'Tradition (Hexen)', 'http://www.ulisses-regelwiki.de/index.php/Tra_Hexen.html', NULL),
('Sonderfertigkeit', 1323, 'Tradition (Nachtalben)', 'http://www.ulisses-regelwiki.de/index.php/SF_TraditionNachtalben.html', NULL),
('Sonderfertigkeit', 1324, 'Tradition (Zibilja)', 'http://www.ulisses-regelwiki.de/index.php/SF_TraditionZibilja.html', NULL),
('Sonderfertigkeit', 1325, 'Verbotene Pforten', 'http://www.ulisses-regelwiki.de/index.php/AsP_VerbotenePforten.html', NULL),
('Sonderfertigkeit', 1326, 'Vertrautenbindung', 'http://www.ulisses-regelwiki.de/index.php/AsP_Vertrautenbindung.html', NULL),
('Sonderfertigkeit', 1327, 'Zauber abbrechen', 'http://www.ulisses-regelwiki.de/index.php/Zauberabbrechen.html', NULL),
('Sonderfertigkeit', 1328, 'Zauberzeichen', 'http://www.ulisses-regelwiki.de/index.php/AsP_Zauberzeichen.html', NULL),
('Sonderfertigkeit', 1329, 'Abrichter', 'http://www.ulisses-regelwiki.de/index.php/SF_Abrichter.html', NULL),
('Sonderfertigkeit', 1330, 'Abrollen', 'http://www.ulisses-regelwiki.de/index.php/SF_Abrollen.html', NULL),
('Sonderfertigkeit', 1331, 'Ackerbau', 'http://www.ulisses-regelwiki.de/index.php/SF_Ackerbau.html', NULL),
('Sonderfertigkeit', 1332, 'Analytiker', 'http://www.ulisses-regelwiki.de/index.php/SF_Analytiker.html', NULL),
('Sonderfertigkeit', 1333, 'Anführer', 'http://www.ulisses-regelwiki.de/index.php/SF_Anführer.html', NULL),
('Sonderfertigkeit', 1334, 'Anpeitscher', 'http://www.ulisses-regelwiki.de/index.php/SF_Anpeitscher.html', NULL),
('Sonderfertigkeit', 1335, 'Archivar', 'http://www.ulisses-regelwiki.de/index.php/SF_Archivar.html', NULL),
('Sonderfertigkeit', 1336, 'Athlet', 'http://www.ulisses-regelwiki.de/index.php/SF_Athlet.html', NULL),
('Sonderfertigkeit', 1337, 'Ätzes geben', 'http://www.ulisses-regelwiki.de/index.php/SF_Aetzesgeben.html', NULL),
('Sonderfertigkeit', 1338, 'Bauchreden', 'http://www.ulisses-regelwiki.de/index.php/SF_Bauchreden.html', NULL),
('Sonderfertigkeit', 1339, 'Bernstein erhitzen', 'http://www.ulisses-regelwiki.de/index.php/bernsteiner.html', NULL),
('Sonderfertigkeit', 1340, 'Berufsgeheimnis', 'http://www.ulisses-regelwiki.de/index.php/SF_Berufsgeheimnisse.html', NULL),
('Sonderfertigkeit', 1341, 'Bildhauerei', 'http://www.ulisses-regelwiki.de/index.php/SF_Bildhauerei.html', NULL),
('Sonderfertigkeit', 1342, 'Bine Maschores', 'http://www.ulisses-regelwiki.de/index.php/SF_BineMaschores.html', NULL),
('Sonderfertigkeit', 1343, 'Bootsbauer', 'http://www.ulisses-regelwiki.de/index.php/SF_Bootsbauer.html', NULL),
('Sonderfertigkeit', 1344, 'Buchdrucker', 'http://www.ulisses-regelwiki.de/index.php/SF_Buchdrucker.html', NULL),
('Sonderfertigkeit', 1345, 'Deichbauer', 'http://www.ulisses-regelwiki.de/index.php/SF_Deichbauer.html', NULL),
('Sonderfertigkeit', 1346, 'Diener', 'http://www.ulisses-regelwiki.de/index.php/SF_Diener.html', NULL),
('Sonderfertigkeit', 1347, 'Dokumentfälscher', 'http://www.ulisses-regelwiki.de/index.php/SF_Dokumentfälscher.html', NULL),
('Sonderfertigkeit', 1348, 'Drohgebärden', 'http://www.ulisses-regelwiki.de/index.php/SF_Drohgebärden.html', NULL),
('Sonderfertigkeit', 1349, 'Wille', 'http://www.ulisses-regelwiki.de/index.php/SF_EisernerWille.html', NULL),
('Sonderfertigkeit', 1350, 'Ermutigender Gesang', 'http://www.ulisses-regelwiki.de/index.php/SF_ErmutigenderGesang.html', NULL),
('Sonderfertigkeit', 1351, 'Fächersprache', 'http://www.ulisses-regelwiki.de/index.php/SF_Fächersprache.html', NULL),
('Sonderfertigkeit', 1352, 'Fallen entschärfen', 'http://www.ulisses-regelwiki.de/index.php/SF_Fallenentschärfen.html', NULL),
('Sonderfertigkeit', 1353, 'Falschspielen', 'http://www.ulisses-regelwiki.de/index.php/SF_Falschspielen.html', NULL),
('Sonderfertigkeit', 1354, 'Faszinierender Gesang', 'http://www.ulisses-regelwiki.de/index.php/SF_FaszinierenderGesang.html', NULL),
('Sonderfertigkeit', 1355, 'Fertigkeitsspezialisierung (Talente)', 'http://www.ulisses-regelwiki.de/index.php/SF_FertigkeitsspezialisierungTalente.html', NULL),
('Sonderfertigkeit', 1356, 'Feuerschlucker', 'http://www.ulisses-regelwiki.de/index.php/SF_Feuerschlucker.html', NULL),
('Sonderfertigkeit', 1357, 'Fischer', 'http://www.ulisses-regelwiki.de/index.php/SF_Fischer.html', NULL),
('Sonderfertigkeit', 1358, 'Freiklettern', 'http://www.ulisses-regelwiki.de/index.php/SF_Freiklettern.html', NULL),
('Sonderfertigkeit', 1359, 'Füchsisch', 'http://www.ulisses-regelwiki.de/index.php/SF_Füchsisch.html', NULL),
('Sonderfertigkeit', 1360, 'Gestählter Wille', 'http://www.ulisses-regelwiki.de/index.php/SF_GestählterWille.html', NULL),
('Sonderfertigkeit', 1361, 'Geländekunde', 'http://www.ulisses-regelwiki.de/index.php/SF_Geländekunde.html', NULL),
('Sonderfertigkeit', 1362, 'Gildenrecht', 'http://www.ulisses-regelwiki.de/index.php/SF_Gildenrecht.html', NULL),
('Sonderfertigkeit', 1363, 'Glasbläserei', 'http://www.ulisses-regelwiki.de/index.php/SF_Glasbläserei.html', NULL),
('Sonderfertigkeit', 1364, 'Guter Gardist, böser Gardist', 'http://www.ulisses-regelwiki.de/index.php/SF_GuterGardist.html', NULL),
('Sonderfertigkeit', 1365, 'Hauswirtschaft', 'http://www.ulisses-regelwiki.de/index.php/SF_Hauswirtschaft.html', NULL),
('Sonderfertigkeit', 1366, 'Hehlerei', 'http://www.ulisses-regelwiki.de/index.php/SF_Hehlerei.html', NULL),
('Sonderfertigkeit', 1367, 'Heraldik', 'http://www.ulisses-regelwiki.de/index.php/SF_Heraldik.html', NULL),
('Sonderfertigkeit', 1368, 'Heraldikspezialist', 'http://www.ulisses-regelwiki.de/index.php/hspez.html', NULL),
('Sonderfertigkeit', 1369, 'Iglubau', 'http://www.ulisses-regelwiki.de/index.php/SF_Iglubau.html', NULL),
('Sonderfertigkeit', 1370, 'Instrumente bauen', 'http://www.ulisses-regelwiki.de/index.php/SF_Instrumentebauen.html', NULL),
('Sonderfertigkeit', 1371, 'Jäger', 'http://www.ulisses-regelwiki.de/index.php/SF_Jäger.html', NULL),
('Sonderfertigkeit', 1372, 'Kalligraphie', 'http://www.ulisses-regelwiki.de/index.php/SF_Kalligraphie.html', NULL),
('Sonderfertigkeit', 1373, 'Kampftrinker', 'http://www.ulisses-regelwiki.de/index.php/PSF_Kampftrinker.html', NULL),
('Sonderfertigkeit', 1374, 'Kapellmeister', 'http://www.ulisses-regelwiki.de/index.php/SF_Kapellmeister.html', NULL),
('Sonderfertigkeit', 1375, 'Kartographie', 'http://www.ulisses-regelwiki.de/index.php/SF_Kartographie.html', NULL),
('Sonderfertigkeit', 1376, 'Kohlezeichnungen', 'http://www.ulisses-regelwiki.de/index.php/SF_Kohlezeichnungen.html', NULL),
('Sonderfertigkeit', 1377, 'Konditor', 'http://www.ulisses-regelwiki.de/index.php/SF_Konditor.html', NULL),
('Sonderfertigkeit', 1378, 'Kristallzucht', 'http://www.ulisses-regelwiki.de/index.php/SF_Kristallzucht.html', NULL),
('Sonderfertigkeit', 1379, 'Kupferstich', 'http://www.ulisses-regelwiki.de/index.php/SF_Kupferstich.html', NULL),
('Sonderfertigkeit', 1380, 'Kutschenbauer', 'http://www.ulisses-regelwiki.de/index.php/SF_Kutschenbauer.html', NULL),
('Sonderfertigkeit', 1381, 'Leibdiener', 'http://www.ulisses-regelwiki.de/index.php/SF_Leibdiener.html', NULL),
('Sonderfertigkeit', 1382, 'Leg-ga-leg', 'http://www.ulisses-regelwiki.de/index.php/SF_Leggaleg.html', NULL),
('Sonderfertigkeit', 1383, 'Liebling der Massen', 'http://www.ulisses-regelwiki.de/index.php/SF_LieblingderMassen.html', NULL),
('Sonderfertigkeit', 1384, 'Lippenlesen', 'http://www.ulisses-regelwiki.de/index.php/SF_Lippenlesen.html', NULL),
('Sonderfertigkeit', 1385, 'Meister der Improvisation', 'http://www.ulisses-regelwiki.de/index.php/SF_MeisterderImprovisation.html', NULL),
('Sonderfertigkeit', 1386, 'Möbel herstellen', 'http://www.ulisses-regelwiki.de/index.php/SF_Möbelherstellen.html', NULL),
('Sonderfertigkeit', 1387, 'Namensschmeichler', 'http://www.ulisses-regelwiki.de/index.php/namenschme.html', NULL),
('Sonderfertigkeit', 1388, 'Navigation', 'http://www.ulisses-regelwiki.de/index.php/SF_Navigation.html', NULL),
('Sonderfertigkeit', 1389, 'Ölmalerei', 'http://www.ulisses-regelwiki.de/index.php/SF_Ölmalerei.html', NULL),
('Sonderfertigkeit', 1390, 'Opernsänger', 'http://www.ulisses-regelwiki.de/index.php/SF_Opernsänger.html', NULL),
('Sonderfertigkeit', 1391, 'Orientierung unter Tage', 'http://www.ulisses-regelwiki.de/index.php/SF_OrientierungunterTage.html', NULL),
('Sonderfertigkeit', 1392, 'Ortskenntnis', 'http://www.ulisses-regelwiki.de/index.php/SF_Ortskenntnis.html', NULL),
('Sonderfertigkeit', 1393, 'Provozieren', 'http://www.ulisses-regelwiki.de/index.php/SF_Provozieren.html', NULL),
('Sonderfertigkeit', 1394, 'Prunkkleidung herstellen', 'http://www.ulisses-regelwiki.de/index.php/SF_Prunkkleidungherstellen.html', NULL),
('Sonderfertigkeit', 1395, 'Pyromantiker', 'http://www.ulisses-regelwiki.de/index.php/SF_Pyromantiker.html', NULL),
('Sonderfertigkeit', 1396, 'Rahjasutra-Kenntnisse', 'http://www.ulisses-regelwiki.de/index.php/SF_RahjasutraKenntnisse.html', NULL),
('Sonderfertigkeit', 1397, 'Rosstäuscher', 'http://www.ulisses-regelwiki.de/index.php/SF_Rosstäuscher.html', NULL),
('Sonderfertigkeit', 1398, 'Rüstungsbau', 'http://www.ulisses-regelwiki.de/index.php/SF_Rüstungsbau.html', NULL),
('Sonderfertigkeit', 1399, 'Sammler', 'http://www.ulisses-regelwiki.de/index.php/SF_Sammler.html', NULL),
('Sonderfertigkeit', 1400, 'Schiffsbauer', 'http://www.ulisses-regelwiki.de/index.php/SF_Schiffsbauer.html', NULL),
('Sonderfertigkeit', 1401, 'Schmerzen unterdrücken', 'http://www.ulisses-regelwiki.de/index.php/SF_Schmerzenunterdrücken.html', NULL),
('Sonderfertigkeit', 1402, 'Schmuck herstellen', 'http://www.ulisses-regelwiki.de/index.php/SF_Schmuckherstellen.html', NULL),
('Sonderfertigkeit', 1403, 'Schnapsbrennerei', 'http://www.ulisses-regelwiki.de/index.php/SF_Schnapsbrennerei.html', NULL),
('Sonderfertigkeit', 1404, 'Schnellschreiber', 'http://www.ulisses-regelwiki.de/index.php/SF_Schnellschreiber.html', NULL),
('Sonderfertigkeit', 1405, 'Schrift', 'http://www.ulisses-regelwiki.de/index.php/SF_Schrift.html', NULL),
('Sonderfertigkeit', 1406, 'Schriftstellerei', 'http://www.ulisses-regelwiki.de/index.php/SF_Schriftstellerei.html', NULL),
('Sonderfertigkeit', 1407, 'Seile herstellen', 'http://www.ulisses-regelwiki.de/index.php/SF_Seileherstellen.html', NULL),
('Sonderfertigkeit', 1408, 'Skifahren', 'http://www.ulisses-regelwiki.de/index.php/SF_Skifahren.html', NULL),
('Sonderfertigkeit', 1409, 'Smutje', 'http://www.ulisses-regelwiki.de/index.php/SF_Smutje.html', NULL),
('Sonderfertigkeit', 1410, 'Sprache', 'http://www.ulisses-regelwiki.de/index.php/SF_Sprache.html', NULL),
('Sonderfertigkeit', 1411, 'Stellmacherei', 'http://www.ulisses-regelwiki.de/index.php/SF_Stellmacherei.html', NULL),
('Sonderfertigkeit', 1412, 'Tätowierer', 'http://www.ulisses-regelwiki.de/index.php/SF_Tätowierer.html', NULL),
('Sonderfertigkeit', 1413, 'Tierstimmen imitiere', 'http://www.ulisses-regelwiki.de/index.php/SF_Tierstimmenimitieren.html', NULL),
('Sonderfertigkeit', 1414, 'Töpferei', 'http://www.ulisses-regelwiki.de/index.php/SF_Töpferei.html', NULL),
('Sonderfertigkeit', 1415, 'Verführungskunst', 'http://www.ulisses-regelwiki.de/index.php/SF_Verführungskunst.html', NULL),
('Sonderfertigkeit', 1416, 'Viehzucht', 'http://www.ulisses-regelwiki.de/index.php/SF_Viehzucht.html', NULL),
('Sonderfertigkeit', 1417, 'Waffenbau', 'http://www.ulisses-regelwiki.de/index.php/SF_Waffenbau.html', NULL),
('Sonderfertigkeit', 1418, 'Wandmalerei', 'http://www.ulisses-regelwiki.de/index.php/SF_Wandmalerei.html', NULL),
('Sonderfertigkeit', 1419, 'Wettervorhersage', 'http://www.ulisses-regelwiki.de/index.php/SF_Wettervorhersage.html', NULL),
('Sonderfertigkeit', 1420, 'Zahlenmystik', 'http://www.ulisses-regelwiki.de/index.php/SF_Zahlenmystik.html', NULL),
('Sonderfertigkeit', 1421, 'Bann- und Schutzkreis gegen Dschinne', 'http://www.ulisses-regelwiki.de/index.php/dsfdsfdsfdf.html', NULL),
('Sonderfertigkeit', 1422, 'Bann- und Schutzkreis gegen Elementargeister', 'http://www.ulisses-regelwiki.de/index.php/reegregre.html', NULL),
('Sonderfertigkeit', 1423, 'Bann- und Schutzkreis gegen gehörnte Dämonen', 'http://www.ulisses-regelwiki.de/index.php/refregrefer.html', NULL),
('Sonderfertigkeit', 1424, 'Bann- und Schutzkreis gegen niedere Dämonen', 'http://www.ulisses-regelwiki.de/index.php/fgregregreg.html', NULL),
('Sonderfertigkeit', 1425, 'Befehl Flugangriff', 'http://www.ulisses-regelwiki.de/index.php/BF_Flugangriff.html', NULL),
('Sonderfertigkeit', 1426, 'Befehl Klammerangriff', 'http://www.ulisses-regelwiki.de/index.php/Befehl_Klammerangriff.html', NULL),
('Sonderfertigkeit', 1427, 'Befehl Mächtiger Schlag', 'http://www.ulisses-regelwiki.de/index.php/Befehl_Maechtiger_Schlag.html', NULL),
('Sonderfertigkeit', 1428, 'Befehl Sichelangriff', 'http://www.ulisses-regelwiki.de/index.php/Befehl_Sichelangriff.html', NULL),
('Sonderfertigkeit', 1429, 'Befehl Trampeln', 'http://www.ulisses-regelwiki.de/index.php/Befehl_Trampeln.html', NULL),
('Sonderfertigkeit', 1430, 'Befehl Überrennen', 'http://www.ulisses-regelwiki.de/index.php/Befehl_Ueberrennen.html', NULL),
('Sonderfertigkeit', 1431, 'Bindung des Dolches', 'http://www.ulisses-regelwiki.de/index.php/Bindungdolch.html', NULL),
('Sonderfertigkeit', 1432, 'Dolch-Apport', 'http://www.ulisses-regelwiki.de/index.php/Dolch-Apport.html', NULL),
('Sonderfertigkeit', 1433, 'Kraft der Erde', 'http://www.ulisses-regelwiki.de/index.php/Kraftdererde.html', NULL),
('Sonderfertigkeit', 1434, 'Sicht im Dunkeln', 'http://www.ulisses-regelwiki.de/index.php/sichtdunke.html', NULL),
('Sonderfertigkeit', 1435, 'Wegweiser', 'http://www.ulisses-regelwiki.de/index.php/wegsweiser.html', NULL),
('Sonderfertigkeit', 1436, 'Aufspießen', 'http://www.ulisses-regelwiki.de/index.php/EKS_Aufspießen.html', NULL),
('Sonderfertigkeit', 1437, 'Binden', 'http://www.ulisses-regelwiki.de/index.php/EKS_Binden.html', NULL),
('Sonderfertigkeit', 1438, 'Breschenangriff', 'http://www.ulisses-regelwiki.de/index.php/EKS_Breschenangriff.html', NULL),
('Sonderfertigkeit', 1439, 'Fahrender Schütze', 'http://www.ulisses-regelwiki.de/index.php/EKS_FahrenderSchütze.html', NULL),
('Sonderfertigkeit', 1440, 'Frontalangriff', 'http://www.ulisses-regelwiki.de/index.php/EKS_Frontalangriff.html', NULL),
('Sonderfertigkeit', 1441, 'Fußfeger', 'http://www.ulisses-regelwiki.de/index.php/ESK_Fußfeger.html', NULL),
('Sonderfertigkeit', 1442, 'Haltegriff brechen', 'http://www.ulisses-regelwiki.de/index.php/ESF_Haltegriffbrechen.html', NULL),
('Sonderfertigkeit', 1443, 'Handkantenschlag', 'http://www.ulisses-regelwiki.de/index.php/ESF_Handkantenschlag.html', NULL),
('Sonderfertigkeit', 1444, 'Hohe Klinge', 'http://www.ulisses-regelwiki.de/index.php/ESK_HoheKlinge.html', NULL),
('Sonderfertigkeit', 1445, 'Kopfstoß', 'http://www.ulisses-regelwiki.de/index.php/ESK_Kopfstoß.html', NULL),
('Sonderfertigkeit', 1446, 'Mächtiger Lanzenangriff', 'http://www.ulisses-regelwiki.de/index.php/ESK_MächtigerLanzenangriff.html', NULL),
('Sonderfertigkeit', 1447, 'Mächtiger Rundumschlag', 'http://www.ulisses-regelwiki.de/index.php/ESK_MächtgerRundumschlag.html', NULL),
('Sonderfertigkeit', 1448, 'Meisterlicher Wurf', 'http://www.ulisses-regelwiki.de/index.php/ESF_MeisterlicherWurf.html', NULL),
('Sonderfertigkeit', 1449, 'Schilddeckung', 'http://www.ulisses-regelwiki.de/index.php/ESK_Schilddeckung.html', NULL),
('Sonderfertigkeit', 1450, 'Schildstoß', 'http://www.ulisses-regelwiki.de/index.php/ESK_Schildstoß.html', NULL),
('Sonderfertigkeit', 1451, 'Schwinger', 'http://www.ulisses-regelwiki.de/index.php/ESK_Schwinger.html', NULL),
('Sonderfertigkeit', 1452, 'Sprungangriff', 'http://www.ulisses-regelwiki.de/index.php/ESK_Sprungangriff.html', NULL),
('Sonderfertigkeit', 1453, 'Sprungtritt', 'http://www.ulisses-regelwiki.de/index.php/ESK_Sprungtritt.html', NULL),
('Sonderfertigkeit', 1454, 'Tiefschlag', 'http://www.ulisses-regelwiki.de/index.php/ESK_Tiefschlag.html', NULL),
('Sonderfertigkeit', 1455, 'Tod von Links', 'http://www.ulisses-regelwiki.de/index.php/ESK_TodvonLinks.html', NULL),
('Sonderfertigkeit', 1456, 'Verkürzte Waffenführung', 'http://www.ulisses-regelwiki.de/index.php/ESK_VerkürzteWaffenführung.html', NULL),
('Sonderfertigkeit', 1457, 'Vorbeiziehen', 'http://www.ulisses-regelwiki.de/index.php/ESK_Vorbeiziehen.html', NULL),
('Sonderfertigkeit', 1458, 'Waffenwurf', 'http://www.ulisses-regelwiki.de/index.php/ESK_Waffenwurf.html', NULL),
('Sonderfertigkeit', 1459, 'Weiter Schwung', 'http://www.ulisses-regelwiki.de/index.php/ESK_WeiterSchwung.html', NULL),
('Sonderfertigkeit', 1460, 'Windmühle', 'http://www.ulisses-regelwiki.de/index.php/ESK_Windmühle.html', NULL),
('Sonderfertigkeit', 1461, 'Wuchtiger Wurf', 'http://www.ulisses-regelwiki.de/index.php/ESK_WuchtigerWurf.html', NULL),
('Sonderfertigkeit', 1462, 'Würgegriff', 'http://www.ulisses-regelwiki.de/index.php/ESK_Würgegriff.html', NULL),
('Sonderfertigkeit', 1463, 'Zertrümmern', 'http://www.ulisses-regelwiki.de/index.php/ESK_Zertrümmern.html', NULL),
('Sonderfertigkeit', 1464, 'Erinnerungsmelodie', 'http://www.ulisses-regelwiki.de/index.php/ESF_Erinnerungsmelodie.html', NULL),
('Sonderfertigkeit', 1465, 'Friedenslied', 'http://www.ulisses-regelwiki.de/index.php/ESF_Friedenslied.html', NULL),
('Sonderfertigkeit', 1466, 'Freundschaftslied', 'http://www.ulisses-regelwiki.de/index.php/ESF_Freundschaftslied.html', NULL),
('Sonderfertigkeit', 1467, 'Melodie der Kunstfertigkeit', 'http://www.ulisses-regelwiki.de/index.php/ESF_MelodiederKunstfertigkeit.html', NULL),
('Sonderfertigkeit', 1468, 'Sorgenlied', 'http://www.ulisses-regelwiki.de/index.php/ESF_Sorgenlied.html', NULL),
('Sonderfertigkeit', 1469, 'Zaubermelodie', 'http://www.ulisses-regelwiki.de/index.php/ESF_Zaubermelodie.html', NULL),
('Sonderfertigkeit', 1470, 'Ausbruch unterdrückter Gefühle', 'http://www.ulisses-regelwiki.de/index.php/Ausbruchunterdr.html', NULL),
('Sonderfertigkeit', 1471, 'Figur der Schmerzen', 'http://www.ulisses-regelwiki.de/index.php/FigurderSchmerzen.html', NULL),
('Sonderfertigkeit', 1472, 'Fluch der Pestilenz', 'http://www.ulisses-regelwiki.de/index.php/FluchderPestilenz.html', NULL),
('Sonderfertigkeit', 1473, 'Fluch der Schlaflosigkeit', 'http://www.ulisses-regelwiki.de/index.php/FluchderSchlaflosigkeit.html', NULL),
('Sonderfertigkeit', 1474, 'Macht über Schlafwandler', 'http://www.ulisses-regelwiki.de/index.php/MachtueberSchlafwandler.html', NULL),
('Sonderfertigkeit', 1475, 'Beiß auf Granit!', 'http://www.ulisses-regelwiki.de/index.php/HSF_BeißaufGranit.html', NULL),
('Sonderfertigkeit', 1476, 'Beute!', 'http://www.ulisses-regelwiki.de/index.php/HSF_Beute.html', NULL),
('Sonderfertigkeit', 1477, 'Hagelschlag', 'http://www.ulisses-regelwiki.de/index.php/HSF_Hagelschlag.html', NULL),
('Sonderfertigkeit', 1478, 'Hexenschuss', 'http://www.ulisses-regelwiki.de/index.php/HSF_Hexenschuss.html', NULL),
('Sonderfertigkeit', 1479, 'Pech an den Hals wünschen', 'http://www.ulisses-regelwiki.de/index.php/HSF_PechandenHalswuenschen.html', NULL),
('Sonderfertigkeit', 1480, 'Pestilenz', 'http://www.ulisses-regelwiki.de/index.php/HSF_Pestilenz.html', NULL),
('Sonderfertigkeit', 1481, 'Schlaf rauben', 'http://www.ulisses-regelwiki.de/index.php/HSF_Schlafrauben.html', NULL),
('Sonderfertigkeit', 1482, 'Unfruchtbarkeit', 'http://www.ulisses-regelwiki.de/index.php/1178.html', NULL),
('Sonderfertigkeit', 1483, 'Warzen sprießen', 'http://www.ulisses-regelwiki.de/index.php/HSF_Warzensprießen.html', NULL),
('Sonderfertigkeit', 1484, 'Zunge lähmen', 'http://www.ulisses-regelwiki.de/index.php/HSF_Zungelaehmen.html', NULL),
('Sonderfertigkeit', 1485, 'Armbrust überdrehen', 'http://www.ulisses-regelwiki.de/index.php/KSF_Armbristüberdrehen.html', NULL),
('Sonderfertigkeit', 1486, 'halten', 'http://www.ulisses-regelwiki.de/index.php/KSF_AufDistanzhalten.html', NULL),
('Sonderfertigkeit', 1487, 'Aufmerksamkeit', 'http://www.ulisses-regelwiki.de/index.php/KSF_Aufmerksamkeit.html', NULL),
('Sonderfertigkeit', 1488, 'Ballistischer Schuss', 'http://www.ulisses-regelwiki.de/index.php/KSF_BallistischerSchuss.html', NULL),
('Sonderfertigkeit', 1489, 'Belastungsgewöhnung', 'http://www.ulisses-regelwiki.de/index.php/KSF_Belastungsgewöhnung.html', NULL),
('Sonderfertigkeit', 1490, 'Kampf', 'http://www.ulisses-regelwiki.de/index.php/KSF_BeihändigerKampf.html', NULL),
('Sonderfertigkeit', 1491, 'Berittener Flugkampf', 'http://www.ulisses-regelwiki.de/index.php/KSF_BerittenerFlugkampf.html', NULL),
('Sonderfertigkeit', 1492, 'Berittener Kampf', 'http://www.ulisses-regelwiki.de/index.php/KSF_BerittenerKampf.html', NULL),
('Sonderfertigkeit', 1493, 'Berittener Schütze', 'http://www.ulisses-regelwiki.de/index.php/KSF_BerittenerSchütze.html', NULL),
('Sonderfertigkeit', 1494, 'Beschützer', 'http://www.ulisses-regelwiki.de/index.php/KSF_Beschützer.html', NULL),
('Sonderfertigkeit', 1495, 'Betäubungsschlag', 'http://www.ulisses-regelwiki.de/index.php/KSF_Betäubungsschlag.html', NULL),
('Sonderfertigkeit', 1496, 'Blindkampf', 'http://www.ulisses-regelwiki.de/index.php/KSF_Blindkampf.html', NULL),
('Sonderfertigkeit', 1497, 'Drachenkampf-Taktik', 'http://www.ulisses-regelwiki.de/index.php/SF_DrachenkampfTaktik.html', NULL),
('Sonderfertigkeit', 1498, 'Einhändiger Kampf', 'http://www.ulisses-regelwiki.de/index.php/KSF_EinhändigerKampf.html', NULL),
('Sonderfertigkeit', 1499, 'Eisenhagel', 'http://www.ulisses-regelwiki.de/index.php/KSF_Eisenhagel.html', NULL);
INSERT INTO `attribut` (`typ`, `id`, `name`, `wiki_url`, `subcategory_of_id`) VALUES
('Sonderfertigkeit', 1500, 'Entwaffnen', 'http://www.ulisses-regelwiki.de/index.php/KSDF_Entwaffnen.html', NULL),
('Sonderfertigkeit', 1501, 'Feindgespür', 'http://www.ulisses-regelwiki.de/index.php/KSF_Feindgespür.html', NULL),
('Sonderfertigkeit', 1502, 'Festnageln', 'http://www.ulisses-regelwiki.de/index.php/KSF_Festnageln.html', NULL),
('Sonderfertigkeit', 1503, 'Finte', 'http://www.ulisses-regelwiki.de/index.php/KSF_Finte.html', NULL),
('Sonderfertigkeit', 1504, 'Gezielter Angriff', 'http://www.ulisses-regelwiki.de/index.php/KSF_GezielterAngriff.html', NULL),
('Sonderfertigkeit', 1505, 'Gezielter Schuss', 'http://www.ulisses-regelwiki.de/index.php/KSF_GezielterSchuss.html', NULL),
('Sonderfertigkeit', 1506, 'Haltegriff', 'http://www.ulisses-regelwiki.de/index.php/KSF_Haltegriff.html', NULL),
('Sonderfertigkeit', 1507, 'Hammerschlag', 'http://www.ulisses-regelwiki.de/index.php/KSF_Hammerschlag.html', NULL),
('Sonderfertigkeit', 1508, 'Herunterstoßen', 'http://www.ulisses-regelwiki.de/index.php/KSF_Herunterstoßen.html', NULL),
('Sonderfertigkeit', 1509, 'Kampf im Wasser', 'http://www.ulisses-regelwiki.de/index.php/KSF_KampfimwASSER.html', NULL),
('Sonderfertigkeit', 1510, 'Kampfreflexe', 'http://www.ulisses-regelwiki.de/index.php/KSF_Kampfreflexe.html', NULL),
('Sonderfertigkeit', 1511, 'Kampfstil-Kombination', 'http://www.ulisses-regelwiki.de/index.php/KSF_kampfstilKombination.html', NULL),
('Sonderfertigkeit', 1512, 'Klingenfänger', 'http://www.ulisses-regelwiki.de/index.php/KSF_Klingenfänger.html', NULL),
('Sonderfertigkeit', 1513, 'Klingensturm', 'http://www.ulisses-regelwiki.de/index.php/KSF_Klingensturm.html', NULL),
('Sonderfertigkeit', 1514, 'Kreuzblock', 'http://www.ulisses-regelwiki.de/index.php/KSF_Kreuzblock.html', NULL),
('Sonderfertigkeit', 1515, 'Lanzenangriff', 'http://www.ulisses-regelwiki.de/index.php/KSF_Lanzenangriff.html', NULL),
('Sonderfertigkeit', 1516, 'Meister der improvisierten Waffen', 'http://www.ulisses-regelwiki.de/index.php/KSF_MeisterderimprovisiertenWaffen.html', NULL),
('Sonderfertigkeit', 1517, 'Meisterliches Ausweichen', 'http://www.ulisses-regelwiki.de/index.php/KSF_MeisterlichesAusweichen.html', NULL),
('Sonderfertigkeit', 1518, 'Meisterparade', 'http://www.ulisses-regelwiki.de/index.php/KSF_Meisterparade.html', NULL),
('Sonderfertigkeit', 1519, 'Pikenwall', 'http://www.ulisses-regelwiki.de/index.php/KSF_Pikenwall.html', NULL),
('Sonderfertigkeit', 1520, 'Wurf', 'http://www.ulisses-regelwiki.de/index.php/KSF_PräziserSchussWurf.html', NULL),
('Sonderfertigkeit', 1521, 'Stich', 'http://www.ulisses-regelwiki.de/index.php/KSF_PräszierStich.html', NULL),
('Sonderfertigkeit', 1522, 'Riposte', 'http://www.ulisses-regelwiki.de/index.php/KSF_Riposte.html', NULL),
('Sonderfertigkeit', 1523, 'Rundumschlag', 'http://www.ulisses-regelwiki.de/index.php/KSF_Rundumschlag.html', NULL),
('Sonderfertigkeit', 1524, 'Scharfschütze', 'http://www.ulisses-regelwiki.de/index.php/KSF_Scharfschütze.html', NULL),
('Sonderfertigkeit', 1525, 'Schildspalter', 'http://www.ulisses-regelwiki.de/index.php/KSF_Schildspalter.html', NULL),
('Sonderfertigkeit', 1526, 'Schnellladen (Kampftechnik)', 'http://www.ulisses-regelwiki.de/index.php/KSF_Schnellladen.html', NULL),
('Sonderfertigkeit', 1527, 'Schnellziehen', 'http://www.ulisses-regelwiki.de/index.php/KSF_Schnellziehen.html', NULL),
('Sonderfertigkeit', 1528, 'Schwitzkasten', 'http://www.ulisses-regelwiki.de/index.php/KSF_Schwitzkasten.html', NULL),
('Sonderfertigkeit', 1529, 'Sturmangriff', 'http://www.ulisses-regelwiki.de/index.php/KSF_Sturmangriff.html', NULL),
('Sonderfertigkeit', 1530, 'Todesstoß', 'http://www.ulisses-regelwiki.de/index.php/KSF_Todesstoß.html', NULL),
('Sonderfertigkeit', 1531, 'Unterlaufen', 'http://www.ulisses-regelwiki.de/index.php/KSF_Unterlaufen.html', NULL),
('Sonderfertigkeit', 1532, 'Ausweichen', 'http://www.ulisses-regelwiki.de/index.php/KSF_verbessertesAusweichen.html', NULL),
('Sonderfertigkeit', 1533, 'Verbessertes Unterlaufen', 'http://www.ulisses-regelwiki.de/index.php/KSF_VerbessertesUnterlaufen.html', NULL),
('Sonderfertigkeit', 1534, 'Verteidigungshaltung', 'http://www.ulisses-regelwiki.de/index.php/KSF_Verteidigungshaltung.html', NULL),
('Sonderfertigkeit', 1535, 'Verteilter Eisenhagel', 'http://www.ulisses-regelwiki.de/index.php/KSF_Verteilter_Eisenhagel.html', NULL),
('Sonderfertigkeit', 1536, 'Vorstoß', 'http://www.ulisses-regelwiki.de/index.php/KSF_Vorstoß.html', NULL),
('Sonderfertigkeit', 1537, 'Wuchtschlag', 'http://www.ulisses-regelwiki.de/index.php/KSF_Wuchtschlag.html', NULL),
('Sonderfertigkeit', 1538, 'Zu Fall bringen', 'http://www.ulisses-regelwiki.de/index.php/KSF_ZuFallbringen.html', NULL),
('Sonderfertigkeit', 1539, 'Zweihändiger Reiterkampf', 'http://www.ulisses-regelwiki.de/index.php/KSF_zweihändigerReiterkampf.html', NULL),
('Sonderfertigkeit', 1540, 'Adersin-Stil', 'http://www.ulisses-regelwiki.de/index.php/KS_Adersin.html', NULL),
('Sonderfertigkeit', 1541, 'Alter Adersin-Stil', 'http://www.ulisses-regelwiki.de/index.php/KSF_Alter_Adersin.html', NULL),
('Sonderfertigkeit', 1542, 'Baburin-Stil', 'http://www.ulisses-regelwiki.de/index.php/KS_Baburin.html', NULL),
('Sonderfertigkeit', 1543, 'Baliho-Stil', 'http://www.ulisses-regelwiki.de/index.php/KS_Baliho.html', NULL),
('Sonderfertigkeit', 1544, 'Bornländisches Raufen', 'http://www.ulisses-regelwiki.de/index.php/KS_BornländischesRaufen.html', NULL),
('Sonderfertigkeit', 1545, 'Cendrasch-Stil', 'http://www.ulisses-regelwiki.de/index.php/KS_Cendrasch.html', NULL),
('Sonderfertigkeit', 1546, 'Dajin-Stil', 'http://www.ulisses-regelwiki.de/index.php/KS_Dajin.html', NULL),
('Sonderfertigkeit', 1547, 'Elenvina-Stil', 'http://www.ulisses-regelwiki.de/index.php/KS_Elenvina.html', NULL),
('Sonderfertigkeit', 1548, 'Fedorino-Stil', 'http://www.ulisses-regelwiki.de/index.php/KS_Fedorino.html', NULL),
('Sonderfertigkeit', 1549, 'Gladiatoren-Stil', 'http://www.ulisses-regelwiki.de/index.php/KS_Gladiatoren.html', NULL),
('Sonderfertigkeit', 1550, 'Hammerfaust-Stil', 'http://www.ulisses-regelwiki.de/index.php/KS_Hammerfaust.html', NULL),
('Sonderfertigkeit', 1551, 'Hruruzat', 'http://www.ulisses-regelwiki.de/index.php/KS_Hruruzat.html', NULL),
('Sonderfertigkeit', 1552, 'Hylailos-Stil', 'http://www.ulisses-regelwiki.de/index.php/KS_Hylailos.html', NULL),
('Sonderfertigkeit', 1553, 'Marwan Sahib-Stil', 'http://www.ulisses-regelwiki.de/index.php/KS_MarwanSahib.html', NULL),
('Sonderfertigkeit', 1554, 'Mengbilla-Stil', 'http://www.ulisses-regelwiki.de/index.php/KS_Mengbilla.html', NULL),
('Sonderfertigkeit', 1555, 'Mercenario-Stil', 'http://www.ulisses-regelwiki.de/index.php/KS_Mercenario.html', NULL),
('Sonderfertigkeit', 1556, 'Prem-Stil', 'http://www.ulisses-regelwiki.de/index.php/KS_Prem.html', NULL),
('Sonderfertigkeit', 1557, 'Ritter des alten Wegs-Stil', 'http://www.ulisses-regelwiki.de/index.php/KS_RitterdesaltenWegs.html', NULL),
('Sonderfertigkeit', 1558, 'Rondras Trutz-Stil', 'http://www.ulisses-regelwiki.de/index.php/KS_RondrasTrutz.html', NULL),
('Sonderfertigkeit', 1559, 'Unauer Schule', 'http://www.ulisses-regelwiki.de/index.php/KS_UnauerSchule.html', NULL),
('Sonderfertigkeit', 1560, 'Zyklopäisches Ringen', 'http://www.ulisses-regelwiki.de/index.php/KS_ZyklopäischesRingen.html', NULL),
('Sonderfertigkeit', 1561, 'Backpfeifen-Sturm', 'http://www.ulisses-regelwiki.de/index.php/PSF_Backpfeifensturm.html', NULL),
('Sonderfertigkeit', 1562, 'Durch die Wand', 'http://www.ulisses-regelwiki.de/index.php/PSF_DurchDieWand.html', NULL),
('Sonderfertigkeit', 1563, 'Hose Herunterziehen/Hemd Hochziehen', 'http://www.ulisses-regelwiki.de/index.php/PSF_HoseHerunterziehen.html', NULL),
('Sonderfertigkeit', 1564, 'Kneipen-Blutgrätsche', 'http://www.ulisses-regelwiki.de/index.php/PSF_KneipenBlutgraetsche.html', NULL),
('Sonderfertigkeit', 1565, 'Kneipen-Geschossabwehr', 'http://www.ulisses-regelwiki.de/index.php/PSF_KneipenGeschossabwehr.html', NULL),
('Sonderfertigkeit', 1566, 'Kneipen-Kopfstoß', 'http://www.ulisses-regelwiki.de/index.php/PSF_KneipenKopfstoss.html', NULL),
('Sonderfertigkeit', 1567, 'Köpfe Aneinanderschlagen', 'http://www.ulisses-regelwiki.de/index.php/PSF_KöpfeAneinanderschlagen.html', NULL),
('Sonderfertigkeit', 1568, 'Schlag auf den Kopf', 'http://www.ulisses-regelwiki.de/index.php/PSF_SchlagaufdenKopf.html', NULL),
('Sonderfertigkeit', 1569, 'Tür gegen den Kopf Knallen', 'http://www.ulisses-regelwiki.de/index.php/PSF_TürgegendenKopfKnallen.html', NULL),
('Sonderfertigkeit', 1570, 'Attacke verbessern', 'http://www.ulisses-regelwiki.de/index.php/SF_Attacke.html', NULL),
('Sonderfertigkeit', 1571, 'Ausweichen verbessern', 'http://www.ulisses-regelwiki.de/index.php/SF_Ausweichen.html', NULL),
('Sonderfertigkeit', 1572, 'Eigenschaft verbessern', 'http://www.ulisses-regelwiki.de/index.php/SF_Eigenschaft.html', NULL),
('Sonderfertigkeit', 1573, 'Empathie', 'http://www.ulisses-regelwiki.de/index.php/SF_Empathie.html', NULL),
('Sonderfertigkeit', 1574, 'Fernkampf verbessern', 'http://www.ulisses-regelwiki.de/index.php/SF_Fernkampf.html', NULL),
('Sonderfertigkeit', 1575, 'Fleischwunde', 'http://www.ulisses-regelwiki.de/index.php/SF_Fleischwunde.html', NULL),
('Sonderfertigkeit', 1576, 'Höhere Prophezeiung', 'http://www.ulisses-regelwiki.de/index.php/SF_HPro.html', NULL),
('Sonderfertigkeit', 1577, 'Magiegespür', 'http://www.ulisses-regelwiki.de/index.php/SF_Magiegespür.html', NULL),
('Sonderfertigkeit', 1578, 'Prophezeiung', 'http://www.ulisses-regelwiki.de/index.php/SF_Prophezeiung.html', NULL),
('Sonderfertigkeit', 1579, 'Wachsamkeit', 'http://www.ulisses-regelwiki.de/index.php/SF_Wachsamkeit.html', NULL),
('Sonderfertigkeit', 1580, 'Bindung des Stabes', 'http://www.ulisses-regelwiki.de/index.php/SSF_BindungdesStabes.html', NULL),
('Sonderfertigkeit', 1581, 'Doppeltes Maß', 'http://www.ulisses-regelwiki.de/index.php/SSF_DoppeltesMaß.html', NULL),
('Sonderfertigkeit', 1582, 'Ewige Flamme', 'http://www.ulisses-regelwiki.de/index.php/SSF_EwigeFlamme.html', NULL),
('Sonderfertigkeit', 1583, 'Flammenschwert', 'http://www.ulisses-regelwiki.de/index.php/SSF_Flammenschwert.html', NULL),
('Sonderfertigkeit', 1584, 'Kraftfokus', 'http://www.ulisses-regelwiki.de/index.php/SF_Kraftfokus.html', NULL),
('Sonderfertigkeit', 1585, 'Merkmalsfokus', 'http://www.ulisses-regelwiki.de/index.php/SSF_Merkmalsfokus.html', NULL),
('Sonderfertigkeit', 1586, 'Seil des Adepten', 'http://www.ulisses-regelwiki.de/index.php/SSF_SeildesAdepten.html', NULL),
('Sonderfertigkeit', 1587, 'Stab-Apport', 'http://www.ulisses-regelwiki.de/index.php/SSF_Stab-Apport.html', NULL),
('Sonderfertigkeit', 1588, 'Angriff auf ungeschützte Stellen', 'http://www.ulisses-regelwiki.de/index.php/ffrefrefref.html', NULL),
('Sonderfertigkeit', 1589, 'Anspringen', 'http://www.ulisses-regelwiki.de/index.php/frfrefrefe.html', NULL),
('Sonderfertigkeit', 1590, 'Flugangriff', 'http://www.ulisses-regelwiki.de/index.php/errerefrere.html', NULL),
('Sonderfertigkeit', 1591, 'Klammergriff', 'http://www.ulisses-regelwiki.de/index.php/regtrhzthztjhzt.html', NULL),
('Sonderfertigkeit', 1592, 'Mächtiger Schlag', 'http://www.ulisses-regelwiki.de/index.php/regrtrhhg.html', NULL),
('Sonderfertigkeit', 1593, 'Schwanz- oder Tentakelschwung', 'http://www.ulisses-regelwiki.de/index.php/bgbgreger.html', NULL),
('Sonderfertigkeit', 1594, 'Trampeln', 'http://www.ulisses-regelwiki.de/index.php/fddfgdggr.html', NULL),
('Sonderfertigkeit', 1595, 'Überrennen', 'http://www.ulisses-regelwiki.de/index.php/ghgfhfg.html', NULL),
('Sonderfertigkeit', 1596, 'Verbeißen', 'http://www.ulisses-regelwiki.de/index.php/ghfghhghg.html', NULL),
('Sonderfertigkeit', 1597, 'Dinge erspüren', 'http://www.ulisses-regelwiki.de/index.php/VSF_Dingeerspueren.html', NULL),
('Sonderfertigkeit', 1598, 'Erster unter Gleichen', 'http://www.ulisses-regelwiki.de/index.php/VSF_ErsterunterGleichen.html', NULL),
('Sonderfertigkeit', 1599, 'Fluchbote', 'http://www.ulisses-regelwiki.de/index.php/VSF_Fluchbote.html', NULL),
('Sonderfertigkeit', 1600, 'Hexensinn', 'http://www.ulisses-regelwiki.de/index.php/VSF_Hexensinn.html', NULL),
('Sonderfertigkeit', 1601, 'Kraftraub', 'http://www.ulisses-regelwiki.de/index.php/VSF_Kraftraub.html', NULL),
('Sonderfertigkeit', 1602, 'Krötengift', 'http://www.ulisses-regelwiki.de/index.php/VSF_Kroetengift.html', NULL),
('Sonderfertigkeit', 1603, 'Krötenschlag', 'http://www.ulisses-regelwiki.de/index.php/VSF_Kroetenschlag.html', NULL),
('Sonderfertigkeit', 1604, 'Stimmungssinn', 'http://www.ulisses-regelwiki.de/index.php/VSF_Stimmungssinn.html', NULL),
('Sonderfertigkeit', 1605, 'Tarnung', 'http://www.ulisses-regelwiki.de/index.php/VSF_Tarnung.html', NULL),
('Sonderfertigkeit', 1606, 'Tiersinne', 'http://www.ulisses-regelwiki.de/index.php/VSF_Tiersinne.html', NULL),
('Sonderfertigkeit', 1607, 'Ungesehener Beobachter', 'http://www.ulisses-regelwiki.de/index.php/VSF_UngesehenerBeobachter.html', NULL),
('Sonderfertigkeit', 1608, 'Zwiegespräch', 'http://www.ulisses-regelwiki.de/index.php/VSF_Zwiegespraech.html', NULL),
('Sonderfertigkeit', 1609, 'Kakophonie des Wahnsinns', 'http://www.ulisses-regelwiki.de/index.php/kako.html', NULL),
('Sonderfertigkeit', 1610, 'Lied des Schmerzes', 'http://www.ulisses-regelwiki.de/index.php/lieddesschmerz.html', NULL),
('Sonderfertigkeit', 1611, 'Schlachtlied', 'http://www.ulisses-regelwiki.de/index.php/Schlachtlied.html', NULL),
('Sonderfertigkeit', 1612, 'Sklavenlied', 'http://www.ulisses-regelwiki.de/index.php/Sklavenlied.html', NULL),
('Sonderfertigkeit', 1613, 'Sturmlied', 'http://www.ulisses-regelwiki.de/index.php/sturmlied.html', NULL);

--
-- Daten für Tabelle `bedingung`
--

INSERT INTO `bedingung` (`id`) VALUES
(1),
(2),
(3),
(4),
(5),
(6),
(7),
(8),
(9),
(10),
(11),
(12),
(13),
(14),
(15),
(16),
(17),
(18),
(19),
(20),
(21),
(22),
(23),
(24),
(25),
(26),
(27),
(28),
(29),
(30),
(31),
(32),
(33),
(34),
(35),
(36),
(37),
(38),
(39),
(40),
(41),
(42),
(43),
(44),
(45),
(46),
(47),
(48),
(49),
(50),
(51),
(52),
(53),
(54),
(55),
(56),
(57),
(58),
(59),
(60),
(61),
(62),
(63),
(64),
(65),
(66),
(67),
(68),
(69),
(70),
(71),
(72),
(73),
(74),
(75),
(76),
(77),
(78),
(79),
(80),
(81),
(82),
(83),
(84),
(85),
(86),
(87),
(88),
(89),
(90),
(91),
(92),
(93),
(94),
(95),
(96),
(97),
(98),
(99),
(100),
(101),
(102),
(103),
(104),
(105),
(106),
(107),
(108),
(109),
(110),
(111),
(112),
(113),
(114),
(115),
(116),
(117),
(118),
(119),
(120),
(121),
(122),
(123),
(124),
(125),
(126),
(127),
(128),
(129),
(130),
(131),
(132),
(133),
(134),
(135),
(136),
(137),
(138),
(139),
(140),
(141),
(142),
(143),
(144),
(145),
(146),
(147),
(148),
(149),
(150),
(151),
(152),
(153),
(154),
(155),
(156),
(157),
(158),
(159),
(160),
(161),
(162),
(163),
(164),
(165),
(166),
(167),
(168),
(169),
(170),
(171),
(172),
(173),
(174),
(175),
(176),
(177),
(178),
(179),
(180),
(181),
(182),
(183),
(184),
(185),
(186),
(187),
(188),
(189),
(190),
(191),
(192),
(193),
(194),
(195),
(196),
(197),
(198),
(199),
(200),
(201),
(202),
(203),
(204),
(205),
(206),
(207),
(208),
(209),
(210),
(211),
(212),
(213),
(214),
(215),
(216),
(217),
(218),
(219),
(220),
(221),
(222),
(223),
(224),
(225),
(226),
(227),
(228),
(229),
(230),
(231),
(232),
(233),
(234),
(235),
(236),
(237),
(238),
(239),
(240),
(241),
(242),
(243),
(244),
(245),
(246),
(247),
(248),
(249),
(250),
(251),
(252),
(253),
(254),
(255),
(256),
(257),
(258),
(259),
(260),
(261),
(262),
(263),
(264),
(265),
(266),
(267),
(268),
(269),
(270),
(271),
(272),
(273),
(274),
(275),
(276),
(277),
(278),
(279),
(280),
(281),
(282),
(283),
(284),
(285),
(286),
(287),
(288),
(289),
(290),
(291),
(292),
(293),
(294),
(295),
(296),
(297),
(298),
(299),
(300),
(301),
(302),
(303),
(304),
(305),
(306),
(307),
(308),
(309),
(310),
(311),
(312),
(313),
(314),
(315),
(316),
(317),
(318),
(319),
(320),
(321),
(322),
(323),
(324),
(325),
(326),
(327),
(328),
(329),
(330),
(331),
(332),
(333),
(334),
(335),
(336),
(337),
(338),
(339),
(340),
(341),
(342),
(343),
(344),
(345),
(346),
(347),
(348),
(349),
(350),
(351),
(352),
(353),
(354),
(355),
(356),
(357),
(358),
(359),
(360),
(361),
(362),
(363),
(364),
(365),
(366),
(367),
(368),
(369),
(370),
(371),
(372),
(373),
(374),
(375),
(376),
(377),
(378),
(379),
(380),
(381),
(382),
(383),
(384),
(385),
(386),
(387),
(388),
(389),
(390),
(391),
(392),
(393),
(394),
(395),
(396),
(397),
(398),
(399),
(400),
(401),
(402),
(403),
(404),
(405),
(406),
(407),
(408),
(409),
(410),
(411),
(412),
(413),
(414),
(415),
(416),
(417),
(418),
(419),
(420),
(421),
(422),
(423),
(424),
(425),
(426),
(427),
(428),
(429),
(430),
(431),
(432),
(433),
(434),
(435),
(436),
(437),
(438),
(439),
(440),
(441),
(442),
(443),
(444),
(445),
(446),
(447),
(448),
(449),
(450),
(451),
(452),
(453),
(454),
(455),
(456),
(457),
(458),
(459),
(460),
(461),
(462),
(463),
(464),
(465),
(466),
(467),
(468),
(469),
(470),
(471),
(472),
(473),
(474),
(475),
(476),
(477),
(478),
(479),
(480),
(481),
(482),
(483),
(484),
(485),
(486),
(487),
(488),
(489),
(490),
(491),
(492),
(493),
(494),
(495),
(496),
(497),
(498),
(499),
(500),
(501),
(502),
(503),
(504),
(505),
(506),
(507),
(508),
(509),
(510),
(511),
(512),
(513),
(514),
(515),
(516),
(517),
(518),
(519),
(520),
(521),
(522),
(523),
(524),
(525),
(526),
(527),
(528),
(529),
(530),
(531),
(532),
(533),
(534),
(535),
(536),
(537),
(538),
(539),
(540),
(541),
(542),
(543),
(544),
(545),
(546),
(547),
(548),
(549),
(550),
(551),
(552),
(553),
(554),
(555),
(556),
(557),
(558),
(559),
(560),
(561),
(562),
(563),
(564),
(565),
(566),
(567),
(568),
(569),
(570),
(571),
(572),
(573),
(574),
(575),
(576),
(577),
(578),
(579),
(580),
(581),
(582),
(583),
(584),
(585),
(586),
(587),
(588),
(589),
(590),
(591),
(592),
(593),
(594),
(595),
(596),
(597),
(598),
(599),
(600),
(601),
(602),
(603),
(604),
(605),
(606),
(607),
(608),
(609),
(610),
(611),
(612),
(613),
(614),
(615),
(616),
(617),
(618),
(619),
(620),
(621),
(622),
(623),
(624),
(625),
(626),
(627),
(628),
(629),
(630),
(631),
(632),
(633),
(634),
(635),
(636),
(637),
(638),
(639),
(640),
(641),
(642),
(643),
(644),
(645),
(646),
(647),
(648),
(649),
(650),
(651),
(652),
(653),
(654),
(655),
(656),
(657),
(658),
(659),
(660),
(661),
(662),
(663),
(664),
(665),
(666),
(667),
(668),
(669),
(670),
(671),
(672),
(673),
(674),
(675),
(676),
(677),
(678),
(679),
(680),
(681),
(682),
(683),
(684),
(685),
(686),
(687),
(688),
(689),
(690),
(691),
(692),
(693),
(694),
(695),
(696),
(697),
(698),
(699),
(700),
(701),
(702),
(703),
(704),
(705),
(706),
(707),
(708),
(709),
(710),
(711),
(712),
(713),
(714),
(715),
(716),
(717),
(718),
(719),
(720),
(721),
(722);

--
-- Daten für Tabelle `bedingung_and`
--

INSERT INTO `bedingung_and` (`id`) VALUES
(81),
(85),
(89),
(93),
(117),
(121),
(143),
(147),
(151),
(155),
(189),
(225),
(235),
(239),
(248),
(252),
(257),
(259),
(265),
(271),
(273),
(275),
(278),
(281),
(284),
(287),
(290),
(292),
(295),
(296),
(300),
(307),
(311),
(313),
(316),
(320),
(328),
(333),
(335),
(340),
(342),
(344),
(350),
(354),
(357),
(360),
(362),
(363),
(366),
(369),
(372),
(377),
(381),
(384),
(389),
(391),
(395),
(396),
(399),
(402),
(405),
(407),
(410),
(413),
(416),
(418),
(422),
(425),
(428),
(432),
(435),
(438),
(446),
(449),
(457),
(460),
(462),
(469),
(470),
(473),
(476),
(484),
(487),
(489),
(492),
(495),
(499),
(502),
(512),
(514),
(516),
(518),
(521),
(523),
(525),
(527),
(529),
(531),
(533),
(535),
(540),
(542),
(544),
(547),
(551),
(555),
(559),
(562),
(569),
(575),
(579),
(586),
(594),
(600),
(606),
(610),
(614),
(618),
(622),
(627),
(631),
(637),
(642),
(645),
(649),
(652),
(656),
(664),
(675),
(679),
(681),
(684),
(695),
(699),
(705),
(707),
(710),
(716),
(721);

--
-- Daten für Tabelle `bedingung_and_bedingungen`
--

INSERT INTO `bedingung_and_bedingungen` (`and_bedingung_id`, `bedingungen_id`) VALUES
(81, 82),
(81, 83),
(85, 86),
(85, 87),
(89, 90),
(89, 91),
(93, 94),
(93, 95),
(117, 118),
(117, 119),
(121, 122),
(121, 123),
(143, 144),
(143, 145),
(147, 148),
(147, 149),
(151, 152),
(151, 153),
(155, 156),
(155, 157),
(189, 190),
(189, 191),
(225, 226),
(235, 236),
(235, 237),
(235, 238),
(239, 240),
(239, 241),
(248, 249),
(248, 250),
(248, 251),
(252, 253),
(252, 254),
(257, 258),
(265, 266),
(271, 272),
(273, 274),
(275, 276),
(275, 277),
(278, 279),
(278, 280),
(281, 282),
(281, 283),
(284, 285),
(284, 286),
(287, 288),
(287, 289),
(290, 291),
(292, 293),
(292, 294),
(296, 297),
(296, 298),
(300, 301),
(300, 302),
(307, 308),
(311, 312),
(313, 314),
(313, 315),
(316, 317),
(316, 318),
(316, 319),
(320, 321),
(320, 322),
(328, 329),
(328, 330),
(328, 331),
(328, 332),
(333, 334),
(335, 336),
(335, 337),
(340, 341),
(342, 343),
(344, 345),
(344, 346),
(344, 347),
(350, 351),
(354, 355),
(354, 356),
(357, 358),
(357, 359),
(363, 364),
(363, 365),
(366, 367),
(369, 370),
(369, 371),
(372, 373),
(372, 374),
(377, 378),
(377, 379),
(377, 380),
(381, 382),
(381, 383),
(384, 385),
(384, 386),
(384, 387),
(389, 390),
(391, 392),
(391, 393),
(391, 394),
(396, 397),
(396, 398),
(399, 400),
(399, 401),
(405, 406),
(407, 408),
(407, 409),
(410, 411),
(410, 412),
(413, 414),
(413, 415),
(416, 417),
(418, 419),
(418, 420),
(422, 423),
(422, 424),
(428, 429),
(428, 430),
(432, 433),
(432, 434),
(435, 436),
(435, 437),
(438, 439),
(438, 440),
(446, 447),
(446, 448),
(449, 450),
(457, 458),
(457, 459),
(460, 461),
(462, 463),
(462, 464),
(462, 465),
(470, 471),
(470, 472),
(476, 477),
(476, 478),
(484, 485),
(487, 488),
(489, 490),
(489, 491),
(492, 493),
(492, 494),
(495, 496),
(495, 497),
(499, 500),
(499, 501),
(502, 503),
(502, 504),
(512, 513),
(514, 515),
(516, 517),
(518, 519),
(518, 520),
(521, 522),
(523, 524),
(525, 526),
(527, 528),
(529, 530),
(531, 532),
(533, 534),
(535, 536),
(540, 541),
(542, 543),
(544, 545),
(547, 548),
(547, 549),
(551, 552),
(551, 553),
(551, 554),
(555, 556),
(555, 557),
(555, 558),
(559, 560),
(559, 561),
(562, 563),
(562, 564),
(569, 570),
(569, 571),
(569, 572),
(569, 573),
(569, 574),
(575, 576),
(575, 577),
(579, 580),
(579, 581),
(579, 582),
(586, 587),
(586, 588),
(586, 589),
(586, 590),
(586, 591),
(594, 595),
(594, 596),
(594, 597),
(600, 601),
(600, 602),
(600, 603),
(600, 604),
(600, 605),
(610, 611),
(610, 612),
(614, 615),
(618, 619),
(618, 620),
(618, 621),
(622, 623),
(622, 624),
(622, 625),
(627, 628),
(627, 629),
(627, 630),
(631, 632),
(631, 633),
(631, 634),
(631, 635),
(631, 636),
(637, 638),
(637, 639),
(642, 643),
(642, 644),
(645, 646),
(645, 647),
(645, 648),
(649, 650),
(649, 651),
(652, 653),
(652, 654),
(652, 655),
(656, 657),
(656, 658),
(656, 659),
(664, 665),
(664, 666),
(664, 667),
(664, 668),
(664, 669),
(675, 676),
(675, 677),
(679, 680),
(681, 682),
(681, 683),
(684, 685),
(684, 686),
(695, 696),
(695, 697),
(695, 698),
(699, 700),
(699, 701),
(705, 706),
(707, 708),
(710, 711),
(710, 712),
(716, 717),
(716, 718),
(721, 722);

--
-- Daten für Tabelle `bedingung_min`
--

INSERT INTO `bedingung_min` (`level`, `id`, `attribut_id`) VALUES
(13, 260, 1),
(15, 261, 1),
(13, 276, 1),
(13, 277, 3),
(15, 280, 1),
(15, 283, 2),
(13, 289, 1),
(13, 294, 1),
(12, 310, 1),
(8, 314, 37),
(4, 317, 12),
(4, 321, 36),
(4, 323, 44),
(4, 324, 43),
(4, 325, 43),
(4, 334, 29),
(8, 336, 10),
(4, 337, 12),
(12, 338, 66),
(8, 339, 66),
(8, 341, 54),
(8, 343, 59),
(2, 345, 51),
(4, 346, 59),
(4, 347, 45),
(4, 348, 66),
(4, 349, 26),
(4, 352, 25),
(8, 353, 17),
(8, 355, 26),
(4, 358, 45),
(4, 359, 65),
(8, 361, 17),
(8, 364, 10),
(4, 365, 12),
(4, 367, 21),
(8, 368, 11),
(8, 370, 27),
(8, 373, 31),
(4, 375, 47),
(4, 376, 66),
(8, 378, 25),
(4, 379, 28),
(2, 380, 29),
(8, 382, 54),
(4, 383, 46),
(8, 386, 27),
(4, 387, 54),
(4, 388, 26),
(8, 390, 38),
(4, 392, 32),
(4, 393, 37),
(4, 394, 21),
(8, 397, 64),
(4, 398, 29),
(8, 400, 40),
(4, 401, 46),
(4, 403, 60),
(8, 404, 66),
(4, 406, 63),
(4, 408, 53),
(8, 409, 59),
(8, 411, 26),
(4, 412, 28),
(8, 414, 27),
(8, 417, 28),
(4, 419, 18),
(4, 421, 59),
(8, 423, 46),
(8, 424, 50),
(8, 426, 17),
(8, 427, 35),
(8, 429, 25),
(8, 430, 29),
(8, 431, 67),
(4, 433, 51),
(8, 434, 10),
(4, 436, 24),
(4, 437, 28),
(4, 439, 54),
(8, 440, 37),
(8, 442, 59),
(8, 443, 61),
(8, 444, 63),
(8, 445, 67),
(4, 447, 36),
(4, 448, 38),
(8, 450, 59),
(4, 451, 16),
(4, 453, 59),
(4, 454, 61),
(4, 455, 63),
(4, 456, 66),
(4, 458, 51),
(4, 459, 60),
(4, 466, 33),
(4, 467, 12),
(4, 468, 60),
(4, 471, 53),
(8, 472, 59),
(4, 474, 37),
(4, 475, 66),
(10, 477, 24),
(4, 478, 26),
(4, 479, 37),
(8, 481, 59),
(8, 482, 63),
(8, 483, 66),
(4, 485, 66),
(4, 486, 38),
(8, 488, 46),
(8, 490, 9),
(8, 493, 37),
(8, 496, 37),
(10, 498, 53),
(12, 500, 37),
(12, 503, 37),
(15, 510, 6),
(15, 511, 8),
(13, 513, 8),
(10, 517, 53),
(13, 522, 8),
(13, 528, 8),
(13, 530, 8),
(15, 532, 6),
(15, 534, 6),
(15, 536, 8),
(15, 538, 6),
(15, 539, 8),
(15, 541, 8),
(15, 545, 8),
(13, 546, 5),
(13, 548, 6),
(15, 549, 6),
(13, 550, 3),
(13, 552, 3),
(13, 553, 5),
(13, 556, 7),
(15, 557, 7),
(13, 560, 6),
(15, 561, 6),
(10, 563, 9),
(10, 564, 14),
(10, 565, 14),
(15, 567, 6),
(13, 568, 8),
(15, 570, 3),
(8, 571, 18),
(17, 572, 3),
(12, 573, 18),
(8, 576, 37),
(8, 577, 43),
(13, 578, 6),
(15, 580, 5),
(17, 581, 5),
(15, 583, 6),
(15, 584, 3),
(13, 585, 6),
(13, 587, 6),
(15, 588, 6),
(17, 590, 6),
(13, 592, 6),
(13, 593, 5),
(15, 595, 1),
(13, 598, 8),
(13, 599, 6),
(13, 601, 3),
(15, 602, 3),
(17, 604, 3),
(13, 607, 6),
(13, 609, 6),
(13, 611, 1),
(13, 613, 6),
(13, 615, 3),
(15, 616, 6),
(13, 617, 6),
(13, 619, 3),
(15, 620, 3),
(17, 621, 3),
(13, 623, 6),
(15, 624, 6),
(17, 625, 6),
(15, 626, 6),
(15, 628, 6),
(17, 629, 6),
(15, 632, 3),
(17, 634, 3),
(13, 638, 8),
(13, 640, 5),
(13, 641, 5),
(13, 643, 8),
(13, 646, 1),
(15, 650, 1),
(13, 653, 6),
(15, 654, 6),
(4, 657, 12),
(8, 658, 12),
(12, 659, 12),
(13, 661, 3),
(13, 663, 6),
(13, 665, 8),
(15, 666, 8),
(17, 668, 8),
(13, 670, 8),
(13, 672, 6),
(13, 673, 6),
(13, 674, 3),
(13, 676, 1),
(13, 678, 6),
(13, 680, 8),
(13, 682, 1),
(13, 683, 6),
(13, 685, 1),
(13, 687, 6),
(13, 688, 6),
(13, 689, 8),
(13, 690, 6),
(13, 691, 6),
(13, 692, 6),
(13, 693, 1),
(13, 694, 8),
(13, 696, 6),
(4, 697, 12),
(4, 698, 15),
(13, 700, 1),
(13, 702, 6),
(13, 703, 3),
(13, 704, 8),
(13, 706, 6),
(15, 708, 8),
(13, 709, 5),
(13, 711, 6),
(8, 712, 12),
(13, 713, 5),
(13, 714, 8),
(15, 715, 8),
(13, 717, 8);

--
-- Daten für Tabelle `bedingung_not`
--

INSERT INTO `bedingung_not` (`id`, `not_id`) VALUES
(1, 2),
(6, 7),
(11, 12),
(16, 17),
(21, 22),
(23, 24),
(25, 26),
(27, 28),
(33, 34),
(35, 36),
(40, 41),
(43, 44),
(45, 46),
(47, 48),
(49, 50),
(51, 52),
(53, 54),
(55, 56),
(57, 58),
(59, 60),
(61, 62),
(63, 64),
(65, 66),
(67, 68),
(69, 70),
(71, 72),
(73, 74),
(75, 76),
(77, 78),
(79, 80),
(83, 84),
(87, 88),
(91, 92),
(95, 96),
(97, 98),
(99, 100),
(101, 102),
(103, 104),
(105, 106),
(107, 108),
(109, 110),
(111, 112),
(113, 114),
(115, 116),
(119, 120),
(123, 124),
(125, 126),
(127, 128),
(129, 130),
(131, 132),
(145, 146),
(149, 150),
(153, 154),
(157, 158),
(159, 160),
(161, 162),
(164, 165),
(175, 176),
(177, 178),
(179, 180),
(182, 183),
(191, 192),
(196, 197),
(198, 199),
(205, 206),
(211, 212),
(213, 214),
(215, 216),
(220, 221),
(223, 224),
(232, 227),
(234, 233),
(245, 244),
(256, 255),
(327, 326);

--
-- Daten für Tabelle `bedingung_or`
--

INSERT INTO `bedingung_or` (`id`) VALUES
(2),
(7),
(12),
(17),
(28),
(36),
(132),
(165),
(183),
(192),
(206),
(216),
(224),
(227),
(242),
(243),
(246),
(247),
(441),
(452),
(480),
(509),
(537);

--
-- Daten für Tabelle `bedingung_or_bedingungen`
--

INSERT INTO `bedingung_or_bedingungen` (`or_bedingung_id`, `bedingungen_id`) VALUES
(2, 3),
(2, 4),
(2, 5),
(7, 8),
(7, 9),
(7, 10),
(12, 13),
(12, 14),
(12, 15),
(17, 18),
(17, 19),
(17, 20),
(28, 29),
(28, 30),
(28, 31),
(28, 32),
(36, 37),
(36, 38),
(36, 39),
(132, 133),
(132, 134),
(132, 135),
(132, 136),
(132, 137),
(132, 138),
(132, 139),
(132, 140),
(132, 141),
(132, 142),
(165, 166),
(165, 167),
(165, 168),
(165, 169),
(165, 170),
(165, 171),
(165, 172),
(165, 173),
(165, 174),
(183, 184),
(183, 185),
(183, 186),
(183, 187),
(183, 188),
(192, 193),
(192, 194),
(192, 195),
(206, 207),
(206, 208),
(216, 217),
(216, 218),
(216, 219),
(227, 228),
(227, 229),
(227, 230),
(227, 231),
(441, 442),
(441, 443),
(441, 444),
(441, 445),
(452, 453),
(452, 454),
(452, 455),
(452, 456),
(480, 481),
(480, 482),
(480, 483),
(509, 510),
(509, 511),
(537, 538),
(537, 539);

--
-- Daten für Tabelle `bedingung_vorhanden`
--

INSERT INTO `bedingung_vorhanden` (`id`, `attribut_id`) VALUES
(298, 2),
(286, 3),
(463, 26),
(464, 27),
(465, 29),
(8, 137),
(13, 137),
(18, 137),
(197, 137),
(228, 137),
(258, 141),
(24, 144),
(302, 147),
(41, 151),
(218, 153),
(90, 154),
(94, 154),
(118, 154),
(122, 154),
(152, 154),
(156, 154),
(210, 154),
(262, 154),
(263, 154),
(264, 154),
(266, 154),
(267, 154),
(268, 154),
(269, 154),
(270, 154),
(48, 155),
(52, 158),
(56, 162),
(60, 165),
(244, 167),
(249, 171),
(80, 172),
(253, 172),
(88, 173),
(96, 181),
(98, 189),
(104, 197),
(108, 198),
(112, 201),
(116, 202),
(124, 206),
(120, 208),
(128, 209),
(224, 225),
(150, 229),
(158, 233),
(162, 237),
(217, 245),
(180, 246),
(26, 247),
(82, 247),
(86, 247),
(144, 247),
(148, 247),
(163, 247),
(181, 247),
(200, 247),
(201, 247),
(202, 247),
(203, 247),
(204, 247),
(209, 247),
(222, 247),
(240, 247),
(272, 247),
(274, 247),
(279, 247),
(282, 247),
(285, 247),
(288, 247),
(291, 247),
(293, 247),
(297, 247),
(299, 247),
(301, 247),
(303, 247),
(304, 247),
(305, 247),
(306, 247),
(308, 247),
(309, 247),
(312, 247),
(374, 251),
(126, 255),
(37, 260),
(42, 260),
(329, 260),
(30, 261),
(199, 261),
(237, 261),
(250, 261),
(326, 261),
(351, 261),
(356, 261),
(371, 261),
(420, 261),
(461, 261),
(236, 264),
(29, 266),
(186, 266),
(38, 267),
(319, 267),
(330, 267),
(46, 268),
(54, 272),
(78, 275),
(254, 275),
(110, 278),
(114, 283),
(3, 286),
(14, 286),
(19, 286),
(229, 286),
(255, 288),
(241, 290),
(22, 291),
(187, 291),
(84, 292),
(92, 300),
(100, 308),
(102, 316),
(106, 317),
(50, 318),
(146, 332),
(154, 336),
(160, 340),
(58, 344),
(4, 345),
(9, 345),
(20, 345),
(230, 345),
(219, 349),
(44, 351),
(176, 351),
(214, 351),
(238, 352),
(251, 352),
(226, 353),
(233, 353),
(331, 353),
(133, 354),
(5, 355),
(10, 355),
(15, 355),
(231, 355),
(332, 360),
(178, 367),
(34, 682),
(62, 921),
(221, 921),
(66, 922),
(70, 923),
(184, 923),
(74, 924),
(193, 983),
(194, 984),
(195, 985),
(64, 1010),
(68, 1011),
(212, 1011),
(31, 1012),
(72, 1012),
(188, 1012),
(76, 1013),
(415, 1013),
(190, 1065),
(32, 1081),
(185, 1081),
(39, 1083),
(134, 1103),
(166, 1103),
(135, 1104),
(167, 1104),
(136, 1123),
(168, 1123),
(137, 1128),
(169, 1128),
(138, 1145),
(170, 1145),
(318, 1190),
(139, 1203),
(171, 1203),
(130, 1220),
(322, 1227),
(207, 1234),
(208, 1267),
(315, 1267),
(140, 1271),
(172, 1271),
(141, 1278),
(173, 1278),
(142, 1280),
(174, 1280),
(686, 1333),
(385, 1392),
(505, 1431),
(506, 1431),
(507, 1431),
(508, 1431),
(558, 1489),
(491, 1491),
(494, 1492),
(497, 1492),
(501, 1492),
(504, 1492),
(515, 1492),
(519, 1492),
(566, 1492),
(612, 1492),
(671, 1492),
(677, 1492),
(701, 1492),
(574, 1496),
(608, 1498),
(582, 1499),
(662, 1499),
(589, 1503),
(591, 1503),
(644, 1506),
(718, 1506),
(603, 1510),
(605, 1510),
(520, 1515),
(524, 1515),
(526, 1520),
(554, 1520),
(633, 1520),
(635, 1520),
(630, 1523),
(636, 1524),
(543, 1528),
(655, 1531),
(660, 1531),
(596, 1536),
(647, 1536),
(651, 1536),
(597, 1537),
(639, 1537),
(648, 1537),
(667, 1537),
(669, 1537),
(719, 1578),
(720, 1582),
(722, 1584);

--
-- Daten für Tabelle `dauer`
--

INSERT INTO `dauer` (`id`, `name`) VALUES
(1, '1 Aktion'),
(2, '2 Aktionen'),
(3, '4 Aktionen'),
(4, '8 Aktionen'),
(5, '16 Aktionen'),
(6, '32 Aktionen'),
(7, '30 Minuten'),
(8, '2 Stunden'),
(9, '8 Stunden'),
(10, '4 Aktion'),
(11, '5 Minuten'),
(12, '2 Stunden (Zeremoniedauer nicht modifizierbar)'),
(13, '8 AsP');

--
-- Daten für Tabelle `effekt`
--

INSERT INTO `effekt` (`id`, `level`, `attribut_id`) VALUES
(2, 1, 137),
(4, 1, 286),
(6, 1, 345),
(8, 1, 355),
(10, 1, 144),
(12, 1, 291),
(14, 1, 147),
(16, 1, 149),
(18, 1, 150),
(20, 1, 151),
(22, 1, 260),
(24, 1, 267),
(26, 1, 153),
(28, 1, 155),
(30, 1, 268),
(32, 1, 158),
(34, 1, 318),
(36, 1, 162),
(38, 1, 272),
(40, 1, 165),
(42, 1, 344),
(44, 1, 1010),
(46, 1, 921),
(48, 1, 1011),
(50, 1, 922),
(52, 1, 1012),
(54, 1, 923),
(56, 1, 1013),
(58, 1, 924),
(60, 1, 172),
(62, 1, 275),
(64, 1, 173),
(66, 1, 292),
(68, 1, 181),
(70, 1, 300),
(72, 1, 308),
(74, 1, 189),
(76, 1, 197),
(78, 1, 316),
(80, 1, 198),
(82, 1, 317),
(84, 1, 201),
(86, 1, 278),
(88, 1, 202),
(90, 1, 283),
(92, 1, 206),
(94, 1, 208),
(96, 1, 209),
(98, 1, 255),
(100, 1, 220),
(102, 1, 226),
(104, 1, 229),
(106, 1, 332),
(108, 1, 233),
(110, 1, 336),
(112, 1, 237),
(114, 1, 340),
(116, 1, 241),
(118, 1, 242),
(120, 1, 245),
(122, 1, 246),
(124, 1, 367),
(126, 1, 259),
(128, 1, 261),
(130, 1, 262),
(132, 1, 263),
(134, 1, 266),
(136, 1, 279),
(138, 1, 280),
(140, 1, 281),
(142, 1, 287),
(144, 1, 290),
(146, 1, 328),
(148, 1, 346),
(150, 1, 347),
(152, 1, 348),
(154, 1, 349),
(156, 1, 351),
(158, 1, 352),
(160, 1, 363),
(162, 1, 364),
(163, 1, 138),
(164, 1, 141),
(165, 1, 168),
(166, 1, 169),
(167, 1, 171),
(168, 1, 205),
(169, 1, 207),
(170, 1, 225),
(171, 1, 227),
(172, 1, 244),
(173, 1, 249),
(174, 1, 264),
(175, 1, 276),
(176, 1, 289),
(177, 1, 353),
(178, 1, 1294),
(179, 1, 1295),
(180, 1, 1296),
(181, 1, 1297),
(182, 1, 1298),
(183, 1, 1299),
(184, 1, 1300),
(185, 1, 1301),
(186, 1, 1302),
(187, 1, 1303),
(188, 1, 1304),
(189, 1, 1305),
(190, 1, 1306),
(191, 1, 1307),
(192, 1, 1308),
(193, 1, 1309),
(194, 1, 1311),
(195, 1, 1312),
(196, 1, 1313),
(197, 1, 1314),
(198, 1, 1315),
(199, 1, 1316),
(200, 1, 1317),
(201, 1, 1318),
(202, 1, 1319),
(203, 1, 1320),
(204, 1, 1321),
(205, 1, 1322),
(206, 1, 1323),
(207, 1, 1324),
(208, 1, 1325),
(209, 1, 1327),
(210, 1, 1329),
(211, 1, 1330),
(212, 1, 1331),
(213, 1, 1332),
(214, 1, 1333),
(215, 1, 1334),
(216, 1, 1335),
(217, 1, 1336),
(218, 1, 1337),
(219, 1, 1338),
(220, 1, 1339),
(221, 1, 1341),
(222, 1, 1342),
(223, 1, 1343),
(224, 1, 1344),
(225, 1, 1345),
(226, 1, 1346),
(227, 1, 1347),
(228, 1, 1348),
(229, 1, 1350),
(230, 1, 1351),
(231, 1, 1352),
(232, 1, 1353),
(233, 1, 1354),
(234, 1, 1355),
(235, 1, 1356),
(236, 1, 1357),
(237, 1, 1358),
(238, 1, 1359),
(239, 1, 1360),
(240, 1, 1362),
(241, 1, 1363),
(242, 1, 1364),
(243, 1, 1365),
(244, 1, 1366),
(245, 1, 1367),
(246, 1, 1369),
(247, 1, 1371),
(248, 1, 1372),
(249, 1, 1374),
(250, 1, 1375),
(251, 1, 1376),
(252, 1, 1377),
(253, 1, 1378),
(254, 1, 1379),
(255, 1, 1380),
(256, 1, 1381),
(257, 1, 1382),
(258, 1, 1383),
(259, 1, 1384),
(260, 1, 1386),
(261, 1, 1388),
(262, 1, 1389),
(263, 1, 1390),
(264, 1, 1391),
(265, 1, 1393),
(266, 1, 1394),
(267, 1, 1395),
(268, 1, 1396),
(269, 1, 1397),
(270, 1, 1398),
(271, 1, 1399),
(272, 1, 1400),
(273, 1, 1401),
(274, 1, 1402),
(275, 1, 1403),
(276, 1, 1405),
(277, 1, 1406),
(278, 1, 1407),
(279, 1, 1408),
(280, 1, 1409),
(281, 1, 1410),
(282, 1, 1411),
(283, 1, 1412),
(284, 1, 1413),
(285, 1, 1414),
(286, 1, 1415),
(287, 1, 1416),
(288, 1, 1417),
(289, 1, 1418),
(290, 1, 1419),
(291, 1, 1420),
(292, 1, 1425),
(293, 1, 1426),
(294, 1, 1427),
(295, 1, 1428),
(296, 1, 1429),
(297, 1, 1430),
(298, 1, 1432),
(299, 1, 1433),
(300, 1, 1434),
(301, 1, 1435),
(302, 1, 1436),
(303, 1, 1437),
(304, 1, 1438),
(305, 1, 1439),
(306, 1, 1440),
(307, 1, 1441),
(308, 1, 1446),
(309, 1, 1448),
(310, 1, 1450),
(311, 1, 1451),
(312, 1, 1452),
(313, 1, 1457),
(314, 1, 1458),
(315, 1, 1460),
(316, 1, 1461),
(317, 1, 1462),
(318, 1, 1463),
(319, 1, 1485),
(320, 1, 1486),
(321, 1, 1487),
(322, 1, 1488),
(323, 1, 1489),
(324, 1, 1490),
(325, 1, 1491),
(326, 1, 1492),
(327, 1, 1493),
(328, 1, 1494),
(329, 1, 1495),
(330, 1, 1496),
(331, 1, 1497),
(332, 1, 1498),
(333, 1, 1499),
(334, 1, 1500),
(335, 1, 1501),
(336, 1, 1502),
(337, 1, 1503),
(338, 1, 1504),
(339, 1, 1505),
(340, 1, 1507),
(341, 1, 1508),
(342, 1, 1509),
(343, 1, 1510),
(344, 1, 1511),
(345, 1, 1512),
(346, 1, 1513),
(347, 1, 1514),
(348, 1, 1515),
(349, 1, 1516),
(350, 1, 1517),
(351, 1, 1518),
(352, 1, 1519),
(353, 1, 1520),
(354, 1, 1521),
(355, 1, 1522),
(356, 1, 1523),
(357, 1, 1524),
(358, 1, 1525),
(359, 1, 1526),
(360, 1, 1527),
(361, 1, 1528),
(362, 1, 1529),
(363, 1, 1530),
(364, 1, 1531),
(365, 1, 1532),
(366, 1, 1533),
(367, 1, 1534),
(368, 1, 1535),
(369, 1, 1536),
(370, 1, 1537),
(371, 1, 1538),
(372, 1, 1539),
(373, 1, 1540),
(374, 1, 1541),
(375, 1, 1542),
(376, 1, 1543),
(377, 1, 1544),
(378, 1, 1545),
(379, 1, 1546),
(380, 1, 1547),
(381, 1, 1548),
(382, 1, 1549),
(383, 1, 1550),
(384, 1, 1551),
(385, 1, 1552),
(386, 1, 1553),
(387, 1, 1554),
(388, 1, 1555),
(389, 1, 1556),
(390, 1, 1557),
(391, 1, 1558),
(392, 1, 1559),
(393, 1, 1560),
(394, 1, 1561),
(395, 1, 1562),
(396, 1, 1563),
(397, 1, 1564),
(398, 1, 1565),
(399, 1, 1567),
(400, 1, 1568),
(401, 1, 1569),
(402, 1, 1576),
(403, 1, 1583),
(404, 1, 1585);

--
-- Daten für Tabelle `eigenschaft`
--

INSERT INTO `eigenschaft` (`kostentabelle`, `id`) VALUES
('E', 1),
('E', 2),
('E', 3),
('E', 4),
('E', 5),
('E', 6),
('E', 7),
('E', 8);

--
-- Daten für Tabelle `fertigkeit`
--

INSERT INTO `fertigkeit` (`gruppe`, `kostentabelle`, `id`, `teilprobe1_id`, `teilprobe2_id`, `teilprobe3_id`) VALUES
('KOERPER', 'B', 9, 1, 3, 6),
('KOERPER', 'A', 10, 1, 4, 5),
('KOERPER', 'B', 11, 1, 6, 8),
('KOERPER', 'D', 12, 6, 6, 7),
('KOERPER', 'B', 13, 7, 8, 8),
('KOERPER', 'B', 14, 4, 6, 8),
('KOERPER', 'B', 15, 6, 7, 8),
('KOERPER', 'D', 16, 1, 1, 7),
('KOERPER', 'A', 17, 2, 4, 7),
('KOERPER', 'D', 18, 2, 3, 3),
('KOERPER', 'A', 19, 2, 4, 6),
('KOERPER', 'B', 20, 1, 5, 6),
('KOERPER', 'C', 21, 1, 3, 6),
('KOERPER', 'A', 22, 2, 7, 8),
('GESELLSCHAFT', 'B', 23, 1, 2, 4),
('GESELLSCHAFT', 'B', 24, 1, 4, 4),
('GESELLSCHAFT', 'B', 25, 1, 3, 4),
('GESELLSCHAFT', 'B', 26, 2, 3, 4),
('GESELLSCHAFT', 'C', 27, 2, 3, 4),
('GESELLSCHAFT', 'C', 28, 2, 3, 4),
('GESELLSCHAFT', 'C', 29, 1, 3, 4),
('GESELLSCHAFT', 'B', 30, 3, 4, 6),
('GESELLSCHAFT', 'D', 31, 1, 3, 4),
('NATUR', 'C', 32, 1, 3, 6),
('NATUR', 'A', 33, 2, 5, 8),
('NATUR', 'A', 34, 5, 6, 7),
('NATUR', 'B', 35, 2, 3, 3),
('NATUR', 'C', 36, 2, 5, 7),
('NATUR', 'C', 37, 1, 1, 7),
('NATUR', 'C', 38, 1, 6, 7),
('WISSEN', 'A', 39, 2, 2, 3),
('WISSEN', 'B', 40, 2, 2, 3),
('WISSEN', 'B', 41, 2, 2, 3),
('WISSEN', 'B', 42, 2, 2, 3),
('WISSEN', 'B', 43, 1, 2, 3),
('WISSEN', 'C', 44, 2, 2, 3),
('WISSEN', 'B', 45, 2, 2, 5),
('WISSEN', 'A', 46, 2, 2, 5),
('WISSEN', 'A', 47, 2, 2, 3),
('WISSEN', 'B', 48, 2, 2, 3),
('WISSEN', 'B', 49, 2, 2, 3),
('WISSEN', 'A', 50, 2, 2, 3),
('HANDWERK', 'C', 51, 1, 2, 5),
('HANDWERK', 'B', 52, 5, 6, 8),
('HANDWERK', 'A', 53, 4, 5, 7),
('HANDWERK', 'B', 54, 2, 3, 4),
('HANDWERK', 'B', 55, 1, 2, 3),
('HANDWERK', 'B', 56, 1, 3, 7),
('HANDWERK', 'B', 57, 3, 4, 7),
('HANDWERK', 'D', 58, 2, 5, 5),
('HANDWERK', 'B', 59, 5, 6, 8),
('HANDWERK', 'A', 60, 3, 5, 5),
('HANDWERK', 'B', 61, 5, 6, 7),
('HANDWERK', 'A', 62, 3, 5, 5),
('HANDWERK', 'C', 63, 5, 7, 8),
('HANDWERK', 'A', 64, 4, 5, 7),
('HANDWERK', 'C', 65, 3, 5, 5),
('HANDWERK', 'A', 66, 5, 5, 8),
('HANDWERK', 'A', 67, 2, 5, 5);

--
-- Daten für Tabelle `kampftechnik`
--

INSERT INTO `kampftechnik` (`kostentabelle`, `id`, `leiteigenschaft_id`) VALUES
('B', 886, 5),
('C', 887, 5),
('B', 888, 6),
('C', 889, 6),
('B', 890, 5),
('C', 891, 8),
('C', 892, 8),
('B', 893, 8),
('B', 894, 5),
('B', 895, 6),
('C', 896, 8),
('B', 897, 5),
('C', 898, 6),
('C', 899, 6),
('B', 900, 5),
('C', 901, 8),
('C', 902, 8);

--
-- Daten für Tabelle `liturgie`
--

INSERT INTO `liturgie` (`kostentabelle`, `wirkung`, `id`, `dauer_id`, `nutzkosten_id`, `teilprobe1_id`, `teilprobe2_id`, `teilprobe3_id`, `reichweite_id`, `wirkungsdauer_id`) VALUES
('A', NULL, 68, 1, 1, 1, 2, 4, 1, 17),
('B', NULL, 69, 2, 2, 3, 4, 4, 2, 1),
('B', NULL, 70, 3, 3, 1, 2, 4, 1, 17),
('A', NULL, 71, 1, 4, 1, 2, 3, 3, 13),
(NULL, NULL, 72, 1, 2, 3, 4, 4, 3, 18),
('B', NULL, 73, 3, 2, 1, 3, 4, 3, 7),
('A', NULL, 74, 4, 4, 2, 2, 3, 1, 7),
('B', NULL, 75, 3, 2, 1, 3, 4, 2, 7),
('A', NULL, 76, 1, 2, 1, 3, 6, 1, 14),
('B', NULL, 77, 1, 2, 1, 3, 4, 1, 19),
('B', NULL, 78, 3, 5, 2, 3, 4, 2, 1),
('A', NULL, 79, 3, 2, 2, 3, 3, 1, 1),
('A', NULL, 80, 3, 4, 3, 3, 4, 4, 14),
('B', NULL, 81, 5, 6, 2, 3, 4, 2, 1),
(NULL, NULL, 82, 1, 2, 1, 3, 4, 5, 20),
('B', NULL, 83, 1, 7, 1, 1, 4, 3, 1),
('B', NULL, 84, 2, 8, 1, 3, 4, 6, 1),
('B', NULL, 85, 5, 9, 2, 3, 4, 2, 1),
('B', NULL, 86, 3, 1, 3, 3, 6, 1, 17),
('C', NULL, 87, 3, 10, 1, 3, 4, 1, 17),
('A', NULL, 88, 2, 4, 2, 3, 3, 3, 3),
('A', NULL, 89, 3, 11, 2, 2, 3, 1, 17),
('B', NULL, 90, 1, 2, 2, 3, 4, 1, 7),
('C', NULL, 91, 3, 12, 2, 3, 4, 1, 5),
('B', NULL, 92, 3, 13, 1, 3, 4, 3, 1),
('B', NULL, 93, 10, 13, 1, 3, 4, 6, 20),
(NULL, NULL, 94, 2, 2, 2, 3, 4, 2, 20),
('B', NULL, 95, 3, 4, 1, 3, 4, 2, 9),
('A', NULL, 96, 4, 4, 1, 2, 3, 4, 9),
(NULL, NULL, 97, 3, 14, 1, 2, 4, 6, 1),
('A', NULL, 98, 5, 2, 2, 3, 4, 2, 21),
('A', NULL, 99, 5, 2, 1, 2, 3, 7, 9),
('B', NULL, 100, 2, 2, 2, 3, 4, 3, 7),
('B', NULL, 101, 2, 2, 1, 2, 3, 4, 7),
('A', NULL, 102, 4, 2, 1, 2, 3, 4, 7),
('C', NULL, 103, 1, 2, 1, 3, 7, 1, 14),
('B', NULL, 104, 1, 2, 1, 3, 4, 6, 7),
('A', NULL, 105, 2, 2, 2, 3, 4, 3, 22),
('C', NULL, 106, 4, 13, 1, 2, 3, 2, 7),
('B', NULL, 107, 2, 2, 3, 3, 6, 1, 7),
('B', NULL, 108, 2, 2, 2, 2, 3, 1, 9);

--
-- Daten für Tabelle `liturgie_zielkategorien`
--

INSERT INTO `liturgie_zielkategorien` (`liturgie_id`, `zielkategorien_id`) VALUES
(68, 2),
(69, 3),
(70, 25),
(71, 2),
(72, 3),
(73, 3),
(74, 3),
(75, 3),
(75, 26),
(76, 3),
(77, 3),
(78, 2),
(79, 3),
(80, 25),
(81, 3),
(81, 26),
(82, 27),
(83, 13),
(84, 18),
(85, 2),
(86, 3),
(87, 3),
(88, 2),
(88, 28),
(89, 3),
(90, 3),
(91, 25),
(92, 2),
(93, 3),
(94, 3),
(95, 28),
(96, 25),
(97, 29),
(98, 5),
(99, 4),
(100, 3),
(101, 28),
(102, 30),
(103, 3),
(104, 3),
(105, 28),
(106, 3),
(107, 3),
(108, 2);

--
-- Daten für Tabelle `nutzkosten`
--

INSERT INTO `nutzkosten` (`id`, `name`) VALUES
(1, '4 KaP (Aktivierung der Liturgie) + 2 KaP pro Minute'),
(2, '8 KaP'),
(3, '16 KaP (Aktivierung) + 8 KaP pro 5 Minuten'),
(4, '4 KaP'),
(5, '2 KaP pro Giftstufe (Kosten nicht modifizierbar)'),
(6, '1 KaP pro LeP, mindestens jedoch 4 KaP (Kosten sind nicht modifizierbar)'),
(7, '4 KaP (Kosten sind nicht modifizierbar)'),
(8, '8 KaP (Kosten sind nicht modifizierbar)'),
(9, '2 KaP pro Krankheitsstufe (Kosten nicht modifizierbar)'),
(10, '8 KaP (Aktivierung der Liturgie) + 4 KaP pro 10 Minuten'),
(11, '2 KaP (Aktivierung) + 1 KaP pro 10 Minuten'),
(12, '16 KaP (Kosten sind nicht modifizierbar)'),
(13, '16 KaP'),
(14, '8 AsP (Kosten sind nicht modifizierbar)'),
(15, '16 AsP'),
(16, '8 AsP'),
(17, '4 AsP'),
(18, '32 AsP'),
(19, 'abhängig von der Waffe (nicht modifizierbar)'),
(20, '4 AsP (Aktivierung des Zaubers) + 2 AsP pro 5 Minuten'),
(21, '4 AsP für RS 1, 8 AsP für RS 2, 16 AsP für RS 3 (Kosten sind nicht modifizierbar)'),
(22, '8 (Aktivierung des Zaubers) + 4 AsP pro 10 Minuten'),
(23, '1 AsP pro LeP, mindestens jedoch 4 AsP (Kosten sind nicht modifizierbar)'),
(24, '8 AsP (Aktivierung des Zaubers), 4 AsP pro 30 Sekunden'),
(25, '8 AsP (Aktivierung des Zaubers) + 4 AsP pro 5 Minuten'),
(26, '16 AsP (Aktivierung des Zaubers) + 8 AsP pro 5 Minuten'),
(27, '4 AsP pro Doppelgänger (bei Misslingen entsprechend 2 AsP)'),
(28, '4 AsP (Aktivierung des Zaubers) + 2 AsP pro Kampfrunde'),
(29, '2 AsP (Aktivierung des Zaubers) + 1 AsP pro Stunde'),
(30, 'mindestens 4 AsP (Kosten sind nicht modifizierbar)'),
(31, '8 AsP (Aktivierung) + 4 AsP pro 5 Minuten'),
(32, 'KL (t) des Tieres in AsP (Kosten nicht modifizierbar)'),
(33, 'mindestens 4 AsP (Aktivierung) + Hälfte der Aktivierungskosten pro 5 Minuten (Kosten sind nicht modifizierbar)'),
(34, '4 AsP (Kosten sind nicht modifizierbar)'),
(35, '32 AsP (Kosten sind nicht modifizierbar)'),
(36, '2 AsP (Aktivierung) + 1 AsP pro 10 Minuten'),
(37, '3 AsP pro Giftstufe (Kosten nicht modifizierbar)'),
(38, '2 AsP'),
(39, 'mindestens 4 AsP (Aktivierung) + Hälfte der notwendigen AsP pro 5 Minuten (Kosten sind nicht modifizierbar)'),
(40, '4 AsP (Aktivierung des Zaubers) + 2 AsP pro Minute'),
(41, '4 AsP (Aktivierung des Zaubers) + 2 AsP pro 10 Minuten'),
(42, '8 AsP (Aktivierung des Zaubers), 4 AsP pro Minute'),
(43, '8 AsP + 1 AsP pro Meile (nicht modifizierbar)'),
(44, '8 AsP + 4 pro 5 Kampfrunden'),
(45, '32 KaP (Kosten nicht modifizierbar)'),
(46, '32 KaP'),
(47, '16 KaP, davon 2 permanent (nicht modifizierbar)'),
(48, '1 AsP'),
(49, '4 AsP (Aktivierung) +2 AsP pro 5 Minuten'),
(50, '1 AsP pro 5 Minuten'),
(51, '2 AsP pro 5 Minuten'),
(52, '4 AsP pro Stunde, 1 permanenter AsP bei der letzten Strophe'),
(53, '4 AsP pro Stunde'),
(54, '14 AsP'),
(55, '21 AsP'),
(56, '7 AsP'),
(57, 'Stufe der Krankheit in AsP'),
(58, '3 AsP, danach 1 bzw. 2 AsP pro Kampfrunde'),
(59, 'keine'),
(60, '3 AsP'),
(61, 'alle AsP, mindestens aber 8 AsP'),
(62, '1 AsP pro 10 Minuten'),
(63, '8 AsP pro 5 Minuten'),
(64, '1 AsP pro Kampfrunde'),
(65, '4 AsP pro Minute'),
(66, '2 AsP pro Minute');

--
-- Daten für Tabelle `reichweite`
--

INSERT INTO `reichweite` (`id`, `name`) VALUES
(1, 'selbst'),
(2, 'Berührung'),
(3, '8 Schritt'),
(4, '4 Schritt'),
(5, '32 Schritt'),
(6, '16 Schritt'),
(7, 'QS x 3 in Meilen (nicht modifizierbar)'),
(8, 'Sichtweite des Tieres'),
(9, 'FW x 50 Meilen'),
(10, '32 Schritt*'),
(11, '1 Schritt Radius'),
(12, '200 Schritt, darüber hinaus sind Distanzschätzungen ungenauer'),
(13, '10 Schritt'),
(14, 'QS x 20 Schritt'),
(15, 'Berührung (Reichweite ist nicht modifizierbar) '),
(16, '1 Schritt'),
(17, '64 Schritt'),
(18, 'Sicht');

--
-- Daten für Tabelle `ritual`
--

INSERT INTO `ritual` (`kostentabelle`, `wirkung`, `id`, `dauer_id`, `nutzkosten_id`, `teilprobe1_id`, `teilprobe2_id`, `teilprobe3_id`, `reichweite_id`, `wirkungsdauer_id`) VALUES
('D', 'Details zur Verzauberung stehen im Abschnitt Die Artefakte im Detail im Regelwerk ab Seite 266.', 109, 9, NULL, 2, 3, 5, 3, 1),
('B', 'Der Tiergeist stößt einen Warnruf aus, wenn sich etwas nähert, das er als Gefahr betrachtet. Seine Sinnesschärfe entspricht QS x 3, seine Eigenschaften denen eines typischen Exemplars der Tierart.', 110, 7, NULL, 3, 4, 5, 8, 23),
('B', 'Mittels Caldofrigo kann die Temperatur eines maximal truhengroßen Objekts verändert werden. Es kann abgekühlt oder erwärmt werden und zwar in einem Spielraum von +/–100 Grad Celsius der Ausgangstemperatur. Der Zauberer muss hierzu die gewünschte Gradzahl festlegen und kann nicht beliebig während der Wirkungsdauer die Temperatur ändern. Die Temperaturveränderung funktioniert außerdem immer nur in eine Richtung. Sollte ein Held mit einem Gegenstand in Berührung kommen, der extrem heiß ist (oder kalt; dabei einfach analog dieselben Regeln verwenden), gelten die Regeln für Brennende Personen (siehe Regelwerk Seite 341). Nach dem Ende der Wirkungsdauer nimmt das Objekt wieder seine ursprüngliche Temperatur an. Durch große Temperaturänderungen entsteht bei den meisten Objekten ein Schaden von 1W6 Strukturpunkten. Bei welchen Temperaturen dies der Fall ist, entscheidet der Meister.', 111, 11, NULL, 3, 4, 7, 4, 24),
('C', 'Ein Dschinn des gewünschten Elements erscheint. Details zur Herbeirufung und dem Umgang mit Dschinnen finden sich im Abschnitt Die Kunst der Elementarherbeirufung im Regelwerk ab Seite 262.', 112, 9, NULL, 1, 4, 7, 3, 1),
('B', 'Ein Elementargeist des gewünschten Elements erscheint. Details zur Herbeirufung und dem Umgang mit Elementargeistern finden sich im Abschnitt Die Kunst der Elementarherbeirufung im Regelwerk ab Seite 262.', 113, 7, NULL, 1, 4, 7, 3, 1),
('C', 'Ein zuvor ausgewählter gehörnter Dämon mit maximal fünf Hörnern erscheint. Die Ritualprobe ist um die Beschwörungsschwierigkeit des Dämons erschwert. Details zur Beschwörung und dem Umgang mit Dämonen finden sich im Abschnitt Die Kunst der Dämonenbeschwörung im Regelwerk ab Seite 262.', 114, 9, NULL, 1, 4, 7, 3, 1),
('B', 'Ein zuvor ausgewählter niederer Dämon erscheint. Die Ritualprobe ist um die Anrufungsschwierigkeit des Dämons erschwert. Details zur Beschwörung und dem Umgang mit Dämonen finden sich im Abschnitt Die Kunst der Dämonenbeschwörung im Regelwerk ab Seite 262.', 115, 7, NULL, 1, 4, 7, 3, 1),
('B', 'Der Zauberspruch sorgt für eine zylinderförmige Zone, in der die Schwerkraft aufgehoben ist. Der Zauberer muss einen Punkt innerhalb der Reichweite des Zauberspruchs benennen. Von dort aus wirkt der Zauber in einem Radius von QS in Schritt. Die Höhe der schwerelosen Zone beträgt QS x 5 Schritt. Durch die ungewohnte Umgebung sind alle Proben innerhalb dieser Zone um 1 erschwert. Um sich gezielt in der Schwerelosigkeit bewegen zu können, ist eine Probe auf Schwimmen (Tauchen) notwendig. Pro erreichter QS schafft man 1 Schritt. Unfälle, Patzer oder Einwirkungen nach Meisterentscheid können dazu führen, dass eine Person unbeabsichtigt aus der Zone gerät und stürzt. Sollten sich am Ende der Wirkungsdauer noch Wesen in der Zone der Schwerelosigkeit befinden, stürzen diese herunter und erleiden Sturzschaden (siehe Regelwerk Seite 340). Über die Sturzhöhe entscheidet der Meister.', 116, 11, NULL, 2, 3, 7, 3, 25),
('C', 'Der Klang der Trommel versetzt Angehörige der Spezies in Raserei, aus deren Haut das Trommelfell gefertigt wurde. Wenn ihnen keine Probe auf Willenskraft (Bedrohungen standhalten) erschwert um die QS des Rituals gelingt, erhalten alle Kulturschaffenden oder Tiere den Status Blutrausch (siehe Regelwerk Seite 35). Der Wirkungsradius beträgt 16 Schritt. Zum Schlagen der Trommel benötigt man 1 Aktion, der Blutrausch dauert für 2W20+QS KR an.', 117, 7, NULL, 3, 5, 7, 2, 10),
('C', 'Durch Berührung einer Münze oder Ware, die gegen das gesuchte Objekt getauscht wurde, erfährt man Richtung und Entfernung des Objekts in Tagesreisen. Jedes angefangene Jahr, in dem die Zibilja (oder ihre Sippe) das Objekt vorher besaß, erleichtert die Probe um 1, jedes angefangene Jahr nach dem Verkauf erschwert sie um 1 (insgesamt maximal +/–5).', 118, 7, NULL, 2, 3, 5, 9, 1),
('C', 'Der Zauberer dringt in die Träume des Ziels ein und kann diese manipulieren. Der Zauberer kann QS einsetzen, um seine Werte im Traum zu verbessern oder sich andere Vorteile zu verschaffen. Dazu muss er die angegebene Menge an QS investieren. Die Boni sind kumulativ.', 119, 11, NULL, 1, 3, 4, 10, 26),
('C', 'Mit diesem Ritual lassen sich arkane Kräfte in eine Waffe binden. Diese gilt dann als magische Waffe. Die Kosten des Rituals sind abhängig von der Größe der Waffe. Die Wirkungsdauer lässt sich auf QS x 30 Jahre erhöhen. In diesem Falle verfünffachen sich die AsP-Kosten, wobei 1/20 hiervon permanent verloren gehen. Ritualdauer: 8 Stunden', 120, 9, NULL, 2, 3, 5, 3, 27);

--
-- Daten für Tabelle `ritual_zielkategorien`
--

INSERT INTO `ritual_zielkategorien` (`ritual_id`, `zielkategorien_id`) VALUES
(109, 24),
(109, 22),
(110, 31),
(111, 32),
(112, 19),
(113, 19),
(114, 18),
(115, 18),
(116, 25),
(117, 33),
(118, 22),
(119, 3),
(120, 28);

--
-- Daten für Tabelle `segen`
--

INSERT INTO `segen` (`wirkung`, `id`, `nutzkosten_id`, `reichweite_id`, `wirkungsdauer_id`) VALUES
('Der Geweihte lässt jemanden einen Eid ablegen. Der Gesegnete empfindet den Eid als bindend und kann sich diesem nur durch eine Probe entziehen. Der Eidsprechende muss den Eid freiwillig leisten. Der Eid kann nur durch eine Probe auf Willenskraft erschwert um 1 gebrochen werden.', 121, NULL, 4, 21),
('Auf der Handfläche oder dem Zeigefinger des Geweihten entsteht eine kleine Flamme, die einen Raum erhellt oder ausreicht, um eine Kerze zu entzünden. Der Geweihte kann durch die Flamme nicht verletzt werden (wohl aber durch Flammen, die durch den Feuersegen entzündet werden). Die Helligkeit der Flamme entspricht einer gewöhnlichen Kerze normaler Machart.', 122, NULL, 1, 4),
('Ein Neugeborenes wird gesegnet und in die Gemeinschaft der Gläubigen aufgenommen. Es ist bis zum Ende der Wirkungsdauer vor dem Raub durch Kobolde, Feen und niedere Dämonen geschützt. Diese Segnung kann nur bis maximal 12 Tage nach der Geburt eingesetzt werden, danach wirkt sie nicht mehr auf das Neugeborene.', 123, NULL, 2, 28),
('Der Gesegnete hat einmal während der Wirkungsdauer der Segnung ein Fünkchen Glück. Er kann nach dem Ablegen einer Fertigkeitsprobe 1 FP hinzuaddieren, um z. B. eine höhere Qualitätsstufe zu erreichen.', 124, NULL, 2, 29),
('Das Grab eines Verstorbenen wird gesegnet. Um die Leiche auszugraben und das Grab zu entweihen, muss dem Grabräuber eine Probe auf Willenskraft (Bedrohungen standhalten) erschwert um 1 gelingen. Bei Misslingen verspürt er ein Unwohlsein, das ihn von der Grabschändung zurückhält. Nekromantische Zauber auf die Leiche sind um 1 erschwert, so lange der Körper sich im gesegneten Grab befindet.', 125, NULL, 2, 30),
('Wer durch einen Harmoniesegen gesegnet wurde, der erfreut sich einen ganzen Tag lang positiver Gefühle. Alle Effekte, die Furcht auslösen, erhalten eine Erschwernis von 1.', 126, NULL, 2, 29),
('Der Gesegnete erhält 1 Lebenspunkt zurück. Die Person kann nur einmal pro Tag von dieser Segnung profitieren.', 127, NULL, 2, 1),
('Der Schutzsegen kann einige als unheilig geltende Wesen fernhalten. Folgende Typen von Wesen können aufgehalten werden: Untote (Hirnlose) und Dämonen (niedere Dämonen). Bei Errichtung des kleinen Schutzsegens muss entschieden werden, welcher von beiden Typen aufgehalten wird. Das Wesen kann während der Wirkungsdauer das gesegnete Gebiet nicht betreten. Ist das Wesen gezwungen, das Gebiet zu betreten, dann versucht es sofort, sich wieder aus der Zone zurückzuziehen. Der Kleine Schutzsegen darf nicht größer sein als 4 Schritt Radius, sehr wohl aber kleiner. Die Zone ist stationär und bewegt sich nicht mit dem Geweihten. Wenn sich Personen innerhalb der Zone an den Rand der Zone bewegen, um dort lauernde Wesen im Nahkampf anzugreifen, können die Wesen ebenfalls angreifen.', 128, NULL, 4, 31),
('Das gesegnete Essen ist wohlschmeckend und nahrhaft. Gifte bis Stufe 2 und Verunreinigungen werden in der Speise neutralisiert. Die Segnung reicht für eine Portion.', 129, NULL, 2, 1),
('Der Gesegnete verspürt keine Mattigkeit und Erschöpfung mehr. Er kann bei einer Probe auf Selbstbeherrschung einen Würfel neu würfeln (wie unter dem Einsatz des Vorteils Begabung). Pro Tag kann nur ein Stärkungssegen auf eine Person angewandt werden. Nachdem die Segnung genutzt wurde, ist sie verbraucht.', 130, NULL, 1, 32),
('Wer von dem gesegneten Getränk trinkt, fühlt sich erfrischt. Gifte bis Stufe 2 und Verunreinigungen werden im Getränk neutralisiert. Die Segnung reicht für einen Liter.', 131, NULL, 2, 1),
('Der Gesegnete wird von Weisheit erfüllt. Er kann die Lösung eines Problems besser erfassen und bei einer Probe auf ein Wissenstalent einen Würfel neu würfeln (wie unter dem Einsatz des Vorteils Begabung). Pro Tag kann nur ein Weisheitssegen auf eine Person angewandt werden. Nachdem die Segnung genutzt wurde, ist sie verbraucht.', 132, NULL, 2, 29);

--
-- Daten für Tabelle `segen_aspekte`
--

INSERT INTO `segen_aspekte` (`segen_id`, `aspekte_id`) VALUES
(121, 1),
(122, 1),
(123, 1),
(124, 1),
(125, 1),
(126, 1),
(127, 1),
(128, 1),
(129, 1),
(130, 1),
(131, 1),
(132, 1);

--
-- Daten für Tabelle `segen_zielkategorien`
--

INSERT INTO `segen_zielkategorien` (`segen_id`, `zielkategorien_id`) VALUES
(121, 3),
(122, 3),
(123, 3),
(124, 3),
(125, 25),
(126, 3),
(127, 3),
(128, 25),
(129, 28),
(130, 3),
(131, 28),
(132, 3);

--
-- Daten für Tabelle `sonderfertigkeit`
--

INSERT INTO `sonderfertigkeit` (`ap`, `gruppe`, `kostentabelle`, `id`, `dauer_id`, `nutzkosten_id`, `teilprobe1_id`, `teilprobe2_id`, `teilprobe3_id`, `reichweite_id`, `wirkungsdauer_id`) VALUES
(4, 'MAGISCH', NULL, 1285, NULL, 17, NULL, NULL, NULL, NULL, NULL),
(4, 'MAGISCH', NULL, 1286, NULL, 17, NULL, NULL, NULL, NULL, NULL),
(3, 'MAGISCH', NULL, 1287, NULL, 17, NULL, NULL, NULL, NULL, NULL),
(2, 'MAGISCH', NULL, 1288, NULL, 38, NULL, NULL, NULL, NULL, NULL),
(3, 'MAGISCH', NULL, 1289, NULL, 17, NULL, NULL, NULL, NULL, NULL),
(8, 'MAGISCH', NULL, 1290, NULL, 17, NULL, NULL, NULL, NULL, NULL),
(8, 'MAGISCH', NULL, 1291, NULL, 16, NULL, NULL, NULL, NULL, NULL),
(8, 'MAGISCH', NULL, 1292, NULL, 16, NULL, NULL, NULL, NULL, NULL),
(8, 'MAGISCH', NULL, 1293, NULL, 15, NULL, NULL, NULL, NULL, NULL),
(15, 'KARMAL', NULL, 1294, NULL, NULL, NULL, NULL, NULL, NULL, NULL),
(8, 'KARMAL', NULL, 1295, NULL, NULL, NULL, NULL, NULL, NULL, NULL),
(10, 'KARMAL', NULL, 1296, NULL, NULL, NULL, NULL, NULL, NULL, NULL),
(2, 'KARMAL', NULL, 1297, NULL, NULL, NULL, NULL, NULL, NULL, NULL),
(130, 'KARMAL', NULL, 1298, NULL, NULL, NULL, NULL, NULL, NULL, NULL),
(130, 'KARMAL', NULL, 1299, NULL, NULL, NULL, NULL, NULL, NULL, NULL),
(170, 'KARMAL', NULL, 1300, NULL, NULL, NULL, NULL, NULL, NULL, NULL),
(110, 'KARMAL', NULL, 1301, NULL, NULL, NULL, NULL, NULL, NULL, NULL),
(150, 'KARMAL', NULL, 1302, NULL, NULL, NULL, NULL, NULL, NULL, NULL),
(130, 'KARMAL', NULL, 1303, NULL, NULL, NULL, NULL, NULL, NULL, NULL),
(150, 'KARMAL', NULL, 1304, NULL, NULL, NULL, NULL, NULL, NULL, NULL),
(5, 'MAGISCH', NULL, 1305, NULL, NULL, NULL, NULL, NULL, NULL, NULL),
(15, 'MAGISCH', NULL, 1306, NULL, NULL, NULL, NULL, NULL, NULL, NULL),
(20, 'MAGISCH', NULL, 1307, NULL, NULL, NULL, NULL, NULL, NULL, NULL),
(10, 'MAGISCH', NULL, 1308, NULL, NULL, NULL, NULL, NULL, NULL, NULL),
(15, 'MAGISCH', NULL, 1309, NULL, NULL, NULL, NULL, NULL, NULL, NULL),
(15, 'MAGISCH', NULL, 1310, NULL, NULL, NULL, NULL, NULL, NULL, NULL),
(5, 'MAGISCH', NULL, 1311, NULL, NULL, NULL, NULL, NULL, NULL, NULL),
(8, 'MAGISCH', NULL, 1312, NULL, NULL, NULL, NULL, NULL, NULL, NULL),
(12, 'MAGISCH', NULL, 1313, NULL, NULL, NULL, NULL, NULL, NULL, NULL),
(10, 'MAGISCH', NULL, 1314, NULL, NULL, NULL, NULL, NULL, NULL, NULL),
(10, 'MAGISCH', NULL, 1315, NULL, NULL, NULL, NULL, NULL, NULL, NULL),
(10, 'MAGISCH', NULL, 1316, NULL, NULL, NULL, NULL, NULL, NULL, NULL),
(2, 'MAGISCH', NULL, 1317, NULL, NULL, NULL, NULL, NULL, NULL, NULL),
(125, 'MAGISCH', NULL, 1318, NULL, NULL, NULL, NULL, NULL, NULL, NULL),
(125, 'MAGISCH', NULL, 1319, NULL, NULL, NULL, NULL, NULL, NULL, NULL),
(155, 'MAGISCH', NULL, 1320, NULL, NULL, NULL, NULL, NULL, NULL, NULL),
(100, 'MAGISCH', NULL, 1321, NULL, NULL, NULL, NULL, NULL, NULL, NULL),
(135, 'MAGISCH', NULL, 1322, NULL, NULL, NULL, NULL, NULL, NULL, NULL),
(135, 'MAGISCH', NULL, 1323, NULL, NULL, NULL, NULL, NULL, NULL, NULL),
(80, 'MAGISCH', NULL, 1324, NULL, NULL, NULL, NULL, NULL, NULL, NULL),
(10, 'MAGISCH', NULL, 1325, NULL, NULL, NULL, NULL, NULL, NULL, NULL),
(20, 'MAGISCH', NULL, 1326, NULL, NULL, NULL, NULL, NULL, NULL, NULL),
(12, 'MAGISCH', NULL, 1327, NULL, NULL, NULL, NULL, NULL, NULL, NULL),
(20, 'MAGISCH', NULL, 1328, NULL, NULL, NULL, NULL, NULL, NULL, NULL),
(5, 'PROFAN', NULL, 1329, NULL, NULL, NULL, NULL, NULL, NULL, NULL),
(8, 'PROFAN', NULL, 1330, NULL, NULL, NULL, NULL, NULL, NULL, NULL),
(2, 'PROFAN', NULL, 1331, NULL, NULL, NULL, NULL, NULL, NULL, NULL),
(5, 'PROFAN', NULL, 1332, NULL, NULL, NULL, NULL, NULL, NULL, NULL),
(10, 'PROFAN', NULL, 1333, NULL, NULL, NULL, NULL, NULL, NULL, NULL),
(10, 'PROFAN', NULL, 1334, NULL, NULL, NULL, NULL, NULL, NULL, NULL),
(3, 'PROFAN', NULL, 1335, NULL, NULL, NULL, NULL, NULL, NULL, NULL),
(20, 'PROFAN', NULL, 1336, NULL, NULL, NULL, NULL, NULL, NULL, NULL),
(5, 'PROFAN', NULL, 1337, NULL, NULL, NULL, NULL, NULL, NULL, NULL),
(5, 'PROFAN', NULL, 1338, NULL, NULL, NULL, NULL, NULL, NULL, NULL),
(3, 'PROFAN', NULL, 1339, NULL, NULL, NULL, NULL, NULL, NULL, NULL),
(0, 'PROFAN', NULL, 1340, NULL, NULL, NULL, NULL, NULL, NULL, NULL),
(2, 'PROFAN', NULL, 1341, NULL, NULL, NULL, NULL, NULL, NULL, NULL),
(5, 'PROFAN', NULL, 1342, NULL, NULL, NULL, NULL, NULL, NULL, NULL),
(5, 'PROFAN', NULL, 1343, NULL, NULL, NULL, NULL, NULL, NULL, NULL),
(3, 'PROFAN', NULL, 1344, NULL, NULL, NULL, NULL, NULL, NULL, NULL),
(2, 'PROFAN', NULL, 1345, NULL, NULL, NULL, NULL, NULL, NULL, NULL),
(2, 'PROFAN', NULL, 1346, NULL, NULL, NULL, NULL, NULL, NULL, NULL),
(5, 'PROFAN', NULL, 1347, NULL, NULL, NULL, NULL, NULL, NULL, NULL),
(10, 'PROFAN', NULL, 1348, NULL, NULL, NULL, NULL, NULL, NULL, NULL),
(15, 'PROFAN', NULL, 1349, NULL, NULL, NULL, NULL, NULL, NULL, NULL),
(10, 'PROFAN', NULL, 1350, NULL, NULL, NULL, NULL, NULL, NULL, NULL),
(3, 'PROFAN', NULL, 1351, NULL, NULL, NULL, NULL, NULL, NULL, NULL),
(5, 'PROFAN', NULL, 1352, NULL, NULL, NULL, NULL, NULL, NULL, NULL),
(5, 'PROFAN', NULL, 1353, NULL, NULL, NULL, NULL, NULL, NULL, NULL),
(10, 'PROFAN', NULL, 1354, NULL, NULL, NULL, NULL, NULL, NULL, NULL),
(0, 'PROFAN', NULL, 1355, NULL, NULL, NULL, NULL, NULL, NULL, NULL),
(5, 'PROFAN', NULL, 1356, NULL, NULL, NULL, NULL, NULL, NULL, NULL),
(3, 'PROFAN', NULL, 1357, NULL, NULL, NULL, NULL, NULL, NULL, NULL),
(6, 'PROFAN', NULL, 1358, NULL, NULL, NULL, NULL, NULL, NULL, NULL),
(3, 'PROFAN', NULL, 1359, NULL, NULL, NULL, NULL, NULL, NULL, NULL),
(5, 'PROFAN', NULL, 1360, NULL, NULL, NULL, NULL, NULL, NULL, NULL),
(15, 'PROFAN', NULL, 1361, NULL, NULL, NULL, NULL, NULL, NULL, NULL),
(2, 'PROFAN', NULL, 1362, NULL, NULL, NULL, NULL, NULL, NULL, NULL),
(2, 'PROFAN', NULL, 1363, NULL, NULL, NULL, NULL, NULL, NULL, NULL),
(3, 'PROFAN', NULL, 1364, NULL, NULL, NULL, NULL, NULL, NULL, NULL),
(8, 'PROFAN', NULL, 1365, NULL, NULL, NULL, NULL, NULL, NULL, NULL),
(5, 'PROFAN', NULL, 1366, NULL, NULL, NULL, NULL, NULL, NULL, NULL),
(2, 'PROFAN', NULL, 1367, NULL, NULL, NULL, NULL, NULL, NULL, NULL),
(2, 'PROFAN', NULL, 1368, NULL, NULL, NULL, NULL, NULL, NULL, NULL),
(5, 'PROFAN', NULL, 1369, NULL, NULL, NULL, NULL, NULL, NULL, NULL),
(2, 'PROFAN', NULL, 1370, NULL, NULL, NULL, NULL, NULL, NULL, NULL),
(5, 'PROFAN', NULL, 1371, NULL, NULL, NULL, NULL, NULL, NULL, NULL),
(2, 'PROFAN', NULL, 1372, NULL, NULL, NULL, NULL, NULL, NULL, NULL),
(2, 'PROFAN', NULL, 1373, NULL, NULL, NULL, NULL, NULL, NULL, NULL),
(2, 'PROFAN', NULL, 1374, NULL, NULL, NULL, NULL, NULL, NULL, NULL),
(5, 'PROFAN', NULL, 1375, NULL, NULL, NULL, NULL, NULL, NULL, NULL),
(2, 'PROFAN', NULL, 1376, NULL, NULL, NULL, NULL, NULL, NULL, NULL),
(2, 'PROFAN', NULL, 1377, NULL, NULL, NULL, NULL, NULL, NULL, NULL),
(2, 'PROFAN', NULL, 1378, NULL, NULL, NULL, NULL, NULL, NULL, NULL),
(2, 'PROFAN', NULL, 1379, NULL, NULL, NULL, NULL, NULL, NULL, NULL),
(5, 'PROFAN', NULL, 1380, NULL, NULL, NULL, NULL, NULL, NULL, NULL),
(3, 'PROFAN', NULL, 1381, NULL, NULL, NULL, NULL, NULL, NULL, NULL),
(2, 'PROFAN', NULL, 1382, NULL, NULL, NULL, NULL, NULL, NULL, NULL),
(4, 'PROFAN', NULL, 1383, NULL, NULL, NULL, NULL, NULL, NULL, NULL),
(10, 'PROFAN', NULL, 1384, NULL, NULL, NULL, NULL, NULL, NULL, NULL),
(10, 'PROFAN', NULL, 1385, NULL, NULL, NULL, NULL, NULL, NULL, NULL),
(2, 'PROFAN', NULL, 1386, NULL, NULL, NULL, NULL, NULL, NULL, NULL),
(8, 'PROFAN', NULL, 1387, NULL, NULL, NULL, NULL, NULL, NULL, NULL),
(10, 'PROFAN', NULL, 1388, NULL, NULL, NULL, NULL, NULL, NULL, NULL),
(2, 'PROFAN', NULL, 1389, NULL, NULL, NULL, NULL, NULL, NULL, NULL),
(2, 'PROFAN', NULL, 1390, NULL, NULL, NULL, NULL, NULL, NULL, NULL),
(3, 'PROFAN', NULL, 1391, NULL, NULL, NULL, NULL, NULL, NULL, NULL),
(2, 'PROFAN', NULL, 1392, NULL, NULL, NULL, NULL, NULL, NULL, NULL),
(12, 'PROFAN', NULL, 1393, NULL, NULL, NULL, NULL, NULL, NULL, NULL),
(2, 'PROFAN', NULL, 1394, NULL, NULL, NULL, NULL, NULL, NULL, NULL),
(5, 'PROFAN', NULL, 1395, NULL, NULL, NULL, NULL, NULL, NULL, NULL),
(3, 'PROFAN', NULL, 1396, NULL, NULL, NULL, NULL, NULL, NULL, NULL),
(4, 'PROFAN', NULL, 1397, NULL, NULL, NULL, NULL, NULL, NULL, NULL),
(15, 'PROFAN', NULL, 1398, NULL, NULL, NULL, NULL, NULL, NULL, NULL),
(2, 'PROFAN', NULL, 1399, NULL, NULL, NULL, NULL, NULL, NULL, NULL),
(10, 'PROFAN', NULL, 1400, NULL, NULL, NULL, NULL, NULL, NULL, NULL),
(20, 'PROFAN', NULL, 1401, NULL, NULL, NULL, NULL, NULL, NULL, NULL),
(2, 'PROFAN', NULL, 1402, NULL, NULL, NULL, NULL, NULL, NULL, NULL),
(2, 'PROFAN', NULL, 1403, NULL, NULL, NULL, NULL, NULL, NULL, NULL),
(2, 'PROFAN', NULL, 1404, NULL, NULL, NULL, NULL, NULL, NULL, NULL),
(0, 'PROFAN', NULL, 1405, NULL, NULL, NULL, NULL, NULL, NULL, NULL),
(2, 'PROFAN', NULL, 1406, NULL, NULL, NULL, NULL, NULL, NULL, NULL),
(2, 'PROFAN', NULL, 1407, NULL, NULL, NULL, NULL, NULL, NULL, NULL),
(4, 'PROFAN', NULL, 1408, NULL, NULL, NULL, NULL, NULL, NULL, NULL),
(3, 'PROFAN', NULL, 1409, NULL, NULL, NULL, NULL, NULL, NULL, NULL),
(2, 'PROFAN', NULL, 1410, NULL, NULL, NULL, NULL, NULL, NULL, NULL),
(4, 'PROFAN', NULL, 1411, NULL, NULL, NULL, NULL, NULL, NULL, NULL),
(2, 'PROFAN', NULL, 1412, NULL, NULL, NULL, NULL, NULL, NULL, NULL),
(5, 'PROFAN', NULL, 1413, NULL, NULL, NULL, NULL, NULL, NULL, NULL),
(2, 'PROFAN', NULL, 1414, NULL, NULL, NULL, NULL, NULL, NULL, NULL),
(5, 'PROFAN', NULL, 1415, NULL, NULL, NULL, NULL, NULL, NULL, NULL),
(2, 'PROFAN', NULL, 1416, NULL, NULL, NULL, NULL, NULL, NULL, NULL),
(12, 'PROFAN', NULL, 1417, NULL, NULL, NULL, NULL, NULL, NULL, NULL),
(2, 'PROFAN', NULL, 1418, NULL, NULL, NULL, NULL, NULL, NULL, NULL),
(2, 'PROFAN', NULL, 1419, NULL, NULL, NULL, NULL, NULL, NULL, NULL),
(2, 'PROFAN', NULL, 1420, NULL, NULL, NULL, NULL, NULL, NULL, NULL),
(15, 'MAGISCH', NULL, 1421, NULL, 16, NULL, NULL, NULL, NULL, NULL),
(5, 'MAGISCH', NULL, 1422, NULL, 17, NULL, NULL, NULL, NULL, NULL),
(15, 'MAGISCH', NULL, 1423, NULL, 16, NULL, NULL, NULL, NULL, NULL),
(10, 'MAGISCH', NULL, 1424, NULL, 17, NULL, NULL, NULL, NULL, NULL),
(12, 'KAMPF', NULL, 1425, NULL, NULL, NULL, NULL, NULL, NULL, NULL),
(12, 'KAMPF', NULL, 1426, NULL, NULL, NULL, NULL, NULL, NULL, NULL),
(10, 'KAMPF', NULL, 1427, NULL, NULL, NULL, NULL, NULL, NULL, NULL),
(10, 'KAMPF', NULL, 1428, NULL, NULL, NULL, NULL, NULL, NULL, NULL),
(15, 'KAMPF', NULL, 1429, NULL, NULL, NULL, NULL, NULL, NULL, NULL),
(12, 'KAMPF', NULL, 1430, NULL, NULL, NULL, NULL, NULL, NULL, NULL),
(10, 'MAGISCH', NULL, 1431, NULL, NULL, NULL, NULL, NULL, NULL, NULL),
(15, 'MAGISCH', NULL, 1432, NULL, 48, NULL, NULL, NULL, NULL, NULL),
(10, 'MAGISCH', NULL, 1433, NULL, 17, NULL, NULL, NULL, NULL, NULL),
(10, 'MAGISCH', NULL, 1434, NULL, 49, NULL, NULL, NULL, NULL, NULL),
(5, 'MAGISCH', NULL, 1435, NULL, 48, NULL, NULL, NULL, NULL, NULL),
(20, 'KAMPF', NULL, 1436, NULL, NULL, NULL, NULL, NULL, NULL, NULL),
(25, 'KAMPF', NULL, 1437, NULL, NULL, NULL, NULL, NULL, NULL, NULL),
(15, 'KAMPF', NULL, 1438, NULL, NULL, NULL, NULL, NULL, NULL, NULL),
(5, 'KAMPF', NULL, 1439, NULL, NULL, NULL, NULL, NULL, NULL, NULL),
(25, 'KAMPF', NULL, 1440, NULL, NULL, NULL, NULL, NULL, NULL, NULL),
(15, 'KAMPF', NULL, 1441, NULL, NULL, NULL, NULL, NULL, NULL, NULL),
(5, 'KAMPF', NULL, 1442, NULL, NULL, NULL, NULL, NULL, NULL, NULL),
(10, 'KAMPF', NULL, 1443, NULL, NULL, NULL, NULL, NULL, NULL, NULL),
(15, 'KAMPF', NULL, 1444, NULL, NULL, NULL, NULL, NULL, NULL, NULL),
(5, 'KAMPF', NULL, 1445, NULL, NULL, NULL, NULL, NULL, NULL, NULL),
(5, 'KAMPF', NULL, 1446, NULL, NULL, NULL, NULL, NULL, NULL, NULL),
(10, 'KAMPF', NULL, 1447, NULL, NULL, NULL, NULL, NULL, NULL, NULL),
(10, 'KAMPF', NULL, 1448, NULL, NULL, NULL, NULL, NULL, NULL, NULL),
(5, 'KAMPF', NULL, 1449, NULL, NULL, NULL, NULL, NULL, NULL, NULL),
(8, 'KAMPF', NULL, 1450, NULL, NULL, NULL, NULL, NULL, NULL, NULL),
(8, 'KAMPF', NULL, 1451, NULL, NULL, NULL, NULL, NULL, NULL, NULL),
(20, 'KAMPF', NULL, 1452, NULL, NULL, NULL, NULL, NULL, NULL, NULL),
(20, 'KAMPF', NULL, 1453, NULL, NULL, NULL, NULL, NULL, NULL, NULL),
(10, 'KAMPF', NULL, 1454, NULL, NULL, NULL, NULL, NULL, NULL, NULL),
(10, 'KAMPF', NULL, 1455, NULL, NULL, NULL, NULL, NULL, NULL, NULL),
(10, 'KAMPF', NULL, 1456, NULL, NULL, NULL, NULL, NULL, NULL, NULL),
(15, 'KAMPF', NULL, 1457, NULL, NULL, NULL, NULL, NULL, NULL, NULL),
(5, 'KAMPF', NULL, 1458, NULL, NULL, NULL, NULL, NULL, NULL, NULL),
(15, 'KAMPF', NULL, 1459, NULL, NULL, NULL, NULL, NULL, NULL, NULL),
(25, 'KAMPF', NULL, 1460, NULL, NULL, NULL, NULL, NULL, NULL, NULL),
(15, 'KAMPF', NULL, 1461, NULL, NULL, NULL, NULL, NULL, NULL, NULL),
(5, 'KAMPF', NULL, 1462, NULL, NULL, NULL, NULL, NULL, NULL, NULL),
(5, 'KAMPF', NULL, 1463, NULL, NULL, NULL, NULL, NULL, NULL, NULL),
(0, 'PROFAN', 'A', 1464, NULL, 50, 2, 3, 3, NULL, NULL),
(0, 'PROFAN', 'A', 1465, NULL, 51, 1, 3, 4, NULL, NULL),
(0, 'PROFAN', 'A', 1466, NULL, 52, 3, 4, 4, NULL, NULL),
(0, 'PROFAN', 'B', 1467, NULL, 53, 3, 3, 4, NULL, NULL),
(0, 'PROFAN', 'A', 1468, NULL, 51, 1, 3, 3, NULL, NULL),
(0, 'PROFAN', 'B', 1469, NULL, 16, 1, 3, 4, NULL, NULL),
(0, 'MAGISCH', NULL, 1470, NULL, 16, 1, 3, 4, NULL, 41),
(0, 'MAGISCH', NULL, 1471, 13, 16, 1, 3, 4, NULL, 52),
(0, 'MAGISCH', NULL, 1472, NULL, 16, 1, 2, 4, NULL, 53),
(0, 'MAGISCH', NULL, 1473, NULL, 16, 2, 3, 4, NULL, 54),
(0, 'MAGISCH', NULL, 1474, NULL, 18, 1, 2, 3, NULL, 46),
(0, 'MAGISCH', NULL, 1475, NULL, 54, 2, 3, 5, NULL, 10),
(0, 'MAGISCH', NULL, 1476, NULL, 54, 2, 3, 4, NULL, 10),
(0, 'MAGISCH', NULL, 1477, NULL, 55, 1, 3, 4, NULL, 22),
(0, 'MAGISCH', NULL, 1478, NULL, 54, 3, 5, 7, NULL, 9),
(0, 'MAGISCH', NULL, 1479, NULL, 56, 2, 3, 4, NULL, 10),
(0, 'MAGISCH', NULL, 1480, NULL, 57, 1, 4, 6, NULL, 55),
(0, 'MAGISCH', NULL, 1481, NULL, 54, 2, 3, 4, NULL, 10),
(0, 'MAGISCH', NULL, 1482, NULL, 54, 3, 5, 7, NULL, 11),
(0, 'MAGISCH', NULL, 1483, NULL, 56, 3, 5, 7, NULL, 10),
(0, 'MAGISCH', NULL, 1484, NULL, 54, 2, 3, 4, NULL, 9),
(5, 'KAMPF', NULL, 1485, NULL, NULL, NULL, NULL, NULL, NULL, NULL),
(15, 'KAMPF', NULL, 1486, NULL, NULL, NULL, NULL, NULL, NULL, NULL),
(10, 'KAMPF', NULL, 1487, NULL, NULL, NULL, NULL, NULL, NULL, NULL),
(10, 'KAMPF', NULL, 1488, NULL, NULL, NULL, NULL, NULL, NULL, NULL),
(20, 'KAMPF', NULL, 1489, NULL, NULL, NULL, NULL, NULL, NULL, NULL),
(20, 'KAMPF', NULL, 1490, NULL, NULL, NULL, NULL, NULL, NULL, NULL),
(10, 'KAMPF', NULL, 1491, NULL, NULL, NULL, NULL, NULL, NULL, NULL),
(20, 'KAMPF', NULL, 1492, NULL, NULL, NULL, NULL, NULL, NULL, NULL),
(10, 'KAMPF', NULL, 1493, NULL, NULL, NULL, NULL, NULL, NULL, NULL),
(20, 'KAMPF', NULL, 1494, NULL, NULL, NULL, NULL, NULL, NULL, NULL),
(15, 'KAMPF', NULL, 1495, NULL, NULL, NULL, NULL, NULL, NULL, NULL),
(10, 'KAMPF', NULL, 1496, NULL, NULL, NULL, NULL, NULL, NULL, NULL),
(10, 'KAMPF', NULL, 1497, NULL, NULL, NULL, NULL, NULL, NULL, NULL),
(10, 'KAMPF', NULL, 1498, NULL, NULL, NULL, NULL, NULL, NULL, NULL),
(15, 'KAMPF', NULL, 1499, NULL, NULL, NULL, NULL, NULL, NULL, NULL),
(40, 'KAMPF', NULL, 1500, NULL, NULL, NULL, NULL, NULL, NULL, NULL),
(10, 'KAMPF', NULL, 1501, NULL, NULL, NULL, NULL, NULL, NULL, NULL),
(20, 'KAMPF', NULL, 1502, NULL, NULL, NULL, NULL, NULL, NULL, NULL),
(15, 'KAMPF', NULL, 1503, NULL, NULL, NULL, NULL, NULL, NULL, NULL),
(10, 'KAMPF', NULL, 1504, NULL, NULL, NULL, NULL, NULL, NULL, NULL),
(10, 'KAMPF', NULL, 1505, NULL, NULL, NULL, NULL, NULL, NULL, NULL),
(5, 'KAMPF', NULL, 1506, NULL, NULL, NULL, NULL, NULL, NULL, NULL),
(25, 'KAMPF', NULL, 1507, NULL, NULL, NULL, NULL, NULL, NULL, NULL),
(12, 'KAMPF', NULL, 1508, NULL, NULL, NULL, NULL, NULL, NULL, NULL),
(8, 'KAMPF', NULL, 1509, NULL, NULL, NULL, NULL, NULL, NULL, NULL),
(10, 'KAMPF', NULL, 1510, NULL, NULL, NULL, NULL, NULL, NULL, NULL),
(50, 'KAMPF', NULL, 1511, NULL, NULL, NULL, NULL, NULL, NULL, NULL),
(10, 'KAMPF', NULL, 1512, NULL, NULL, NULL, NULL, NULL, NULL, NULL),
(25, 'KAMPF', NULL, 1513, NULL, NULL, NULL, NULL, NULL, NULL, NULL),
(10, 'KAMPF', NULL, 1514, NULL, NULL, NULL, NULL, NULL, NULL, NULL),
(10, 'KAMPF', NULL, 1515, NULL, NULL, NULL, NULL, NULL, NULL, NULL),
(10, 'KAMPF', NULL, 1516, NULL, NULL, NULL, NULL, NULL, NULL, NULL),
(15, 'KAMPF', NULL, 1517, NULL, NULL, NULL, NULL, NULL, NULL, NULL),
(25, 'KAMPF', NULL, 1518, NULL, NULL, NULL, NULL, NULL, NULL, NULL),
(10, 'KAMPF', NULL, 1519, NULL, NULL, NULL, NULL, NULL, NULL, NULL),
(15, 'KAMPF', NULL, 1520, NULL, NULL, NULL, NULL, NULL, NULL, NULL),
(15, 'KAMPF', NULL, 1521, NULL, NULL, NULL, NULL, NULL, NULL, NULL),
(40, 'KAMPF', NULL, 1522, NULL, NULL, NULL, NULL, NULL, NULL, NULL),
(25, 'KAMPF', NULL, 1523, NULL, NULL, NULL, NULL, NULL, NULL, NULL),
(15, 'KAMPF', NULL, 1524, NULL, NULL, NULL, NULL, NULL, NULL, NULL),
(15, 'KAMPF', NULL, 1525, NULL, NULL, NULL, NULL, NULL, NULL, NULL),
(5, 'KAMPF', NULL, 1526, NULL, NULL, NULL, NULL, NULL, NULL, NULL),
(10, 'KAMPF', NULL, 1527, NULL, NULL, NULL, NULL, NULL, NULL, NULL),
(10, 'KAMPF', NULL, 1528, NULL, NULL, NULL, NULL, NULL, NULL, NULL),
(25, 'KAMPF', NULL, 1529, NULL, NULL, NULL, NULL, NULL, NULL, NULL),
(30, 'KAMPF', NULL, 1530, NULL, NULL, NULL, NULL, NULL, NULL, NULL),
(10, 'KAMPF', NULL, 1531, NULL, NULL, NULL, NULL, NULL, NULL, NULL),
(15, 'KAMPF', NULL, 1532, NULL, NULL, NULL, NULL, NULL, NULL, NULL),
(10, 'KAMPF', NULL, 1533, NULL, NULL, NULL, NULL, NULL, NULL, NULL),
(10, 'KAMPF', NULL, 1534, NULL, NULL, NULL, NULL, NULL, NULL, NULL),
(10, 'KAMPF', NULL, 1535, NULL, NULL, NULL, NULL, NULL, NULL, NULL),
(10, 'KAMPF', NULL, 1536, NULL, NULL, NULL, NULL, NULL, NULL, NULL),
(15, 'KAMPF', NULL, 1537, NULL, NULL, NULL, NULL, NULL, NULL, NULL),
(20, 'KAMPF', NULL, 1538, NULL, NULL, NULL, NULL, NULL, NULL, NULL),
(5, 'KAMPF', NULL, 1539, NULL, NULL, NULL, NULL, NULL, NULL, NULL),
(15, 'KAMPF', NULL, 1540, NULL, NULL, NULL, NULL, NULL, NULL, NULL),
(15, 'KAMPF', NULL, 1541, NULL, NULL, NULL, NULL, NULL, NULL, NULL),
(10, 'KAMPF', NULL, 1542, NULL, NULL, NULL, NULL, NULL, NULL, NULL),
(12, 'KAMPF', NULL, 1543, NULL, NULL, NULL, NULL, NULL, NULL, NULL),
(5, 'KAMPF', NULL, 1544, NULL, NULL, NULL, NULL, NULL, NULL, NULL),
(15, 'KAMPF', NULL, 1545, NULL, NULL, NULL, NULL, NULL, NULL, NULL),
(15, 'KAMPF', NULL, 1546, NULL, NULL, NULL, NULL, NULL, NULL, NULL),
(15, 'KAMPF', NULL, 1547, NULL, NULL, NULL, NULL, NULL, NULL, NULL),
(20, 'KAMPF', NULL, 1548, NULL, NULL, NULL, NULL, NULL, NULL, NULL),
(5, 'KAMPF', NULL, 1549, NULL, NULL, NULL, NULL, NULL, NULL, NULL),
(10, 'KAMPF', NULL, 1550, NULL, NULL, NULL, NULL, NULL, NULL, NULL),
(12, 'KAMPF', NULL, 1551, NULL, NULL, NULL, NULL, NULL, NULL, NULL),
(15, 'KAMPF', NULL, 1552, NULL, NULL, NULL, NULL, NULL, NULL, NULL),
(10, 'KAMPF', NULL, 1553, NULL, NULL, NULL, NULL, NULL, NULL, NULL),
(15, 'KAMPF', NULL, 1554, NULL, NULL, NULL, NULL, NULL, NULL, NULL),
(8, 'KAMPF', NULL, 1555, NULL, NULL, NULL, NULL, NULL, NULL, NULL),
(10, 'KAMPF', NULL, 1556, NULL, NULL, NULL, NULL, NULL, NULL, NULL),
(12, 'KAMPF', NULL, 1557, NULL, NULL, NULL, NULL, NULL, NULL, NULL),
(10, 'KAMPF', NULL, 1558, NULL, NULL, NULL, NULL, NULL, NULL, NULL),
(10, 'KAMPF', NULL, 1559, NULL, NULL, NULL, NULL, NULL, NULL, NULL),
(10, 'KAMPF', NULL, 1560, NULL, NULL, NULL, NULL, NULL, NULL, NULL),
(2, 'PROFAN', NULL, 1561, NULL, NULL, NULL, NULL, NULL, NULL, NULL),
(1, 'PROFAN', NULL, 1562, NULL, NULL, NULL, NULL, NULL, NULL, NULL),
(1, 'PROFAN', NULL, 1563, NULL, NULL, NULL, NULL, NULL, NULL, NULL),
(3, 'PROFAN', NULL, 1564, NULL, NULL, NULL, NULL, NULL, NULL, NULL),
(2, 'PROFAN', NULL, 1565, NULL, NULL, NULL, NULL, NULL, NULL, NULL),
(1, 'PROFAN', NULL, 1566, NULL, NULL, NULL, NULL, NULL, NULL, NULL),
(3, 'PROFAN', NULL, 1567, NULL, NULL, NULL, NULL, NULL, NULL, NULL),
(1, 'PROFAN', NULL, 1568, NULL, NULL, NULL, NULL, NULL, NULL, NULL),
(3, 'PROFAN', NULL, 1569, NULL, NULL, NULL, NULL, NULL, NULL, NULL),
(5, 'PROFAN', NULL, 1570, NULL, NULL, NULL, NULL, NULL, NULL, NULL),
(5, 'PROFAN', NULL, 1571, NULL, NULL, NULL, NULL, NULL, NULL, NULL),
(5, 'PROFAN', NULL, 1572, NULL, NULL, NULL, NULL, NULL, NULL, NULL),
(10, 'PROFAN', NULL, 1573, NULL, NULL, NULL, NULL, NULL, NULL, NULL),
(5, 'PROFAN', NULL, 1574, NULL, NULL, NULL, NULL, NULL, NULL, NULL),
(15, 'PROFAN', NULL, 1575, NULL, NULL, NULL, NULL, NULL, NULL, NULL),
(25, 'PROFAN', NULL, 1576, NULL, NULL, NULL, NULL, NULL, NULL, NULL),
(10, 'PROFAN', NULL, 1577, NULL, NULL, NULL, NULL, NULL, NULL, NULL),
(5, 'PROFAN', NULL, 1578, NULL, NULL, NULL, NULL, NULL, NULL, NULL),
(10, 'PROFAN', NULL, 1579, NULL, NULL, NULL, NULL, NULL, NULL, NULL),
(10, 'MAGISCH', NULL, 1580, NULL, NULL, NULL, NULL, NULL, NULL, NULL),
(5, 'MAGISCH', NULL, 1581, NULL, 48, NULL, NULL, NULL, NULL, NULL),
(10, 'MAGISCH', NULL, 1582, NULL, 48, NULL, NULL, NULL, NULL, NULL),
(35, 'MAGISCH', NULL, 1583, NULL, 58, NULL, NULL, NULL, NULL, NULL),
(30, 'MAGISCH', NULL, 1584, NULL, 59, NULL, NULL, NULL, NULL, NULL),
(35, 'MAGISCH', NULL, 1585, NULL, 59, NULL, NULL, NULL, NULL, NULL),
(10, 'MAGISCH', NULL, 1586, NULL, 48, NULL, NULL, NULL, NULL, NULL),
(15, 'MAGISCH', NULL, 1587, NULL, 48, NULL, NULL, NULL, NULL, NULL),
(0, 'PROFAN', NULL, 1588, NULL, NULL, NULL, NULL, NULL, NULL, NULL),
(0, 'PROFAN', NULL, 1589, NULL, NULL, NULL, NULL, NULL, NULL, NULL),
(0, 'PROFAN', NULL, 1590, NULL, NULL, NULL, NULL, NULL, NULL, NULL),
(0, 'PROFAN', NULL, 1591, NULL, NULL, NULL, NULL, NULL, NULL, NULL),
(0, 'PROFAN', NULL, 1592, NULL, NULL, NULL, NULL, NULL, NULL, NULL),
(0, 'PROFAN', NULL, 1593, NULL, NULL, NULL, NULL, NULL, NULL, NULL),
(0, 'PROFAN', NULL, 1594, NULL, NULL, NULL, NULL, NULL, NULL, NULL),
(0, 'PROFAN', NULL, 1595, NULL, NULL, NULL, NULL, NULL, NULL, NULL),
(0, 'PROFAN', NULL, 1596, NULL, NULL, NULL, NULL, NULL, NULL, NULL),
(10, 'PROFAN', NULL, 1597, NULL, 48, NULL, NULL, NULL, NULL, 56),
(5, 'PROFAN', NULL, 1598, NULL, 60, NULL, NULL, NULL, NULL, 56),
(15, 'PROFAN', NULL, 1599, NULL, 48, NULL, NULL, NULL, NULL, 1),
(279, 'PROFAN', NULL, 1600, NULL, 48, NULL, NULL, NULL, NULL, 56),
(15, 'PROFAN', NULL, 1601, NULL, 60, NULL, NULL, NULL, NULL, 17),
(10, 'PROFAN', NULL, 1602, NULL, 60, NULL, NULL, NULL, NULL, 12),
(25, 'PROFAN', NULL, 1603, NULL, 61, NULL, NULL, NULL, NULL, 1),
(20, 'PROFAN', NULL, 1604, NULL, 50, NULL, NULL, NULL, NULL, 17),
(10, 'PROFAN', NULL, 1605, NULL, 50, NULL, NULL, NULL, NULL, 17),
(10, 'PROFAN', NULL, 1606, NULL, 50, NULL, NULL, NULL, NULL, 17),
(35, 'PROFAN', NULL, 1607, NULL, 62, NULL, NULL, NULL, NULL, 17),
(280, 'PROFAN', NULL, 1608, NULL, 62, NULL, NULL, NULL, NULL, 17),
(0, 'MAGISCH', 'C', 1609, NULL, 63, 1, 2, 4, NULL, NULL),
(0, 'MAGISCH', 'D', 1610, NULL, 63, 1, 2, 3, NULL, NULL),
(0, 'MAGISCH', 'B', 1611, NULL, 64, 1, 3, 4, NULL, NULL),
(0, 'MAGISCH', 'D', 1612, NULL, 65, 1, 3, 4, NULL, NULL),
(0, 'MAGISCH', 'B', 1613, NULL, 66, 1, 3, 7, NULL, NULL);

--
-- Daten für Tabelle `vorteil`
--

INSERT INTO `vorteil` (`ap`, `wirkung`, `id`, `reichweite_id`) VALUES
(5, NULL, 133, NULL),
(5, NULL, 134, NULL),
(10, NULL, 135, NULL),
(15, NULL, 136, NULL),
(2, NULL, 137, NULL),
(5, NULL, 138, NULL),
(6, NULL, 139, 11),
(10, NULL, 140, NULL),
(0, NULL, 141, NULL),
(15, NULL, 142, NULL),
(10, NULL, 143, NULL),
(10, NULL, 144, NULL),
(10, NULL, 145, NULL),
(20, NULL, 146, NULL),
(15, NULL, 147, NULL),
(5, NULL, 148, NULL),
(10, NULL, 149, 12),
(3, NULL, 150, NULL),
(8, NULL, 151, NULL),
(15, NULL, 152, 13),
(4, NULL, 153, NULL),
(25, NULL, 154, NULL),
(10, NULL, 155, NULL),
(10, NULL, 156, NULL),
(20, NULL, 157, NULL),
(30, NULL, 158, NULL),
(30, NULL, 159, NULL),
(60, NULL, 160, NULL),
(90, NULL, 161, NULL),
(20, NULL, 162, NULL),
(20, NULL, 163, NULL),
(40, NULL, 164, NULL),
(2, NULL, 165, NULL),
(3, NULL, 166, NULL),
(4, NULL, 167, NULL),
(8, NULL, 168, NULL),
(0, NULL, 169, NULL),
(0, NULL, 170, NULL),
(12, NULL, 171, NULL),
(5, NULL, 172, NULL),
(6, NULL, 173, NULL),
(6, NULL, 174, NULL),
(12, NULL, 175, NULL),
(18, NULL, 176, NULL),
(24, NULL, 177, NULL),
(30, NULL, 178, NULL),
(36, NULL, 179, NULL),
(42, NULL, 180, NULL),
(6, NULL, 181, NULL),
(6, NULL, 182, NULL),
(12, NULL, 183, NULL),
(18, NULL, 184, NULL),
(24, NULL, 185, NULL),
(30, NULL, 186, NULL),
(36, NULL, 187, NULL),
(42, NULL, 188, NULL),
(6, NULL, 189, NULL),
(6, NULL, 190, NULL),
(12, NULL, 191, NULL),
(18, NULL, 192, NULL),
(24, NULL, 193, NULL),
(30, NULL, 194, NULL),
(36, NULL, 195, NULL),
(42, NULL, 196, NULL),
(25, NULL, 197, NULL),
(25, NULL, 198, NULL),
(4, NULL, 199, NULL),
(4, NULL, 200, NULL),
(5, NULL, 201, NULL),
(10, NULL, 202, NULL),
(10, NULL, 203, NULL),
(20, NULL, 204, NULL),
(40, NULL, 205, NULL),
(20, NULL, 206, NULL),
(8, NULL, 207, NULL),
(10, NULL, 208, NULL),
(1, NULL, 209, NULL),
(1, NULL, 210, NULL),
(2, NULL, 211, NULL),
(3, NULL, 212, NULL),
(4, NULL, 213, NULL),
(5, NULL, 214, NULL),
(6, NULL, 215, NULL),
(7, NULL, 216, NULL),
(8, NULL, 217, NULL),
(9, NULL, 218, NULL),
(10, NULL, 219, NULL),
(10, NULL, 220, NULL),
(2, NULL, 221, NULL),
(2, NULL, 222, NULL),
(4, NULL, 223, NULL),
(6, NULL, 224, NULL),
(15, NULL, 225, NULL),
(10, NULL, 226, NULL),
(10, NULL, 227, NULL),
(4, NULL, 228, NULL),
(10, NULL, 229, NULL),
(10, NULL, 230, NULL),
(20, NULL, 231, NULL),
(30, NULL, 232, NULL),
(10, NULL, 233, NULL),
(10, NULL, 234, NULL),
(20, NULL, 235, NULL),
(30, NULL, 236, NULL),
(10, NULL, 237, NULL),
(10, NULL, 238, NULL),
(20, NULL, 239, NULL),
(30, NULL, 240, NULL),
(20, NULL, 241, NULL),
(25, NULL, 242, NULL),
(0, NULL, 243, NULL),
(15, NULL, 244, NULL),
(5, NULL, 245, NULL),
(20, NULL, 246, NULL),
(25, NULL, 247, NULL),
(2, NULL, 248, NULL),
(5, NULL, 249, NULL),
(8, NULL, 250, NULL),
(-8, NULL, 251, NULL),
(-1, NULL, 255, NULL),
(-1, NULL, 256, NULL),
(-2, NULL, 257, NULL),
(-3, NULL, 258, NULL),
(-10, NULL, 259, NULL),
(-4, NULL, 260, NULL),
(-50, NULL, 261, NULL),
(-10, NULL, 262, NULL),
(-10, NULL, 263, NULL),
(-15, NULL, 264, NULL),
(-30, NULL, 265, NULL),
(-2, NULL, 266, NULL),
(-25, NULL, 267, NULL),
(-5, NULL, 268, NULL),
(-5, NULL, 269, NULL),
(-10, NULL, 270, NULL),
(3, NULL, 271, NULL),
(-10, NULL, 272, NULL),
(-10, NULL, 273, NULL),
(-20, NULL, 274, NULL),
(-3, NULL, 275, NULL),
(-6, NULL, 276, NULL),
(-10, NULL, 277, NULL),
(-3, NULL, 278, NULL),
(-25, NULL, 279, NULL),
(-25, NULL, 280, NULL),
(-5, NULL, 281, NULL),
(-2, NULL, 282, NULL),
(-5, NULL, 283, NULL),
(-5, NULL, 284, NULL),
(-10, NULL, 285, NULL),
(-3, NULL, 286, NULL),
(-20, NULL, 287, NULL),
(-20, NULL, 288, NULL),
(-30, NULL, 289, NULL),
(-30, NULL, 290, NULL),
(-10, NULL, 291, NULL),
(-2, NULL, 292, NULL),
(-2, NULL, 293, NULL),
(-4, NULL, 294, NULL),
(-6, NULL, 295, NULL),
(-8, NULL, 296, NULL),
(-10, NULL, 297, NULL),
(-12, NULL, 298, NULL),
(-14, NULL, 299, NULL),
(-2, NULL, 300, NULL),
(-2, NULL, 301, NULL),
(-4, NULL, 302, NULL),
(-6, NULL, 303, NULL),
(-8, NULL, 304, NULL),
(-10, NULL, 305, NULL),
(-12, NULL, 306, NULL),
(-14, NULL, 307, NULL),
(-4, NULL, 308, NULL),
(-4, NULL, 309, NULL),
(-8, NULL, 310, NULL),
(-12, NULL, 311, NULL),
(-16, NULL, 312, NULL),
(-20, NULL, 313, NULL),
(-24, NULL, 314, NULL),
(-28, NULL, 315, NULL),
(-25, NULL, 316, NULL),
(-25, NULL, 317, NULL),
(-20, NULL, 318, NULL),
(-20, NULL, 319, NULL),
(-40, NULL, 320, NULL),
(-60, NULL, 321, NULL),
(-5, NULL, 322, NULL),
(-10, NULL, 323, NULL),
(-10, NULL, 324, NULL),
(-3, NULL, 328, NULL),
(-10, NULL, 329, NULL),
(-2, NULL, 330, NULL),
(-5, NULL, 331, NULL),
(-10, NULL, 332, NULL),
(-10, NULL, 333, NULL),
(-20, NULL, 334, NULL),
(-30, NULL, 335, NULL),
(-10, NULL, 336, NULL),
(-10, NULL, 337, NULL),
(-20, NULL, 338, NULL),
(-30, NULL, 339, NULL),
(-10, NULL, 340, NULL),
(-10, NULL, 341, NULL),
(-20, NULL, 342, NULL),
(-30, NULL, 343, NULL),
(-2, NULL, 344, NULL),
(-2, NULL, 345, NULL),
(-15, NULL, 346, NULL),
(-15, NULL, 347, NULL),
(-10, NULL, 348, NULL),
(-15, NULL, 349, NULL),
(-10, NULL, 350, NULL),
(-40, NULL, 351, NULL),
(-40, NULL, 352, NULL),
(0, NULL, 353, NULL),
(-8, NULL, 354, NULL),
(-4, NULL, 355, NULL),
(-10, NULL, 356, NULL),
(-30, NULL, 360, NULL),
(3, NULL, 361, NULL),
(-10, NULL, 362, NULL),
(-10, NULL, 363, NULL),
(-12, NULL, 364, NULL),
(-12, NULL, 365, NULL),
(-24, NULL, 366, NULL),
(-20, NULL, 367, NULL),
(12, NULL, 473, NULL),
(12, NULL, 474, NULL),
(18, NULL, 475, NULL),
(18, NULL, 476, NULL),
(12, NULL, 477, NULL),
(24, NULL, 478, NULL),
(18, NULL, 479, NULL),
(12, NULL, 480, NULL),
(12, NULL, 481, NULL),
(12, NULL, 482, NULL),
(12, NULL, 483, NULL),
(12, NULL, 484, NULL),
(12, NULL, 485, NULL),
(6, NULL, 486, NULL),
(12, NULL, 487, NULL),
(12, NULL, 488, NULL),
(12, NULL, 489, NULL),
(12, NULL, 490, NULL),
(12, NULL, 491, NULL),
(6, NULL, 492, NULL),
(18, NULL, 493, NULL),
(6, NULL, 494, NULL),
(12, NULL, 495, NULL),
(6, NULL, 496, NULL),
(12, NULL, 497, NULL),
(12, NULL, 498, NULL),
(12, NULL, 499, NULL),
(18, NULL, 500, NULL),
(12, NULL, 501, NULL),
(0, NULL, 502, NULL),
(12, NULL, 503, NULL),
(18, NULL, 504, NULL),
(12, NULL, 505, NULL),
(18, NULL, 506, NULL),
(18, NULL, 507, NULL),
(12, NULL, 508, NULL),
(18, NULL, 509, NULL),
(12, NULL, 510, NULL),
(12, NULL, 511, NULL),
(24, NULL, 512, NULL),
(6, NULL, 513, NULL),
(12, NULL, 514, NULL),
(12, NULL, 515, NULL),
(12, NULL, 516, NULL),
(6, NULL, 517, NULL),
(6, NULL, 518, NULL),
(12, NULL, 519, NULL),
(6, NULL, 520, NULL),
(6, NULL, 521, NULL),
(12, NULL, 522, NULL),
(6, NULL, 523, NULL),
(12, NULL, 524, NULL),
(6, NULL, 525, NULL),
(18, NULL, 526, NULL),
(12, NULL, 527, NULL),
(12, NULL, 528, NULL),
(18, NULL, 529, NULL),
(18, NULL, 530, NULL),
(12, NULL, 531, NULL),
(18, NULL, 532, NULL),
(6, NULL, 533, NULL),
(12, NULL, 534, NULL),
(12, NULL, 535, NULL),
(12, NULL, 536, NULL),
(12, NULL, 537, NULL),
(18, NULL, 538, NULL),
(12, NULL, 539, NULL),
(18, NULL, 540, NULL),
(12, NULL, 541, NULL),
(6, NULL, 542, NULL),
(6, NULL, 543, NULL),
(12, NULL, 544, NULL),
(12, NULL, 545, NULL),
(12, NULL, 546, NULL),
(12, NULL, 547, NULL),
(12, NULL, 548, NULL),
(24, NULL, 549, NULL),
(12, NULL, 550, NULL),
(0, NULL, 551, NULL),
(18, NULL, 552, NULL),
(12, NULL, 553, NULL),
(12, NULL, 554, NULL),
(18, NULL, 555, NULL),
(6, NULL, 556, NULL),
(12, NULL, 557, NULL),
(12, NULL, 558, NULL),
(12, NULL, 559, NULL),
(18, NULL, 560, NULL),
(24, NULL, 561, NULL),
(6, NULL, 562, NULL),
(12, NULL, 563, NULL),
(18, NULL, 564, NULL),
(12, NULL, 565, NULL),
(6, NULL, 566, NULL),
(12, NULL, 567, NULL),
(12, NULL, 568, NULL),
(12, NULL, 569, NULL),
(12, NULL, 570, NULL),
(12, NULL, 571, NULL),
(12, NULL, 572, NULL),
(12, NULL, 573, NULL),
(6, NULL, 576, NULL),
(24, NULL, 577, NULL),
(12, NULL, 578, NULL),
(6, NULL, 579, NULL),
(12, NULL, 580, NULL),
(12, NULL, 581, NULL),
(18, NULL, 582, NULL),
(18, NULL, 583, NULL),
(6, NULL, 584, NULL),
(6, NULL, 585, NULL),
(6, NULL, 586, NULL),
(6, NULL, 587, NULL),
(12, NULL, 588, NULL),
(6, NULL, 589, NULL),
(18, NULL, 590, NULL),
(18, NULL, 591, NULL),
(6, NULL, 592, NULL),
(12, NULL, 593, NULL),
(12, NULL, 594, NULL),
(6, NULL, 595, NULL),
(18, NULL, 596, NULL),
(12, NULL, 597, NULL),
(12, NULL, 598, NULL),
(0, NULL, 599, NULL),
(12, NULL, 600, NULL),
(18, NULL, 601, NULL),
(12, NULL, 602, NULL),
(12, NULL, 603, NULL),
(18, NULL, 604, NULL),
(12, NULL, 605, NULL),
(6, NULL, 606, NULL),
(12, NULL, 607, NULL),
(6, NULL, 608, NULL),
(18, NULL, 609, NULL),
(12, NULL, 610, NULL),
(0, NULL, 611, NULL),
(12, NULL, 612, NULL),
(6, NULL, 613, NULL),
(18, NULL, 614, NULL),
(6, NULL, 615, NULL),
(12, NULL, 616, NULL),
(6, NULL, 617, NULL),
(12, NULL, 618, NULL),
(6, NULL, 619, NULL),
(6, NULL, 620, NULL),
(12, NULL, 621, NULL),
(12, NULL, 622, NULL),
(18, NULL, 623, NULL),
(12, NULL, 624, NULL),
(18, NULL, 625, NULL),
(6, NULL, 626, NULL),
(12, NULL, 627, NULL),
(12, NULL, 628, NULL),
(18, NULL, 629, NULL),
(12, NULL, 630, NULL),
(6, NULL, 631, NULL),
(18, NULL, 632, NULL),
(18, NULL, 633, NULL),
(12, NULL, 634, NULL),
(12, NULL, 635, NULL),
(12, NULL, 636, NULL),
(24, NULL, 637, NULL),
(12, NULL, 638, NULL),
(12, NULL, 639, NULL),
(6, NULL, 640, NULL),
(24, NULL, 641, NULL),
(12, NULL, 642, NULL),
(12, NULL, 643, NULL),
(6, NULL, 644, NULL),
(12, NULL, 645, NULL),
(6, NULL, 646, NULL),
(6, NULL, 647, NULL),
(6, NULL, 648, NULL),
(18, NULL, 649, NULL),
(6, NULL, 650, NULL),
(6, NULL, 651, NULL),
(6, NULL, 652, NULL),
(12, NULL, 653, NULL),
(18, NULL, 654, NULL),
(18, NULL, 655, NULL),
(18, NULL, 656, NULL),
(18, NULL, 657, NULL),
(12, NULL, 658, NULL),
(18, NULL, 659, NULL),
(12, NULL, 660, NULL),
(18, NULL, 661, NULL),
(12, NULL, 662, NULL),
(12, NULL, 663, NULL),
(18, NULL, 664, NULL),
(24, NULL, 665, NULL),
(12, NULL, 666, NULL),
(18, NULL, 667, NULL),
(18, NULL, 668, NULL),
(6, NULL, 669, NULL),
(18, NULL, 670, NULL),
(18, NULL, 671, NULL),
(10, NULL, 672, NULL),
(10, NULL, 673, NULL),
(10, NULL, 674, NULL),
(10, NULL, 675, NULL),
(10, NULL, 676, NULL),
(15, NULL, 677, NULL),
(15, NULL, 678, NULL),
(15, NULL, 679, NULL),
(5, NULL, 680, NULL),
(5, NULL, 681, NULL),
(5, NULL, 682, NULL),
(5, NULL, 683, NULL),
(5, NULL, 684, NULL),
(5, NULL, 685, NULL),
(5, NULL, 686, NULL),
(4, NULL, 687, NULL),
(4, NULL, 688, NULL),
(6, NULL, 689, NULL),
(6, NULL, 690, NULL),
(4, NULL, 691, NULL),
(8, NULL, 692, NULL),
(6, NULL, 693, NULL),
(4, NULL, 694, NULL),
(4, NULL, 695, NULL),
(4, NULL, 696, NULL),
(4, NULL, 697, NULL),
(4, NULL, 698, NULL),
(4, NULL, 699, NULL),
(2, NULL, 700, NULL),
(4, NULL, 701, NULL),
(4, NULL, 702, NULL),
(4, NULL, 703, NULL),
(4, NULL, 704, NULL),
(4, NULL, 705, NULL),
(2, NULL, 706, NULL),
(6, NULL, 707, NULL),
(2, NULL, 708, NULL),
(4, NULL, 709, NULL),
(2, NULL, 710, NULL),
(4, NULL, 711, NULL),
(4, NULL, 712, NULL),
(4, NULL, 713, NULL),
(6, NULL, 714, NULL),
(4, NULL, 715, NULL),
(0, NULL, 716, NULL),
(4, NULL, 717, NULL),
(6, NULL, 718, NULL),
(4, NULL, 719, NULL),
(6, NULL, 720, NULL),
(6, NULL, 721, NULL),
(4, NULL, 722, NULL),
(6, NULL, 723, NULL),
(4, NULL, 724, NULL),
(4, NULL, 725, NULL),
(8, NULL, 726, NULL),
(2, NULL, 727, NULL),
(4, NULL, 728, NULL),
(4, NULL, 729, NULL),
(4, NULL, 730, NULL),
(2, NULL, 731, NULL),
(2, NULL, 732, NULL),
(4, NULL, 733, NULL),
(2, NULL, 734, NULL),
(2, NULL, 735, NULL),
(4, NULL, 736, NULL),
(2, NULL, 737, NULL),
(4, NULL, 738, NULL),
(2, NULL, 739, NULL),
(6, NULL, 740, NULL),
(4, NULL, 741, NULL),
(4, NULL, 742, NULL),
(6, NULL, 743, NULL),
(6, NULL, 744, NULL),
(4, NULL, 745, NULL),
(6, NULL, 746, NULL),
(2, NULL, 747, NULL),
(4, NULL, 748, NULL),
(4, NULL, 749, NULL),
(4, NULL, 750, NULL),
(4, NULL, 751, NULL),
(6, NULL, 752, NULL),
(4, NULL, 753, NULL),
(6, NULL, 754, NULL),
(4, NULL, 755, NULL),
(2, NULL, 756, NULL),
(2, NULL, 757, NULL),
(4, NULL, 758, NULL),
(4, NULL, 759, NULL),
(4, NULL, 760, NULL),
(4, NULL, 761, NULL),
(4, NULL, 762, NULL),
(8, NULL, 763, NULL),
(4, NULL, 764, NULL),
(0, NULL, 765, NULL),
(6, NULL, 766, NULL),
(4, NULL, 767, NULL),
(4, NULL, 768, NULL),
(6, NULL, 769, NULL),
(2, NULL, 770, NULL),
(4, NULL, 771, NULL),
(4, NULL, 772, NULL),
(4, NULL, 773, NULL),
(6, NULL, 774, NULL),
(8, NULL, 775, NULL),
(2, NULL, 776, NULL),
(4, NULL, 777, NULL),
(6, NULL, 778, NULL),
(4, NULL, 779, NULL),
(2, NULL, 780, NULL),
(4, NULL, 781, NULL),
(4, NULL, 782, NULL),
(4, NULL, 783, NULL),
(4, NULL, 784, NULL),
(4, NULL, 785, NULL),
(4, NULL, 786, NULL),
(4, NULL, 787, NULL),
(2, NULL, 790, NULL),
(8, NULL, 791, NULL),
(4, NULL, 792, NULL),
(2, NULL, 793, NULL),
(4, NULL, 794, NULL),
(4, NULL, 795, NULL),
(6, NULL, 796, NULL),
(6, NULL, 797, NULL),
(2, NULL, 798, NULL),
(2, NULL, 799, NULL),
(2, NULL, 800, NULL),
(2, NULL, 801, NULL),
(4, NULL, 802, NULL),
(2, NULL, 803, NULL),
(6, NULL, 804, NULL),
(6, NULL, 805, NULL),
(2, NULL, 806, NULL),
(4, NULL, 807, NULL),
(4, NULL, 808, NULL),
(2, NULL, 809, NULL),
(6, NULL, 810, NULL),
(4, NULL, 811, NULL),
(4, NULL, 812, NULL),
(0, NULL, 813, NULL),
(4, NULL, 814, NULL),
(6, NULL, 815, NULL),
(4, NULL, 816, NULL),
(4, NULL, 817, NULL),
(6, NULL, 818, NULL),
(4, NULL, 819, NULL),
(2, NULL, 820, NULL),
(4, NULL, 821, NULL),
(2, NULL, 822, NULL),
(6, NULL, 823, NULL),
(4, NULL, 824, NULL),
(0, NULL, 825, NULL),
(4, NULL, 826, NULL),
(2, NULL, 827, NULL),
(6, NULL, 828, NULL),
(2, NULL, 829, NULL),
(4, NULL, 830, NULL),
(2, NULL, 831, NULL),
(4, NULL, 832, NULL),
(2, NULL, 833, NULL),
(2, NULL, 834, NULL),
(4, NULL, 835, NULL),
(4, NULL, 836, NULL),
(6, NULL, 837, NULL),
(4, NULL, 838, NULL),
(6, NULL, 839, NULL),
(2, NULL, 840, NULL),
(4, NULL, 841, NULL),
(4, NULL, 842, NULL),
(6, NULL, 843, NULL),
(4, NULL, 844, NULL),
(2, NULL, 845, NULL),
(6, NULL, 846, NULL),
(6, NULL, 847, NULL),
(4, NULL, 848, NULL),
(4, NULL, 849, NULL),
(4, NULL, 850, NULL),
(8, NULL, 851, NULL),
(4, NULL, 852, NULL),
(4, NULL, 853, NULL),
(2, NULL, 854, NULL),
(8, NULL, 855, NULL),
(4, NULL, 856, NULL),
(4, NULL, 857, NULL),
(2, NULL, 858, NULL),
(4, NULL, 859, NULL),
(2, NULL, 860, NULL),
(2, NULL, 861, NULL),
(2, NULL, 862, NULL),
(6, NULL, 863, NULL),
(2, NULL, 864, NULL),
(2, NULL, 865, NULL),
(2, NULL, 866, NULL),
(4, NULL, 867, NULL),
(6, NULL, 868, NULL),
(6, NULL, 869, NULL),
(6, NULL, 870, NULL),
(6, NULL, 871, NULL),
(4, NULL, 872, NULL),
(6, NULL, 873, NULL),
(4, NULL, 874, NULL),
(6, NULL, 875, NULL),
(4, NULL, 876, NULL),
(4, NULL, 877, NULL),
(6, NULL, 878, NULL),
(8, NULL, 879, NULL),
(4, NULL, 880, NULL),
(6, NULL, 881, NULL),
(6, NULL, 882, NULL),
(2, NULL, 883, NULL),
(6, NULL, 884, NULL),
(6, NULL, 885, NULL),
(8, NULL, 904, NULL),
(12, NULL, 905, NULL),
(8, NULL, 906, NULL),
(12, NULL, 907, NULL),
(8, NULL, 908, NULL),
(12, NULL, 909, NULL),
(12, NULL, 910, NULL),
(8, NULL, 911, NULL),
(8, NULL, 912, NULL),
(8, NULL, 913, NULL),
(12, NULL, 914, NULL),
(8, NULL, 915, NULL),
(12, NULL, 916, NULL),
(12, NULL, 917, NULL),
(8, NULL, 918, NULL),
(12, NULL, 919, NULL),
(12, NULL, 920, NULL),
(12, NULL, 921, NULL),
(6, NULL, 922, NULL),
(12, NULL, 923, NULL),
(2, NULL, 924, NULL),
(2, NULL, 925, NULL),
(2, NULL, 926, NULL),
(1, NULL, 927, NULL),
(2, NULL, 928, NULL),
(3, NULL, 929, NULL),
(2, NULL, 930, NULL),
(2, NULL, 931, NULL),
(1, NULL, 932, NULL),
(2, NULL, 933, NULL),
(2, NULL, 934, NULL),
(1, NULL, 935, NULL),
(3, NULL, 936, NULL),
(4, NULL, 937, NULL),
(1, NULL, 938, NULL),
(2, NULL, 939, NULL),
(2, NULL, 940, NULL),
(2, NULL, 941, NULL),
(2, NULL, 942, NULL),
(3, NULL, 943, NULL),
(2, NULL, 944, NULL),
(2, NULL, 945, NULL),
(2, NULL, 946, NULL),
(1, NULL, 947, NULL),
(1, NULL, 948, NULL),
(3, NULL, 949, NULL),
(3, NULL, 950, NULL),
(3, NULL, 951, NULL),
(2, NULL, 952, NULL),
(2, NULL, 953, NULL),
(1, NULL, 954, NULL),
(1, NULL, 955, NULL),
(1, NULL, 956, NULL),
(1, NULL, 957, NULL),
(2, NULL, 958, NULL),
(2, NULL, 959, NULL),
(3, NULL, 960, NULL),
(3, NULL, 961, NULL),
(2, NULL, 962, NULL),
(3, NULL, 963, NULL),
(3, NULL, 964, NULL),
(3, NULL, 965, NULL),
(5, NULL, 966, NULL),
(10, NULL, 967, NULL),
(5, NULL, 968, NULL),
(10, NULL, 969, NULL),
(5, NULL, 970, NULL),
(10, NULL, 971, NULL),
(10, NULL, 972, NULL),
(5, NULL, 973, NULL),
(5, NULL, 974, NULL),
(5, NULL, 975, NULL),
(10, NULL, 976, NULL),
(5, NULL, 977, NULL),
(10, NULL, 978, NULL),
(10, NULL, 979, NULL),
(5, NULL, 980, NULL),
(10, NULL, 981, NULL),
(10, NULL, 982, NULL),
(-8, NULL, 983, NULL),
(-16, NULL, 984, NULL),
(-24, NULL, 985, NULL),
(-8, NULL, 986, NULL),
(-16, NULL, 987, NULL),
(-24, NULL, 988, NULL),
(-8, NULL, 989, NULL),
(-16, NULL, 990, NULL),
(-24, NULL, 991, NULL),
(-8, NULL, 992, NULL),
(-16, NULL, 993, NULL),
(-24, NULL, 994, NULL),
(-8, NULL, 995, NULL),
(-16, NULL, 996, NULL),
(-24, NULL, 997, NULL),
(-8, NULL, 998, NULL),
(-16, NULL, 999, NULL),
(-24, NULL, 1000, NULL),
(-8, NULL, 1001, NULL),
(-16, NULL, 1002, NULL),
(-24, NULL, 1003, NULL),
(-8, NULL, 1004, NULL),
(-16, NULL, 1005, NULL),
(-24, NULL, 1006, NULL),
(-8, NULL, 1007, NULL),
(-16, NULL, 1008, NULL),
(-24, NULL, 1009, NULL),
(-10, NULL, 1010, NULL),
(-6, NULL, 1011, NULL),
(-15, NULL, 1012, NULL),
(-2, NULL, 1013, NULL),
(-2, NULL, 1014, NULL),
(-2, NULL, 1015, NULL),
(-2, NULL, 1016, NULL),
(-2, NULL, 1017, NULL),
(-10, NULL, 1018, NULL),
(-10, NULL, 1019, NULL),
(-5, NULL, 1020, NULL),
(-10, NULL, 1021, NULL),
(-8, NULL, 1022, NULL),
(-10, NULL, 1023, NULL),
(-5, NULL, 1024, NULL),
(-10, NULL, 1025, NULL),
(-10, NULL, 1026, NULL),
(-20, NULL, 1027, NULL),
(-30, NULL, 1028, NULL),
(-10, NULL, 1029, NULL),
(-10, NULL, 1030, NULL),
(-10, NULL, 1031, NULL),
(-20, NULL, 1032, NULL),
(-20, NULL, 1033, NULL),
(-20, NULL, 1034, NULL),
(-20, NULL, 1035, NULL),
(-20, NULL, 1036, NULL),
(-20, NULL, 1037, NULL),
(-20, NULL, 1038, NULL),
(-2, NULL, 1039, NULL),
(-2, NULL, 1040, NULL),
(-2, NULL, 1041, NULL),
(-2, NULL, 1042, NULL),
(-2, NULL, 1043, NULL),
(-2, NULL, 1044, NULL),
(-2, NULL, 1045, NULL),
(-2, NULL, 1046, NULL),
(-2, NULL, 1047, NULL),
(-2, NULL, 1048, NULL),
(-2, NULL, 1049, NULL),
(-2, NULL, 1050, NULL),
(-2, NULL, 1051, NULL),
(-2, NULL, 1052, NULL),
(-2, NULL, 1053, NULL),
(-2, NULL, 1054, NULL),
(-2, NULL, 1055, NULL),
(-2, NULL, 1056, NULL),
(-2, NULL, 1057, NULL),
(-2, NULL, 1058, NULL),
(-2, NULL, 1059, NULL),
(-2, NULL, 1060, NULL),
(-5, NULL, 1061, NULL),
(-5, NULL, 1062, NULL),
(-5, NULL, 1063, NULL),
(-5, NULL, 1064, NULL),
(-10, NULL, 1065, NULL),
(-10, NULL, 1066, NULL),
(-10, NULL, 1067, NULL),
(-5, NULL, 1068, NULL),
(-5, NULL, 1069, NULL),
(-5, NULL, 1070, NULL),
(-5, NULL, 1071, NULL),
(-10, NULL, 1072, NULL),
(-10, NULL, 1073, NULL),
(-20, NULL, 1074, NULL),
(-20, NULL, 1075, NULL),
(-20, NULL, 1076, NULL),
(-20, NULL, 1077, NULL),
(-20, NULL, 1078, NULL),
(-20, NULL, 1079, NULL),
(-30, NULL, 1080, NULL),
(-10, NULL, 1081, NULL),
(-30, NULL, 1082, NULL),
(-30, NULL, 1083, NULL),
(-20, NULL, 1084, NULL),
(-5, NULL, 1085, NULL),
(-2, NULL, 1086, NULL),
(-2, NULL, 1087, NULL),
(-3, NULL, 1088, NULL),
(-3, NULL, 1089, NULL),
(-2, NULL, 1090, NULL),
(-4, NULL, 1091, NULL),
(-3, NULL, 1092, NULL),
(-2, NULL, 1093, NULL),
(-2, NULL, 1094, NULL),
(-2, NULL, 1095, NULL),
(-2, NULL, 1096, NULL),
(-2, NULL, 1097, NULL),
(-2, NULL, 1098, NULL),
(-1, NULL, 1099, NULL),
(-2, NULL, 1100, NULL),
(-2, NULL, 1101, NULL),
(-2, NULL, 1102, NULL),
(-2, NULL, 1103, NULL),
(-2, NULL, 1104, NULL),
(-1, NULL, 1105, NULL),
(-3, NULL, 1106, NULL),
(-1, NULL, 1107, NULL),
(-2, NULL, 1108, NULL),
(-1, NULL, 1109, NULL),
(-2, NULL, 1110, NULL),
(-2, NULL, 1111, NULL),
(-2, NULL, 1112, NULL),
(-3, NULL, 1113, NULL),
(-2, NULL, 1114, NULL),
(0, NULL, 1115, NULL),
(-2, NULL, 1116, NULL),
(-3, NULL, 1117, NULL),
(-2, NULL, 1118, NULL),
(-3, NULL, 1119, NULL),
(-3, NULL, 1120, NULL),
(-2, NULL, 1121, NULL),
(-3, NULL, 1122, NULL),
(-2, NULL, 1123, NULL),
(-2, NULL, 1124, NULL),
(-4, NULL, 1125, NULL),
(-1, NULL, 1126, NULL),
(-2, NULL, 1127, NULL),
(-2, NULL, 1128, NULL),
(-2, NULL, 1129, NULL),
(-1, NULL, 1130, NULL),
(-1, NULL, 1131, NULL),
(-2, NULL, 1132, NULL),
(-1, NULL, 1133, NULL),
(-1, NULL, 1134, NULL),
(-2, NULL, 1135, NULL),
(-1, NULL, 1136, NULL),
(-2, NULL, 1137, NULL),
(-1, NULL, 1138, NULL),
(-3, NULL, 1139, NULL),
(-2, NULL, 1140, NULL),
(-2, NULL, 1141, NULL),
(-3, NULL, 1142, NULL),
(-3, NULL, 1143, NULL),
(-2, NULL, 1144, NULL),
(-3, NULL, 1145, NULL),
(-1, NULL, 1146, NULL),
(-2, NULL, 1147, NULL),
(-2, NULL, 1148, NULL),
(-2, NULL, 1149, NULL),
(-2, NULL, 1150, NULL),
(-3, NULL, 1151, NULL),
(-2, NULL, 1152, NULL),
(-3, NULL, 1153, NULL),
(-2, NULL, 1154, NULL),
(-1, NULL, 1155, NULL),
(-1, NULL, 1156, NULL),
(-2, NULL, 1157, NULL),
(-2, NULL, 1158, NULL),
(-2, NULL, 1159, NULL),
(-2, NULL, 1160, NULL),
(-2, NULL, 1161, NULL),
(-4, NULL, 1162, NULL),
(-2, NULL, 1163, NULL),
(0, NULL, 1164, NULL),
(-3, NULL, 1165, NULL),
(-2, NULL, 1166, NULL),
(-2, NULL, 1167, NULL),
(-3, NULL, 1168, NULL),
(-1, NULL, 1169, NULL),
(-2, NULL, 1170, NULL),
(-2, NULL, 1171, NULL),
(-2, NULL, 1172, NULL),
(-3, NULL, 1173, NULL),
(-4, NULL, 1174, NULL),
(-1, NULL, 1175, NULL),
(-2, NULL, 1176, NULL),
(-3, NULL, 1177, NULL),
(-2, NULL, 1178, NULL),
(-1, NULL, 1179, NULL),
(-2, NULL, 1180, NULL),
(-2, NULL, 1181, NULL),
(-2, NULL, 1182, NULL),
(-2, NULL, 1183, NULL),
(-2, NULL, 1184, NULL),
(-2, NULL, 1185, NULL),
(-2, NULL, 1186, NULL),
(-1, NULL, 1189, NULL),
(-4, NULL, 1190, NULL),
(-2, NULL, 1191, NULL),
(-1, NULL, 1192, NULL),
(-2, NULL, 1193, NULL),
(-2, NULL, 1194, NULL),
(-3, NULL, 1195, NULL),
(-3, NULL, 1196, NULL),
(-1, NULL, 1197, NULL),
(-1, NULL, 1198, NULL),
(-1, NULL, 1199, NULL),
(-1, NULL, 1200, NULL),
(-2, NULL, 1201, NULL),
(-1, NULL, 1202, NULL),
(-3, NULL, 1203, NULL),
(-3, NULL, 1204, NULL),
(-1, NULL, 1205, NULL),
(-2, NULL, 1206, NULL),
(-2, NULL, 1207, NULL),
(-1, NULL, 1208, NULL),
(-3, NULL, 1209, NULL),
(-2, NULL, 1210, NULL),
(-2, NULL, 1211, NULL),
(0, NULL, 1212, NULL),
(-2, NULL, 1213, NULL),
(-3, NULL, 1214, NULL),
(-2, NULL, 1215, NULL),
(-2, NULL, 1216, NULL),
(-3, NULL, 1217, NULL),
(-2, NULL, 1218, NULL),
(-1, NULL, 1219, NULL),
(-2, NULL, 1220, NULL),
(-1, NULL, 1221, NULL),
(-3, NULL, 1222, NULL),
(-2, NULL, 1223, NULL),
(0, NULL, 1224, NULL),
(-2, NULL, 1225, NULL),
(-1, NULL, 1226, NULL),
(-3, NULL, 1227, NULL),
(-1, NULL, 1228, NULL),
(-2, NULL, 1229, NULL),
(-1, NULL, 1230, NULL),
(-2, NULL, 1231, NULL),
(-1, NULL, 1232, NULL),
(-1, NULL, 1233, NULL),
(-2, NULL, 1234, NULL),
(-2, NULL, 1235, NULL),
(-3, NULL, 1236, NULL),
(-2, NULL, 1237, NULL),
(-3, NULL, 1238, NULL),
(-1, NULL, 1239, NULL),
(-2, NULL, 1240, NULL),
(-2, NULL, 1241, NULL),
(-3, NULL, 1242, NULL),
(-2, NULL, 1243, NULL),
(-1, NULL, 1244, NULL),
(-3, NULL, 1245, NULL),
(-3, NULL, 1246, NULL),
(-2, NULL, 1247, NULL),
(-2, NULL, 1248, NULL),
(-2, NULL, 1249, NULL),
(-4, NULL, 1250, NULL),
(-2, NULL, 1251, NULL),
(-2, NULL, 1252, NULL),
(-1, NULL, 1253, NULL),
(-4, NULL, 1254, NULL),
(-2, NULL, 1255, NULL),
(-2, NULL, 1256, NULL),
(-1, NULL, 1257, NULL),
(-2, NULL, 1258, NULL),
(-1, NULL, 1259, NULL),
(-1, NULL, 1260, NULL),
(-1, NULL, 1261, NULL),
(-3, NULL, 1262, NULL),
(-1, NULL, 1263, NULL),
(-1, NULL, 1264, NULL),
(-1, NULL, 1265, NULL),
(-2, NULL, 1266, NULL),
(-3, NULL, 1267, NULL),
(-3, NULL, 1268, NULL),
(-3, NULL, 1269, NULL),
(-3, NULL, 1270, NULL),
(-2, NULL, 1271, NULL),
(-3, NULL, 1272, NULL),
(-2, NULL, 1273, NULL),
(-3, NULL, 1274, NULL),
(-2, NULL, 1275, NULL),
(-2, NULL, 1276, NULL),
(-3, NULL, 1277, NULL),
(-4, NULL, 1278, NULL),
(-2, NULL, 1279, NULL),
(-3, NULL, 1280, NULL),
(-3, NULL, 1281, NULL),
(-1, NULL, 1282, NULL),
(-3, NULL, 1283, NULL),
(-3, NULL, 1284, NULL);

--
-- Daten für Tabelle `wirkungsdauer`
--

INSERT INTO `wirkungsdauer` (`id`, `name`) VALUES
(1, 'sofort'),
(2, '1 Aktion'),
(3, '1 Minute'),
(4, '5 Minuten'),
(5, '30 Minuten'),
(6, 'QS x 2 in Minuten'),
(7, 'QS x 3 in Minuten'),
(8, 'QS x 15 in Minuten'),
(9, 'QS x 3 in Stunden'),
(10, 'QS x 3 in Tagen'),
(11, 'QS x 3 in Wochen'),
(12, '5 Kampfrunden'),
(13, 'QS in Kampfrunden'),
(14, 'QS x 3 in Kampfrunden'),
(15, 'QS x 5 in Kampfrunden'),
(16, 'Bis zum nächsten Schuss, maximal QS x 2 Kampfrunden'),
(17, 'aufrechterhaltend'),
(18, 'QS x 3 Minuten'),
(19, 'QS x 3 in KR'),
(20, 'QS x 3 Tage'),
(21, '1 Jahr'),
(22, 'QS x 15 Minuten'),
(23, 'QS x 3 Stunden'),
(24, 'QS x 2 Minuten'),
(25, 'QS x 5 Minuten'),
(26, 'QS x 10 Minuten'),
(27, 'FP in Tage'),
(28, 'in Zwölfgötterkirchen bis zum 12. Lebensjahr'),
(29, '12 Stunden'),
(30, '12 Monate'),
(31, '4 Kampfrunden'),
(32, '12 Kampfrunden'),
(33, 'QS x 5 Kampfrunden'),
(34, 'QS x 2 Stunden'),
(35, 'QS Minuten'),
(36, 'QS x 2 in Kampfrunden'),
(37, 'QS x 3 Kampfrunden'),
(38, '10 Kampfrunden'),
(39, '30 Kampfrunden'),
(40, 'QS x 3 KR'),
(41, 'QS Tage'),
(42, 'QS x 10 in KR'),
(43, 'QS x 2 KR (statt der üblichen Zeit von 2W20 KR des Status’'),
(44, 'QS x 15 Minuten, danach verweht der Nebel'),
(45, 'bis zum Tod der Tiere, maximal jedoch 20 KR'),
(46, 'QS Stunden'),
(47, 'aufrechterhaltend, maximal jedoch 50 KR'),
(48, 'QS in KR'),
(49, 'ein Wachstumszyklus (zwischen 6 und 12 Monaten)'),
(50, '9 Jahre'),
(51, 'permanent'),
(52, 'QS/2 Tage'),
(53, 'bis zum Ende der Krankheit, maximal aber QS x 3 Tage'),
(54, 'QS x 2 in Tagen'),
(55, 'bis zum Ende der Krankheit, maximal aber QS x 3 in Tagen'),
(56, 'eine halbe Stunde');

--
-- Daten für Tabelle `zauber`
--

INSERT INTO `zauber` (`kostentabelle`, `wirkung`, `id`, `nutzkosten_id`, `teilprobe1_id`, `teilprobe2_id`, `teilprobe3_id`, `reichweite_id`, `wirkungsdauer_id`, `zauberdauer_id`) VALUES
('B', 'Das Talent Sinnesschärfe wird während der Wirkungsdauer um QS +3 des Zaubers erhöht.', 368, 20, 2, 3, 5, 1, 17, 2),
('C', 'Der Zauberer erhält detaillierte Hinweise, ob das Objekt magisch ist und falls ja, wie seine magische Struktur beschaffen ist. Durch die so gesammelten Informationen kann der Zauberer bei einer Magischen Analyse mehr QS ansammeln als üblich. Jede QS des Analys entspricht der Höhe der maximal ansammelbaren QS der Probe auf Magiekunde (unterschiedliche Anwendungsgebiete) für die Magische Analyse. Hat der Zauberer z. B. 3 QS im Analys erzielt, kann er maximal 3 QS bei der Magischen Analyse erzielen, hat er eine QS von 4, so sind maximal 4 QS bei der Analyse möglich usw. Mehr zur Magischen Analyse siehe Seite 269.', 369, 15, 2, 2, 3, 2, 1, 6),
('B', 'je nach QS können mit diesem Zauberspruch Stufen von Furcht augenblicklich abgebaut werden. Die Wirkung ist nicht kumulativ, es gelten die Auswirkungen der höchsten QS. QS 1: 1 Stufe Furcht QS 2: 1 Stufe Furcht, +1 MU für 1 Minute QS 3: 2 Stufen Furcht, +1 MU für 1 Minute QS 4: 3 Stufen Furcht, +1 MU für 1 Minute QS 5: 4 Stufen Furcht, +1 MU für 1 Minute QS 6: 4 Stufen Furcht, +2 MU für 1 Minute', 370, 16, 1, 3, 4, 2, 1, 3),
('C', 'Die Haut des Zaubernden verhärtet sich, ohne ihre Flexibilität zu verlieren. So erhält er einen natürlichen Rüstungsschutz, der sich auf getragene Rüstung aufaddiert, ohne die Belastung zu erhöhen. Die Höhe des gewünschten zusätzlichen Rüstungsschutzes muss der Zaubernde vor der Probe festlegen. Maximal ist ein zusätzlicher RS von 3 möglich.', 371, 21, 2, 3, 5, 1, 18, 1),
('B', 'Der Verzauberte leidet augenblicklich unter Atemnot. Er erhält eine Stufe des Zustands Betäubung.', 372, 17, 2, 4, 7, 3, 13, 1),
('B', 'Durch den Attributo (Körperkraft) kann der Zauberer ein Ziel stärker und zäher machen. Für jede QS bekommt der Verzauberte einen Bonus. Die Boni sind kumulativ, das heißt bei QS 3 hat der Träger insgesamt KK +2 und ZK +1. 1 QS: +1 KK 2 QS: +1 ZK 3 QS: +1 KK 4 QS: +1 ZK 5 QS: +1 KK 6 QS: +1 ZK', 373, 22, 2, 3, 8, 2, 17, 4),
('B', 'Die Bewegungen des Verzauberten werden übernatürlich beschleunigt. Dies bringt folgende Erleichterungen: +1 Verteidigung, GS x 2, INI-Basiswert x 2. Gegner können Attacken und Fernkampfangriffe des Beschleunigten schlechter abwehren und erhalten auf Verteidigung eine Erschwernis von 2.', 374, 16, 2, 3, 5, 2, 33, 1),
('B', 'Der Verzauberte erhält innerhalb von 6 Minuten nach dem Wirken des Zaubers verlorene LeP in Höhe der verwendeten AsP zurück. Der Zauberer kann maximal so viele AsP einsetzen, wie er FW hat. Für jede QS sinkt die Zeit um 1 Minute. Wird der Zauber vor dem Ablauf der durch den Konstitutionswert angegebenen Frist für den Tod eines Helden begonnen, kann er gerettet werden. Wird der Zauber jedoch unterbrochen, überlebt der Patient danach nur noch die verbliebenen Kampfrunden.', 375, 23, 2, 3, 5, 2, 1, 5),
('B', 'Das Ziel ist während der Wirkungsdauer nicht dazu in der Lage, sich weiter als 7 Schritt von dem Ort zu entfernen, an dem es sich am Ende der Zauberdauer aufhält. Wird es mit Gewalt herausgedrängt, erhält es solange 1 Stufe des Zustands Schmerz pro KR, bis es wieder in den Wirkungsbereich zurückkehrt.', 376, 16, 2, 4, 8, 3, 34, 5),
('B', 'Dieser ursprünglich elfische Freundschaftszauber weckt in seinem Ziel Sympathien und Freundschaft für den Zaubernden. Die genaue Wirkung ist davon abhängig, wie das Ziel zu dem Zaubernden steht. Pro QS verbessert sich die Verbindung zwischen den beiden um eine Stufe. Ist der Zaubernde dem Ziel vorher unbekannt, bewegt sich die Einstellung des Ziels meist zwischen Stufe 4 (Abneigung) und Stufe 6 (Zuneigung). Vorteile wie Gutaussehend oder Nachteile wie Vorurteile gegenüber dem Zaubernden können diesen ersten Eindruck je nach Situation um eine oder mehr Stufen modifizieren. Stufe 1: Das Ziel steht dem Zaubernden voller unstillbarem Hass gegenüber. Stufe 2: Das Ziel ist der erklärte Feind des Zaubernden. Stufe 3: Das Ziel verspürt dem Zaubernden gegenüber Abscheu und Ablehnung. Stufe 4: Das Ziel verspürt eine gewisse Abneigung für den Zaubernden. Stufe 5: Das Ziel ist dem Zaubernden gegenüber neutral. Stufe 6: Das Ziel verspürt eine gewisse Zuneigung für den Zaubernden. Stufe 7: Das Ziel empfindet Vertrauen und Freundschaft zum Zaubernden. Stufe 8: Das Ziel ist dem Zaubernden eng und loyal verbunden. Stufe 9: Das Ziel ist dem Zaubernden verfallen (geht für ihn jedoch nicht in den Tod). Der Zauberspruch verändert nicht das Erinnerungsvermögen. Dem Verzauberten ist nach Ende des Zaubers bewusst, was er empfunden und getan hat. Während der Zauberwirkung mag er sich des Zaubers bewusst sein, das beeinflusst aber seine neue Einstellung nicht. Handlungen des Zauberers hingegen können während der Wirkung das Verhältnis zum Verzauberten positiv oder negativ beeinflussen.', 377, 16, 1, 3, 4, 4, 18, 3),
('C', 'Der Zaubernde kann die Gedanken des Verzauberten lesen. Er kann nur erkennen, was der Verzauberte gerade denkt, nicht jedoch gezielt in seinen Erinnerungen forschen. Der Verzauberte kann mit einer Erfolgsprobe auf Sinnesschärfe erschwert um QS des Zaubers entdecken, dass etwas Fremdes in seine Gedanken blickt. Mit einer um QS der Zauberprobe erschwerte Probe auf Willenskraft kann er gezielt Gedanken mit irreführenden Informationen aussenden oder seine Gedanken mit nutzlosem Durcheinander, inneren Monologen oder Gesang füllen. Zauberdauer: 4 Aktionen', 378, 24, 1, 2, 3, 4, 17, 3),
('A', 'Der Verzauberte wird geblendet. Er erhält eine Stufe des Zustands Verwirrung.', 379, 17, 1, 3, 4, 3, 13, 1),
('B', 'Steht der Zauberer still, verschmelzen Körper und Kleidung optisch mit der Umgebung (jedoch nicht Rüstungen , Waffen oder andere Ausrüstung). Eine Entdeckung ist nur dann möglich, wenn eine Vergleichsprobe zwischen Sinnesschärfe (Hinterhalte entdecken, Suchen oder Wahrnehmen) erschwert um QS gegen Verbergen gelingt. Sobald er sich bewegt, verfällt die Tarnung.', 380, 16, 3, 4, 6, 1, 35, 2),
('B', 'Durch diesen Zauberspruch verschließen sich Schlösser automatisch und es wird schwerer, sie wieder zu öffnen oder zu knacken. Pro QS werden Proben auf Schlösserknacken (Bartschlösser oder Kombinationsschlösser) und Kraftakt (Eintreten & Zertrümmern) gegen das Schloss um 1 erschwert.', 381, 17, 2, 3, 5, 2, 5, 2),
('C', 'Der Verzauberte erleidet schmerzhafte Muskelschwäche. Während der Wirkungsdauer erleidet er den Zustand Schmerz. QS 1: 1 Stufe Schmerz, aber nur für 1 KR QS 2: 1 Stufe Schmerz QS 3: 2 Stufen Schmerz QS 4: 3 Stufen Schmerz QS 5: 4 Stufen Schmerz QS 6: 4 Stufen Schmerz, aber für die doppelte Wirkungsdauer', 382, 15, 2, 3, 7, 3, 36, 2),
('B', 'Der Corpofrigo erzeugt je nach QS Schaden und Stufen von Paralyse. QS 1: 1W6 TP QS 2: 1W6+2 TP QS 3: 1W6+2 TP, 1 Stufe Paralyse QS 4: 1W6+4 TP, 1 Stufe Paralyse QS 5: 1W6+6 TP, 1 Stufe Paralyse QS 6: 1W6+6 TP, 2 Stufen Paralyse Rüstungen schützen nicht vor diesem Zauber. Der Zauberspruch trifft sein Ziel automatisch und der Gegner kann weder ausweichen noch parieren.', 383, 14, 2, 4, 7, 6, 1, 2),
('B', 'Dieser Grundzauber der Antimagie beeinträchtigt alle Arten von Zauberei in QS x 2 Schritt Radius um den Zaubernden herum, indem störende Schwingungen in die umgebenden astralen Muster gesendet werden. Alle Proben auf Zaubersprüche, die in dieser Zone gewirkt werden oder dort ihre Wirkung entfalten sollen, sind erschwert. Dies gilt ebenso für Zauber, die der Zaubernde selbst wirkt. Der Zaubernde muss vor dem Wirken festlegen, ob die Zone sich mit ihm mit bewegen oder an Ort und Stelle bleiben soll. QS 1: Probenerschwernis –1 QS 2: Probenerschwernis –2 QS 3: Probenerschwernis –3 QS 4: Probenerschwernis –4 QS 5: Probenerschwernis –5 QS 6: Probenerschwernis –6', 384, 25, 1, 2, 4, 1, 17, 4),
('B', 'Um den Zaubernden herum bildet sich eine Kugel aus Dunkelheit mit einem Durchmesser von QS x 2 in Schritt. Pro QS erschweren sich die Sichtverhältnisse um eine Stufe. Weder natürliche noch übernatürliche Lichtquellen können diese Dunkelheit erhellen. Für den Zaubernden werden die Sichtverhältnisse durch den Zauber nicht erschwert, bestehende Sichtmodifikatoren gelten allerdings weiterhin. Der Zaubernde muss vor dem Wirken des Zaubers entscheiden, ob die Zone der Dunkelheit an Ort und Stelle verbleiben oder sich mit ihm als Zentrum bewegen soll.', 385, 26, 1, 2, 4, 1, 17, 4),
('C', 'Der Zaubernde erzeugt einen oder mehrere illusionäre Doppelgänger des Ziels, die sich synchron zu ihm bewegen und ständig mit ihm verschmelzen und sich wieder von ihm trennen. Je nach QS erscheinen mehrere Doppelgänger. Der Zaubernde kann sich entscheiden, weniger Doppelgänger als maximal möglich erscheinen zu lassen: QS 1: 1 Doppelgänger, aber nur 2 Kampfrunden QS 2: 1 Doppelgänger QS 3: 2 Doppelgänger QS 4: 3 Doppelgänger QS 5: 4 Doppelgänger QS 6: 4 Doppelgänger, aber doppelte Wirkungsdauer Da die Doppelgänger nicht vom Zaubernden zu unterscheiden sind, haben Angreifer mit Nah- und Fernkampfangriffen oder Zaubern eine entsprechende Chance, einen der Doppelgänger statt des Zaubernden zu treffen. Sollte der Zaubernde statt eines Doppelgängers getroffen werden, muss er den Angriff parieren oder ihm ausweichen. Flächenangriffe sind hiervon nicht betroffen. Mehr zu den Illusionen und wie man sie durchschaut siehe Seite 259.', 386, 27, 2, 3, 4, 2, 37, 2),
('C', 'Der Schatten des Zauberers wird durch diesen Zauberspruch belebt und kämpft für ihn. Mit dem Ecliptifactus kann der Magier immer nur einen Schatten heraufbeschwören. Erst nach Ablauf der Wirkungsdauer kann er den Zauber erneut wirken. Der Schatten besitzt die unten aufgeführten Werte. Zusätzlich erhält der Schatten folgende Boni: QS 1: keine Änderungen QS 2: +1 AT, +5 LeP, +1 SK QS 3: +1 AT, +1 PA, +1 AW, +1 TP, +5 LeP, +1 SK, Finte I QS 4: +2 AT, +1 PA, +1 AW, +1 TP, +1 RS, +10 LeP, +1 SK, Finte I QS 5: +2 AT, +2 PA, +2 AW, +1 TP, +1 RS, +10 LeP, +2 SK, Finte I QS 6: +3 AT, +2 PA, +2 AW, +2 TP, +1 RS, +15 LeP, +2 SK, Finte I+II Der Schatten ist außer durch Zauber mit dem Merkmal Antimagie nicht durch Magie beeinflussbar und erleidet keine Zustände. Sinken seine LeP auf 0, so verliert der Zaubernde schlagartig seine gesamte Astralenergie, davon 2 AsP permanent. Es dauert 7 Wochen, bis der Schatten sich regeneriert hat. Bis dahin besitzt der Zaubernde keinen Schatten und kann den Zauberspruch entsprechend auch nicht anwenden. Der fehlende Schatten wird in vielen Kulturen, besonders in den Ländern der Zwölfgöttergläubigen, als ein Stigma betrachtet. Ein fehlender Schatten wird schnell als ein Anzeichen gesehen, dass man es mit einem Dämonenbündler oder gar einem Geweihten des Namenlosen zu tun hat. Der Held bekommt für die Zeit ohne Schatten den Nachteil Stigma (siehe Regelwerk Seite 178).', 387, 28, 1, 3, 4, 1, 17, 2),
('C', 'Alle Fertigkeitsproben, die unter anderem auf Mut gewürfelt werden, sind um die QS erschwert. Zauberdauer: 4 Aktionen', 388, 15, 1, 3, 4, 4, 4, 3),
('A', 'Der Zauberer kann alle Lebewesen innerhalb der Reichweite des Zauberspruchs spüren, sofern sie mindestens so groß sind wie eine Ratte. Die Auren nimmt der Zauberer als grün-leuchtende Flecken wahr. Er ist jedoch nicht darauf angewiesen diese zu sehen, um Lebewesen zu spüren. Pflanzen, Pilze und Lebewesen, die kleiner als eine Ratte sind, können durch den Zauberspruch nicht erkannt werden. Bauwerke aus den Elementen Erz oder Eis stören die Wirkung des Spruches. Hinter einer Mauer aus Stein oder in einem Iglu kann der Zauberer also keine Lebewesen orten. Der Zauberer kann erkennen, um was für einen Typus von Lebewesen es sich handelt (siehe Regelwerk Seite 355).', 389, 17, 2, 3, 4, 14, 38, 2),
('B', 'Der Verzauberte baut eine geistige Verbindung zu seinem Ziel auf. Hierdurch wird für den Verzauberten der nächste Fernkampfangriff auf dieses Ziel um QS des Zaubers erleichtert.', 390, 17, 1, 2, 3, 2, 16, 2),
('B', 'Um den Zauberer herum entsteht eine QS Schritt messende Zone, in der allen Wesen eine problemlose Überquerung von Oberflächen des Elements Eis möglich ist, seien es Schneefelder oder hauchdünn gefrorene Wasserflächen. Ihre GS wird durch die Beschaffenheit des Untergrunds nicht vermindert und sie werden weder einsinken, einbrechen noch ausrutschen. Zudem erleiden sie keinen Schaden durch Kälte oder natürliches Eis. Die Wirkung erstreckt sich nicht auf größere Objekte wie Fahrzeuge. Zauberdauer: 8 Aktionen', 391, 16, 1, 2, 6, 1, 18, 4),
('A', 'Der Zaubernde erzeugt eine kleine, schwebende Kugel aus Licht. Sie ist entweder stationär oder folgt dem Zaubernden. Dies muss er vor dem Zaubern festlegen, ebenso wie die Farbe des Lichtes. Die maximal erzeugbare Helligkeit variiert je nach QS. Der Zaubernde kann die Helligkeit jedoch nach Wunsch einmalig verringern. Die Zone des Lichts variiert je nach Helligkeit. QS 1: Das Licht hat die Helligkeit einer Kerze. QS 2: Das Licht hat die Helligkeit einer Fackel. QS 3: Das Licht hat die Helligkeit eines Lagerfeuers. QS 4: Die Helligkeit des Lichts reicht aus, um einen Raum von 5 mal 5 Schritt auszuleuchten. QS 5: Die Helligkeit des Lichts reicht aus, um einen großen Saal auszuleuchten. QS 6: Das Licht ist blendend hell. Es ist kaum möglich, direkt hineinzusehen.', 392, 29, 1, 2, 4, 3, 17, 1),
('C', 'Durch diesen Zauberspruch öffnen sich einfache Schlösser automatisch, bei komplizierten Schlössern wird es leichter, sie zu öffnen. Pro QS werden Proben auf Schlösserknacken (Bartschlösser oder Kombinationsschlösser) und Kraftakt (Eintreten & Zertrümmern) gegen das Schloss um 1 erleichtert. Sollte der Gesamtmodifikator zum Knacken eines Schlosses dadurch zu einer Erleichterung werden, springt das Schloss augenblicklich auf. Die Erleichterung gilt binnen der Wirkungsdauer sowohl für den Zauberer als auch für andere Personen.', 393, 16, 2, 3, 5, 2, 4, 2),
('B', 'Durch den Fortifex entsteht eine durchscheinende, allerdings leicht flimmernde (und damit sichtbare)Wand, die für physische Objekte undurchdringlich ist. Die Wand kann beispielsweise Pfeile, Bolzen, einen Ignifaxius oder Lebewesen aufhalten. Sie schützt nicht vor Hitze, Kälte, Licht, Gasen, körperlosen Wesen oder Zaubern und Liturgien, die keine physische Komponente aufweisen. Der Zauberer muss einen Mittelpunkt innerhalb der Reichweite des Zauberspruchs benennen. Von dort aus wirkt gradlinig eine Barriere, die QS x 2 Schritt lang ist. Den exakten Verlauf durch den Mittelpunkt kann der Zauberer festlegen. Die Höhe der Barriere beträgt 3 Schritt. Eine Tiefe besitzt die Wand nicht. Man kann sie nur aufgerichtet platzieren, nicht flach hinlegen oder schräg stellen. Die Wand besitzt 100 Strukturpunkte. Sollten die Strukturpunkte auf 0 oder darunter sinken, löst sie sich auf.', 394, 15, 1, 3, 7, 3, 39, 3),
('C', 'Der Verzauberte erleidet Schaden, der auf seine Aura einwirkt und eine Reihe kleiner innerer Verletzungen erzeugt. Er erleidet 2W6+(QS x 2) Trefferpunkte. Rüstungen schützen nicht vor diesem Zauber. Der Zauberspruch trifft sein Ziel automatisch. Der Gegner kann weder ausweichen noch parieren.', 395, 14, 2, 3, 7, 3, 1, 1),
('B', 'Der Zauberspruch erschafft eine unsichtbare Kuppel um den Magier herum, die von außen kommende magische Angriffe absorbiert. Die Kuppel ist eigentlich eine Kugel, da jedoch der Magier meistens auf dem Boden steht, ist die Kugelform nicht so wichtig. Der Radius der Kuppel beträgt 3 Schritt, ihre Schildstärke die investierten AsP + QS x 3. Sie kann ihre Schildstärke in Trefferpunkten an Schaden absorbieren, die von Schaden verursachenden Zaubern erzeugt werden, hält jedoch weder magische Wesen noch magische Waffen ab. Fällt die Schildstärke unter 1, bricht die Kuppel zusammen. Schaden, der nicht mehr absorbiert werden kann, richtet Schaden an. Die Kuppel bewegt sich stets mit dem Zaubernden. Geschützt durch die Wirkung sind auch alle, die innerhalb der Kuppel stehen.', 396, 30, 1, 2, 4, 1, 4, 1),
('C', 'Innerhalb eines Radius’ von QS Schritt vermag der Zauberer alle Materie des Elements Eis zu verformen, solange sie nicht Teil eines Wesens ist. Auf diesem Wege können beispielsweise Eisbrocken zu einer Wand zusammengefügt oder eine Behausung aus gepresstem Schnee errichtet werden. Der Prozess geht dabei nur langsam vonstatten. Soll das Material in eine bestimmte Richtung geformt werden, dauert dies 1 KR pro Spann. Die Erschaffung von besonderen Objekten wie Kunstwerken oder nutzbaren Gegenständen erfordert es sogar, ein Drittel der normalen Herstellungszeit aufzuwenden. In diesem Fall ist es außerdem nicht möglich, an mehr als einem Objekt gleichzeitig zu arbeiten oder parallel andere Verformungen durchzuführen. Für die Ermittlung der Qualität solcher Objekte wird QS/2 des Zaubers als QS des entsprechenden Handwerkstalents herangezogen. Eine Änderung der Materialart oder der Materialqualität ist mit dem Ritual nicht möglich. Am Ende der Wirkungsdauer ist das Verformte wieder den normalen Gesetzen der Natur ausgeliefert.', 397, 15, 2, 5, 8, 1, 26, 11),
('B', 'Der Verzauberte verspürt eine unbändige Gier nach einem Objekt oder einer Handlung, die der Zaubernde ihm nennt. Er wird alles ihm Mögliche tun, um dieses Ziel zu erreichen, solange er Leib und Leben damit nicht gefährdet. Er erhält eine Schlechte Eigenschaft Gier nach … für die Wirkungsdauer des Zauberspruchs.', 398, 16, 1, 3, 4, 15, 22, 2),
('C', 'Das Opfer dieses Druidenzaubers erleidet je nach QS unterschiedliche Stufen Verwirrung: QS 1: 1 Stufe Verwirrung, aber nur für 2 KR QS 2: 1 Stufe Verwirrung QS 3: 2 Stufen Verwirrung QS 4: 3 Stufen Verwirrung QS 5: 4 Stufen Verwirrung QS 6: 4 Stufen Verwirrung, aber für die doppelte Wirkungsdauer', 399, 15, 1, 2, 4, 3, 40, 2),
('B', 'Der Zaubernde nimmt die Gestalt einer unauffälligen Person wie eines Dieners oder eines Bettlers an, die an dem entsprechenden Ort nicht auffällt. Dies umfasst sowohl das Aussehen als auch die passende Stimme, jedoch nicht Kenntnisse wie Sprachen oder angemessenes Verhalten. Größere Gegenstände und Vertrautentiere werden nicht mit dem Zauberspruch verborgen. Der Zauberspruch wirkt intuitiv, daher kann die Hexe nicht explizit festlegen, welches Aussehen sie annimmt. Mehr zu Illusionen und wie man sie durchschaut siehe Regelwerk Seite 259.', 400, 31, 2, 3, 4, 1, 17, 3),
('C', 'Der Druide kann mit diesem Zauberspruch ein Tier der Größenkategorie groß und kleiner beherrschen. Es hört auf jeden Befehl des Druiden und ist auch bereit, für ihn bis zum Tod zu kämpfen. Allerdings muss das Tier auch in der Lage sein, den Befehl auszuführen. Es muss ein Wesen der Kategorie domestiziertes Tier oder Wildtier sein (kein Ungeheuer). Auch Salz- oder Süßwassertiere kommen in Frage. Mit dem Zauberspruch kann stets nur ein einzelnes Wesen beherrscht werden. Solange die Wirkungsdauer anhält, kann der Druide also kein weiteres Tier durch den Zauberspruch beherrschen.', 401, 32, 1, 3, 4, 3, 41, 3),
('B', 'Die Zaubernde kann hölzerne Gegenstände telekinetisch anheben und bewegen. Der Gegenstand kann auch andere Materialien beinhalten, die dann zum Gewicht dazu zählen, aber zumindest ein Teil muss aus Holz bestehen. Die Gegenstände bewegen sich mit einer Geschwindigkeit von maximal QS + 2 Schritt pro Aktion und dürfen maximal QS x 20 Stein wiegen. Pro 5 Stein Gewicht muss die Zaubernde dafür 1 AsP aufbringen. Befinden sich andere Objekte an oder auf dem zu bewegenden Gegenstand, zählt deren Gewicht mit hinzu. Die Bewegungen des Objekts sind träge, weshalb sie für Angriffe oder Paraden ungeeignet sind. Um ein so bewegtes Objekt durch Festhalten oder Drücken aufzuhalten, ist eine um die QS erschwerte Probe auf Kraftakt (Ziehen & Zerren) nötig.', 402, 33, 2, 5, 8, 6, 17, 1),
('B', 'Der Speichel der Hexe verwandelt sich augenblicklich in ätzende Säure, die für die Hexe selbst jedoch harmlos ist. Der Speichel verursacht 1W6+(QS) Trefferpunkte an dem nächsten Ziel, das die Hexe anspuckt. Die Spuckreichweite beträgt 3 Schritt. Die Hexe muss keine zusätzliche Aktion aufwenden, um nach dem Wirken des Zaubers zu spucken. Das Spucken ist in der Zauberdauer inbegriffen. Die Spucke trifft automatisch, wenn der Gegner sich nicht verteidigt. Der Spuckangriff zählt als Fernkampfangriff mit einer Schusswaffe und kann entsprechend geblockt werden, und auch ein Ausweichen ist möglich. An Schilden erzeugt er Strukturschaden, wenn er auf sie trifft. Trifft die Spucke ihr Ziel, werden die TP durch den RS des Ziels vermindert.', 403, 34, 2, 3, 7, 1, 1, 1),
('C', 'Der Hexenknoten erzeugt eine imaginäre Barriere für alle Kulturschaffenden, die sich der Barriere bis auf 16 Schritt nähern. Jedes Opfer nimmt die Barriere anders war, z. B. als Abgrund oder Feuerwand. Auch wenn mehreren Opfern auffällt, dass sie jeweils etwas anderes wahrnehmen, können sie dieses Hindernis nicht überwinden. Die Hexe muss einen Mittelpunkt innerhalb der Reichweite des Zauberspruchs benennen. Von dort aus wirkt gradlinig eine Barriere, die QS x 2 Schritt lang ist. Den exakten Verlauf durch den Mittelpunkt kann die Hexe festlegen. Ein Held, der die Barriere des Hexenknotens dennoch überschreiten will, muss eine Probe auf Willenskraft (Bedrohungen standhalten) erschwert um 2+QS des Zauberspruchs bestehen. Gelingt diese, kann er passieren und die Barriere übt während ihrer Wirkungsdauer keinen Einfluss mehr auf ihn aus. Misslingt die Probe, bleibt der Hexenknoten für ihn ein unüberwindbares Hindernis. Ein Held kann 1 Aktion aufwenden und mit einer Wiederholungsprobe erneut versuchen, die Barriere zu durchdringen.', 404, 15, 1, 3, 4, 6, 42, 3),
('A', 'Der Hexe wachsen an beiden Händen scharfe Krallen. Sie verursacht damit 1W6+3 TP im Nahkampf und verwendet dafür die Kampftechnik Raufen. Die Hexe gilt damit weiterhin als unbewaffnet. Hexenkrallen gelten als magische Waffen.', 405, 17, 2, 3, 7, 1, 7, 1),
('B', 'Der Verzauberte erleidet Schmerzen, die sich oft in Krämpfen manifestieren. Der Höllenpein ersetz bei Folterungen das Talent Einschüchtern (Folter). Das Opfer muss eine Vergleichsprobe mit Selbstbeherrschung (Folter widerstehen) gegen den Höllenpein bestehen, die um die Schmerzstufe des Zauberspruchs erschwert ist (zusätzlich zu allen sonstigen Modifikatoren). Der Zaubernde hat nach dem Wirken des Zaubers QS Kampfrunden Zeit, um sein Ziel zu berühren, damit der Spruch seine Wirkung entfalten kann. Ansonsten verpufft der Zauber wirkungslos. Will ein Ziel nicht berührt werden, ist eine gelungene, nicht verteidigte Raufen-AT notwendig. QS 1: keine zusätzliche Wirkung QS 2: 1 Stufe Schmerz, 0 SP QS 3: 1 Stufe Schmerz, 1 SP QS 4: 2 Stufen Schmerz, 1 SP QS 5: 2 Stufen Schmerz, 2 SP QS 6: 3 Stufen Schmerz, 2 SP', 406, 16, 1, 3, 4, 2, 4, 3),
('B', 'Dem Verzauberten gegenüber wirkt der Zaubernde wie eine Angst einflößende Gestalt aus seinen Alpträumen. Die Stärke dieses Eindrucks variiert mit der QS: QS 1: 1 Stufe Furcht, aber nur für 2 KR QS 2: 1 Stufe Furcht QS 3: 2 Stufen Furcht QS 4: 3 Stufen Furcht QS 5: 4 Stufen Furcht QS 6: 4 Stufen Furcht, aber für die doppelte Wirkungsdauer', 407, 16, 1, 3, 4, 3, 18, 2),
('C', 'Aus den Fingern des Zaubernden schießt einen Flammenstrahl, der in gerader Linie sein Ziel trifft. Der Magier muss keine zusätzliche Aktion aufwenden, um nach dem Wirken des Zaubers zu treffen. Das Treffen ist in der Zauberdauer inbegriffen. Das getroffene Ziel erleidet 2W6+(QS x 2) Trefferpunkte Schaden. Der Flammenstrahl zählt als Fernkampfangriff mit einer Schusswaffe und kann entsprechend geblockt werden, und auch ein Ausweichen ist möglich. An Schilden erzeugt er Strukturschaden, wenn er auf sie trifft. Der Strahl trifft automatisch, wenn man sich nicht verteidigt. Trifft der Flammenstrahl sein Ziel, werden die TP durch den RS des Ziels vermindert. Entflammbare Ziele werden bei 1-3 auf 1W6 angezündet.', 408, 14, 1, 2, 4, 6, 1, 2),
('D', 'Aus den Händen des Zaubernden schießt ein Feuerball, der in gerader Linie sein Ziel trifft. Der Treffer des Feuerballs erfolgt am Ende der Zauberdauer, der Magier muss keine zusätzliche Aktion dafür aufwenden. Der Feuerball explodiert, wenn er sein Ziel oder auf ein großes, festes Hindernis trifft (z. B. eine Wand oder einen Schild). Verlässt der Feuerball die Reichweite, ohne ein Ziel zu treffen, so löst er sich auf. Auch die Gefährten des Zauberers können von dem Feuerball getroffen werden, wenn er explodiert. Der Radius der Explosion beträgt 5 Schritt. Der Schaden beträgt bis zu einem Schritt vom Zentrum entfernt 2W6+(QS x 3) Trefferpunkte (auch gegen leblose Objekte als Strukturschaden). Pro Schritt Entfernung von diesem Bereich verringert sich der Schaden um jeweils 3 TP. Der Feuerball trifft automatisch, wenn man ihm nicht aktiv zu entgehen versucht. Dazu muss eine Verteidigung eingesetzt und eine Probe auf Körperbeherrschung (Kampfmanöver) abgelegt werden. Pro QS hat der Held sich 1 Schritt vom Zentrum der Explosion entfernt. Trifft der Feuerball sein Ziel, werden die TP durch den RS des Ziels vermindert. Entflammbare Ziele fangen bei 1-3 auf 1W6 Feuer.', 409, 35, 1, 2, 7, 5, 1, 3),
('A', 'Es manifestiert sich eine Handvoll Substanz aus den Niederhöllen. Meist handelt es sich um Schleim, Säure, schweflige Dämpfe oder flüssiges Feuer. Das genaue Ergebnis der Beschwörung lässt sich nicht beeinflussen. Der Zauberspruch gilt als einfacher und risikoarmer Übungszauber für Beschwörer (Insgesamt erscheint etwa eine Menge von 0,05 l pro QS).', 410, 17, 1, 4, 7, 16, NULL, 3),
('B', 'Das Ziel erhält den Status Blutrausch.', 411, 15, 1, 3, 4, 3, 43, 3),
('A', 'Die Lichtempfindlichkeit der Augen des Zieles erhöht sich ungemein. So kann es auch in fast völliger Dunkelheit deutlich besser sehen. Pro QS sinkt die Stufe der Sichterschwernis um 1. In völliger Dunkelheit nützt dieser Zauberspruch nichts.', 412, 36, 2, 3, 7, 1, 17, 3),
('B', 'Der Zauberspruch hebt die Wirkung eines Giftes auf. Die Giftstufe darf die QS nicht übersteigen, sonst wirkt der Zauber nicht und gilt als misslungen. Zauberdauer: 4 Aktionen AsP-Kosten: 3 AsP pro Giftstufe (Kosten nicht modifizierbar) Reichweite: 4 Schritt Wirkungsdauer: sofort Zielkategorie: Lebewesen Merkmal: Heilung Verbreitung: allgemein Steigerungsfaktor: B', 413, 37, 2, 3, 4, 4, 1, 3),
('A', 'Der Verzauberte kann einmalig unnatürlich weit und hoch springen. Die Weite des Sprungs wird um QS + 3 in Schritt erhöht, die Höhe um QS. Mehr zu den Regeln des Springens siehe Regelwerk Seite 349. Zauberdauer: 2 Aktionen AsP-Kosten: 2 AsP Reichweite: Berührung Wirkungsdauer: sofort Zielkategorie: Lebewesen Merkmal: Verwandlung Verbreitung: Hexen Steigerungsfaktor: A', 414, 38, 2, 3, 7, 2, 1, 2),
('A', 'Es manifestiert sich eine Handvoll eines bestimmten Elements nach Wahl des Zaubernden. Es handelt sich um einfache Manifestationen wie eine kleine Flamme, einen Kieselstein oder ein Stück Eis. Elementaristen erlernen diesen Zauberspruch früh in ihrer Ausbildung, um die Grundzüge der Herbeirufung zu erlernen, ohne Elementare zu belästigen (Insgesamt erscheint etwa eine Menge bvon 0,05 l pro QS).', 415, 17, 1, 2, 4, 16, 1, 3),
('A', 'Der Zaubernde kann auf QS Schritt Distanz unbelebte Gegenstände verschieben, drehen, verformen und biegen, als würde er sie mit einer Hand ergreifen. Er kann jedoch maximal 1 Kilogramm damit anheben. Bei Proben auf Talente, beispielsweise um mit einem telekinetisch gehaltenen Pinsel etwas zu malen oder mit dem Zauberspruch eine Figur aus Ton zu formen, haben die dazu nötigen körperlichen Eigenschaften einen Wert von QS + 7. Die Werte können auch die des Helden übersteigen. Die Krafteinwirkungen wirken punktuell und recht langsam. Daher können mit den so manipulierten Gegenständen keine Attacken oder Paraden ausgeführt werden.', 416, 20, 2, 5, 8, 1, 17, 2),
('A', 'Durch den Zauberspruch kann sich der Zauberer alles einprägen, was er in den nächsten QS x 5 Minuten wahrnimmt, als besäße er ein fotografisches Gedächtnis. Dies kann ein Gespräch, gelesene Seiten, Wegstrecken, optische Eindrücke oder Gerüche umfassen. Zauberdauer: 4 Aktionen AsP-Kosten: 4 AsP Reichweite: 8 Schritt Wirkungsdauer: 1 Jahr Zielkategorie: Kulturschaffende (selbst) Merkmal: Verwandlung Verbreitung: Druiden, Gildenmagier Steigerungsfaktor: A', 417, 17, 2, 2, 3, 3, 21, 3),
('B', 'Der Zaubernde kann unbelebte Gegenstände telekinetisch anheben und bewegen. Sie bewegen sich mit einer Geschwindigkeit von maximal QS + 2 Schritt pro Aktion und dürfen maximal QS x 20 Stein wiegen. Pro 5 Stein Gewicht muss der Zaubernde dafür 1 AsP aufbringen. Befinden sich andere Objekte auf dem zu bewegenden Gegenstand, zählt deren Gewicht mit hinzu. Die Bewegungen des Objekts sind träge, weshalb sie für Angriffe oder Paraden ungeeignet sind. Um ein so bewegtes Objekt durch Festhalten oder Drücken aufzuhalten, ist eine um QS erschwerte Probe auf Kraftakt (Ziehen & Zerren) nötig.', 418, 39, 2, 5, 8, 3, 17, 2),
('C', 'Der Zaubernde erschafft eine Zone aus dichtem Nebel, der sich von Wind nicht fortwehen lässt. Je investiertem AsP kann er 200 Kubikmeter Nebel erschaffen (was etwa einer kleineren Hütte entspricht). Die Nebelwolke kann nach Belieben geformt werden, ob als kompakte Kugel, als lang gezogenes Band oder gar in Form eines Drachen. Der Nebel erzeugt einen Sichtmodifikator der Stufe 2.', 419, 30, 1, 2, 4, 6, 44, 2),
('B', 'Mit diesem Illusionszauber ist die Täuschung des Sichtsinnes möglich. Es lassen sich bewegliche dreidimensionale Illusionen erzeugen, die sich rein auf Sicht auswirken. Details zum Thema Illusionen finden sich im Abschnitt Illusionsregeln im', 420, 20, 2, 3, 4, 3, 17, 3),
('A', 'Mit diesem Zauberspruch lässt sich aktives magisches Wirken auf Gegenständen und Personen erkennen. Je nach Stärke der astralen Kräfte im Objekt kann die Probe erleichtert oder erschwert werden. Je nach QS können dabei nachfolgende Analysen mittels des Zaubers Analys beeinflusst werden. Der Zauberer kann nur ein ausgewähltes Wesen oder Objekt in Reichweite untersuchen. Er hat keine Rundumsicht. QS 1: Ist Magie vorhanden oder nicht? QS 2: Die maximale QS bei der Magischen Analyse steigt um 1. QS 3: Die Fertigkeitsprobe eines Analys auf das gleiche Objekt ist um 1 erleichtert. QS 4: Die Fertigkeitsprobe eines Analys auf das gleiche Objekt ist um 2 erleichtert. QS 5: Die maximale QS bei der Magischen Analyse steigt um 2. QS 6: Die Fertigkeitsprobe eines Analys auf das gleiche Objekt ist um 3 erleichtert. Die Boni für die maximale QS bei der Magischen Analyse sind nicht kumulativ bzw. auch nicht die Erleichterungen beim Analys. Wer also QS 4 beim Odem erzielt hat, bekommt keine Erleichterung von 3 (1 durch QS 3 + 2 durch QS 4), sondern nur eine von 2. Allerdings erhält der Held die höchsten Boni der beiden Verbesserungsmöglichkeiten. Ein Held mit QS 6 bekommt also eine Erleichterung von 3 auf den nachfolgenden Analys (durch QS 6) und die maximale QS bei der Magischen Analyse ist um 2 erhöht (durch QS 5). Mehr zur Magischen Analyse siehe Regelwerk Seite 269.', 421, 17, 2, 3, 3, 3, 3, 2),
('B', 'Der  Körper  des  Verzauberten  versteift und verhärtet sich. Wird er vollständig paralysiert (Stufe IV), verwandelt sich sein Körper in eine unzerstörbare Substanz, ohne sein Gewicht zu verändern. Ein so versteinerter Körper ist durch gewöhnliche Waffen, Feuer oder Stürze nicht zu verletzen. Das  Opfer  kann  sich  nicht  bewegen,  fühlen  oder hören, aber innerhalb seines Sichtfeldes sehen. Die Wirkung  von  Giften  und  Krankheiten  kommt  zum Stillstand.', 422, 16, 2, 3, 7, 3, 6, 2),
('B', 'Der Zaubernde kann durch feste Materie blicken. Pro QS kann der Zaubernde 20 Halbfinger durchblicken. Magiestörendes Material kann die Probe erschweren (z. B. Eisen –1, Koschbasalt –4). Magische Objekte können nicht durchblickt werden. Herrscht auf der anderen Seite des Hindernisses Dunkelheit oder Nebel, wirkt sich dies ganz normal auf die Sicht des Zaubernden aus.', 423, 40, 1, 2, 3, 1, 17, 2),
('A', 'Mit diesem Zauberspruch kann der Druide erspüren, welche Art von Krankheit das Opfer befallen hat. Je mehr QS er erzielt, desto mehr kann er über die Erkrankung herausfinden. Zudem erhält er eine Erleichterung von QS/2, wenn er zur Behandlung eines Patienten eine Probe auf Heilkunde Krankheiten ablegt. QS 1: Hat das Opfer den Status Krank? QS 2: Welche Stufe hat die Krankheit? Hat das Opfer schon jemand anderen mit der Krankheit angesteckt? QS 3: Wie heißt die Krankheit? Litt das Opfer schon einmal an der Krankheit? QS 4: Welche Behandlung gibt es? QS 5: Welche Gegenmittel gibt es? QS 6: Gibt es besondere Umstände (z. B. magische Ursache)?', 424, 16, 1, 2, 3, 16, 1, 3),
('B', 'Mittels dieses Zauberspruchs wird kurzfristig die Resistenz gegen geistige Beeinflussung gestärkt. Die Seelenkraft verbessert sich um QS/2.', 425, 41, 2, 3, 5, 2, 17, 4),
('B', 'Der Besen oder ein anderer Stab oder Stock nach Wahl des Zaubernden greift von sich aus einen von der Hexe bestimmten Gegner innerhalb von 8 Schritt an (nach dem Wirken des Zaubers können Ziel und Besen sich weiter entfernen). Er gilt während des Zaubers als unzerbrechlich und magisch und schlägt eine Attacke pro Runde zu. Er kann dabei keine Kampfmanöver ausführen. Seine Werte sind INI 12+1W6, AT 10+(QS), TP 1W6+3, GS 12. Sollte der Besen vor Ablauf der Wirkungsdauer den Gegner getötet haben oder keinen Gegner mehr vor sich haben, dann greift er ein weiteres zufälliges Opfer innerhalb von 16 Schritt an (eventuell auch die Hexe selbst). Ist kein Opfer in dieser Reichweite, endet der Zauber. Um den Besen festzuhalten, ist ein erfolgreicher Angriff mit Raufen und der Sonderfertigkeit Haltegriff nötig. Für diese Zwecke verfügt der Stab über eine PA in Höhe der Hälfte der AT und einen Wert in Kraftakt von 10 Punkten mit Eigenschaften von 14 für die Probe.', 426, 28, 2, 5, 8, 6, 17, 2),
('B', 'Der Verzauberte muss auf QS Fragen wahrheitsgemäß antworten. Die Fragen müssen mit Ja oder Nein zu beantworten sein. Auf andere Fragen kann der Verzauberte schweigen. Das Opfer ist sich während der Wirkung des Zaubers bewusst, was es sagt. Das Opfer muss die Sprache des Zauberers verstehen und sprechen können, ansonsten kann es ihm nicht antworten.', 427, 16, 1, 3, 4, 2, 8, 2),
('C', 'Mit diesem Zauberspruch wird ein Lebewesen in ein anderes, kleineres und leichteres Lebewesen verwandelt. Bei sehr massiven Änderungen (Mammut zu Maus) ist die Probe um bis zu 3 erschwert. Es kann nur in Lebewesen verwandelt werden, die dem Zaubernden bekannt sind. Das Ziel behält einen kleinen Teil seiner geistigen Fähigkeiten und Erinnerungen, übernimmt jedoch die körperlichen Fähigkeiten der neuen Gestalt. Zudem behält es seine Lebensenergie und seinen natürlichen Rüstungsschutz, weshalb ein in einen Löwenzahn verwandelter Krieger kaum auszureißen ist. Das Ziel kann nicht in magische oder übernatürliche Lebewesen verzaubert werden. Ausrüstung wird nicht mitverwandelt. Verwandelte können sich nach dem Ende der Wirkungsdauer bruchstückhaft an die Zeit als Tier oder Pflanze erinnern. Details zum Thema Verwandlung finden sich im Abschnitt Verwandlungsregeln im Regelwerk auf Seite 258.', 428, 15, 2, 3, 7, 2, 9, 4),
('A', 'Das verzauberte Tier wird friedfertig und lässt sich ohne Schwierigkeiten von dem Zauberer anfassen. Der Zauberspruch lässt sich nur auf Tiere anwenden.', 429, 17, 1, 3, 4, 3, 18, 2),
('B', 'Der Zaubernde erzeugt subtile Veränderungen seines Körpers, die ihn begehrlicher wirken lassen. Haar und Teint werden verbessert, die Zähne aufgehellt und begradigt und die gesamte Statur dem gewünschten Schönheitsideal angepasst. Proben auf das Talent Betören (Anbändeln, Liebeskünste) und Überreden (Schmeicheln) sind um QS erleichtert. Je nach Situation können andere Gesellschaftstalente auf die gleiche Weise erleichtert werden. Auf Wesen mit anderem Schönheitsideal wirkt die Veränderung nicht.', 430, 16, 2, 3, 7, 1, 9, 3),
('C', 'Die Hexe ruft mit diesem Zauberspruch bis zu QS x 2 Schlangen herbei, die für sie kämpfen. Es erscheinen maximal so viele Schlangen, wie die Anzahl der Gegner der Hexe beträgt. Die Hexe muss einen Punkt dem die Tiere dann in einem Radius von QS/2 Schritt erscheinen. Die Hexe kann gezielt Gegner benennen, welche die Schlangen dann angreifen. Sie kann jedoch nicht mehrere Tiere auf einen Gegner hetzen. Stirbt ein Gegner, verschwindet die gerufene Schlange wieder im Nichts. Nach ihrem Erscheinen können die Schlangen sich beliebig weit vom Ort ihrer Herbeirufung wegbewegen. Die Schlangen sind magische Wesen, die aus Magie erschaffen wurden. Endet die Wirkungsdauer, verschwinden die Schlangen wieder im Nichts. Ihre Werte entsprechen der Stabschlange (siehe Regelwerk Seite 329), allerdings sind sie ungiftig.', 431, 15, 1, 4, 4, 3, 45, 3),
('B', 'Das Ziel erhält 1 Stufe des Zustands Furcht, der sich gegen alles richtet, was Schwarz ist.', 432, 16, 1, 3, 4, 3, 46, 3),
('B', 'Der Zaubernde kann die Gefühle des Verzauberten ergründen. Der Zauber offenbart nur die Gefühle selbst, nicht jedoch deren Grund oder Ursprung. Für den Zaubernden sind Proben auf Menschenkenntnis (Lügen durchschauen oder Motivation erkennen) gegen das Ziel des Sensibar um die erreichte QS erleichtert. Der Verzauberte kann bemerken, dass etwas Fremdes in seinen Geist blickt. Hierzu muss ihm eine Erfolgsprobe auf Sinnesschärfe erschwert um die QS des Zaubers gelingen. Er kann aber auch dann nicht zweifelsfrei sagen, wer dafür verantwortlich ist. Mit einer Probe auf Willenskraft, ebenfalls erschwert um die QS des Zaubers, kann er seine Gefühle gezielt unterdrücken. Ist der Verzauberte emotional stark aufgewühlt, ist dies jedoch nach Meisterentscheid um bis zu 3 Punkte zusätzlich erschwert.', 433, 42, 1, 3, 4, 4, 17, 3),
('B', 'Der Zaubernde erschafft eine kugelförmige Zone, in der keine Geräusche mehr übertragen werden. Der Radius der Zone beträgt QS x 3 in Schritt. Die Zone entsteht mit dem Zaubernden als Mittelpunkt. Er kann sich vor der Fertigkeitsprobe entscheiden, ob sie sich mit ihm mit bewegt oder an Ort und Stelle verbleiben soll. In letzterem Falle darf er sich maximal QS x 3 Schritt von der Zone entfernen, ansonsten endet der Zauber.', 434, 20, 2, 5, 8, 1, 17, 4),
('B', 'Der Zauberspruch betäubt den Bezauberten. Erreicht er so Betäubung Stufe IV, schläft er ein und ist vor Ablauf der Wirkungsdauer nur durch großen Lärm, kräftiges Anstoßen oder Ähnliches zu wecken. Ungestört schläft er, bis er auf natürlichem Wege erwacht. QS 1: 1 Stufe Betäubung, aber nur für 1 Minute QS 2: 1 Stufe Betäubung QS 3: 2 Stufen Betäubung QS 4: 3 Stufen Betäubung QS 5: 4 Stufen Betäubung QS 6: 4 Stufen Betäubung, aber für die doppelte Wirkungsdauer', 435, 16, 1, 3, 4, 3, 7, 4),
('A', 'Hände und Füße des Verzauberten erhalten die Eigenschaft, sich auch an den glattesten Oberflächen festsaugen zu können. So kann er glatte Felswände und Mauern überwinden und an Decken Halt finden. Das Gewicht des Verzauberten ändert sich nicht. Daher kann es bei verputzten Wänden passieren, dass sich der Putz an Händen und Füßen unter der Belastung von der Mauer löst. Der Verzauberte muss sich mindestens mit drei Gliedmaßen festhalten. Für jeweils 2 QS kann es eine Gliedmaße weniger sein bis zu einem Minimum von einer Gliedmaße.', 436, 20, 2, 3, 7, 1, 17, 3),
('B', 'Der Zaubernde hinterlässt keine Spuren mehr. Er knickt keine Grashalme um und erzeugt keine Fußabdrücke auf weichem Boden. Selbst verräterische Gerüche hinterlässt er nicht. Um Spuren des Zaubernden zu finden oder zu verfolgen, sind Proben auf Fährtensuchen um QS erschwert.', 437, 20, 2, 5, 8, 1, 17, 3),
('C', 'Der Zauberer muss einen Mittelpunkt innerhalb der Reichweite des Zauberspruchs benennen, um den herum sich die Zone kugelförmig mit einem Radius von QS x 2 Schritt ausbreitet. Innerhalb dieser verdichtet sich die Luft zu einer nur mühsam zu durchdringenden Masse, die Attacken, Verteidigungen sowie Proben auf körperliche Talente um 2 erschwert und die GS um den gleichen Wert senkt. Durchquert die Flugbahn eines Projektils die Zone zumindest teilweise, werde die angerichteten TP halbiert. Stürze in der Zone oder in die Zone hinein sind wie Stürze ins Wasser zu werten.', 438, 15, 1, 3, 7, 6, 37, 2),
('A', 'Durch diesen Zauberspruch kann der Druide Astralkraft in Zutaten für Alchimica einfließen lassen. Zum einen erhöht er die Haltbarkeit von Zutaten und/oder Alchimica um die Wirkungsdauer des Zauberspruchs, zum anderen hat erhält der Druide eine Erleichterung von 1 bei der Probe auf Alchimie, um das Elixier herzustellen.', 439, 16, 2, 3, 3, 2, NULL, 3),
('C', 'Mittels dieses Zaubers kann ein Held sich und maximal QS x 5 Stein Gegenstände (Kleidung, Waffen usw.) an einen anderen Ort teleportieren. Je näher Gegenstände am Körper liegen (meist die Kleidung), desto eher reisen sie mit dem Zaubernden mit. Sie reisen entweder am Stück mit oder bleiben zurück, werden jedoch nicht zerteilt. Die exakte Auswahl trifft der Meister. Der Held muss schon einmal an dem Zielort des Zaubers gewesen sein oder ihn sehen können. Der Ort darf maximal QS x 3 Meilen vom Zaubernden entfernt sein. Wenn er ihn nur sieht, ist die Probe um 2 erschwert.', 440, 43, 1, 4, 7, 1, 1, 4),
('C', 'Mit diesem Zauberspruch kann die Hexe ein Opfer, solange sie ihren Blick nicht von ihm abwendet, hypnostieren und somit lähmen. Das Opfer erleidet je nach QS die folgenden Einbußen. Die Wirkung ist nicht kumulativ, es gelten die Auswirkungen der höchsten QS. QS 1: Status Fixiert QS 2: 1 Stufe Paralyse, Status Fixiert QS 3: 2 Stufen Paralyse, Status Fixiert QS 4: 3 Stufen Paralyse, Status Fixiert QS 5: 4 Stufen Paralyse, Status Fixiert QS 6: 4 Stufen Paralyse, Status Handlungsunfähig Die Hexe muss dem Opfer in die Augen starren, um es zu fixieren. Alle ihre Proben sind um 2 Punkte erschwert, solang sie starrt. Schließt sie ihre Augen, wendet den Blick ab oder entfernt sie sich weiter vom Opfer, als die Reichweite des Zaubers beträgt, endet die Wirkung augenblicklich. Erleidet das Opfer TP oder SP, oder wird es von der Fixierungsstelle bewegt, endet der Zauberspruch ebenfalls. Wird der Sichtkontakt kurzzeitig unterbrochen (z. B., weil jemand in die Blicklinie läuft, es zu dunkel wird oder die Augen der Hexe mit einer Hand verdeckt werden), so muss die Hexe eine Probe auf Selbstbeherrschung (Störungen ignorieren) ablegen, um den Spruch aufrechtzuerhalten. Wird der Sichtkontakt länger als 2 KR unterbrochen, endet die Wirkung. Das Opfer kann den Blickkontakt von sich aus nicht abbrechen. Während der Wirkung des Spruches kann das Opfer keine Attacken, Fernkampfangriffe oder Verteidigungen ausführen.', 441, 44, 1, 1, 4, 3, 47, 3),
('B', 'Der Verzauberte wird innerhalb von 20 – (QS x 3) Kampfrunden unsichtbar. Während dieser Zeit wird er immer durchscheinender, bis er schließlich nicht mehr zu sehen ist. Die Unsichtbarkeit gilt nur für ihn selbst, nicht für Kleidung oder Ausrüstungsgegenstände. Substanzen, die länger als 20 Sekunden im Körper verbleiben, werden auch unsichtbar. Substanzen, die den Körper verlassen, werden entsprechend nach 20 Sekunden wieder sichtbar. Während der Wirkungsdauer erhält der Verzauberte den Status Unsichtbar. Zauberdauer: 4 Aktionen', 442, 25, 2, 3, 7, 2, 17, 3),
('B', 'Der Verzauberte kann sowohl normale Luft als auch Wasser atmen. Er kann grundsätzlich 1 Minute pro QS unter Wasser atmen + je nach AsP-Einsatz.', 443, 20, 2, 3, 7, 2, 17, 4),
('C', 'Zunge und Lippen des Opfers sind gelähmt. Seine Fähigkeit, verständlich zu sprechen ist daher stark beeinträchtigt. Der Verzauberte erhält den Status Stumm.', 444, 16, 2, 3, 4, 3, 25, 2),
('C', 'Durch den Zauberspruch ist das Opfer dazu gezwungen, unkontrolliert zu tanzen. Es bewegt sich dabei nicht weiter als QS Schritt vom Ort seiner Verzauberung weg. Dabei vermeidet es Stürze in Spalten, Abgründe oder ähnliche Gefahren. Während des Tanzeserhält es den Status Handlungsunfähig. Allerdings gilt das Opfer nicht als Liegend und es verfügt noch über seine normale GS, die allerdings ausschließlich beim Tanzen zum Einsatz kommt. Alle Attacken und Fernkampfangriffe gegen das Opfer sind aufgrund der unvorhersehbaren Bewegungen um 4 Punkte erschwert. Zauberdauer: 4 Aktionen', 445, 15, 1, 2, 4, 3, 48, 3);

--
-- Daten für Tabelle `zaubertrick`
--

INSERT INTO `zaubertrick` (`wirkung`, `id`, `reichweite_id`, `wirkungsdauer_id`) VALUES
('Der Zauberer senkt die Temperatur einer kleinen Menge Flüssigkeit (maximal ein Becher voll) um bis zu 10 Grad.', 446, 2, 1),
('Der Druide kann seinen Bart augenblicklich auf bis zu 1 Schritt Länge wachsen lassen. Normales und magisches Haar unterscheidet sich optisch nicht voneinander. Schneidet der Druide den durch den Zaubertrick gewachsenen Bart ab, lösen sich die abgeschnittenen Haare sofort auf.', 447, 1, 1),
('Ein einzelnes Wort oder ein anderes kurzes, nicht allzu lautes Geräusch nach Wahl erklingt bis zu 8 Schritt entfernt vom Zaubernden.', 448, 3, 2),
('Mit Hilfe dieses Zaubertricks sendet der Druide einen Befehl an ein nahes, kleines Tier (z. B. Eichhörnchen, Amsel), das ihm eine Nuss oder einige Beeren bringt. Zum Sattwerden reicht dies jedoch nicht aus, erst 30 Anwendungen des Zaubertricks ergeben eine Ration Nahrung.', 449, 17, 1),
('Der Zauberer riecht für etwa 5 Minuten nach einem Parfüm oder einem anderen für ihn angenehmen Geruch.', 450, 1, 4),
('Eine kleine Flamme entsteht etwa einen Zentimeter über einem Finger des Zaubernden. Sie brennt bis zu 5 Minuten. Der Zaubertrick schützt die Hand nicht vor der Hitze der Flamme.', 451, 1, 4),
('Der Zaubernde kann aus einer überschaubaren Menge Objekte gezielt das gewünschte herausgreifen. Er kann aus einem Kartenstapel eine bestimmte Karte ziehen, aus einem Beutel eine gewünschte Münze oder von einem Schlüsselbund den richtigen Schlüssel. Er muss dazu das gewünschte Objekt kennen und dieses muss auch wirklich an dem Ort vorhanden sein.', 452, 1, 1),
('Dieser Zaubertrick hält die Temperatur eines maximal faustgroßen Objektes konstant, so lange es in der Hand gehalten wird, maximal jedoch 5 Minuten.', 453, 2, 4),
('Mittels Hexenblick kann eine Hexe herausfinden, ob eine andere Person ebenfalls die hexische Tradition beherrscht. Sollte das ausgewählte Ziel die Tradition besitzen, so leuchten ihre Augen kurz Purpur auf, was aber nur für die zaubernde Hexe sichtbar ist.', 454, 3, 1),
('Die Hexe kann einem beliebigen Besen innerhalb der Reichweite befehlen, den Boden in einem Radius von 8 Schritt zu kehren. Der Besen weicht dabei Hindernissen aus und versucht Lebewesen der Größenkategorie klein und größer aus dem Weg zu gehen. Wird der Besen berührt, endet der Zaubertrick augenblicklich.', 455, 3, 5),
('Aus dem rechten Zeigefinger des Magiers leuchtet ein schwaches Licht. Das Licht ist nicht hell genug, um Sichtmodifikatoren zu ändern, aber es reicht aus, um in der Dunkelheit ein Buch zu lesen.', 456, 16, 5),
('Ein kleines Tier (Eichhörnchen, Taube) kommt neugierig auf den Zaubernden zu. Die Wirkung hält 5 Minuten an.', 457, 4, 4),
('Berührt der Druide eine Pflanze, kann er sich ein Bild von ihrem Gesundheitszustand machen und herausfinden, ob sie von Schädlingen befallen, vergiftet wurde oder Ähnliches.', 458, 2, 1),
('Die Augenfarbe des Zaubernden ändert sich für 5 Minuten. Es sind unnatürliche Farben möglich.', 459, 1, 4),
('Die Hand- und Fingerknochen des Zaubernden werden sehr flexibel, sodass sie durch enge Öffnungen gezwängt werden können. Die Wirkung hält 5 Minuten an.', 460, 1, 4),
('Eine kurze telekinetische Entladung mit einer Reichweite von 4 Schritt, die beispielsweise eine Münze von einem Tisch fegen kann. Sie ist nicht stark genug, um eine Glasflasche zu zerbrechen, genügt aber für eine Ohrfeige.', 461, 4, 1),
('Auf einem leblosen Objekt nach Wahl des Zaubernden erscheint eine Glyphe oder ein Symbol und verbleibt dauerhaft. Der Zaubernde muss das Objekt berühren. Das Symbol wirkt wie gemalt und kann weggeputzt werden. Mittels dieses Tricks kann man jeweils nur eine Art von Zeichen auftauchen lassen (z.?B. ein Piktogramm).', 462, 2, 1),
('Der Zaubernde und seine Kleidung sind etwa 5 Minuten vor Nässe, beispielsweise durch Regen oder Schnee, geschützt. Nasse Kleidung wird durch den Trick nicht wieder trocken.', 463, 1, 4),
('Dieser Zaubertrick reinigt eine beliebige Waffe, die der Zauberer berührt, vollständig von Flugrost, Blut und anderen Verschmutzungen.', 464, 2, 1),
('Die Hexe kann mit diesem Zaubertrick eine einfache Speise, etwa eine Suppe, würzen, auch ohne über passende Gewürze wie Salz und Pfeffer zu verfügen. Ob die Speise gut gewürzt ist oder z. B. versalzen, hängt weiterhin von den Kochkünsten der Hexe ab. Die Hexe kann nur den Geschmack von Gewürzen erzeugen, die sie selbst schon einmal gekostet hat.', 465, 16, 1);

--
-- Daten für Tabelle `zaubertrick_zielkategorien`
--

INSERT INTO `zaubertrick_zielkategorien` (`zaubertrick_id`, `zielkategorien_id`) VALUES
(446, 28),
(447, 3),
(448, 25),
(449, 4),
(450, 3),
(451, 3),
(452, 28),
(453, 28),
(454, 3),
(455, 42),
(456, 3),
(457, 4),
(458, 5),
(459, 3),
(460, 3),
(461, 28),
(461, 1),
(462, 28),
(463, 28),
(463, 3),
(464, 43),
(465, 44);

--
-- Daten für Tabelle `zauber_zielkategorien`
--

INSERT INTO `zauber_zielkategorien` (`zauber_id`, `zielkategorien_id`) VALUES
(368, 1),
(369, 1),
(369, 21),
(370, 3),
(371, 1),
(372, 2),
(373, 3),
(374, 2),
(375, 3),
(376, 2),
(377, 3),
(377, 26),
(378, 3),
(378, 26),
(379, 2),
(380, 2),
(381, 34),
(382, 2),
(383, 2),
(384, 25),
(385, 25),
(386, 2),
(387, 2),
(388, 2),
(389, 35),
(389, 6),
(389, 1),
(389, 36),
(390, 2),
(391, 3),
(392, 25),
(393, 34),
(394, 25),
(395, 2),
(396, 25),
(397, 25),
(398, 2),
(399, 2),
(400, 1),
(401, 37),
(401, 38),
(401, 39),
(402, 40),
(403, 1),
(404, 25),
(405, 1),
(406, 2),
(407, 2),
(408, 29),
(409, 25),
(410, 28),
(412, 1),
(415, 28),
(419, 25),
(421, 1),
(421, 28),
(422, 2),
(423, 29),
(424, 3),
(425, 2),
(426, 28),
(427, 2),
(428, 2),
(429, 4),
(430, 1),
(431, 25),
(432, 3),
(433, 3),
(434, 25),
(435, 2),
(436, 2),
(437, 1),
(438, 25),
(439, 41),
(440, 28),
(440, 1),
(441, 3),
(442, 2),
(443, 2),
(444, 3),
(445, 3);

--
-- Daten für Tabelle `zeremonie`
--

INSERT INTO `zeremonie` (`kostentabelle`, `wirkung`, `id`, `dauer_id`, `nutzkosten_id`, `teilprobe1_id`, `teilprobe2_id`, `teilprobe3_id`, `reichweite_id`, `wirkungsdauer_id`) VALUES
('B', 'Der Geweihte wandert über das frisch gesäte Feld und segnet die Ackerfrüchte. Die Wirkung des Segens entfaltet sich auf einer Fläche von bis zu QS x 1.000 Quadratschritt (der Geweihte darf vom Zentrum des betroffenen Gebietes aber nicht weiter weg sein, als die Reichweite der Liturgie beträgt). Die Ackerfrucht ist weniger anfällig gegen Krankheiten und Ungeziefer, während alle anderen Pflanzen auf dem Acker in ihrem Wachstum gehemmt werden. Der Segen schützt die Pflanzen jedoch nicht vor äußeren Einflüssen wie Dürre, Überflutung oder Hagelschlag. Zeremoniedauer: 2 Stunden', 466, 8, 13, 1, 2, 3, 18, 49),
('D', 'Durch die Liturgie können bis zu (QS x 50) Personen im Namen Kors getauft werden. Wer im Namen Kors getauft wurde, kann damit 9 Jahre lang auf dessen Karmaenergie zugreifen, die er in Form von Kors Samen zu sich genommen hat. Der Getaufte erhält die Sonderfertigkeit Blutpfand. Er kann durch die Opferung von 1W6 eigener LeP seine Fähigkeiten im Kampf verbessern. Er muss dazu 1 Aktion einsetzen und verfällt danach in den Status Blutrausch (siehe Regelwerk Seite 35), in dem er Kors Nähe zu spüren glaubt. Der Kultist bekommt einen zusätzlichen Bonus von +2 AT, wenn er gegen mehr als einen Gegner kämpft oder von mehr als einem Feind angegriffen wird. Neben dem Wuchtschlag kann er während der Wirkung die Sonderfertigkeiten Rundumschlag II und Sturmangriff (siehe Regelwerk Seite 249) nutzen, auch wenn er die Sonderfertigkeiten nicht besitzt oder die nötigen Voraussetzungen nicht erfüllt. Auch der Blutrausch hindert ihn nicht an der Benutzung dieser Sonderfertigkeiten. Die Wirkung des Blutrauschs hält wie üblich 2W20 KR, mit ihm enden auch die übrigen Boni. Das Auslösen der Wirkung kann nur 1 mal alle 24 Stunden eingesetzt werden. Der Getaufte muss kein Geweihter sein, wohl aber ein Gläubiger des Kor. Im Laufe der Zeit wird der Getaufte immer aggressiver, wilder und unberechenbarer. Er sehnt sich nach dem Tod und stürzt sich nur allzu gerne in einen Kampf. Diese Veränderung wird umso stärker, je länger der Blutpfand schon wirkt.', 467, 12, 45, 1, 3, 7, 5, 50),
('B', 'Mit einem Exorzismus werden Dämonen und Geister ausgetrieben, die Besitz von einem Lebewesen ergriffen haben. Gelingt der Exorzismus, wird der Dämon oder Geist aus dem Körper vertrieben und zurück in die Niederhöllen oder ins Totenreich verbannt.', 468, 9, 46, 1, 3, 4, 4, 1),
('B', 'Die Rüstung des Geweihten gilt als geweiht. Wenn Dämonen den Geweihten angreifen, verursachen erfolgreiche Angriffe des Dämons 1W3 SP bei ihm, da er den Geweihten oder seine Rüstung berühren muss.', 469, 7, 13, 1, 3, 4, 1, 22),
('B', 'Der Geweihte verwandelt sich in einen Löwen. Hierbei wird die Kleidung nicht mitverwandelt. In der Löwengestalt behält der Geweihte seine geistigen Eigenschaften und erhält die körperlichen Eigenschaften und Fähigkeiten des Löwen. Zudem kann er QS x 2 Punkte zusätzlich auf die körperlichen Eigenschaften des Löwen verteilen. In der Löwengestalt kann er keine übernatürlichen Fähigkeiten wie Zauber und Liturgien wirken. In Löwengestalt gilt der Geweihte als gesegnet.', 470, 7, 13, 1, 2, 3, 1, 9),
('B', 'Der Körper des Phexgeweihten verwandelt sich in Nebel. Seine Kleidung und Gegenstände, die er am Körper trug, werden nicht mitverwandelt. Profane, magische und geweihte Waffen richten gegen den Nebel keinen Schaden an. Zauber mit dem Merkmal Verwandlung können nicht gegen den Nebel eingesetzt werden. Der Geweihte kann sich bei relativer Windstille mit GS 4 willentlich fortbewegen; bei leichtem Gegenwind muss er eine Probe auf Willenskraft bestehen, um nicht abgetrieben zu werden; bei starkem Gegenwind wird er aber in Windrichtung davongeblasen, ohne sich dagegen wehren zu können. Der Geweihte kann seine Umgebung mit allen fünf Sinnen wahrnehmen. Der Geweihte bleibt so lange ein Nebel, bis die Wirkungsdauer vorüber ist.', 471, 7, 13, 2, 3, 4, 1, 26),
('C', 'Das Objekt, üblicherweise ein liturgischer Gegenstand oder eine rituelle Waffe wie ein Sonnenzepter oder ein Rondrakamm, wird geweiht. Damit wird es von den karmalen Kräften der jeweiligen Gottheit durchdrungen, weswegen üblicherweise nur ausgewählte, der Gottheit gefällige Gegenstände geweiht und nur wahren Gläubigen ausgehändigt werden. Sollte das geweihte Objekt eine Waffe sein, gilt sie nun als geweihte Waffe. Das Objekt darf maximal 4 Stein wiegen. Für jede QS kann das Objekt 1 Stein mehr wiegen. Die Objektweihe wird vor allem für die geweihten Rabenschnäbel der Borongeweihten, das Sonnenzepter der Praioten und die Rondrakämme der Rondrageweihtenschaft verwendet.', 472, 8, 47, 2, 3, 4, 4, 51);

--
-- Daten für Tabelle `zeremonie_zielkategorien`
--

INSERT INTO `zeremonie_zielkategorien` (`zeremonie_id`, `zielkategorien_id`) VALUES
(466, 5),
(467, 3),
(468, 18),
(468, 14),
(469, 3),
(470, 45),
(471, 3),
(472, 28);

--
-- Daten für Tabelle `zielkategorie`
--

INSERT INTO `zielkategorie` (`id`, `name`) VALUES
(1, 'Wesen'),
(2, 'Lebewesen'),
(3, 'Kulturschaffende'),
(4, 'Tiere'),
(5, 'Pflanzen'),
(6, 'Pilze'),
(7, 'übernatürliche Lebewesen'),
(8, 'Feen'),
(9, 'Chimären'),
(10, 'Drachen'),
(11, 'Daimonide'),
(12, 'Nicht Lebende'),
(13, 'Untote'),
(14, 'Geister'),
(15, 'Hirnlose'),
(16, 'Vampire'),
(17, 'Beseelte'),
(18, 'Dämonen'),
(19, 'Elementare'),
(20, 'Golems'),
(21, 'Objekte'),
(22, 'Profane Objekte'),
(23, 'Magische Objekte'),
(24, 'Geweihte Objekte'),
(25, 'Zone'),
(26, 'übernatürliche Wesen'),
(27, 'Tiere (Ratten)'),
(28, 'Objekt'),
(29, 'alle'),
(30, 'Tiere (nur Schlangen)'),
(31, 'profane Objekte (Tierbild)'),
(32, 'Objekt (profane Objekte bis zur Größe einer Truhe)'),
(33, 'profane Objekte (Trommeln)'),
(34, 'Objekte (Schlösser)'),
(35, 'Lebewesen (außer Pflanzen'),
(36, 'die kleiner als eine Ratte sind)'),
(37, 'Tiere (domestizierte Tiere'),
(38, 'Wildtiere der Größenkategorie groß'),
(39, 'kleiner)'),
(40, 'Objekt (Holz)'),
(41, 'Objekte (Zutaten für Alchimica)'),
(42, 'Objekte (Besen)'),
(43, 'Objekte (Waffen)'),
(44, 'Objekte (Essen)'),
(45, 'Lebewesen (nur der Geweihte selbst)');

-- activate foreign key checks. Keep this in the last line!
SET foreign_key_checks = 1;
